t_min,t_replay,time_label,policy,unit,kind,incident,category,demand,capability,eta_planned_min,engine,incident_status,severity,max_p_on_route,why
0.0,2026-07-05T13:30:00Z,REPLAY,predicted,PC-TRUCK-01,supply_truck,I009,flood,I009:mass_transport:0,mass_transport,9,cp-sat,confirmed,5,0.0018410342745482922,mass transport for flood I009 (confirmed)
0.0,2026-07-05T13:30:00Z,REPLAY,predicted,PC-BOAT-01,boat,I009,flood,I009:water_rescue:0,water_rescue,13,cp-sat,confirmed,5,0.00011626521882135421,water rescue for flood I009 (confirmed)
0.0,2026-07-05T13:30:00Z,REPLAY,predicted,PC-FIRE-02,fire_engine,I015,flood,I015:dewatering:0,dewatering,15,cp-sat,confirmed,4,0.003557531861588359,dewatering for flood I015 (confirmed)
0.0,2026-07-05T13:30:00Z,REPLAY,predicted,PC-TEAM-02,rescue_team,I016,tree,I016:debris_clearance:0,debris_clearance,11,cp-sat,confirmed,3,0.0013691224157810211,debris clearance for tree I016 (confirmed)
0.0,2026-07-05T13:30:00Z,REPLAY,predicted,PC-FIRE-06,fire_engine,I029,flood,I029:field_assessment:0,field_assessment,6,cp-sat,unverified,2,0.00011626521882135421,field assessment for flood I029 (unverified)
0.0,2026-07-05T13:30:00Z,REPLAY,predicted,PC-TEAM-01,rescue_team,I027,wire,I027:field_assessment:0,field_assessment,8,cp-sat,unverified,2,0.00011626521882135421,field assessment for wire I027 (unverified)
0.0,2026-07-05T13:30:00Z,REPLAY,predicted,PC-POL-02,police,I018,flood,I018:field_assessment:0,field_assessment,9,cp-sat,unverified,2,0.010730469599366188,field assessment for flood I018 (unverified)
0.0,2026-07-05T13:30:00Z,REPLAY,predicted,PC-POL-03,police,I028,tree,I028:field_assessment:0,field_assessment,15,cp-sat,unverified,2,0.009757398627698421,field assessment for tree I028 (unverified)
0.0,2026-07-05T13:30:00Z,REPLAY,predicted,PC-AMB-06,ambulance,I030,tree,I030:field_assessment:0,field_assessment,27,cp-sat,unverified,2,0.0018410342745482922,field assessment for tree I030 (unverified)
10.0,2026-07-05T13:40:00Z,REPLAY,predicted,PC-POL-03,police,I046,flood,I046:field_assessment:0,field_assessment,5,cp-sat,unverified,2,0.00011626521882135421,field assessment for flood I046 (unverified)
10.0,2026-07-05T13:40:00Z,REPLAY,predicted,PC-AMB-06,ambulance,I047,flood,I047:field_assessment:0,field_assessment,8,cp-sat,unverified,2,0.0018410342745482922,field assessment for flood I047 (unverified)
10.0,2026-07-05T13:40:00Z,REPLAY,predicted,PC-FIRE-02,fire_engine,I044,wire,I044:field_assessment:0,field_assessment,11,cp-sat,unverified,2,0.0013691224157810211,field assessment for wire I044 (unverified)
10.0,2026-07-05T13:40:00Z,REPLAY,predicted,PC-BOAT-01,boat,I026,flood,I026:field_assessment:0,field_assessment,12,cp-sat,unverified,2,0.009757398627698421,field assessment for flood I026 (unverified)
20.0,2026-07-05T13:50:00Z,REPLAY,predicted,PC-FIRE-06,fire_engine,I029,flood,I029:water_rescue:0,water_rescue,4,cp-sat,confirmed,5,,water rescue for flood I029 (confirmed)
20.0,2026-07-05T13:50:00Z,REPLAY,predicted,PC-TEAM-01,rescue_team,I040,tree,I040:field_assessment:0,field_assessment,10,cp-sat,unverified,2,,field assessment for tree I040 (unverified)
20.0,2026-07-05T13:50:00Z,REPLAY,predicted,PC-BOAT-01,boat,I053,tree,I053:field_assessment:0,field_assessment,12,cp-sat,unverified,2,0.00011626521882135421,field assessment for tree I053 (unverified)
20.0,2026-07-05T13:50:00Z,REPLAY,predicted,PC-POL-02,police,I045,flood,I045:field_assessment:0,field_assessment,13,cp-sat,unverified,2,0.0018410342745482922,field assessment for flood I045 (unverified)
20.0,2026-07-05T13:50:00Z,REPLAY,predicted,PC-FIRE-02,fire_engine,I017,flood,I017:field_assessment:0,field_assessment,22,cp-sat,unverified,2,0.00011626521882135421,field assessment for flood I017 (unverified)
30.0,2026-07-05T14:00:00Z,REPLAY,predicted,PC-FIRE-02,fire_engine,I044,wire,I044:field_assessment:0,field_assessment,4,cp-sat,unverified,2,,field assessment for wire I044 (unverified)
30.0,2026-07-05T14:00:00Z,REPLAY,predicted,PC-BOAT-02,boat,I057,flood,I057:field_assessment:0,field_assessment,6,cp-sat,unverified,2,,field assessment for flood I057 (unverified)
30.0,2026-07-05T14:00:00Z,REPLAY,predicted,PC-BOAT-01,boat,I026,flood,I026:field_assessment:0,field_assessment,7,cp-sat,unverified,2,1.30318985611666e-05,field assessment for flood I026 (unverified)
30.0,2026-07-05T14:00:00Z,REPLAY,predicted,PC-POL-02,police,I058,flood,I058:field_assessment:0,field_assessment,8,cp-sat,unverified,2,0.0018410342745482922,field assessment for flood I058 (unverified)
30.0,2026-07-05T14:00:00Z,REPLAY,predicted,PC-POL-03,police,I038,tree,I038:field_assessment:0,field_assessment,12,cp-sat,unverified,2,0.0018410342745482922,field assessment for tree I038 (unverified)
30.0,2026-07-05T14:00:00Z,REPLAY,predicted,PC-AMB-06,ambulance,I025,flood,I025:field_assessment:0,field_assessment,26,cp-sat,unverified,2,0.003557531861588359,field assessment for flood I025 (unverified)
40.0,2026-07-05T14:10:00Z,REPLAY,predicted,PC-TEAM-01,rescue_team,I040,tree,I040:debris_clearance:0,debris_clearance,10,cp-sat,confirmed,3,,debris clearance for tree I040 (confirmed)
40.0,2026-07-05T14:10:00Z,REPLAY,predicted,PC-POL-03,police,I031,tree,I031:field_assessment:0,field_assessment,10,cp-sat,unverified,2,0.00011626521882135421,field assessment for tree I031 (unverified)
40.0,2026-07-05T14:10:00Z,REPLAY,predicted,PC-AMB-06,ambulance,I030,tree,I030:field_assessment:0,field_assessment,14,cp-sat,unverified,2,0.00011626521882135421,field assessment for tree I030 (unverified)
50.0,2026-07-05T14:20:00Z,REPLAY,predicted,PC-BOAT-01,boat,I068,flood,I068:field_assessment:0,field_assessment,5,cp-sat,unverified,2,0.009757398627698421,field assessment for flood I068 (unverified)
50.0,2026-07-05T14:20:00Z,REPLAY,predicted,PC-AMB-06,ambulance,I042,wire,I042:field_assessment:0,field_assessment,12,cp-sat,unverified,2,0.0018410342745482922,field assessment for wire I042 (unverified)
50.0,2026-07-05T14:20:00Z,REPLAY,predicted,PC-POL-02,police,I025,flood,I025:field_assessment:0,field_assessment,18,cp-sat,unverified,2,0.009757398627698421,field assessment for flood I025 (unverified)
60.0,2026-07-05T14:30:00Z,REPLAY,predicted,AID-pun-vol-team-3,rescue_team,I061,tree,I061:debris_clearance:0,debris_clearance,40,cp-sat,confirmed,3,0.009757398627698421,debris clearance for tree I061 (confirmed)
60.0,2026-07-05T14:30:00Z,REPLAY,predicted,PC-POL-02,police,I036,flood,I036:field_assessment:0,field_assessment,7,cp-sat,unverified,2,0.00011626521882135421,field assessment for flood I036 (unverified)
60.0,2026-07-05T14:30:00Z,REPLAY,predicted,PC-TEAM-02,rescue_team,I004,flood,I004:field_assessment:0,field_assessment,9,cp-sat,unverified,2,,field assessment for flood I004 (unverified)
60.0,2026-07-05T14:30:00Z,REPLAY,predicted,PC-POL-03,police,I038,tree,I038:field_assessment:0,field_assessment,13,cp-sat,unverified,2,0.00011626521882135421,field assessment for tree I038 (unverified)
60.0,2026-07-05T14:30:00Z,REPLAY,predicted,AID-pun-vol-team-1,rescue_team,I037,flood,I037:field_assessment:0,field_assessment,18,cp-sat,unverified,2,0.009757398627698421,field assessment for flood I037 (unverified)
60.0,2026-07-05T14:30:00Z,REPLAY,predicted,PC-AMB-06,ambulance,I024,flood,I024:field_assessment:0,field_assessment,19,cp-sat,disputed,2,0.0018410342745482922,field assessment for flood I024 (disputed)
60.0,2026-07-05T14:30:00Z,REPLAY,predicted,AID-pun-vol-team-2,rescue_team,I062,tree,I062:field_assessment:0,field_assessment,26,cp-sat,unverified,2,0.009757398627698421,field assessment for tree I062 (unverified)
70.0,2026-07-05T14:40:00Z,REPLAY,predicted,PC-FIRE-06,fire_engine,I026,flood,I026:dewatering:0,dewatering,25,cp-sat,confirmed,4,0.03283664211630821,dewatering for flood I026 (confirmed)
70.0,2026-07-05T14:40:00Z,REPLAY,predicted,PC-POL-03,police,I044,wire,I044:traffic_control:0,traffic_control,20,cp-sat,confirmed,3,0.022787882015109062,traffic control for wire I044 (confirmed)
70.0,2026-07-05T14:40:00Z,REPLAY,predicted,AID-pun-vol-team-1,rescue_team,I055,flood,I055:field_assessment:0,field_assessment,9,cp-sat,unverified,2,0.00011626521882135421,field assessment for flood I055 (unverified)
70.0,2026-07-05T14:40:00Z,REPLAY,predicted,PC-AMB-06,ambulance,I030,tree,I030:field_assessment:0,field_assessment,17,cp-sat,unverified,2,0.009757398627698421,field assessment for tree I030 (unverified)
70.0,2026-07-05T14:40:00Z,REPLAY,predicted,AID-pun-vol-team-2,rescue_team,I017,flood,I017:field_assessment:0,field_assessment,29,cp-sat,unverified,2,5.004651393392123e-05,field assessment for flood I017 (unverified)
70.0,2026-07-05T14:40:00Z,REPLAY,predicted,AID-pun-vol-team-3,rescue_team,I019,tree,I019:field_assessment:0,field_assessment,35,cp-sat,unverified,2,0.0018410342745482922,field assessment for tree I019 (unverified)
80.0,2026-07-05T14:50:00Z,REPLAY,predicted,PC-FIRE-06,fire_engine,I046,flood,I046:dewatering:0,dewatering,17,cp-sat,confirmed,4,0.018012523651123047,dewatering for flood I046 (confirmed)
80.0,2026-07-05T14:50:00Z,REPLAY,predicted,AID-pun-vol-team-3,rescue_team,I020,tree,I020:debris_clearance:0,debris_clearance,6,cp-sat,confirmed,3,0.0018410342745482922,debris clearance for tree I020 (confirmed)
80.0,2026-07-05T14:50:00Z,REPLAY,predicted,AID-pun-vol-team-2,rescue_team,I048,wire,I048:field_assessment:0,field_assessment,13,cp-sat,unverified,2,0.003557531861588359,field assessment for wire I048 (unverified)
80.0,2026-07-05T14:50:00Z,REPLAY,predicted,PC-POL-03,police,I021,tree,I021:field_assessment:0,field_assessment,16,cp-sat,unverified,2,0.0018410342745482922,field assessment for tree I021 (unverified)
80.0,2026-07-05T14:50:00Z,REPLAY,predicted,PC-POL-02,police,I022,flood,I022:field_assessment:0,field_assessment,23,cp-sat,unverified,2,0.00011626521882135421,field assessment for flood I022 (unverified)
90.0,2026-07-05T15:00:00Z,REPLAY,predicted,PC-FIRE-06,fire_engine,I009,flood,I009:water_rescue:0,water_rescue,4,cp-sat,confirmed,5,0.00011626521882135421,water rescue for flood I009 (confirmed)
90.0,2026-07-05T15:00:00Z,REPLAY,predicted,PC-TRUCK-01,supply_truck,I055,flood,I055:mass_transport:0,mass_transport,17,cp-sat,confirmed,4,0.003557531861588359,mass transport for flood I055 (confirmed)
90.0,2026-07-05T15:00:00Z,REPLAY,predicted,PC-FIRE-02,fire_engine,I058,flood,I058:dewatering:0,dewatering,22,cp-sat,confirmed,4,0.0018410342745482922,dewatering for flood I058 (confirmed)
90.0,2026-07-05T15:00:00Z,REPLAY,predicted,PC-POL-03,police,I017,flood,I017:field_assessment:0,field_assessment,4,cp-sat,unverified,2,0.00011626521882135421,field assessment for flood I017 (unverified)
90.0,2026-07-05T15:00:00Z,REPLAY,predicted,PC-AMB-06,ambulance,I059,flood,I059:field_assessment:0,field_assessment,7,cp-sat,unverified,2,0.03283664211630821,field assessment for flood I059 (unverified)
90.0,2026-07-05T15:00:00Z,REPLAY,predicted,AID-pun-sdrf-boat-2,boat,I052,tree,I052:field_assessment:0,field_assessment,8,cp-sat,unverified,2,2.8992712032049894e-05,field assessment for tree I052 (unverified)
90.0,2026-07-05T15:00:00Z,REPLAY,predicted,PC-POL-02,police,I086,flood,I086:field_assessment:0,field_assessment,11,cp-sat,unverified,2,0.018012523651123047,field assessment for flood I086 (unverified)
90.0,2026-07-05T15:00:00Z,REPLAY,predicted,AID-pun-vol-team-1,rescue_team,I053,tree,I053:field_assessment:0,field_assessment,12,cp-sat,unverified,2,0.00011626521882135421,field assessment for tree I053 (unverified)
90.0,2026-07-05T15:00:00Z,REPLAY,predicted,AID-pun-vol-team-2,rescue_team,I088,flood,I088:field_assessment:0,field_assessment,14,cp-sat,unverified,2,0.0018410342745482922,field assessment for flood I088 (unverified)
90.0,2026-07-05T15:00:00Z,REPLAY,predicted,AID-pun-sdrf-boat-1,boat,I062,tree,I062:field_assessment:0,field_assessment,14,cp-sat,unverified,2,0.00011626521882135421,field assessment for tree I062 (unverified)
90.0,2026-07-05T15:00:00Z,REPLAY,predicted,AID-pun-sdrf-team-2,rescue_team,I085,tree,I085:field_assessment:0,field_assessment,15,cp-sat,unverified,2,0.00011626521882135421,field assessment for tree I085 (unverified)
90.0,2026-07-05T15:00:00Z,REPLAY,predicted,AID-pun-sdrf-team-1,rescue_team,I087,wire,I087:field_assessment:0,field_assessment,30,cp-sat,unverified,2,0.00011626521882135421,field assessment for wire I087 (unverified)
100.0,2026-07-05T15:10:00Z,REPLAY,predicted,PC-TRUCK-01,supply_truck,I041,flood,I041:mass_transport:0,mass_transport,4,cp-sat,confirmed,4,,mass transport for flood I041 (confirmed)
100.0,2026-07-05T15:10:00Z,REPLAY,predicted,AID-pun-vol-team-2,rescue_team,I082,tree,I082:debris_clearance:0,debris_clearance,4,cp-sat,confirmed,3,1.30318985611666e-05,debris clearance for tree I082 (confirmed)
100.0,2026-07-05T15:10:00Z,REPLAY,predicted,PC-POL-03,police,I044,wire,I044:traffic_control:0,traffic_control,18,cp-sat,confirmed,3,0.0018410342745482922,traffic control for wire I044 (confirmed)
100.0,2026-07-05T15:10:00Z,REPLAY,predicted,PC-FIRE-02,fire_engine,I092,tree,I092:field_assessment:0,field_assessment,4,cp-sat,unverified,2,,field assessment for tree I092 (unverified)
100.0,2026-07-05T15:10:00Z,REPLAY,predicted,AID-pun-sdrf-team-1,rescue_team,I080,flood,I080:field_assessment:0,field_assessment,8,cp-sat,unverified,2,0.00011626521882135421,field assessment for flood I080 (unverified)
100.0,2026-07-05T15:10:00Z,REPLAY,predicted,AID-pun-sdrf-team-2,rescue_team,I072,flood,I072:field_assessment:0,field_assessment,11,cp-sat,unverified,2,0.003557531861588359,field assessment for flood I072 (unverified)
100.0,2026-07-05T15:10:00Z,REPLAY,predicted,AID-pun-vol-team-1,rescue_team,I048,wire,I048:field_assessment:0,field_assessment,13,cp-sat,unverified,2,0.0001384215138386935,field assessment for wire I048 (unverified)
100.0,2026-07-05T15:10:00Z,REPLAY,predicted,AID-pun-sdrf-boat-1,boat,I037,flood,I037:field_assessment:0,field_assessment,19,cp-sat,unverified,2,0.00011626521882135421,field assessment for flood I037 (unverified)
100.0,2026-07-05T15:10:00Z,REPLAY,predicted,PC-POL-02,police,I070,flood,I070:field_assessment:0,field_assessment,20,cp-sat,unverified,2,0.009757398627698421,field assessment for flood I070 (unverified)
110.0,2026-07-05T15:20:00Z,REPLAY,predicted,PC-TEAM-01,rescue_team,I092,tree,I092:debris_clearance:0,debris_clearance,9,cp-sat,confirmed,3,,debris clearance for tree I092 (confirmed)
110.0,2026-07-05T15:20:00Z,REPLAY,predicted,PC-POL-03,police,I078,wire,I078:traffic_control:0,traffic_control,15,cp-sat,confirmed,3,0.0013691224157810211,traffic control for wire I078 (confirmed)
110.0,2026-07-05T15:20:00Z,REPLAY,predicted,PC-BOAT-01,boat,I097,tree,I097:field_assessment:0,field_assessment,4,cp-sat,unverified,2,,field assessment for tree I097 (unverified)
110.0,2026-07-05T15:20:00Z,REPLAY,predicted,PC-POL-02,police,I090,tree,I090:field_assessment:0,field_assessment,4,cp-sat,unverified,2,2.58034033322474e-05,field assessment for tree I090 (unverified)
110.0,2026-07-05T15:20:00Z,REPLAY,predicted,AID-pun-sdrf-boat-1,boat,I062,tree,I062:field_assessment:0,field_assessment,6,cp-sat,unverified,2,0.00011626521882135421,field assessment for tree I062 (unverified)
110.0,2026-07-05T15:20:00Z,REPLAY,predicted,AID-pun-sdrf-team-2,rescue_team,I079,tree,I079:field_assessment:0,field_assessment,9,cp-sat,unverified,2,5.004651393392123e-05,field assessment for tree I079 (unverified)
110.0,2026-07-05T15:20:00Z,REPLAY,predicted,PC-AMB-06,ambulance,I042,wire,I042:field_assessment:0,field_assessment,12,cp-sat,unverified,2,0.03283664211630821,field assessment for wire I042 (unverified)
110.0,2026-07-05T15:20:00Z,REPLAY,predicted,AID-pun-vol-team-1,rescue_team,I056,wire,I056:field_assessment:0,field_assessment,22,cp-sat,unverified,2,0.0001384215138386935,field assessment for wire I056 (unverified)
120.0,2026-07-05T15:30:00Z,REPLAY,predicted,AID-pun-sdrf-team-2,rescue_team,I072,flood,I072:field_assessment:0,field_assessment,4,cp-sat,unverified,2,0.0018410342745482922,field assessment for flood I072 (unverified)
120.0,2026-07-05T15:30:00Z,REPLAY,predicted,PC-POL-02,police,I069,flood,I069:field_assessment:0,field_assessment,5,cp-sat,unverified,2,0.00011626521882135421,field assessment for flood I069 (unverified)
120.0,2026-07-05T15:30:00Z,REPLAY,predicted,PC-POL-03,police,I048,wire,I048:field_assessment:0,field_assessment,7,cp-sat,unverified,2,0.00011626521882135421,field assessment for wire I048 (unverified)
120.0,2026-07-05T15:30:00Z,REPLAY,predicted,PC-AMB-06,ambulance,I070,flood,I070:field_assessment:0,field_assessment,14,cp-sat,unverified,2,0.00011626521882135421,field assessment for flood I070 (unverified)
120.0,2026-07-05T15:30:00Z,REPLAY,predicted,AID-pun-vol-team-1,rescue_team,I098,tree,I098:field_assessment:0,field_assessment,15,cp-sat,unverified,2,2.58034033322474e-05,field assessment for tree I098 (unverified)
120.0,2026-07-05T15:30:00Z,REPLAY,predicted,AID-pun-sdrf-team-1,rescue_team,I084,tree,I084:field_assessment:0,field_assessment,33,cp-sat,unverified,2,0.0018410342745482922,field assessment for tree I084 (unverified)
130.0,2026-07-05T15:40:00Z,REPLAY,predicted,PC-BOAT-01,boat,I104,flood,I104:field_assessment:0,field_assessment,4,cp-sat,unverified,2,,field assessment for flood I104 (unverified)
130.0,2026-07-05T15:40:00Z,REPLAY,predicted,AID-pun-sdrf-boat-1,boat,I105,tree,I105:field_assessment:0,field_assessment,10,cp-sat,unverified,2,0.00011626521882135421,field assessment for tree I105 (unverified)
130.0,2026-07-05T15:40:00Z,REPLAY,predicted,PC-AMB-06,ambulance,I093,tree,I093:field_assessment:0,field_assessment,15,cp-sat,unverified,2,0.0018410342745482922,field assessment for tree I093 (unverified)
130.0,2026-07-05T15:40:00Z,REPLAY,predicted,AID-pun-vol-team-3,rescue_team,I075,tree,I075:field_assessment:0,field_assessment,17,cp-sat,unverified,2,0.003557531861588359,field assessment for tree I075 (unverified)
130.0,2026-07-05T15:40:00Z,REPLAY,predicted,AID-pun-sdrf-team-2,rescue_team,I079,tree,I079:field_assessment:0,field_assessment,18,cp-sat,unverified,2,0.0018410342745482922,field assessment for tree I079 (unverified)
130.0,2026-07-05T15:40:00Z,REPLAY,predicted,AID-pun-sdrf-team-1,rescue_team,I106,flood,I106:field_assessment:0,field_assessment,21,cp-sat,unverified,2,0.00011626521882135421,field assessment for flood I106 (unverified)
140.0,2026-07-05T15:50:00Z,REPLAY,predicted,PC-FIRE-06,fire_engine,I045,flood,I045:dewatering:0,dewatering,23,cp-sat,confirmed,4,0.03283664211630821,dewatering for flood I045 (confirmed)
140.0,2026-07-05T15:50:00Z,REPLAY,predicted,PC-POL-03,police,I048,wire,I048:traffic_control:0,traffic_control,4,cp-sat,confirmed,3,,traffic control for wire I048 (confirmed)
140.0,2026-07-05T15:50:00Z,REPLAY,predicted,PC-BOAT-02,boat,I113,flood,I113:field_assessment:0,field_assessment,5,cp-sat,unverified,2,,field assessment for flood I113 (unverified)
140.0,2026-07-05T15:50:00Z,REPLAY,predicted,PC-AMB-06,ambulance,I067,flood,I067:field_assessment:0,field_assessment,11,cp-sat,unverified,2,0.0013691224157810211,field assessment for flood I067 (unverified)
140.0,2026-07-05T15:50:00Z,REPLAY,predicted,AID-pun-vol-team-3,rescue_team,I100,flood,I100:field_assessment:0,field_assessment,13,cp-sat,unverified,2,2.58034033322474e-05,field assessment for flood I100 (unverified)
140.0,2026-07-05T15:50:00Z,REPLAY,predicted,AID-pun-sdrf-team-2,rescue_team,I112,flood,I112:field_assessment:0,field_assessment,14,cp-sat,unverified,2,0.00011626521882135421,field assessment for flood I112 (unverified)
140.0,2026-07-05T15:50:00Z,REPLAY,predicted,PC-POL-02,police,I063,tree,I063:field_assessment:0,field_assessment,20,cp-sat,unverified,2,0.0018410342745482922,field assessment for tree I063 (unverified)
140.0,2026-07-05T15:50:00Z,REPLAY,predicted,AID-pun-vol-team-1,rescue_team,I077,flood,I077:field_assessment:0,field_assessment,28,cp-sat,unverified,2,0.00011626521882135421,field assessment for flood I077 (unverified)
150.0,2026-07-05T16:00:00Z,REPLAY,predicted,PC-POL-02,police,I076,flood,I076:field_assessment:0,field_assessment,4,cp-sat,unverified,2,0.00011626521882135421,field assessment for flood I076 (unverified)
150.0,2026-07-05T16:00:00Z,REPLAY,predicted,AID-pun-sdrf-team-2,rescue_team,I079,tree,I079:field_assessment:0,field_assessment,13,cp-sat,unverified,2,0.00011626521882135421,field assessment for tree I079 (unverified)
150.0,2026-07-05T16:00:00Z,REPLAY,predicted,AID-pun-vol-team-3,rescue_team,I107,tree,I107:field_assessment:0,field_assessment,16,cp-sat,unverified,2,0.00011626521882135421,field assessment for tree I107 (unverified)
150.0,2026-07-05T16:00:00Z,REPLAY,predicted,AID-pun-vol-team-1,rescue_team,I093,tree,I093:field_assessment:0,field_assessment,18,cp-sat,unverified,2,0.0013691224157810211,field assessment for tree I093 (unverified)
150.0,2026-07-05T16:00:00Z,REPLAY,predicted,AID-pun-vol-team-2,rescue_team,I077,flood,I077:field_assessment:0,field_assessment,18,cp-sat,unverified,2,0.0018410342745482922,field assessment for flood I077 (unverified)
160.0,2026-07-05T16:10:00Z,REPLAY,predicted,PC-FIRE-02,fire_engine,I045,flood,I045:dewatering:0,dewatering,29,cp-sat,confirmed,4,0.018012523651123047,dewatering for flood I045 (confirmed)
160.0,2026-07-05T16:10:00Z,REPLAY,predicted,AID-pun-sdrf-team-2,rescue_team,I116,tree,I116:debris_clearance:0,debris_clearance,15,cp-sat,confirmed,3,0.00011626521882135421,debris clearance for tree I116 (confirmed)
160.0,2026-07-05T16:10:00Z,REPLAY,predicted,PC-AMB-06,ambulance,I070,flood,I070:field_assessment:0,field_assessment,9,cp-sat,unverified,2,0.00011626521882135421,field assessment for flood I070 (unverified)
160.0,2026-07-05T16:10:00Z,REPLAY,predicted,AID-pun-vol-team-1,rescue_team,I111,flood,I111:field_assessment:0,field_assessment,9,cp-sat,unverified,2,0.022787882015109062,field assessment for flood I111 (unverified)
160.0,2026-07-05T16:10:00Z,REPLAY,predicted,AID-pun-vol-team-2,rescue_team,I109,flood,I109:field_assessment:0,field_assessment,9,cp-sat,unverified,2,0.03283664211630821,field assessment for flood I109 (unverified)
160.0,2026-07-05T16:10:00Z,REPLAY,predicted,PC-POL-02,police,I081,flood,I081:field_assessment:0,field_assessment,12,cp-sat,unverified,2,0.03283664211630821,field assessment for flood I081 (unverified)
170.0,2026-07-05T16:20:00Z,REPLAY,predicted,AID-pun-sdrf-team-1,rescue_team,I106,flood,I106:water_rescue:0,water_rescue,4,cp-sat,confirmed,5,,water rescue for flood I106 (confirmed)
170.0,2026-07-05T16:20:00Z,REPLAY,predicted,PC-BOAT-01,boat,I131,flood,I131:field_assessment:0,field_assessment,4,cp-sat,unverified,2,,field assessment for flood I131 (unverified)
170.0,2026-07-05T16:20:00Z,REPLAY,predicted,AID-pun-vol-team-2,rescue_team,I089,tree,I089:field_assessment:0,field_assessment,9,cp-sat,unverified,2,0.00011626521882135421,field assessment for tree I089 (unverified)
170.0,2026-07-05T16:20:00Z,REPLAY,predicted,PC-POL-02,police,I086,flood,I086:field_assessment:0,field_assessment,21,cp-sat,unverified,2,0.03283664211630821,field assessment for flood I086 (unverified)
180.0,2026-07-05T16:30:00Z,REPLAY,predicted,AID-pun-vol-team-1,rescue_team,I047,flood,I047:water_rescue:0,water_rescue,17,cp-sat,confirmed,5,0.03283664211630821,water rescue for flood I047 (confirmed)
180.0,2026-07-05T16:30:00Z,REPLAY,predicted,PC-TRUCK-01,supply_truck,I113,flood,I113:mass_transport:0,mass_transport,24,cp-sat,confirmed,4,0.003557531861588359,mass transport for flood I113 (confirmed)
180.0,2026-07-05T16:30:00Z,REPLAY,predicted,PC-AMB-06,ambulance,I141,wire,I141:field_assessment:0,field_assessment,38,cp-sat,unverified,2,0.0018410342745482922,field assessment for wire I141 (unverified)
180.0,2026-07-05T16:30:00Z,REPLAY,predicted,PC-POL-02,police,I079,tree,I079:field_assessment:0,field_assessment,38,cp-sat,unverified,2,0.08233810216188431,field assessment for tree I079 (unverified)
180.0,2026-07-05T16:30:00Z,REPLAY,predicted,AID-pun-vol-team-3,rescue_team,I118,flood,I118:field_assessment:0,field_assessment,38,cp-sat,unverified,2,0.018012523651123047,field assessment for flood I118 (unverified)
190.0,2026-07-05T16:40:00Z,REPLAY,predicted,PC-TRUCK-01,supply_truck,I111,flood,I111:mass_transport:1,mass_transport,36,cp-sat,confirmed,5,0.0018410342745482922,mass transport for flood I111 (confirmed)
190.0,2026-07-05T16:40:00Z,REPLAY,predicted,AID-pun-vol-team-3,rescue_team,I107,tree,I107:debris_clearance:0,debris_clearance,15,cp-sat,confirmed,3,2.58034033322474e-05,debris clearance for tree I107 (confirmed)
190.0,2026-07-05T16:40:00Z,REPLAY,predicted,PC-POL-02,police,I142,flood,I142:field_assessment:0,field_assessment,7,cp-sat,unverified,2,0.0018410342745482922,field assessment for flood I142 (unverified)
190.0,2026-07-05T16:40:00Z,REPLAY,predicted,PC-AMB-06,ambulance,I128,tree,I128:field_assessment:0,field_assessment,11,cp-sat,unverified,2,0.003557531861588359,field assessment for tree I128 (unverified)
190.0,2026-07-05T16:40:00Z,REPLAY,predicted,PC-POL-03,police,I126,tree,I126:field_assessment:0,field_assessment,22,cp-sat,unverified,2,0.09680004417896271,field assessment for tree I126 (unverified)
190.0,2026-07-05T16:40:00Z,REPLAY,predicted,AID-pun-vol-team-1,rescue_team,I141,wire,I141:field_assessment:0,field_assessment,28,cp-sat,unverified,2,0.00011626521882135421,field assessment for wire I141 (unverified)
190.0,2026-07-05T16:40:00Z,REPLAY,predicted,AID-pun-ndrf-boat-2,boat,I144,flood,I144:field_assessment:0,field_assessment,34,cp-sat,unverified,2,0.0018410342745482922,field assessment for flood I144 (unverified)
190.0,2026-07-05T16:40:00Z,REPLAY,predicted,AID-pun-ndrf-boat-1,boat,I139,flood,I139:field_assessment:0,field_assessment,35,cp-sat,unverified,2,0.0018410342745482922,field assessment for flood I139 (unverified)
190.0,2026-07-05T16:40:00Z,REPLAY,predicted,AID-pun-ndrf-team-2,rescue_team,I130,tree,I130:field_assessment:0,field_assessment,43,cp-sat,unverified,2,0.0018410342745482922,field assessment for tree I130 (unverified)
190.0,2026-07-05T16:40:00Z,REPLAY,predicted,AID-pun-ndrf-team-3,rescue_team,I140,tree,I140:field_assessment:0,field_assessment,43,cp-sat,unverified,2,0.0018410342745482922,field assessment for tree I140 (unverified)
190.0,2026-07-05T16:40:00Z,REPLAY,predicted,AID-pun-ndrf-boat-3,boat,I129,wire,I129:field_assessment:0,field_assessment,43,cp-sat,unverified,2,0.0018410342745482922,field assessment for wire I129 (unverified)
190.0,2026-07-05T16:40:00Z,REPLAY,predicted,AID-pun-ndrf-team-1,rescue_team,I112,flood,I112:field_assessment:0,field_assessment,44,cp-sat,unverified,2,0.009757398627698421,field assessment for flood I112 (unverified)
200.0,2026-07-05T16:50:00Z,REPLAY,predicted,AID-pun-ndrf-boat-3,boat,I047,flood,I047:water_rescue:0,water_rescue,7,cp-sat,confirmed,5,2.58034033322474e-05,water rescue for flood I047 (confirmed)
200.0,2026-07-05T16:50:00Z,REPLAY,predicted,AID-pun-vol-team-3,rescue_team,I023,flood,I023:water_rescue:0,water_rescue,34,cp-sat,confirmed,5,0.0018410342745482922,water rescue for flood I023 (confirmed)
200.0,2026-07-05T16:50:00Z,REPLAY,predicted,PC-TRUCK-01,supply_truck,I144,flood,I144:mass_transport:0,mass_transport,40,cp-sat,confirmed,5,0.00011626521882135421,mass transport for flood I144 (confirmed)
200.0,2026-07-05T16:50:00Z,REPLAY,predicted,AID-pun-vol-team-1,rescue_team,I140,tree,I140:debris_clearance:0,debris_clearance,26,cp-sat,confirmed,3,0.00011626521882135421,debris clearance for tree I140 (confirmed)
200.0,2026-07-05T16:50:00Z,REPLAY,predicted,PC-POL-03,police,I118,flood,I118:field_assessment:0,field_assessment,4,cp-sat,unverified,2,0.00011626521882135421,field assessment for flood I118 (unverified)
200.0,2026-07-05T16:50:00Z,REPLAY,predicted,PC-AMB-06,ambulance,I152,flood,I152:field_assessment:0,field_assessment,5,cp-sat,unverified,2,0.009757398627698421,field assessment for flood I152 (unverified)
200.0,2026-07-05T16:50:00Z,REPLAY,predicted,PC-BOAT-01,boat,I151,flood,I151:field_assessment:0,field_assessment,5,cp-sat,unverified,2,,field assessment for flood I151 (unverified)
200.0,2026-07-05T16:50:00Z,REPLAY,predicted,PC-TEAM-02,rescue_team,I159,flood,I159:field_assessment:0,field_assessment,13,cp-sat,unverified,2,,field assessment for flood I159 (unverified)
200.0,2026-07-05T16:50:00Z,REPLAY,predicted,AID-pun-ndrf-boat-1,boat,I093,tree,I093:field_assessment:0,field_assessment,15,cp-sat,unverified,2,5.004651393392123e-05,field assessment for tree I093 (unverified)
200.0,2026-07-05T16:50:00Z,REPLAY,predicted,AID-pun-ndrf-boat-2,boat,I153,flood,I153:field_assessment:0,field_assessment,15,cp-sat,unverified,2,0.00011626521882135421,field assessment for flood I153 (unverified)
200.0,2026-07-05T16:50:00Z,REPLAY,predicted,AID-pun-ndrf-team-3,rescue_team,I154,tree,I154:field_assessment:0,field_assessment,21,cp-sat,unverified,2,0.0018410342745482922,field assessment for tree I154 (unverified)
200.0,2026-07-05T16:50:00Z,REPLAY,predicted,AID-pun-ndrf-team-1,rescue_team,I084,tree,I084:field_assessment:0,field_assessment,44,cp-sat,unverified,2,0.00011626521882135421,field assessment for tree I084 (unverified)
200.0,2026-07-05T16:50:00Z,REPLAY,predicted,AID-pun-ndrf-team-2,rescue_team,I157,flood,I157:field_assessment:0,field_assessment,44,cp-sat,unverified,2,0.0018410342745482922,field assessment for flood I157 (unverified)
210.0,2026-07-05T17:00:00Z,REPLAY,predicted,AID-pun-vol-team-3,rescue_team,I117,flood,I117:water_rescue:0,water_rescue,8,cp-sat,confirmed,5,0.00011626521882135421,water rescue for flood I117 (confirmed)
210.0,2026-07-05T17:00:00Z,REPLAY,predicted,AID-pun-ndrf-boat-1,boat,I155,flood,I155:water_rescue:0,water_rescue,45,cp-sat,confirmed,5,0.0013691224157810211,water rescue for flood I155 (confirmed)
210.0,2026-07-05T17:00:00Z,REPLAY,predicted,PC-TRUCK-01,supply_truck,I018,flood,I018:mass_transport:0,mass_transport,35,cp-sat,confirmed,4,0.0001639184629311785,mass transport for flood I018 (confirmed)
210.0,2026-07-05T17:00:00Z,REPLAY,predicted,AID-pun-vol-team-1,rescue_team,I147,flood,I147:field_assessment:0,field_assessment,9,cp-sat,unverified,2,0.00011626521882135421,field assessment for flood I147 (unverified)
210.0,2026-07-05T17:00:00Z,REPLAY,predicted,AID-pun-ndrf-boat-2,boat,I161,flood,I161:field_assessment:0,field_assessment,11,cp-sat,unverified,2,0.00011626521882135421,field assessment for flood I161 (unverified)
210.0,2026-07-05T17:00:00Z,REPLAY,predicted,PC-POL-03,police,I108,flood,I108:field_assessment:0,field_assessment,13,cp-sat,unverified,2,0.03283664211630821,field assessment for flood I108 (unverified)
210.0,2026-07-05T17:00:00Z,REPLAY,predicted,AID-pun-ndrf-team-3,rescue_team,I136,flood,I136:field_assessment:0,field_assessment,14,cp-sat,unverified,2,2.58034033322474e-05,field assessment for flood I136 (unverified)
210.0,2026-07-05T17:00:00Z,REPLAY,predicted,AID-pun-ndrf-team-1,rescue_team,I146,flood,I146:field_assessment:0,field_assessment,19,cp-sat,unverified,2,0.00011626521882135421,field assessment for flood I146 (unverified)
210.0,2026-07-05T17:00:00Z,REPLAY,predicted,PC-POL-02,police,I086,flood,I086:field_assessment:0,field_assessment,29,cp-sat,unverified,2,0.08233810216188431,field assessment for flood I086 (unverified)
210.0,2026-07-05T17:00:00Z,REPLAY,predicted,AID-pun-ndrf-team-2,rescue_team,I112,flood,I112:field_assessment:0,field_assessment,31,cp-sat,unverified,2,0.003557531861588359,field assessment for flood I112 (unverified)
220.0,2026-07-05T17:10:00Z,REPLAY,predicted,PC-TEAM-02,rescue_team,I159,flood,I159:water_rescue:0,water_rescue,13,cp-sat,confirmed,5,,water rescue for flood I159 (confirmed)
220.0,2026-07-05T17:10:00Z,REPLAY,predicted,PC-TRUCK-01,supply_truck,I113,flood,I113:mass_transport:1,mass_transport,24,cp-sat,confirmed,4,0.0001639184629311785,mass transport for flood I113 (confirmed)
220.0,2026-07-05T17:10:00Z,REPLAY,predicted,AID-pun-sdrf-team-2,rescue_team,I140,tree,I140:debris_clearance:0,debris_clearance,10,cp-sat,confirmed,3,0.0013691224157810211,debris clearance for tree I140 (confirmed)
220.0,2026-07-05T17:10:00Z,REPLAY,predicted,AID-pun-sdrf-boat-2,boat,I174,tree,I174:field_assessment:0,field_assessment,5,cp-sat,unverified,2,,field assessment for tree I174 (unverified)
220.0,2026-07-05T17:10:00Z,REPLAY,predicted,PC-POL-03,police,I119,tree,I119:field_assessment:0,field_assessment,9,cp-sat,unverified,2,0.0018410342745482922,field assessment for tree I119 (unverified)
220.0,2026-07-05T17:10:00Z,REPLAY,predicted,PC-AMB-06,ambulance,I149,flood,I149:field_assessment:0,field_assessment,10,cp-sat,unverified,2,0.022787882015109062,field assessment for flood I149 (unverified)
220.0,2026-07-05T17:10:00Z,REPLAY,predicted,AID-pun-sdrf-team-1,rescue_team,I138,flood,I138:field_assessment:0,field_assessment,16,cp-sat,unverified,2,0.08233810216188431,field assessment for flood I138 (unverified)
220.0,2026-07-05T17:10:00Z,REPLAY,predicted,AID-pun-ndrf-team-2,rescue_team,I169,flood,I169:field_assessment:0,field_assessment,16,cp-sat,unverified,2,2.58034033322474e-05,field assessment for flood I169 (unverified)
220.0,2026-07-05T17:10:00Z,REPLAY,predicted,AID-pun-ndrf-team-3,rescue_team,I121,tree,I121:field_assessment:0,field_assessment,17,cp-sat,unverified,2,0.00011626521882135421,field assessment for tree I121 (unverified)
220.0,2026-07-05T17:10:00Z,REPLAY,predicted,AID-pun-ndrf-team-1,rescue_team,I139,flood,I139:field_assessment:0,field_assessment,29,cp-sat,unverified,2,0.0018410342745482922,field assessment for flood I139 (unverified)
220.0,2026-07-05T17:10:00Z,REPLAY,predicted,AID-pun-ndrf-boat-2,boat,I137,flood,I137:field_assessment:0,field_assessment,45,cp-sat,unverified,2,0.00011626521882135421,field assessment for flood I137 (unverified)
230.0,2026-07-05T17:20:00Z,REPLAY,predicted,AID-pun-ndrf-team-3,rescue_team,I080,flood,I080:water_rescue:0,water_rescue,11,cp-sat,confirmed,5,0.0001639184629311785,water rescue for flood I080 (confirmed)
230.0,2026-07-05T17:20:00Z,REPLAY,predicted,AID-pun-ndrf-boat-1,boat,I144,flood,I144:water_rescue:0,water_rescue,13,cp-sat,confirmed,5,0.0013691224157810211,water rescue for flood I144 (confirmed)
230.0,2026-07-05T17:20:00Z,REPLAY,predicted,AID-pun-vol-team-1,rescue_team,I074,flood,I074:water_rescue:0,water_rescue,24,cp-sat,confirmed,5,0.009757398627698421,water rescue for flood I074 (confirmed)
230.0,2026-07-05T17:20:00Z,REPLAY,predicted,PC-TRUCK-01,supply_truck,I132,flood,I132:mass_transport:0,mass_transport,39,cp-sat,confirmed,4,0.15018728375434875,mass transport for flood I132 (confirmed)
230.0,2026-07-05T17:20:00Z,REPLAY,predicted,PC-POL-02,police,I129,wire,I129:traffic_control:0,traffic_control,34,cp-sat,confirmed,3,0.08233810216188431,traffic control for wire I129 (confirmed)
230.0,2026-07-05T17:20:00Z,REPLAY,predicted,PC-BOAT-01,boat,I179,tree,I179:field_assessment:0,field_assessment,6,cp-sat,unverified,2,,field assessment for tree I179 (unverified)
230.0,2026-07-05T17:20:00Z,REPLAY,predicted,AID-pun-ndrf-boat-2,boat,I146,flood,I146:field_assessment:0,field_assessment,7,cp-sat,unverified,2,1.2079031876055524e-05,field assessment for flood I146 (unverified)
230.0,2026-07-05T17:20:00Z,REPLAY,predicted,PC-AMB-06,ambulance,I165,flood,I165:field_assessment:0,field_assessment,12,cp-sat,unverified,2,0.003557531861588359,field assessment for flood I165 (unverified)
230.0,2026-07-05T17:20:00Z,REPLAY,predicted,AID-pun-ndrf-team-2,rescue_team,I112,flood,I112:field_assessment:0,field_assessment,16,cp-sat,unverified,2,0.0018410342745482922,field assessment for flood I112 (unverified)
230.0,2026-07-05T17:20:00Z,REPLAY,predicted,AID-pun-sdrf-team-1,rescue_team,I135,flood,I135:field_assessment:0,field_assessment,31,cp-sat,unverified,2,0.0018410342745482922,field assessment for flood I135 (unverified)
230.0,2026-07-05T17:20:00Z,REPLAY,predicted,AID-pun-ndrf-team-1,rescue_team,I133,flood,I133:field_assessment:0,field_assessment,39,cp-sat,unverified,2,0.25632408261299133,field assessment for flood I133 (unverified)
240.0,2026-07-05T17:30:00Z,REPLAY,predicted,AID-pun-ndrf-team-3,rescue_team,I114,flood,I114:water_rescue:0,water_rescue,19,cp-sat,confirmed,5,0.25632408261299133,water rescue for flood I114 (confirmed)
240.0,2026-07-05T17:30:00Z,REPLAY,predicted,AID-pun-ndrf-team-1,rescue_team,I155,flood,I155:water_rescue:0,water_rescue,37,cp-sat,confirmed,5,0.0013691224157810211,water rescue for flood I155 (confirmed)
240.0,2026-07-05T17:30:00Z,REPLAY,predicted,AID-pun-ndrf-boat-1,boat,I023,flood,I023:water_rescue:0,water_rescue,41,cp-sat,confirmed,5,0.00011626521882135421,water rescue for flood I023 (confirmed)
240.0,2026-07-05T17:30:00Z,REPLAY,predicted,PC-TRUCK-01,supply_truck,I151,flood,I151:mass_transport:1,mass_transport,16,cp-sat,confirmed,4,0.009757398627698421,mass transport for flood I151 (confirmed)
240.0,2026-07-05T17:30:00Z,REPLAY,predicted,PC-POL-03,police,I095,wire,I095:traffic_control:0,traffic_control,15,cp-sat,confirmed,3,0.003557531861588359,traffic control for wire I095 (confirmed)
240.0,2026-07-05T17:30:00Z,REPLAY,predicted,PC-AMB-06,ambulance,I180,tree,I180:field_assessment:0,field_assessment,8,cp-sat,unverified,2,0.03283664211630821,field assessment for tree I180 (unverified)
240.0,2026-07-05T17:30:00Z,REPLAY,predicted,AID-pun-ndrf-team-2,rescue_team,I162,flood,I162:field_assessment:0,field_assessment,9,cp-sat,unverified,2,0.00011626521882135421,field assessment for flood I162 (unverified)
240.0,2026-07-05T17:30:00Z,REPLAY,predicted,AID-pun-vol-team-1,rescue_team,I123,tree,I123:field_assessment:0,field_assessment,14,cp-sat,unverified,2,0.009757398627698421,field assessment for tree I123 (unverified)
240.0,2026-07-05T17:30:00Z,REPLAY,predicted,AID-pun-sdrf-team-1,rescue_team,I153,flood,I153:field_assessment:0,field_assessment,24,cp-sat,unverified,2,0.003557531861588359,field assessment for flood I153 (unverified)
240.0,2026-07-05T17:30:00Z,REPLAY,predicted,PC-POL-02,police,I145,flood,I145:field_assessment:0,field_assessment,39,cp-sat,unverified,2,0.1187293529510498,field assessment for flood I145 (unverified)
250.0,2026-07-05T17:40:00Z,REPLAY,predicted,AID-pun-ndrf-boat-1,boat,I155,flood,I155:water_rescue:0,water_rescue,15,cp-sat,confirmed,5,5.004651393392123e-05,water rescue for flood I155 (confirmed)
250.0,2026-07-05T17:40:00Z,REPLAY,predicted,PC-TRUCK-01,supply_truck,I148,flood,I148:mass_transport:0,mass_transport,17,cp-sat,confirmed,5,0.1187293529510498,mass transport for flood I148 (confirmed)
250.0,2026-07-05T17:40:00Z,REPLAY,predicted,AID-pun-vol-team-1,rescue_team,I031,tree,I031:debris_clearance:0,debris_clearance,19,cp-sat,confirmed,3,0.0018410342745482922,debris clearance for tree I031 (confirmed)
250.0,2026-07-05T17:40:00Z,REPLAY,predicted,AID-pun-sdrf-boat-2,boat,I200,tree,I200:field_assessment:0,field_assessment,5,cp-sat,unverified,2,,field assessment for tree I200 (unverified)
250.0,2026-07-05T17:40:00Z,REPLAY,predicted,PC-POL-03,police,I201,wire,I201:field_assessment:0,field_assessment,6,cp-sat,unverified,2,0.00011626521882135421,field assessment for wire I201 (unverified)
250.0,2026-07-05T17:40:00Z,REPLAY,predicted,AID-pun-vol-team-2,rescue_team,I198,flood,I198:field_assessment:0,field_assessment,6,cp-sat,unverified,2,,field assessment for flood I198 (unverified)
250.0,2026-07-05T17:40:00Z,REPLAY,predicted,PC-AMB-06,ambulance,I194,flood,I194:field_assessment:0,field_assessment,17,cp-sat,unverified,2,0.03283664211630821,field assessment for flood I194 (unverified)
250.0,2026-07-05T17:40:00Z,REPLAY,predicted,AID-pun-ndrf-boat-2,boat,I190,flood,I190:field_assessment:0,field_assessment,25,cp-sat,unverified,2,0.00011626521882135421,field assessment for flood I190 (unverified)
250.0,2026-07-05T17:40:00Z,REPLAY,predicted,PC-POL-02,police,I168,flood,I168:field_assessment:0,field_assessment,29,cp-sat,unverified,2,0.323947936296463,field assessment for flood I168 (unverified)
250.0,2026-07-05T17:40:00Z,REPLAY,predicted,AID-pun-ndrf-team-1,rescue_team,I185,flood,I185:field_assessment:0,field_assessment,35,cp-sat,unverified,2,0.25632408261299133,field assessment for flood I185 (unverified)
250.0,2026-07-05T17:40:00Z,REPLAY,predicted,AID-pun-sdrf-team-1,rescue_team,I164,flood,I164:field_assessment:0,field_assessment,36,cp-sat,unverified,2,0.0018410342745482922,field assessment for flood I164 (unverified)
260.0,2026-07-05T17:50:00Z,REPLAY,predicted,PC-TRUCK-01,supply_truck,I060,flood,I060:mass_transport:1,mass_transport,16,cp-sat,confirmed,4,0.00011626521882135421,mass transport for flood I060 (confirmed)
260.0,2026-07-05T17:50:00Z,REPLAY,predicted,AID-pun-ndrf-team-1,rescue_team,I107,tree,I107:debris_clearance:0,debris_clearance,36,cp-sat,confirmed,3,0.010730469599366188,debris clearance for tree I107 (confirmed)
260.0,2026-07-05T17:50:00Z,REPLAY,predicted,PC-AMB-06,ambulance,I212,flood,I212:field_assessment:0,field_assessment,15,cp-sat,unverified,2,0.03283664211630821,field assessment for flood I212 (unverified)
260.0,2026-07-05T17:50:00Z,REPLAY,predicted,AID-pun-ndrf-boat-3,boat,I184,flood,I184:field_assessment:0,field_assessment,17,cp-sat,unverified,2,0.00011626521882135421,field assessment for flood I184 (unverified)
260.0,2026-07-05T17:50:00Z,REPLAY,predicted,AID-pun-sdrf-team-1,rescue_team,I163,tree,I163:field_assessment:0,field_assessment,21,cp-sat,unverified,2,0.009757398627698421,field assessment for tree I163 (unverified)
260.0,2026-07-05T17:50:00Z,REPLAY,predicted,AID-pun-ndrf-boat-1,boat,I196,tree,I196:field_assessment:0,field_assessment,22,cp-sat,unverified,2,0.00011626521882135421,field assessment for tree I196 (unverified)
260.0,2026-07-05T17:50:00Z,REPLAY,predicted,AID-pun-ndrf-team-2,rescue_team,I177,flood,I177:field_assessment:0,field_assessment,27,cp-sat,unverified,2,0.03283664211630821,field assessment for flood I177 (unverified)
260.0,2026-07-05T17:50:00Z,REPLAY,predicted,PC-POL-02,police,I141,wire,I141:field_assessment:0,field_assessment,31,cp-sat,unverified,2,0.1187293529510498,field assessment for wire I141 (unverified)
260.0,2026-07-05T17:50:00Z,REPLAY,predicted,AID-pun-ndrf-boat-2,boat,I149,flood,I149:field_assessment:0,field_assessment,33,cp-sat,unverified,2,0.0013691224157810211,field assessment for flood I149 (unverified)
270.0,2026-07-05T18:00:00Z,REPLAY,predicted,PC-TRUCK-01,supply_truck,I151,flood,I151:mass_transport:0,mass_transport,9,cp-sat,confirmed,4,0.09680004417896271,mass transport for flood I151 (confirmed)
270.0,2026-07-05T18:00:00Z,REPLAY,predicted,PC-POL-03,police,I201,wire,I201:traffic_control:0,traffic_control,4,cp-sat,confirmed,3,,traffic control for wire I201 (confirmed)
270.0,2026-07-05T18:00:00Z,REPLAY,predicted,PC-AMB-06,ambulance,I180,tree,I180:field_assessment:0,field_assessment,4,cp-sat,unverified,2,0.0018410342745482922,field assessment for tree I180 (unverified)
270.0,2026-07-05T18:00:00Z,REPLAY,predicted,AID-pun-ndrf-boat-2,boat,I190,flood,I190:field_assessment:0,field_assessment,5,cp-sat,unverified,2,2.58034033322474e-05,field assessment for flood I190 (unverified)
270.0,2026-07-05T18:00:00Z,REPLAY,predicted,AID-pun-ndrf-team-1,rescue_team,I166,flood,I166:field_assessment:0,field_assessment,12,cp-sat,unverified,2,0.003557531861588359,field assessment for flood I166 (unverified)
270.0,2026-07-05T18:00:00Z,REPLAY,predicted,PC-POL-02,police,I213,flood,I213:field_assessment:0,field_assessment,13,cp-sat,unverified,2,0.009757398627698421,field assessment for flood I213 (unverified)
270.0,2026-07-05T18:00:00Z,REPLAY,predicted,AID-pun-sdrf-team-2,rescue_team,I197,flood,I197:field_assessment:0,field_assessment,28,cp-sat,unverified,2,0.009757398627698421,field assessment for flood I197 (unverified)
270.0,2026-07-05T18:00:00Z,REPLAY,predicted,AID-pun-ndrf-boat-1,boat,I143,flood,I143:field_assessment:0,field_assessment,33,cp-sat,unverified,2,0.00011626521882135421,field assessment for flood I143 (unverified)
270.0,2026-07-05T18:00:00Z,REPLAY,predicted,AID-pun-ndrf-boat-3,boat,I185,flood,I185:field_assessment:0,field_assessment,36,cp-sat,unverified,2,0.25632408261299133,field assessment for flood I185 (unverified)
270.0,2026-07-05T18:00:00Z,REPLAY,predicted,AID-pun-vol-team-3,rescue_team,I133,flood,I133:field_assessment:0,field_assessment,37,cp-sat,unverified,2,0.022787882015109062,field assessment for flood I133 (unverified)
280.0,2026-07-05T18:10:00Z,REPLAY,predicted,PC-TRUCK-01,supply_truck,I162,flood,I162:mass_transport:0,mass_transport,30,cp-sat,confirmed,4,0.0018410342745482922,mass transport for flood I162 (confirmed)
280.0,2026-07-05T18:10:00Z,REPLAY,predicted,PC-TEAM-02,rescue_team,I193,tree,I193:debris_clearance:0,debris_clearance,19,cp-sat,confirmed,3,0.009757398627698421,debris clearance for tree I193 (confirmed)
280.0,2026-07-05T18:10:00Z,REPLAY,predicted,PC-POL-02,police,I177,flood,I177:field_assessment:0,field_assessment,4,cp-sat,unverified,2,0.00011626521882135421,field assessment for flood I177 (unverified)
280.0,2026-07-05T18:10:00Z,REPLAY,predicted,AID-pun-ndrf-team-3,rescue_team,I227,flood,I227:field_assessment:0,field_assessment,4,cp-sat,unverified,2,,field assessment for flood I227 (unverified)
280.0,2026-07-05T18:10:00Z,REPLAY,predicted,AID-pun-sdrf-team-2,rescue_team,I208,tree,I208:field_assessment:0,field_assessment,10,cp-sat,unverified,2,2.58034033322474e-05,field assessment for tree I208 (unverified)
280.0,2026-07-05T18:10:00Z,REPLAY,predicted,AID-pun-ndrf-team-1,rescue_team,I143,flood,I143:field_assessment:0,field_assessment,10,cp-sat,unverified,2,0.018012523651123047,field assessment for flood I143 (unverified)
280.0,2026-07-05T18:10:00Z,REPLAY,predicted,AID-pun-ndrf-boat-1,boat,I222,flood,I222:field_assessment:0,field_assessment,13,cp-sat,unverified,2,0.00011626521882135421,field assessment for flood I222 (unverified)
280.0,2026-07-05T18:10:00Z,REPLAY,predicted,AID-pun-vol-team-2,rescue_team,I234,tree,I234:field_assessment:0,field_assessment,14,cp-sat,unverified,2,,field assessment for tree I234 (unverified)
280.0,2026-07-05T18:10:00Z,REPLAY,predicted,AID-pun-ndrf-team-2,rescue_team,I176,flood,I176:field_assessment:0,field_assessment,16,cp-sat,unverified,2,0.00011626521882135421,field assessment for flood I176 (unverified)
280.0,2026-07-05T18:10:00Z,REPLAY,predicted,AID-pun-ndrf-boat-3,boat,I139,flood,I139:field_assessment:0,field_assessment,23,cp-sat,unverified,2,0.00011626521882135421,field assessment for flood I139 (unverified)
280.0,2026-07-05T18:10:00Z,REPLAY,predicted,PC-AMB-06,ambulance,I175,tree,I175:field_assessment:0,field_assessment,25,cp-sat,unverified,2,0.09680004417896271,field assessment for tree I175 (unverified)
280.0,2026-07-05T18:10:00Z,REPLAY,predicted,AID-pun-sdrf-team-1,rescue_team,I235,flood,I235:field_assessment:0,field_assessment,25,cp-sat,unverified,2,0.003557531861588359,field assessment for flood I235 (unverified)
280.0,2026-07-05T18:10:00Z,REPLAY,predicted,AID-pun-vol-team-3,rescue_team,I185,flood,I185:field_assessment:0,field_assessment,34,cp-sat,unverified,2,0.25632408261299133,field assessment for flood I185 (unverified)
290.0,2026-07-05T18:20:00Z,REPLAY,predicted,PC-BOAT-02,boat,I227,flood,I227:water_rescue:0,water_rescue,5,cp-sat,confirmed,5,,water rescue for flood I227 (confirmed)
290.0,2026-07-05T18:20:00Z,REPLAY,predicted,PC-TEAM-02,rescue_team,I148,flood,I148:water_rescue:0,water_rescue,12,cp-sat,confirmed,5,0.009757398627698421,water rescue for flood I148 (confirmed)
290.0,2026-07-05T18:20:00Z,REPLAY,predicted,PC-TRUCK-01,supply_truck,I181,flood,I181:mass_transport:1,mass_transport,35,cp-sat,confirmed,5,0.03283664211630821,mass transport for flood I181 (confirmed)
290.0,2026-07-05T18:20:00Z,REPLAY,predicted,AID-pun-ndrf-team-2,rescue_team,I240,flood,I240:field_assessment:0,field_assessment,8,cp-sat,unverified,2,0.0018410342745482922,field assessment for flood I240 (unverified)
290.0,2026-07-05T18:20:00Z,REPLAY,predicted,AID-pun-ndrf-team-1,rescue_team,I186,flood,I186:field_assessment:0,field_assessment,9,cp-sat,unverified,2,0.0018410342745482922,field assessment for flood I186 (unverified)
290.0,2026-07-05T18:20:00Z,REPLAY,predicted,AID-pun-ndrf-boat-2,boat,I231,flood,I231:field_assessment:0,field_assessment,9,cp-sat,unverified,2,2.58034033322474e-05,field assessment for flood I231 (unverified)
290.0,2026-07-05T18:20:00Z,REPLAY,predicted,AID-pun-ndrf-boat-1,boat,I196,tree,I196:field_assessment:0,field_assessment,21,cp-sat,unverified,2,0.00011626521882135421,field assessment for tree I196 (unverified)
290.0,2026-07-05T18:20:00Z,REPLAY,predicted,AID-pun-vol-team-3,rescue_team,I161,flood,I161:field_assessment:0,field_assessment,25,cp-sat,unverified,2,0.00011626521882135421,field assessment for flood I161 (unverified)
290.0,2026-07-05T18:20:00Z,REPLAY,predicted,PC-AMB-06,ambulance,I209,flood,I209:field_assessment:0,field_assessment,27,cp-sat,unverified,2,0.009757398627698421,field assessment for flood I209 (unverified)
290.0,2026-07-05T18:20:00Z,REPLAY,predicted,AID-pun-ndrf-boat-3,boat,I153,flood,I153:field_assessment:0,field_assessment,30,cp-sat,unverified,2,0.25632408261299133,field assessment for flood I153 (unverified)
290.0,2026-07-05T18:20:00Z,REPLAY,predicted,AID-pun-sdrf-team-1,rescue_team,I221,flood,I221:field_assessment:0,field_assessment,34,cp-sat,unverified,2,0.1187293529510498,field assessment for flood I221 (unverified)
290.0,2026-07-05T18:20:00Z,REPLAY,predicted,PC-POL-02,police,I164,flood,I164:field_assessment:0,field_assessment,39,cp-sat,unverified,2,0.03283664211630821,field assessment for flood I164 (unverified)
290.0,2026-07-05T18:20:00Z,REPLAY,predicted,AID-pun-sdrf-team-2,rescue_team,I242,flood,I242:field_assessment:0,field_assessment,42,cp-sat,unverified,2,0.009757398627698421,field assessment for flood I242 (unverified)
300.0,2026-07-05T18:30:00Z,REPLAY,predicted,PC-TRUCK-01,supply_truck,I159,flood,I159:mass_transport:0,mass_transport,17,cp-sat,confirmed,5,0.00011626521882135421,mass transport for flood I159 (confirmed)
300.0,2026-07-05T18:30:00Z,REPLAY,predicted,PC-POL-02,police,I039,wire,I039:traffic_control:0,traffic_control,22,cp-sat,confirmed,3,0.1187293529510498,traffic control for wire I039 (confirmed)
300.0,2026-07-05T18:30:00Z,REPLAY,predicted,AID-pun-sdrf-boat-2,boat,I247,flood,I247:field_assessment:0,field_assessment,5,cp-sat,unverified,2,,field assessment for flood I247 (unverified)
300.0,2026-07-05T18:30:00Z,REPLAY,predicted,AID-pun-ndrf-boat-1,boat,I224,tree,I224:field_assessment:0,field_assessment,8,cp-sat,unverified,2,2.58034033322474e-05,field assessment for tree I224 (unverified)
300.0,2026-07-05T18:30:00Z,REPLAY,predicted,AID-pun-vol-team-2,rescue_team,I244,flood,I244:field_assessment:0,field_assessment,11,cp-sat,unverified,2,,field assessment for flood I244 (unverified)
300.0,2026-07-05T18:30:00Z,REPLAY,predicted,AID-pun-sdrf-team-2,rescue_team,I176,flood,I176:field_assessment:0,field_assessment,19,cp-sat,unverified,2,0.09680004417896271,field assessment for flood I176 (unverified)
300.0,2026-07-05T18:30:00Z,REPLAY,predicted,AID-pun-ndrf-team-1,rescue_team,I214,flood,I214:field_assessment:0,field_assessment,23,cp-sat,unverified,2,0.00011626521882135421,field assessment for flood I214 (unverified)
300.0,2026-07-05T18:30:00Z,REPLAY,predicted,PC-AMB-06,ambulance,I195,flood,I195:field_assessment:0,field_assessment,25,cp-sat,unverified,2,0.03283664211630821,field assessment for flood I195 (unverified)
300.0,2026-07-05T18:30:00Z,REPLAY,predicted,AID-pun-vol-team-3,rescue_team,I207,flood,I207:field_assessment:0,field_assessment,28,cp-sat,unverified,2,2.58034033322474e-05,field assessment for flood I207 (unverified)
300.0,2026-07-05T18:30:00Z,REPLAY,predicted,AID-pun-ndrf-boat-3,boat,I203,tree,I203:field_assessment:0,field_assessment,28,cp-sat,unverified,2,0.25632408261299133,field assessment for tree I203 (unverified)
300.0,2026-07-05T18:30:00Z,REPLAY,predicted,AID-pun-sdrf-team-1,rescue_team,I164,flood,I164:field_assessment:0,field_assessment,36,cp-sat,unverified,2,0.323947936296463,field assessment for flood I164 (unverified)
300.0,2026-07-05T18:30:00Z,REPLAY,predicted,PC-TEAM-02,rescue_team,I252,tree,I252:field_assessment:0,field_assessment,43,cp-sat,unverified,2,0.03283664211630821,field assessment for tree I252 (unverified)
310.0,2026-07-05T18:40:00Z,REPLAY,predicted,PC-TRUCK-01,supply_truck,I109,flood,I109:mass_transport:2,mass_transport,5,cp-sat,confirmed,5,0.003557531861588359,mass transport for flood I109 (confirmed)
310.0,2026-07-05T18:40:00Z,REPLAY,predicted,AID-pun-vol-team-2,rescue_team,I234,tree,I234:debris_clearance:0,debris_clearance,12,cp-sat,confirmed,3,,debris clearance for tree I234 (confirmed)
310.0,2026-07-05T18:40:00Z,REPLAY,predicted,AID-pun-sdrf-boat-2,boat,I258,flood,I258:field_assessment:0,field_assessment,4,cp-sat,unverified,2,,field assessment for flood I258 (unverified)
310.0,2026-07-05T18:40:00Z,REPLAY,predicted,AID-pun-ndrf-team-2,rescue_team,I176,flood,I176:field_assessment:0,field_assessment,5,cp-sat,unverified,2,0.00011626521882135421,field assessment for flood I176 (unverified)
310.0,2026-07-05T18:40:00Z,REPLAY,predicted,PC-TEAM-01,rescue_team,I259,flood,I259:field_assessment:0,field_assessment,7,cp-sat,unverified,2,,field assessment for flood I259 (unverified)
310.0,2026-07-05T18:40:00Z,REPLAY,predicted,AID-pun-ndrf-boat-2,boat,I186,flood,I186:field_assessment:0,field_assessment,8,cp-sat,unverified,2,1.30318985611666e-05,field assessment for flood I186 (unverified)
310.0,2026-07-05T18:40:00Z,REPLAY,predicted,AID-pun-ndrf-team-1,rescue_team,I263,flood,I263:field_assessment:0,field_assessment,12,cp-sat,unverified,2,5.004651393392123e-05,field assessment for flood I263 (unverified)
310.0,2026-07-05T18:40:00Z,REPLAY,predicted,PC-AMB-06,ambulance,I166,flood,I166:field_assessment:0,field_assessment,16,cp-sat,unverified,2,0.15018728375434875,field assessment for flood I166 (unverified)
310.0,2026-07-05T18:40:00Z,REPLAY,predicted,AID-pun-sdrf-team-2,rescue_team,I191,flood,I191:field_assessment:0,field_assessment,16,cp-sat,unverified,2,0.022787882015109062,field assessment for flood I191 (unverified)
310.0,2026-07-05T18:40:00Z,REPLAY,predicted,AID-pun-ndrf-boat-1,boat,I207,flood,I207:field_assessment:0,field_assessment,30,cp-sat,unverified,2,0.022787882015109062,field assessment for flood I207 (unverified)
310.0,2026-07-05T18:40:00Z,REPLAY,predicted,PC-TEAM-02,rescue_team,I206,flood,I206:field_assessment:0,field_assessment,31,cp-sat,unverified,2,0.0018410342745482922,field assessment for flood I206 (unverified)
310.0,2026-07-05T18:40:00Z,REPLAY,predicted,AID-pun-vol-team-3,rescue_team,I246,flood,I246:field_assessment:0,field_assessment,38,cp-sat,unverified,2,0.1187293529510498,field assessment for flood I246 (unverified)
320.0,2026-07-05T18:50:00Z,REPLAY,predicted,PC-FIRE-02,fire_engine,I259,flood,I259:water_rescue:0,water_rescue,10,cp-sat,confirmed,5,,water rescue for flood I259 (confirmed)
320.0,2026-07-05T18:50:00Z,REPLAY,predicted,PC-TRUCK-01,supply_truck,I181,flood,I181:mass_transport:0,mass_transport,37,cp-sat,confirmed,5,0.03283664211630821,mass transport for flood I181 (confirmed)
320.0,2026-07-05T18:50:00Z,REPLAY,predicted,PC-POL-03,police,I208,tree,I208:field_assessment:0,field_assessment,4,cp-sat,unverified,2,,field assessment for tree I208 (unverified)
320.0,2026-07-05T18:50:00Z,REPLAY,predicted,PC-BOAT-01,boat,I269,flood,I269:field_assessment:0,field_assessment,6,cp-sat,unverified,2,,field assessment for flood I269 (unverified)
320.0,2026-07-05T18:50:00Z,REPLAY,predicted,AID-pun-sdrf-boat-1,boat,I271,flood,I271:field_assessment:0,field_assessment,6,cp-sat,unverified,2,,field assessment for flood I271 (unverified)
320.0,2026-07-05T18:50:00Z,REPLAY,predicted,AID-pun-ndrf-boat-1,boat,I195,flood,I195:field_assessment:0,field_assessment,7,cp-sat,unverified,2,0.0013691224157810211,field assessment for flood I195 (unverified)
320.0,2026-07-05T18:50:00Z,REPLAY,predicted,AID-pun-vol-team-3,rescue_team,I170,tree,I170:field_assessment:0,field_assessment,12,cp-sat,unverified,2,5.004651393392123e-05,field assessment for tree I170 (unverified)
320.0,2026-07-05T18:50:00Z,REPLAY,predicted,PC-AMB-06,ambulance,I267,tree,I267:field_assessment:0,field_assessment,27,cp-sat,unverified,2,0.009757398627698421,field assessment for tree I267 (unverified)
320.0,2026-07-05T18:50:00Z,REPLAY,predicted,AID-pun-ndrf-team-1,rescue_team,I167,tree,I167:field_assessment:0,field_assessment,29,cp-sat,unverified,2,0.0013691224157810211,field assessment for tree I167 (unverified)
320.0,2026-07-05T18:50:00Z,REPLAY,predicted,PC-TEAM-02,rescue_team,I210,tree,I210:field_assessment:0,field_assessment,31,cp-sat,unverified,2,0.03283664211630821,field assessment for tree I210 (unverified)
330.0,2026-07-05T19:00:00Z,REPLAY,predicted,PC-TEAM-01,rescue_team,I259,flood,I259:water_rescue:0,water_rescue,7,cp-sat,confirmed,5,,water rescue for flood I259 (confirmed)
330.0,2026-07-05T19:00:00Z,REPLAY,predicted,PC-TRUCK-01,supply_truck,I046,flood,I046:mass_transport:1,mass_transport,28,cp-sat,confirmed,4,0.0018410342745482922,mass transport for flood I046 (confirmed)
330.0,2026-07-05T19:00:00Z,REPLAY,predicted,PC-POL-02,police,I279,flood,I279:field_assessment:0,field_assessment,6,cp-sat,unverified,2,2.58034033322474e-05,field assessment for flood I279 (unverified)
330.0,2026-07-05T19:00:00Z,REPLAY,predicted,AID-pun-ndrf-boat-3,boat,I275,flood,I275:field_assessment:0,field_assessment,6,cp-sat,unverified,2,,field assessment for flood I275 (unverified)
330.0,2026-07-05T19:00:00Z,REPLAY,predicted,AID-pun-vol-team-3,rescue_team,I207,flood,I207:field_assessment:0,field_assessment,11,cp-sat,unverified,2,1.30318985611666e-05,field assessment for flood I207 (unverified)
330.0,2026-07-05T19:00:00Z,REPLAY,predicted,AID-pun-ndrf-team-1,rescue_team,I239,flood,I239:field_assessment:0,field_assessment,16,cp-sat,unverified,2,0.00011626521882135421,field assessment for flood I239 (unverified)
330.0,2026-07-05T19:00:00Z,REPLAY,predicted,AID-pun-vol-team-1,rescue_team,I276,flood,I276:field_assessment:0,field_assessment,17,cp-sat,unverified,2,0.00011626521882135421,field assessment for flood I276 (unverified)
330.0,2026-07-05T19:00:00Z,REPLAY,predicted,PC-AMB-06,ambulance,I194,flood,I194:field_assessment:0,field_assessment,21,cp-sat,unverified,2,0.08233810216188431,field assessment for flood I194 (unverified)
330.0,2026-07-05T19:00:00Z,REPLAY,predicted,PC-TEAM-02,rescue_team,I184,flood,I184:field_assessment:0,field_assessment,31,cp-sat,unverified,2,0.022787882015109062,field assessment for flood I184 (unverified)
330.0,2026-07-05T19:00:00Z,REPLAY,predicted,AID-pun-ndrf-team-2,rescue_team,I223,flood,I223:field_assessment:0,field_assessment,32,cp-sat,unverified,2,0.00011626521882135421,field assessment for flood I223 (unverified)
330.0,2026-07-05T19:00:00Z,REPLAY,predicted,AID-pun-ndrf-boat-2,boat,I203,tree,I203:field_assessment:0,field_assessment,35,cp-sat,unverified,2,0.003557531861588359,field assessment for tree I203 (unverified)
340.0,2026-07-05T19:10:00Z,REPLAY,predicted,AID-pun-sdrf-boat-1,boat,I271,flood,I271:water_rescue:0,water_rescue,6,cp-sat,confirmed,5,,water rescue for flood I271 (confirmed)
340.0,2026-07-05T19:10:00Z,REPLAY,predicted,AID-pun-ndrf-team-1,rescue_team,I225,flood,I225:water_rescue:0,water_rescue,9,cp-sat,confirmed,5,0.00011626521882135421,water rescue for flood I225 (confirmed)
340.0,2026-07-05T19:10:00Z,REPLAY,predicted,PC-TRUCK-01,supply_truck,I041,flood,I041:mass_transport:0,mass_transport,11,cp-sat,confirmed,4,0.0013691224157810211,mass transport for flood I041 (confirmed)
340.0,2026-07-05T19:10:00Z,REPLAY,predicted,PC-BOAT-01,boat,I274,tree,I274:field_assessment:0,field_assessment,4,cp-sat,unverified,2,,field assessment for tree I274 (unverified)
340.0,2026-07-05T19:10:00Z,REPLAY,predicted,AID-pun-ndrf-boat-1,boat,I196,tree,I196:field_assessment:0,field_assessment,5,cp-sat,unverified,2,0.00011626521882135421,field assessment for tree I196 (unverified)
340.0,2026-07-05T19:10:00Z,REPLAY,predicted,PC-AMB-06,ambulance,I209,flood,I209:field_assessment:0,field_assessment,6,cp-sat,unverified,2,0.00011626521882135421,field assessment for flood I209 (unverified)
340.0,2026-07-05T19:10:00Z,REPLAY,predicted,AID-pun-vol-team-1,rescue_team,I270,flood,I270:field_assessment:0,field_assessment,17,cp-sat,unverified,2,1.5273697499651462e-05,field assessment for flood I270 (unverified)
340.0,2026-07-05T19:10:00Z,REPLAY,predicted,AID-pun-ndrf-boat-2,boat,I261,flood,I261:field_assessment:0,field_assessment,30,cp-sat,unverified,2,0.003557531861588359,field assessment for flood I261 (unverified)
340.0,2026-07-05T19:10:00Z,REPLAY,predicted,AID-pun-ndrf-team-2,rescue_team,I228,tree,I228:field_assessment:0,field_assessment,34,cp-sat,unverified,2,0.0018410342745482922,field assessment for tree I228 (unverified)
340.0,2026-07-05T19:10:00Z,REPLAY,predicted,AID-pun-vol-team-3,rescue_team,I284,tree,I284:field_assessment:0,field_assessment,39,cp-sat,unverified,2,0.0001639184629311785,field assessment for tree I284 (unverified)
340.0,2026-07-05T19:10:00Z,REPLAY,predicted,AID-pun-sdrf-team-2,rescue_team,I187,flood,I187:field_assessment:0,field_assessment,40,cp-sat,unverified,2,0.0018410342745482922,field assessment for flood I187 (unverified)
340.0,2026-07-05T19:10:00Z,REPLAY,predicted,PC-TEAM-02,rescue_team,I282,flood,I282:field_assessment:0,field_assessment,44,cp-sat,unverified,2,0.022787882015109062,field assessment for flood I282 (unverified)
350.0,2026-07-05T19:20:00Z,REPLAY,predicted,AID-pun-pvt-bus-2,bus,I244,flood,I244:mass_transport:1,mass_transport,5,cp-sat,confirmed,5,,mass transport for flood I244 (confirmed)
350.0,2026-07-05T19:20:00Z,REPLAY,predicted,AID-pun-pvt-bus-3,bus,I244,flood,I244:mass_transport:2,mass_transport,5,cp-sat,confirmed,5,,mass transport for flood I244 (confirmed)
350.0,2026-07-05T19:20:00Z,REPLAY,predicted,AID-pun-pvt-bus-4,bus,I244,flood,I244:mass_transport:0,mass_transport,5,cp-sat,confirmed,5,,mass transport for flood I244 (confirmed)
350.0,2026-07-05T19:20:00Z,REPLAY,predicted,AID-pun-ndrf-team-1,rescue_team,I263,flood,I263:water_rescue:0,water_rescue,8,cp-sat,confirmed,5,0.00011626521882135421,water rescue for flood I263 (confirmed)
350.0,2026-07-05T19:20:00Z,REPLAY,predicted,PC-TRUCK-01,supply_truck,I227,flood,I227:mass_transport:0,mass_transport,27,cp-sat,confirmed,5,0.0018410342745482922,mass transport for flood I227 (confirmed)
350.0,2026-07-05T19:20:00Z,REPLAY,predicted,AID-pun-ndrf-boat-3,boat,I303,flood,I303:field_assessment:0,field_assessment,4,cp-sat,unverified,2,,field assessment for flood I303 (unverified)
350.0,2026-07-05T19:20:00Z,REPLAY,predicted,AID-pun-ndrf-team-2,rescue_team,I199,tree,I199:field_assessment:0,field_assessment,8,cp-sat,unverified,2,0.00011626521882135421,field assessment for tree I199 (unverified)
350.0,2026-07-05T19:20:00Z,REPLAY,predicted,PC-TEAM-02,rescue_team,I185,flood,I185:field_assessment:0,field_assessment,11,cp-sat,unverified,2,0.00011626521882135421,field assessment for flood I185 (unverified)
350.0,2026-07-05T19:20:00Z,REPLAY,predicted,AID-pun-vol-team-1,rescue_team,I206,flood,I206:field_assessment:0,field_assessment,19,cp-sat,unverified,2,0.00011626521882135421,field assessment for flood I206 (unverified)
350.0,2026-07-05T19:20:00Z,REPLAY,predicted,AID-pun-ndrf-boat-2,boat,I212,flood,I212:field_assessment:0,field_assessment,31,cp-sat,unverified,2,0.0018410342745482922,field assessment for flood I212 (unverified)
350.0,2026-07-05T19:20:00Z,REPLAY,predicted,AID-pun-vol-team-3,rescue_team,I286,flood,I286:field_assessment:0,field_assessment,37,cp-sat,unverified,2,0.1187293529510498,field assessment for flood I286 (unverified)
350.0,2026-07-05T19:20:00Z,REPLAY,predicted,AID-pun-sdrf-team-2,rescue_team,I278,tree,I278:field_assessment:0,field_assessment,43,cp-sat,unverified,2,0.09680004417896271,field assessment for tree I278 (unverified)
360.0,2026-07-05T19:30:00Z,REPLAY,predicted,AID-pun-ndrf-boat-3,boat,I303,flood,I303:water_rescue:0,water_rescue,4,cp-sat,confirmed,5,,water rescue for flood I303 (confirmed)
360.0,2026-07-05T19:30:00Z,REPLAY,predicted,AID-pun-ndrf-boat-1,boat,I202,flood,I202:water_rescue:0,water_rescue,23,cp-sat,confirmed,5,0.0001639184629311785,water rescue for flood I202 (confirmed)
360.0,2026-07-05T19:30:00Z,REPLAY,predicted,PC-TRUCK-01,supply_truck,I041,flood,I041:mass_transport:0,mass_transport,13,cp-sat,confirmed,4,0.0013691224157810211,mass transport for flood I041 (confirmed)
360.0,2026-07-05T19:30:00Z,REPLAY,predicted,AID-pun-ndrf-team-1,rescue_team,I233,tree,I233:field_assessment:0,field_assessment,9,cp-sat,unverified,2,0.00011626521882135421,field assessment for tree I233 (unverified)
360.0,2026-07-05T19:30:00Z,REPLAY,predicted,AID-pun-ndrf-boat-2,boat,I211,tree,I211:field_assessment:0,field_assessment,10,cp-sat,unverified,2,0.00011626521882135421,field assessment for tree I211 (unverified)
360.0,2026-07-05T19:30:00Z,REPLAY,predicted,PC-AMB-06,ambulance,I287,wire,I287:field_assessment:0,field_assessment,20,cp-sat,unverified,2,0.0018410342745482922,field assessment for wire I287 (unverified)
360.0,2026-07-05T19:30:00Z,REPLAY,predicted,AID-pun-vol-team-1,rescue_team,I223,flood,I223:field_assessment:0,field_assessment,21,cp-sat,unverified,2,0.00011626521882135421,field assessment for flood I223 (unverified)
360.0,2026-07-05T19:30:00Z,REPLAY,predicted,AID-pun-sdrf-team-2,rescue_team,I245,flood,I245:field_assessment:0,field_assessment,26,cp-sat,unverified,2,0.00011626521882135421,field assessment for flood I245 (unverified)
360.0,2026-07-05T19:30:00Z,REPLAY,predicted,PC-TEAM-02,rescue_team,I298,flood,I298:field_assessment:0,field_assessment,31,cp-sat,unverified,2,0.0018410342745482922,field assessment for flood I298 (unverified)
360.0,2026-07-05T19:30:00Z,REPLAY,predicted,AID-pun-vol-team-3,rescue_team,I216,flood,I216:field_assessment:0,field_assessment,44,cp-sat,unverified,2,0.1187293529510498,field assessment for flood I216 (unverified)
370.0,2026-07-05T19:40:00Z,REPLAY,predicted,AID-pun-vol-team-2,rescue_team,I244,flood,I244:water_rescue:0,water_rescue,11,cp-sat,confirmed,5,,water rescue for flood I244 (confirmed)
370.0,2026-07-05T19:40:00Z,REPLAY,predicted,PC-TRUCK-01,supply_truck,I227,flood,I227:mass_transport:2,mass_transport,27,cp-sat,confirmed,5,0.00011626521882135421,mass transport for flood I227 (confirmed)
370.0,2026-07-05T19:40:00Z,REPLAY,predicted,AID-pun-ndrf-team-1,rescue_team,I212,flood,I212:field_assessment:0,field_assessment,7,cp-sat,unverified,2,0.00011626521882135421,field assessment for flood I212 (unverified)
370.0,2026-07-05T19:40:00Z,REPLAY,predicted,AID-pun-vol-team-1,rescue_team,I319,flood,I319:field_assessment:0,field_assessment,39,cp-sat,unverified,2,0.1187293529510498,field assessment for flood I319 (unverified)
370.0,2026-07-05T19:40:00Z,REPLAY,predicted,AID-pun-ndrf-team-2,rescue_team,I310,tree,I310:field_assessment:0,field_assessment,39,cp-sat,unverified,2,0.003557531861588359,field assessment for tree I310 (unverified)
370.0,2026-07-05T19:40:00Z,REPLAY,predicted,AID-pun-sdrf-team-2,rescue_team,I246,flood,I246:field_assessment:0,field_assessment,44,cp-sat,unverified,2,0.09680004417896271,field assessment for flood I246 (unverified)
380.0,2026-07-05T19:50:00Z,REPLAY,predicted,AID-pun-ndrf-boat-2,boat,I243,flood,I243:water_rescue:0,water_rescue,17,cp-sat,confirmed,5,0.00011626521882135421,water rescue for flood I243 (confirmed)
380.0,2026-07-05T19:50:00Z,REPLAY,predicted,PC-TRUCK-01,supply_truck,I223,flood,I223:mass_transport:0,mass_transport,41,cp-sat,confirmed,5,0.0013691224157810211,mass transport for flood I223 (confirmed)
380.0,2026-07-05T19:50:00Z,REPLAY,predicted,AID-pun-vol-team-2,rescue_team,I324,flood,I324:field_assessment:0,field_assessment,5,cp-sat,unverified,2,,field assessment for flood I324 (unverified)
380.0,2026-07-05T19:50:00Z,REPLAY,predicted,AID-pun-sdrf-team-2,rescue_team,I338,flood,I338:field_assessment:0,field_assessment,11,cp-sat,unverified,2,0.00011626521882135421,field assessment for flood I338 (unverified)
380.0,2026-07-05T19:50:00Z,REPLAY,predicted,AID-pun-vol-team-1,rescue_team,I226,flood,I226:field_assessment:0,field_assessment,20,cp-sat,unverified,2,0.1187293529510498,field assessment for flood I226 (unverified)
380.0,2026-07-05T19:50:00Z,REPLAY,predicted,AID-pun-ndrf-team-2,rescue_team,I229,flood,I229:field_assessment:0,field_assessment,21,cp-sat,unverified,2,0.0018410342745482922,field assessment for flood I229 (unverified)
380.0,2026-07-05T19:50:00Z,REPLAY,predicted,PC-AMB-06,ambulance,I305,tree,I305:field_assessment:0,field_assessment,38,cp-sat,unverified,2,0.15018728375434875,field assessment for tree I305 (unverified)
390.0,2026-07-05T20:00:00Z,REPLAY,predicted,PC-TRUCK-01,supply_truck,I055,flood,I055:mass_transport:0,mass_transport,29,cp-sat,confirmed,4,0.0018410342745482922,mass transport for flood I055 (confirmed)
390.0,2026-07-05T20:00:00Z,REPLAY,predicted,AID-pun-vol-team-1,rescue_team,I206,flood,I206:field_assessment:0,field_assessment,8,cp-sat,unverified,2,0.003557531861588359,field assessment for flood I206 (unverified)
390.0,2026-07-05T20:00:00Z,REPLAY,predicted,AID-pun-ndrf-team-2,rescue_team,I232,flood,I232:field_assessment:0,field_assessment,16,cp-sat,unverified,2,0.00011626521882135421,field assessment for flood I232 (unverified)
390.0,2026-07-05T20:00:00Z,REPLAY,predicted,AID-pun-ndrf-boat-2,boat,I330,tree,I330:field_assessment:0,field_assessment,17,cp-sat,unverified,2,0.022787882015109062,field assessment for tree I330 (unverified)
390.0,2026-07-05T20:00:00Z,REPLAY,predicted,AID-pun-sdrf-boat-2,boat,I301,flood,I301:field_assessment:0,field_assessment,20,cp-sat,unverified,2,0.15018728375434875,field assessment for flood I301 (unverified)
390.0,2026-07-05T20:00:00Z,REPLAY,predicted,PC-AMB-06,ambulance,I224,tree,I224:field_assessment:0,field_assessment,22,cp-sat,unverified,2,0.323947936296463,field assessment for tree I224 (unverified)
390.0,2026-07-05T20:00:00Z,REPLAY,predicted,AID-pun-sdrf-team-2,rescue_team,I246,flood,I246:field_assessment:0,field_assessment,32,cp-sat,unverified,2,0.0018410342745482922,field assessment for flood I246 (unverified)
390.0,2026-07-05T20:00:00Z,REPLAY,predicted,AID-pun-ndrf-team-1,rescue_team,I335,flood,I335:field_assessment:0,field_assessment,42,cp-sat,unverified,2,0.4252638816833496,field assessment for flood I335 (unverified)
400.0,2026-07-05T20:10:00Z,REPLAY,predicted,PC-TRUCK-01,supply_truck,I227,flood,I227:mass_transport:2,mass_transport,10,cp-sat,confirmed,5,2.58034033322474e-05,mass transport for flood I227 (confirmed)
400.0,2026-07-05T20:10:00Z,REPLAY,predicted,AID-pun-vol-team-2,rescue_team,I244,flood,I244:water_rescue:0,water_rescue,11,cp-sat,confirmed,5,,water rescue for flood I244 (confirmed)
400.0,2026-07-05T20:10:00Z,REPLAY,predicted,AID-pun-sdrf-boat-2,boat,I331,flood,I331:water_rescue:0,water_rescue,16,cp-sat,confirmed,5,0.09680004417896271,water rescue for flood I331 (confirmed)
400.0,2026-07-05T20:10:00Z,REPLAY,predicted,AID-pun-vol-team-1,rescue_team,I193,tree,I193:debris_clearance:0,debris_clearance,9,cp-sat,confirmed,3,0.0018410342745482922,debris clearance for tree I193 (confirmed)
400.0,2026-07-05T20:10:00Z,REPLAY,predicted,AID-pun-sdrf-boat-1,boat,I350,flood,I350:field_assessment:0,field_assessment,4,cp-sat,unverified,2,,field assessment for flood I350 (unverified)
400.0,2026-07-05T20:10:00Z,REPLAY,predicted,AID-pun-ndrf-boat-2,boat,I349,flood,I349:field_assessment:0,field_assessment,8,cp-sat,unverified,2,0.009757398627698421,field assessment for flood I349 (unverified)
400.0,2026-07-05T20:10:00Z,REPLAY,predicted,AID-pun-ndrf-team-2,rescue_team,I245,flood,I245:field_assessment:0,field_assessment,10,cp-sat,unverified,2,0.0013691224157810211,field assessment for flood I245 (unverified)
400.0,2026-07-05T20:10:00Z,REPLAY,predicted,AID-pun-ndrf-team-3,rescue_team,I352,tree,I352:field_assessment:0,field_assessment,10,cp-sat,unverified,2,,field assessment for tree I352 (unverified)
400.0,2026-07-05T20:10:00Z,REPLAY,predicted,AID-pun-sdrf-team-2,rescue_team,I300,flood,I300:field_assessment:0,field_assessment,34,cp-sat,unverified,2,0.00011626521882135421,field assessment for flood I300 (unverified)
400.0,2026-07-05T20:10:00Z,REPLAY,predicted,AID-pun-ndrf-team-1,rescue_team,I336,flood,I336:field_assessment:0,field_assessment,37,cp-sat,unverified,2,0.323947936296463,field assessment for flood I336 (unverified)
410.0,2026-07-05T20:20:00Z,REPLAY,predicted,PC-TRUCK-01,supply_truck,I235,flood,I235:mass_transport:1,mass_transport,28,cp-sat,confirmed,4,0.0013691224157810211,mass transport for flood I235 (confirmed)
410.0,2026-07-05T20:20:00Z,REPLAY,predicted,AID-pun-ndrf-team-1,rescue_team,I288,tree,I288:debris_clearance:0,debris_clearance,20,cp-sat,confirmed,3,0.323947936296463,debris clearance for tree I288 (confirmed)
410.0,2026-07-05T20:20:00Z,REPLAY,predicted,AID-pun-ndrf-team-2,rescue_team,I297,flood,I297:field_assessment:0,field_assessment,5,cp-sat,unverified,2,0.0013691224157810211,field assessment for flood I297 (unverified)
410.0,2026-07-05T20:20:00Z,REPLAY,predicted,AID-pun-ndrf-boat-3,boat,I319,flood,I319:field_assessment:0,field_assessment,6,cp-sat,unverified,2,,field assessment for flood I319 (unverified)
410.0,2026-07-05T20:20:00Z,REPLAY,predicted,AID-pun-sdrf-team-2,rescue_team,I339,flood,I339:field_assessment:0,field_assessment,9,cp-sat,unverified,2,0.1187293529510498,field assessment for flood I339 (unverified)
410.0,2026-07-05T20:20:00Z,REPLAY,predicted,AID-pun-vol-team-1,rescue_team,I206,flood,I206:field_assessment:0,field_assessment,15,cp-sat,unverified,2,0.03283664211630821,field assessment for flood I206 (unverified)
410.0,2026-07-05T20:20:00Z,REPLAY,predicted,AID-pun-sdrf-boat-2,boat,I252,tree,I252:field_assessment:0,field_assessment,21,cp-sat,unverified,2,2.58034033322474e-05,field assessment for tree I252 (unverified)
410.0,2026-07-05T20:20:00Z,REPLAY,predicted,AID-pun-ndrf-boat-2,boat,I330,tree,I330:field_assessment:0,field_assessment,23,cp-sat,unverified,2,0.022787882015109062,field assessment for tree I330 (unverified)
420.0,2026-07-05T20:30:00Z,REPLAY,predicted,PC-TRUCK-01,supply_truck,I227,flood,I227:mass_transport:2,mass_transport,8,cp-sat,confirmed,5,2.58034033322474e-05,mass transport for flood I227 (confirmed)
420.0,2026-07-05T20:30:00Z,REPLAY,predicted,PC-TEAM-01,rescue_team,I253,flood,I253:water_rescue:0,water_rescue,15,cp-sat,confirmed,5,0.0018410342745482922,water rescue for flood I253 (confirmed)
420.0,2026-07-05T20:30:00Z,REPLAY,predicted,AID-pun-ndrf-team-1,rescue_team,I375,flood,I375:field_assessment:0,field_assessment,14,cp-sat,unverified,2,,field assessment for flood I375 (unverified)
420.0,2026-07-05T20:30:00Z,REPLAY,predicted,AID-pun-ndrf-boat-2,boat,I205,flood,I205:field_assessment:0,field_assessment,23,cp-sat,unverified,2,0.1187293529510498,field assessment for flood I205 (unverified)
420.0,2026-07-05T20:30:00Z,REPLAY,predicted,AID-pun-sdrf-boat-2,boat,I300,flood,I300:field_assessment:0,field_assessment,26,cp-sat,unverified,2,0.00011626521882135421,field assessment for flood I300 (unverified)
420.0,2026-07-05T20:30:00Z,REPLAY,predicted,AID-pun-vol-team-1,rescue_team,I334,flood,I334:field_assessment:0,field_assessment,42,cp-sat,unverified,2,0.03283664211630821,field assessment for flood I334 (unverified)
430.0,2026-07-05T20:40:00Z,REPLAY,predicted,AID-pun-vol-team-1,rescue_team,I356,collapse,I356:search_rescue:0,search_rescue,13,cp-sat,confirmed,5,0.00011626521882135421,search rescue for collapse I356 (confirmed)
430.0,2026-07-05T20:40:00Z,REPLAY,predicted,PC-TEAM-01,rescue_team,I349,flood,I349:field_assessment:0,field_assessment,28,cp-sat,unverified,2,0.0001639184629311785,field assessment for flood I349 (unverified)
430.0,2026-07-05T20:40:00Z,REPLAY,predicted,AID-pun-ndrf-boat-2,boat,I336,flood,I336:field_assessment:0,field_assessment,28,cp-sat,unverified,2,0.009757398627698421,field assessment for flood I336 (unverified)
430.0,2026-07-05T20:40:00Z,REPLAY,predicted,AID-pun-sdrf-boat-2,boat,I361,flood,I361:field_assessment:0,field_assessment,31,cp-sat,unverified,2,0.00011626521882135421,field assessment for flood I361 (unverified)
430.0,2026-07-05T20:40:00Z,REPLAY,predicted,AID-pun-ndrf-team-2,rescue_team,I286,flood,I286:field_assessment:0,field_assessment,43,cp-sat,unverified,2,0.009757398627698421,field assessment for flood I286 (unverified)
440.0,2026-07-05T20:50:00Z,REPLAY,predicted,AID-pun-ndrf-team-1,rescue_team,I190,flood,I190:water_rescue:0,water_rescue,5,cp-sat,confirmed,5,,water rescue for flood I190 (confirmed)
440.0,2026-07-05T20:50:00Z,REPLAY,predicted,PC-POL-02,police,I395,flood,I395:field_assessment:0,field_assessment,5,cp-sat,unverified,2,0.00011626521882135421,field assessment for flood I395 (unverified)
440.0,2026-07-05T20:50:00Z,REPLAY,predicted,AID-pun-sdrf-boat-2,boat,I398,flood,I398:field_assessment:0,field_assessment,11,cp-sat,unverified,2,0.00011626521882135421,field assessment for flood I398 (unverified)
440.0,2026-07-05T20:50:00Z,REPLAY,predicted,PC-TEAM-02,rescue_team,I396,flood,I396:field_assessment:0,field_assessment,13,cp-sat,unverified,2,,field assessment for flood I396 (unverified)
440.0,2026-07-05T20:50:00Z,REPLAY,predicted,AID-pun-ndrf-boat-1,boat,I346,flood,I346:field_assessment:0,field_assessment,21,cp-sat,unverified,2,0.0018410342745482922,field assessment for flood I346 (unverified)
440.0,2026-07-05T20:50:00Z,REPLAY,predicted,AID-pun-ndrf-team-2,rescue_team,I386,flood,I386:field_assessment:0,field_assessment,27,cp-sat,unverified,2,0.009757398627698421,field assessment for flood I386 (unverified)
440.0,2026-07-05T20:50:00Z,REPLAY,predicted,AID-pun-sdrf-team-2,rescue_team,I335,flood,I335:field_assessment:0,field_assessment,29,cp-sat,unverified,2,0.03283664211630821,field assessment for flood I335 (unverified)
440.0,2026-07-05T20:50:00Z,REPLAY,predicted,PC-TEAM-01,rescue_team,I351,flood,I351:field_assessment:0,field_assessment,32,cp-sat,unverified,2,0.010730469599366188,field assessment for flood I351 (unverified)
440.0,2026-07-05T20:50:00Z,REPLAY,predicted,AID-pun-ndrf-boat-2,boat,I368,flood,I368:field_assessment:0,field_assessment,32,cp-sat,unverified,2,0.022787882015109062,field assessment for flood I368 (unverified)
450.0,2026-07-05T21:00:00Z,REPLAY,predicted,AID-pun-sdrf-team-2,rescue_team,I332,flood,I332:water_rescue:0,water_rescue,14,cp-sat,confirmed,5,0.1187293529510498,water rescue for flood I332 (confirmed)
450.0,2026-07-05T21:00:00Z,REPLAY,predicted,AID-pun-ndrf-team-2,rescue_team,I364,flood,I364:field_assessment:0,field_assessment,5,cp-sat,unverified,2,0.0018410342745482922,field assessment for flood I364 (unverified)
450.0,2026-07-05T21:00:00Z,REPLAY,predicted,AID-pun-ndrf-boat-1,boat,I354,flood,I354:field_assessment:0,field_assessment,13,cp-sat,unverified,2,0.00011626521882135421,field assessment for flood I354 (unverified)
450.0,2026-07-05T21:00:00Z,REPLAY,predicted,AID-pun-sdrf-boat-2,boat,I383,flood,I383:field_assessment:0,field_assessment,22,cp-sat,unverified,2,0.003557531861588359,field assessment for flood I383 (unverified)
450.0,2026-07-05T21:00:00Z,REPLAY,predicted,AID-pun-ndrf-boat-2,boat,I348,flood,I348:field_assessment:0,field_assessment,25,cp-sat,unverified,2,0.03283664211630821,field assessment for flood I348 (unverified)
450.0,2026-07-05T21:00:00Z,REPLAY,predicted,PC-TEAM-01,rescue_team,I343,flood,I343:field_assessment:0,field_assessment,42,cp-sat,unverified,2,0.009757398627698421,field assessment for flood I343 (unverified)
460.0,2026-07-05T21:10:00Z,REPLAY,predicted,AID-pun-sdrf-team-2,rescue_team,I181,flood,I181:water_rescue:0,water_rescue,23,cp-sat,confirmed,5,0.0018410342745482922,water rescue for flood I181 (confirmed)
460.0,2026-07-05T21:10:00Z,REPLAY,predicted,PC-TRUCK-01,supply_truck,I326,flood,I326:mass_transport:0,mass_transport,16,cp-sat,confirmed,4,0.00011626521882135421,mass transport for flood I326 (confirmed)
460.0,2026-07-05T21:10:00Z,REPLAY,predicted,AID-pun-ndrf-boat-1,boat,I419,flood,I419:field_assessment:0,field_assessment,11,cp-sat,unverified,2,2.58034033322474e-05,field assessment for flood I419 (unverified)
460.0,2026-07-05T21:10:00Z,REPLAY,predicted,PC-TEAM-02,rescue_team,I404,flood,I404:field_assessment:0,field_assessment,12,cp-sat,unverified,2,,field assessment for flood I404 (unverified)
460.0,2026-07-05T21:10:00Z,REPLAY,predicted,AID-pun-ndrf-boat-2,boat,I205,flood,I205:field_assessment:0,field_assessment,20,cp-sat,unverified,2,0.0018410342745482922,field assessment for flood I205 (unverified)
460.0,2026-07-05T21:10:00Z,REPLAY,predicted,AID-pun-vol-team-2,rescue_team,I372,tree,I372:field_assessment:0,field_assessment,23,cp-sat,unverified,2,0.15018728375434875,field assessment for tree I372 (unverified)
460.0,2026-07-05T21:10:00Z,REPLAY,predicted,AID-pun-sdrf-boat-2,boat,I299,flood,I299:field_assessment:0,field_assessment,42,cp-sat,unverified,2,0.0013691224157810211,field assessment for flood I299 (unverified)
470.0,2026-07-05T21:20:00Z,REPLAY,predicted,AID-pun-ndrf-boat-1,boat,I195,flood,I195:water_rescue:0,water_rescue,5,cp-sat,confirmed,5,1.1208346222701948e-05,water rescue for flood I195 (confirmed)
470.0,2026-07-05T21:20:00Z,REPLAY,predicted,AID-pun-ndrf-team-2,rescue_team,I223,flood,I223:water_rescue:0,water_rescue,12,cp-sat,confirmed,5,0.009757398627698421,water rescue for flood I223 (confirmed)
470.0,2026-07-05T21:20:00Z,REPLAY,predicted,PC-TRUCK-01,supply_truck,I172,flood,I172:mass_transport:2,mass_transport,14,cp-sat,confirmed,5,0.00011626521882135421,mass transport for flood I172 (confirmed)
470.0,2026-07-05T21:20:00Z,REPLAY,predicted,AID-pun-vol-team-3,rescue_team,I426,flood,I426:field_assessment:0,field_assessment,6,cp-sat,disputed,2,,field assessment for flood I426 (disputed)
470.0,2026-07-05T21:20:00Z,REPLAY,predicted,AID-pun-vol-team-2,rescue_team,I421,fire,I421:field_assessment:0,field_assessment,19,cp-sat,unverified,2,0.09680004417896271,field assessment for fire I421 (unverified)
470.0,2026-07-05T21:20:00Z,REPLAY,predicted,AID-pun-sdrf-boat-2,boat,I425,flood,I425:field_assessment:0,field_assessment,21,cp-sat,unverified,2,0.00011626521882135421,field assessment for flood I425 (unverified)
470.0,2026-07-05T21:20:00Z,REPLAY,predicted,AID-pun-ndrf-boat-2,boat,I381,flood,I381:field_assessment:0,field_assessment,28,cp-sat,unverified,2,0.009757398627698421,field assessment for flood I381 (unverified)
470.0,2026-07-05T21:20:00Z,REPLAY,predicted,AID-pun-sdrf-team-2,rescue_team,I306,flood,I306:field_assessment:0,field_assessment,35,cp-sat,unverified,2,0.09680004417896271,field assessment for flood I306 (unverified)
480.0,2026-07-05T21:30:00Z,REPLAY,predicted,PC-TRUCK-01,supply_truck,I396,flood,I396:mass_transport:0,mass_transport,10,cp-sat,confirmed,4,0.0018410342745482922,mass transport for flood I396 (confirmed)
480.0,2026-07-05T21:30:00Z,REPLAY,predicted,PC-BOAT-02,boat,I429,flood,I429:field_assessment:0,field_assessment,6,cp-sat,unverified,2,,field assessment for flood I429 (unverified)
480.0,2026-07-05T21:30:00Z,REPLAY,predicted,AID-pun-sdrf-boat-2,boat,I287,wire,I287:field_assessment:0,field_assessment,7,cp-sat,unverified,2,0.00011626521882135421,field assessment for wire I287 (unverified)
480.0,2026-07-05T21:30:00Z,REPLAY,predicted,AID-pun-ndrf-team-2,rescue_team,I360,flood,I360:field_assessment:0,field_assessment,12,cp-sat,unverified,2,0.00011626521882135421,field assessment for flood I360 (unverified)
480.0,2026-07-05T21:30:00Z,REPLAY,predicted,AID-pun-sdrf-team-2,rescue_team,I373,flood,I373:field_assessment:0,field_assessment,13,cp-sat,unverified,2,0.00011626521882135421,field assessment for flood I373 (unverified)
480.0,2026-07-05T21:30:00Z,REPLAY,predicted,AID-pun-vol-team-2,rescue_team,I399,flood,I399:field_assessment:0,field_assessment,20,cp-sat,unverified,2,0.00011626521882135421,field assessment for flood I399 (unverified)
480.0,2026-07-05T21:30:00Z,REPLAY,predicted,AID-pun-ndrf-boat-2,boat,I348,flood,I348:field_assessment:0,field_assessment,26,cp-sat,unverified,2,0.03283664211630821,field assessment for flood I348 (unverified)
490.0,2026-07-05T21:40:00Z,REPLAY,predicted,AID-pun-vol-team-2,rescue_team,I331,flood,I331:water_rescue:0,water_rescue,13,cp-sat,confirmed,5,0.00011626521882135421,water rescue for flood I331 (confirmed)
490.0,2026-07-05T21:40:00Z,REPLAY,predicted,PC-TRUCK-01,supply_truck,I151,flood,I151:mass_transport:1,mass_transport,10,cp-sat,confirmed,4,0.00011626521882135421,mass transport for flood I151 (confirmed)
490.0,2026-07-05T21:40:00Z,REPLAY,predicted,AID-pun-ndrf-boat-2,boat,I381,flood,I381:field_assessment:0,field_assessment,12,cp-sat,unverified,2,0.0018410342745482922,field assessment for flood I381 (unverified)
490.0,2026-07-05T21:40:00Z,REPLAY,predicted,AID-pun-ndrf-team-2,rescue_team,I414,flood,I414:field_assessment:0,field_assessment,14,cp-sat,unverified,2,0.00011626521882135421,field assessment for flood I414 (unverified)
490.0,2026-07-05T21:40:00Z,REPLAY,predicted,AID-pun-sdrf-team-2,rescue_team,I372,tree,I372:field_assessment:0,field_assessment,22,cp-sat,unverified,2,0.1187293529510498,field assessment for tree I372 (unverified)
500.0,2026-07-05T21:50:00Z,REPLAY,predicted,AID-pun-sdrf-team-2,rescue_team,I172,flood,I172:water_rescue:0,water_rescue,5,cp-sat,confirmed,5,0.00011626521882135421,water rescue for flood I172 (confirmed)
500.0,2026-07-05T21:50:00Z,REPLAY,predicted,PC-TRUCK-01,supply_truck,I159,flood,I159:mass_transport:0,mass_transport,12,cp-sat,confirmed,5,0.003557531861588359,mass transport for flood I159 (confirmed)
500.0,2026-07-05T21:50:00Z,REPLAY,predicted,PC-BOAT-02,boat,I442,flood,I442:field_assessment:0,field_assessment,6,cp-sat,unverified,2,,field assessment for flood I442 (unverified)
500.0,2026-07-05T21:50:00Z,REPLAY,predicted,AID-pun-vol-team-2,rescue_team,I217,flood,I217:field_assessment:0,field_assessment,9,cp-sat,unverified,2,0.03283664211630821,field assessment for flood I217 (unverified)
500.0,2026-07-05T21:50:00Z,REPLAY,predicted,AID-pun-ndrf-team-2,rescue_team,I397,flood,I397:field_assessment:0,field_assessment,35,cp-sat,unverified,2,0.1187293529510498,field assessment for flood I397 (unverified)
500.0,2026-07-05T21:50:00Z,REPLAY,predicted,AID-pun-ndrf-boat-2,boat,I342,flood,I342:field_assessment:0,field_assessment,39,cp-sat,unverified,2,0.009757398627698421,field assessment for flood I342 (unverified)
500.0,2026-07-05T21:50:00Z,REPLAY,predicted,AID-pun-sdrf-boat-2,boat,I439,tree,I439:field_assessment:0,field_assessment,44,cp-sat,unverified,2,0.323947936296463,field assessment for tree I439 (unverified)
510.0,2026-07-05T22:00:00Z,REPLAY,predicted,PC-TRUCK-01,supply_truck,I162,flood,I162:mass_transport:1,mass_transport,15,cp-sat,confirmed,4,0.03283664211630821,mass transport for flood I162 (confirmed)
510.0,2026-07-05T22:00:00Z,REPLAY,predicted,AID-pun-sdrf-boat-1,boat,I409,flood,I409:field_assessment:0,field_assessment,9,cp-sat,unverified,2,0.00011626521882135421,field assessment for flood I409 (unverified)
510.0,2026-07-05T22:00:00Z,REPLAY,predicted,AID-pun-ndrf-team-2,rescue_team,I386,flood,I386:field_assessment:0,field_assessment,22,cp-sat,unverified,2,0.00011626521882135421,field assessment for flood I386 (unverified)
510.0,2026-07-05T22:00:00Z,REPLAY,predicted,AID-pun-sdrf-boat-2,boat,I367,flood,I367:field_assessment:0,field_assessment,25,cp-sat,unverified,2,0.0018410342745482922,field assessment for flood I367 (unverified)
510.0,2026-07-05T22:00:00Z,REPLAY,predicted,AID-pun-ndrf-boat-2,boat,I351,flood,I351:field_assessment:0,field_assessment,29,cp-sat,unverified,2,0.00011626521882135421,field assessment for flood I351 (unverified)
510.0,2026-07-05T22:00:00Z,REPLAY,predicted,AID-pun-vol-team-1,rescue_team,I418,flood,I418:field_assessment:0,field_assessment,43,cp-sat,unverified,2,0.08233810216188431,field assessment for flood I418 (unverified)
520.0,2026-07-05T22:10:00Z,REPLAY,predicted,PC-TRUCK-01,supply_truck,I350,flood,I350:mass_transport:1,mass_transport,20,cp-sat,confirmed,4,0.25632408261299133,mass transport for flood I350 (confirmed)
520.0,2026-07-05T22:10:00Z,REPLAY,predicted,PC-BOAT-01,boat,I457,tree,I457:field_assessment:0,field_assessment,5,cp-sat,unverified,2,,field assessment for tree I457 (unverified)
520.0,2026-07-05T22:10:00Z,REPLAY,predicted,AID-pun-sdrf-boat-2,boat,I380,flood,I380:field_assessment:0,field_assessment,14,cp-sat,unverified,2,0.00011626521882135421,field assessment for flood I380 (unverified)
520.0,2026-07-05T22:10:00Z,REPLAY,predicted,AID-pun-ndrf-boat-2,boat,I401,flood,I401:field_assessment:0,field_assessment,14,cp-sat,unverified,2,0.00011626521882135421,field assessment for flood I401 (unverified)
520.0,2026-07-05T22:10:00Z,REPLAY,predicted,AID-pun-ndrf-team-2,rescue_team,I242,flood,I242:field_assessment:0,field_assessment,16,cp-sat,unverified,2,0.022787882015109062,field assessment for flood I242 (unverified)
520.0,2026-07-05T22:10:00Z,REPLAY,predicted,AID-pun-vol-team-1,rescue_team,I417,tree,I417:field_assessment:0,field_assessment,42,cp-sat,unverified,2,0.08233810216188431,field assessment for tree I417 (unverified)
520.0,2026-07-05T22:10:00Z,REPLAY,predicted,AID-pun-vol-team-2,rescue_team,I413,flood,I413:field_assessment:0,field_assessment,43,cp-sat,unverified,2,0.03283664211630821,field assessment for flood I413 (unverified)
530.0,2026-07-05T22:20:00Z,REPLAY,predicted,AID-pun-ndrf-boat-2,boat,I434,flood,I434:water_rescue:0,water_rescue,6,cp-sat,confirmed,5,1.2079031876055524e-05,water rescue for flood I434 (confirmed)
530.0,2026-07-05T22:20:00Z,REPLAY,predicted,PC-TRUCK-01,supply_truck,I235,flood,I235:mass_transport:0,mass_transport,8,cp-sat,confirmed,4,,mass transport for flood I235 (confirmed)
530.0,2026-07-05T22:20:00Z,REPLAY,predicted,AID-pun-ndrf-team-2,rescue_team,I376,tree,I376:debris_clearance:0,debris_clearance,20,cp-sat,confirmed,3,0.00011626521882135421,debris clearance for tree I376 (confirmed)
530.0,2026-07-05T22:20:00Z,REPLAY,predicted,PC-TEAM-02,rescue_team,I459,flood,I459:field_assessment:0,field_assessment,4,cp-sat,unverified,2,,field assessment for flood I459 (unverified)
530.0,2026-07-05T22:20:00Z,REPLAY,predicted,AID-pun-ndrf-boat-1,boat,I419,flood,I419:field_assessment:0,field_assessment,6,cp-sat,unverified,2,8.483454621455166e-06,field assessment for flood I419 (unverified)
530.0,2026-07-05T22:20:00Z,REPLAY,predicted,AID-pun-vol-team-2,rescue_team,I439,tree,I439:field_assessment:0,field_assessment,16,cp-sat,unverified,2,0.00011626521882135421,field assessment for tree I439 (unverified)
530.0,2026-07-05T22:20:00Z,REPLAY,predicted,AID-pun-sdrf-boat-2,boat,I430,flood,I430:field_assessment:0,field_assessment,33,cp-sat,unverified,2,0.00011626521882135421,field assessment for flood I430 (unverified)
530.0,2026-07-05T22:20:00Z,REPLAY,predicted,AID-pun-sdrf-boat-1,boat,I452,flood,I452:field_assessment:0,field_assessment,39,cp-sat,unverified,2,0.0018410342745482922,field assessment for flood I452 (unverified)
540.0,2026-07-05T22:30:00Z,REPLAY,predicted,PC-TEAM-02,rescue_team,I459,flood,I459:water_rescue:0,water_rescue,4,cp-sat,confirmed,5,,water rescue for flood I459 (confirmed)
540.0,2026-07-05T22:30:00Z,REPLAY,predicted,AID-pun-sdrf-boat-1,boat,I462,flood,I462:field_assessment:0,field_assessment,10,cp-sat,unverified,2,0.0018410342745482922,field assessment for flood I462 (unverified)
540.0,2026-07-05T22:30:00Z,REPLAY,predicted,AID-pun-vol-team-2,rescue_team,I449,flood,I449:field_assessment:0,field_assessment,16,cp-sat,unverified,2,0.00011626521882135421,field assessment for flood I449 (unverified)
540.0,2026-07-05T22:30:00Z,REPLAY,predicted,AID-pun-ndrf-team-2,rescue_team,I458,flood,I458:field_assessment:0,field_assessment,16,cp-sat,unverified,2,0.0018410342745482922,field assessment for flood I458 (unverified)
540.0,2026-07-05T22:30:00Z,REPLAY,predicted,AID-pun-sdrf-boat-2,boat,I397,flood,I397:field_assessment:0,field_assessment,20,cp-sat,unverified,2,0.1187293529510498,field assessment for flood I397 (unverified)
550.0,2026-07-05T22:40:00Z,REPLAY,predicted,AID-pun-sdrf-boat-1,boat,I409,flood,I409:water_rescue:0,water_rescue,6,cp-sat,confirmed,5,8.483454621455166e-06,water rescue for flood I409 (confirmed)
550.0,2026-07-05T22:40:00Z,REPLAY,predicted,AID-pun-ndrf-boat-1,boat,I144,flood,I144:water_rescue:0,water_rescue,8,cp-sat,confirmed,5,8.483454621455166e-06,water rescue for flood I144 (confirmed)
550.0,2026-07-05T22:40:00Z,REPLAY,predicted,AID-pun-sdrf-team-2,rescue_team,I458,flood,I458:field_assessment:0,field_assessment,9,cp-sat,unverified,2,,field assessment for flood I458 (unverified)
550.0,2026-07-05T22:40:00Z,REPLAY,predicted,AID-pun-sdrf-boat-2,boat,I400,flood,I400:field_assessment:0,field_assessment,16,cp-sat,unverified,2,0.00011626521882135421,field assessment for flood I400 (unverified)
550.0,2026-07-05T22:40:00Z,REPLAY,predicted,AID-pun-vol-team-2,rescue_team,I460,flood,I460:field_assessment:0,field_assessment,26,cp-sat,unverified,2,0.00011626521882135421,field assessment for flood I460 (unverified)
550.0,2026-07-05T22:40:00Z,REPLAY,predicted,AID-pun-ndrf-team-2,rescue_team,I451,flood,I451:field_assessment:0,field_assessment,42,cp-sat,unverified,2,0.08233810216188431,field assessment for flood I451 (unverified)
560.0,2026-07-05T22:50:00Z,REPLAY,predicted,AID-pun-vol-team-2,rescue_team,I222,flood,I222:water_rescue:0,water_rescue,35,cp-sat,confirmed,5,0.1187293529510498,water rescue for flood I222 (confirmed)
560.0,2026-07-05T22:50:00Z,REPLAY,predicted,AID-pun-ndrf-team-2,rescue_team,I416,flood,I416:field_assessment:0,field_assessment,11,cp-sat,unverified,2,2.58034033322474e-05,field assessment for flood I416 (unverified)
560.0,2026-07-05T22:50:00Z,REPLAY,predicted,AID-pun-sdrf-boat-2,boat,I432,flood,I432:field_assessment:0,field_assessment,33,cp-sat,unverified,2,0.03283664211630821,field assessment for flood I432 (unverified)
570.0,2026-07-05T23:00:00Z,REPLAY,predicted,AID-pun-sdrf-team-2,rescue_team,I148,flood,I148:water_rescue:0,water_rescue,15,cp-sat,confirmed,5,0.09680004417896271,water rescue for flood I148 (confirmed)
570.0,2026-07-05T23:00:00Z,REPLAY,predicted,AID-pun-vol-team-2,rescue_team,I424,flood,I424:field_assessment:0,field_assessment,20,cp-sat,unverified,2,0.00011626521882135421,field assessment for flood I424 (unverified)
570.0,2026-07-05T23:00:00Z,REPLAY,predicted,AID-pun-sdrf-boat-2,boat,I454,flood,I454:field_assessment:0,field_assessment,23,cp-sat,unverified,2,0.1187293529510498,field assessment for flood I454 (unverified)
580.0,2026-07-05T23:10:00Z,REPLAY,predicted,AID-pun-vol-team-2,rescue_team,I425,flood,I425:field_assessment:0,field_assessment,4,cp-sat,unverified,2,0.0018410342745482922,field assessment for flood I425 (unverified)
580.0,2026-07-05T23:10:00Z,REPLAY,predicted,AID-pun-sdrf-team-2,rescue_team,I242,flood,I242:field_assessment:0,field_assessment,18,cp-sat,unverified,2,0.08233810216188431,field assessment for flood I242 (unverified)
580.0,2026-07-05T23:10:00Z,REPLAY,predicted,AID-pun-sdrf-boat-2,boat,I435,flood,I435:field_assessment:0,field_assessment,22,cp-sat,unverified,2,0.1187293529510498,field assessment for flood I435 (unverified)
590.0,2026-07-05T23:20:00Z,REPLAY,predicted,AID-pun-ndrf-boat-2,boat,I243,flood,I243:water_rescue:0,water_rescue,17,cp-sat,confirmed,5,0.0001639184629311785,water rescue for flood I243 (confirmed)
590.0,2026-07-05T23:20:00Z,REPLAY,predicted,AID-pun-vol-team-2,rescue_team,I438,tree,I438:debris_clearance:0,debris_clearance,33,cp-sat,confirmed,3,0.1187293529510498,debris clearance for tree I438 (confirmed)
590.0,2026-07-05T23:20:00Z,REPLAY,predicted,AID-pun-sdrf-boat-2,boat,I446,flood,I446:field_assessment:0,field_assessment,12,cp-sat,unverified,2,0.0018410342745482922,field assessment for flood I446 (unverified)
590.0,2026-07-05T23:20:00Z,REPLAY,predicted,AID-pun-sdrf-team-2,rescue_team,I473,flood,I473:field_assessment:0,field_assessment,41,cp-sat,unverified,2,0.1187293529510498,field assessment for flood I473 (unverified)
600.0,2026-07-05T23:30:00Z,REPLAY,predicted,AID-pun-sdrf-team-2,rescue_team,I148,flood,I148:water_rescue:0,water_rescue,18,cp-sat,confirmed,5,0.0013691224157810211,water rescue for flood I148 (confirmed)
600.0,2026-07-05T23:30:00Z,REPLAY,predicted,AID-pun-vol-team-2,rescue_team,I443,flood,I443:field_assessment:0,field_assessment,19,cp-sat,unverified,2,0.0001639184629311785,field assessment for flood I443 (unverified)
600.0,2026-07-05T23:30:00Z,REPLAY,predicted,AID-pun-sdrf-boat-2,boat,I451,flood,I451:field_assessment:0,field_assessment,40,cp-sat,unverified,2,0.03283664211630821,field assessment for flood I451 (unverified)
610.0,2026-07-05T23:40:00Z,REPLAY,predicted,PC-TRUCK-01,supply_truck,I176,flood,I176:mass_transport:0,mass_transport,18,cp-sat,confirmed,4,0.00011626521882135421,mass transport for flood I176 (confirmed)
610.0,2026-07-05T23:40:00Z,REPLAY,predicted,AID-pun-ndrf-boat-1,boat,I464,flood,I464:field_assessment:0,field_assessment,6,cp-sat,unverified,2,,field assessment for flood I464 (unverified)
610.0,2026-07-05T23:40:00Z,REPLAY,predicted,AID-pun-vol-team-2,rescue_team,I452,flood,I452:field_assessment:0,field_assessment,14,cp-sat,unverified,2,0.08233810216188431,field assessment for flood I452 (unverified)
610.0,2026-07-05T23:40:00Z,REPLAY,predicted,AID-pun-sdrf-boat-1,boat,I456,flood,I456:field_assessment:0,field_assessment,14,cp-sat,unverified,2,0.0018410342745482922,field assessment for flood I456 (unverified)
610.0,2026-07-05T23:40:00Z,REPLAY,predicted,AID-pun-sdrf-team-2,rescue_team,I391,flood,I391:field_assessment:0,field_assessment,18,cp-sat,unverified,2,0.1187293529510498,field assessment for flood I391 (unverified)
610.0,2026-07-05T23:40:00Z,REPLAY,predicted,AID-pun-sdrf-boat-2,boat,I465,tree,I465:field_assessment:0,field_assessment,26,cp-sat,unverified,2,0.03283664211630821,field assessment for tree I465 (unverified)
620.0,2026-07-05T23:50:00Z,REPLAY,predicted,AID-pun-sdrf-boat-2,boat,I223,flood,I223:water_rescue:0,water_rescue,8,cp-sat,confirmed,5,0.0018410342745482922,water rescue for flood I223 (confirmed)
620.0,2026-07-05T23:50:00Z,REPLAY,predicted,AID-pun-sdrf-team-2,rescue_team,I472,flood,I472:water_rescue:0,water_rescue,14,cp-sat,confirmed,5,,water rescue for flood I472 (confirmed)
620.0,2026-07-05T23:50:00Z,REPLAY,predicted,PC-TRUCK-01,supply_truck,I162,flood,I162:mass_transport:0,mass_transport,8,cp-sat,confirmed,4,0.00011626521882135421,mass transport for flood I162 (confirmed)
620.0,2026-07-05T23:50:00Z,REPLAY,predicted,AID-pun-sdrf-boat-1,boat,I473,flood,I473:field_assessment:0,field_assessment,19,cp-sat,unverified,2,0.0018410342745482922,field assessment for flood I473 (unverified)
620.0,2026-07-05T23:50:00Z,REPLAY,predicted,AID-pun-vol-team-2,rescue_team,I477,flood,I477:field_assessment:0,field_assessment,41,cp-sat,unverified,2,0.15018728375434875,field assessment for flood I477 (unverified)
630.0,2026-07-06T00:00:00Z,REPLAY,predicted,AID-pun-ndrf-boat-1,boat,I440,flood,I440:water_rescue:0,water_rescue,4,cp-sat,confirmed,5,,water rescue for flood I440 (confirmed)
630.0,2026-07-06T00:00:00Z,REPLAY,predicted,AID-pun-sdrf-boat-1,boat,I254,flood,I254:water_rescue:0,water_rescue,26,cp-sat,confirmed,5,0.1187293529510498,water rescue for flood I254 (confirmed)
630.0,2026-07-06T00:00:00Z,REPLAY,predicted,PC-POL-03,police,I466,tree,I466:field_assessment:0,field_assessment,32,cp-sat,unverified,2,0.1187293529510498,field assessment for tree I466 (unverified)
630.0,2026-07-06T00:00:00Z,REPLAY,predicted,AID-pun-vol-team-2,rescue_team,I456,flood,I456:field_assessment:0,field_assessment,35,cp-sat,unverified,2,0.15018728375434875,field assessment for flood I456 (unverified)
640.0,2026-07-06T00:10:00Z,REPLAY,predicted,AID-pun-vol-team-2,rescue_team,I241,tree,I241:debris_clearance:0,debris_clearance,22,cp-sat,confirmed,3,0.09680004417896271,debris clearance for tree I241 (confirmed)
640.0,2026-07-06T00:10:00Z,REPLAY,predicted,AID-pun-sdrf-boat-1,boat,I474,flood,I474:field_assessment:0,field_assessment,12,cp-sat,unverified,2,0.00011626521882135421,field assessment for flood I474 (unverified)
650.0,2026-07-06T00:20:00Z,REPLAY,predicted,PC-POL-03,police,I475,flood,I475:field_assessment:0,field_assessment,30,cp-sat,unverified,2,0.03283664211630821,field assessment for flood I475 (unverified)
650.0,2026-07-06T00:20:00Z,REPLAY,predicted,AID-pun-sdrf-boat-1,boat,I468,flood,I468:field_assessment:0,field_assessment,38,cp-sat,unverified,2,0.1363639533519745,field assessment for flood I468 (unverified)
660.0,2026-07-06T00:30:00Z,REPLAY,predicted,PC-TRUCK-01,supply_truck,I176,flood,I176:mass_transport:0,mass_transport,19,cp-sat,confirmed,4,0.1187293529510498,mass transport for flood I176 (confirmed)
660.0,2026-07-06T00:30:00Z,REPLAY,predicted,PC-POL-03,police,I474,flood,I474:field_assessment:0,field_assessment,17,cp-sat,unverified,2,0.08233810216188431,field assessment for flood I474 (unverified)
660.0,2026-07-06T00:30:00Z,REPLAY,predicted,AID-pun-ndrf-boat-2,boat,I447,flood,I447:field_assessment:0,field_assessment,24,cp-sat,disputed,2,0.09680004417896271,field assessment for flood I447 (disputed)
660.0,2026-07-06T00:30:00Z,REPLAY,predicted,AID-pun-sdrf-boat-1,boat,I465,tree,I465:field_assessment:0,field_assessment,28,cp-sat,unverified,2,0.03283664211630821,field assessment for tree I465 (unverified)
670.0,2026-07-06T00:40:00Z,REPLAY,predicted,AID-pun-sdrf-boat-1,boat,I217,flood,I217:water_rescue:0,water_rescue,6,cp-sat,confirmed,5,0.00011626521882135421,water rescue for flood I217 (confirmed)
670.0,2026-07-06T00:40:00Z,REPLAY,predicted,AID-pun-ndrf-boat-2,boat,I464,flood,I464:water_rescue:0,water_rescue,15,cp-sat,confirmed,5,0.0018410342745482922,water rescue for flood I464 (confirmed)
670.0,2026-07-06T00:40:00Z,REPLAY,predicted,PC-TRUCK-01,supply_truck,I407,flood,I407:mass_transport:1,mass_transport,32,cp-sat,confirmed,4,0.08233810216188431,mass transport for flood I407 (confirmed)
670.0,2026-07-06T00:40:00Z,REPLAY,predicted,PC-POL-03,police,I473,flood,I473:field_assessment:0,field_assessment,24,cp-sat,unverified,2,0.08233810216188431,field assessment for flood I473 (unverified)
680.0,2026-07-06T00:50:00Z,REPLAY,predicted,AID-pun-ndrf-boat-1,boat,I464,flood,I464:water_rescue:0,water_rescue,6,cp-sat,confirmed,5,,water rescue for flood I464 (confirmed)
680.0,2026-07-06T00:50:00Z,REPLAY,predicted,PC-TRUCK-01,supply_truck,I159,flood,I159:mass_transport:2,mass_transport,15,cp-sat,confirmed,5,0.00011626521882135421,mass transport for flood I159 (confirmed)
680.0,2026-07-06T00:50:00Z,REPLAY,predicted,AID-pun-sdrf-boat-2,boat,I471,flood,I471:field_assessment:0,field_assessment,18,cp-sat,unverified,2,0.022787882015109062,field assessment for flood I471 (unverified)
680.0,2026-07-06T00:50:00Z,REPLAY,predicted,AID-pun-ndrf-boat-2,boat,I483,tree,I483:field_assessment:0,field_assessment,28,cp-sat,unverified,2,0.1187293529510498,field assessment for tree I483 (unverified)
690.0,2026-07-06T01:00:00Z,REPLAY,predicted,AID-pun-sdrf-boat-2,boat,I474,flood,I474:field_assessment:0,field_assessment,12,cp-sat,unverified,2,0.00011626521882135421,field assessment for flood I474 (unverified)
690.0,2026-07-06T01:00:00Z,REPLAY,predicted,AID-pun-ndrf-boat-2,boat,I478,flood,I478:field_assessment:0,field_assessment,24,cp-sat,unverified,2,0.15018728375434875,field assessment for flood I478 (unverified)
690.0,2026-07-06T01:00:00Z,REPLAY,predicted,PC-POL-03,police,I488,tree,I488:field_assessment:0,field_assessment,26,cp-sat,unverified,2,0.15018728375434875,field assessment for tree I488 (unverified)
700.0,2026-07-06T01:10:00Z,REPLAY,predicted,AID-pun-vol-team-2,rescue_team,I222,flood,I222:water_rescue:0,water_rescue,6,cp-sat,confirmed,5,,water rescue for flood I222 (confirmed)
700.0,2026-07-06T01:10:00Z,REPLAY,predicted,AID-pun-sdrf-boat-2,boat,I331,flood,I331:water_rescue:0,water_rescue,23,cp-sat,confirmed,5,0.08233810216188431,water rescue for flood I331 (confirmed)
700.0,2026-07-06T01:10:00Z,REPLAY,predicted,AID-pun-ndrf-boat-2,boat,I492,flood,I492:field_assessment:0,field_assessment,18,cp-sat,unverified,2,0.022787882015109062,field assessment for flood I492 (unverified)
720.0,2026-07-06T01:30:00Z,REPLAY,predicted,PC-TRUCK-01,supply_truck,I151,flood,I151:mass_transport:0,mass_transport,8,cp-sat,confirmed,4,0.00011626521882135421,mass transport for flood I151 (confirmed)
720.0,2026-07-06T01:30:00Z,REPLAY,predicted,AID-pun-sdrf-boat-2,boat,I479,flood,I479:field_assessment:0,field_assessment,12,cp-sat,unverified,2,0.03283664211630821,field assessment for flood I479 (unverified)
