t_min,t_replay,time_label,policy,demand,incident,capability,ward,severity,reason
50.0,2024-07-24T09:20:00Z,REPLAY,oracle,I005:mass_transport:0,I005,mass_transport,w-pc-03,5,No unit able to provide mass transport could reach this ward within 45 minutes without pulling a unit off a higher-severity ward.
50.0,2024-07-24T09:20:00Z,REPLAY,oracle,I005:mass_transport:1,I005,mass_transport,w-pc-03,5,No unit able to provide mass transport could reach this ward within 45 minutes without pulling a unit off a higher-severity ward.
60.0,2024-07-24T09:30:00Z,REPLAY,oracle,I005:mass_transport:0,I005,mass_transport,w-pc-03,5,No unit able to provide mass transport could reach this ward within 45 minutes without pulling a unit off a higher-severity ward.
60.0,2024-07-24T09:30:00Z,REPLAY,oracle,I005:mass_transport:1,I005,mass_transport,w-pc-03,5,No unit able to provide mass transport could reach this ward within 45 minutes without pulling a unit off a higher-severity ward.
70.0,2024-07-24T09:40:00Z,REPLAY,oracle,I005:mass_transport:0,I005,mass_transport,w-pc-03,5,No unit able to provide mass transport could reach this ward within 45 minutes without pulling a unit off a higher-severity ward.
70.0,2024-07-24T09:40:00Z,REPLAY,oracle,I005:mass_transport:1,I005,mass_transport,w-pc-03,5,No unit able to provide mass transport could reach this ward within 45 minutes without pulling a unit off a higher-severity ward.
70.0,2024-07-24T09:40:00Z,REPLAY,oracle,I007:mass_transport:0,I007,mass_transport,w-pc-07,5,No unit able to provide mass transport could reach this ward within 45 minutes without pulling a unit off a higher-severity ward.
70.0,2024-07-24T09:40:00Z,REPLAY,oracle,I007:mass_transport:1,I007,mass_transport,w-pc-07,5,No unit able to provide mass transport could reach this ward within 45 minutes without pulling a unit off a higher-severity ward.
70.0,2024-07-24T09:40:00Z,REPLAY,oracle,I007:mass_transport:2,I007,mass_transport,w-pc-07,5,No unit able to provide mass transport could reach this ward within 45 minutes without pulling a unit off a higher-severity ward.
80.0,2024-07-24T09:50:00Z,REPLAY,oracle,I005:mass_transport:0,I005,mass_transport,w-pc-03,5,No unit able to provide mass transport could reach this ward within 45 minutes without pulling a unit off a higher-severity ward.
80.0,2024-07-24T09:50:00Z,REPLAY,oracle,I005:mass_transport:1,I005,mass_transport,w-pc-03,5,No unit able to provide mass transport could reach this ward within 45 minutes without pulling a unit off a higher-severity ward.
80.0,2024-07-24T09:50:00Z,REPLAY,oracle,I006:mass_transport:0,I006,mass_transport,w-pc-11,5,No unit able to provide mass transport could reach this ward within 45 minutes without pulling a unit off a higher-severity ward.
80.0,2024-07-24T09:50:00Z,REPLAY,oracle,I006:mass_transport:1,I006,mass_transport,w-pc-11,5,No unit able to provide mass transport could reach this ward within 45 minutes without pulling a unit off a higher-severity ward.
80.0,2024-07-24T09:50:00Z,REPLAY,oracle,I006:mass_transport:2,I006,mass_transport,w-pc-11,5,No unit able to provide mass transport could reach this ward within 45 minutes without pulling a unit off a higher-severity ward.
80.0,2024-07-24T09:50:00Z,REPLAY,oracle,I007:mass_transport:0,I007,mass_transport,w-pc-07,5,No unit able to provide mass transport could reach this ward within 45 minutes without pulling a unit off a higher-severity ward.
80.0,2024-07-24T09:50:00Z,REPLAY,oracle,I007:mass_transport:1,I007,mass_transport,w-pc-07,5,No unit able to provide mass transport could reach this ward within 45 minutes without pulling a unit off a higher-severity ward.
80.0,2024-07-24T09:50:00Z,REPLAY,oracle,I007:mass_transport:2,I007,mass_transport,w-pc-07,5,No unit able to provide mass transport could reach this ward within 45 minutes without pulling a unit off a higher-severity ward.
90.0,2024-07-24T10:00:00Z,REPLAY,oracle,I005:mass_transport:0,I005,mass_transport,w-pc-03,5,No unit able to provide mass transport could reach this ward within 45 minutes without pulling a unit off a higher-severity ward.
90.0,2024-07-24T10:00:00Z,REPLAY,oracle,I005:mass_transport:1,I005,mass_transport,w-pc-03,5,No unit able to provide mass transport could reach this ward within 45 minutes without pulling a unit off a higher-severity ward.
90.0,2024-07-24T10:00:00Z,REPLAY,oracle,I006:mass_transport:0,I006,mass_transport,w-pc-11,5,No unit able to provide mass transport could reach this ward within 45 minutes without pulling a unit off a higher-severity ward.
90.0,2024-07-24T10:00:00Z,REPLAY,oracle,I006:mass_transport:1,I006,mass_transport,w-pc-11,5,No unit able to provide mass transport could reach this ward within 45 minutes without pulling a unit off a higher-severity ward.
90.0,2024-07-24T10:00:00Z,REPLAY,oracle,I006:mass_transport:2,I006,mass_transport,w-pc-11,5,No unit able to provide mass transport could reach this ward within 45 minutes without pulling a unit off a higher-severity ward.
90.0,2024-07-24T10:00:00Z,REPLAY,oracle,I007:mass_transport:0,I007,mass_transport,w-pc-07,5,No unit able to provide mass transport could reach this ward within 45 minutes without pulling a unit off a higher-severity ward.
90.0,2024-07-24T10:00:00Z,REPLAY,oracle,I007:mass_transport:1,I007,mass_transport,w-pc-07,5,No unit able to provide mass transport could reach this ward within 45 minutes without pulling a unit off a higher-severity ward.
90.0,2024-07-24T10:00:00Z,REPLAY,oracle,I007:mass_transport:2,I007,mass_transport,w-pc-07,5,No unit able to provide mass transport could reach this ward within 45 minutes without pulling a unit off a higher-severity ward.
100.0,2024-07-24T10:10:00Z,REPLAY,oracle,I005:mass_transport:0,I005,mass_transport,w-pc-03,5,No unit able to provide mass transport could reach this ward within 45 minutes without pulling a unit off a higher-severity ward.
100.0,2024-07-24T10:10:00Z,REPLAY,oracle,I005:mass_transport:1,I005,mass_transport,w-pc-03,5,No unit able to provide mass transport could reach this ward within 45 minutes without pulling a unit off a higher-severity ward.
100.0,2024-07-24T10:10:00Z,REPLAY,oracle,I006:mass_transport:0,I006,mass_transport,w-pc-11,5,No unit able to provide mass transport could reach this ward within 45 minutes without pulling a unit off a higher-severity ward.
100.0,2024-07-24T10:10:00Z,REPLAY,oracle,I006:mass_transport:1,I006,mass_transport,w-pc-11,5,No unit able to provide mass transport could reach this ward within 45 minutes without pulling a unit off a higher-severity ward.
100.0,2024-07-24T10:10:00Z,REPLAY,oracle,I006:mass_transport:2,I006,mass_transport,w-pc-11,5,No unit able to provide mass transport could reach this ward within 45 minutes without pulling a unit off a higher-severity ward.
100.0,2024-07-24T10:10:00Z,REPLAY,oracle,I007:mass_transport:0,I007,mass_transport,w-pc-07,5,No unit able to provide mass transport could reach this ward within 45 minutes without pulling a unit off a higher-severity ward.
100.0,2024-07-24T10:10:00Z,REPLAY,oracle,I007:mass_transport:1,I007,mass_transport,w-pc-07,5,No unit able to provide mass transport could reach this ward within 45 minutes without pulling a unit off a higher-severity ward.
100.0,2024-07-24T10:10:00Z,REPLAY,oracle,I007:mass_transport:2,I007,mass_transport,w-pc-07,5,No unit able to provide mass transport could reach this ward within 45 minutes without pulling a unit off a higher-severity ward.
100.0,2024-07-24T10:10:00Z,REPLAY,oracle,I009:mass_transport:0,I009,mass_transport,w-pc-03,5,No unit able to provide mass transport could reach this ward within 45 minutes without pulling a unit off a higher-severity ward.
100.0,2024-07-24T10:10:00Z,REPLAY,oracle,I009:mass_transport:1,I009,mass_transport,w-pc-03,5,No unit able to provide mass transport could reach this ward within 45 minutes without pulling a unit off a higher-severity ward.
100.0,2024-07-24T10:10:00Z,REPLAY,oracle,I009:mass_transport:2,I009,mass_transport,w-pc-03,5,No unit able to provide mass transport could reach this ward within 45 minutes without pulling a unit off a higher-severity ward.
110.0,2024-07-24T10:20:00Z,REPLAY,oracle,I005:mass_transport:0,I005,mass_transport,w-pc-03,5,No unit able to provide mass transport could reach this ward within 45 minutes without pulling a unit off a higher-severity ward.
110.0,2024-07-24T10:20:00Z,REPLAY,oracle,I005:mass_transport:1,I005,mass_transport,w-pc-03,5,No unit able to provide mass transport could reach this ward within 45 minutes without pulling a unit off a higher-severity ward.
110.0,2024-07-24T10:20:00Z,REPLAY,oracle,I006:mass_transport:0,I006,mass_transport,w-pc-11,5,No unit able to provide mass transport could reach this ward within 45 minutes without pulling a unit off a higher-severity ward.
110.0,2024-07-24T10:20:00Z,REPLAY,oracle,I006:mass_transport:1,I006,mass_transport,w-pc-11,5,No unit able to provide mass transport could reach this ward within 45 minutes without pulling a unit off a higher-severity ward.
110.0,2024-07-24T10:20:00Z,REPLAY,oracle,I006:mass_transport:2,I006,mass_transport,w-pc-11,5,No unit able to provide mass transport could reach this ward within 45 minutes without pulling a unit off a higher-severity ward.
110.0,2024-07-24T10:20:00Z,REPLAY,oracle,I007:mass_transport:0,I007,mass_transport,w-pc-07,5,No unit able to provide mass transport could reach this ward within 45 minutes without pulling a unit off a higher-severity ward.
110.0,2024-07-24T10:20:00Z,REPLAY,oracle,I007:mass_transport:1,I007,mass_transport,w-pc-07,5,No unit able to provide mass transport could reach this ward within 45 minutes without pulling a unit off a higher-severity ward.
110.0,2024-07-24T10:20:00Z,REPLAY,oracle,I007:mass_transport:2,I007,mass_transport,w-pc-07,5,No unit able to provide mass transport could reach this ward within 45 minutes without pulling a unit off a higher-severity ward.
110.0,2024-07-24T10:20:00Z,REPLAY,oracle,I009:mass_transport:0,I009,mass_transport,w-pc-03,5,No unit able to provide mass transport could reach this ward within 45 minutes without pulling a unit off a higher-severity ward.
110.0,2024-07-24T10:20:00Z,REPLAY,oracle,I009:mass_transport:1,I009,mass_transport,w-pc-03,5,No unit able to provide mass transport could reach this ward within 45 minutes without pulling a unit off a higher-severity ward.
110.0,2024-07-24T10:20:00Z,REPLAY,oracle,I009:mass_transport:2,I009,mass_transport,w-pc-03,5,No unit able to provide mass transport could reach this ward within 45 minutes without pulling a unit off a higher-severity ward.
120.0,2024-07-24T10:30:00Z,REPLAY,oracle,I007:mass_transport:0,I007,mass_transport,w-pc-07,5,No unit able to provide mass transport within 45 minutes; the nearest free unit is already committed to a higher-severity ward.
120.0,2024-07-24T10:30:00Z,REPLAY,oracle,I007:mass_transport:1,I007,mass_transport,w-pc-07,5,No unit able to provide mass transport within 45 minutes; the nearest free unit is already committed to a higher-severity ward.
120.0,2024-07-24T10:30:00Z,REPLAY,oracle,I007:mass_transport:2,I007,mass_transport,w-pc-07,5,No unit able to provide mass transport within 45 minutes; the nearest free unit is already committed to a higher-severity ward.
120.0,2024-07-24T10:30:00Z,REPLAY,oracle,I009:mass_transport:0,I009,mass_transport,w-pc-03,5,No unit able to provide mass transport within 45 minutes; the nearest free unit is already committed to a higher-severity ward.
120.0,2024-07-24T10:30:00Z,REPLAY,oracle,I009:mass_transport:1,I009,mass_transport,w-pc-03,5,No unit able to provide mass transport within 45 minutes; the nearest free unit is already committed to a higher-severity ward.
120.0,2024-07-24T10:30:00Z,REPLAY,oracle,I009:mass_transport:2,I009,mass_transport,w-pc-03,5,No unit able to provide mass transport within 45 minutes; the nearest free unit is already committed to a higher-severity ward.
120.0,2024-07-24T10:30:00Z,REPLAY,oracle,I006:mass_transport:0,I006,mass_transport,w-pc-11,5,No unit able to provide mass transport within 45 minutes; the nearest free unit is already committed to a higher-severity ward.
120.0,2024-07-24T10:30:00Z,REPLAY,oracle,I006:mass_transport:1,I006,mass_transport,w-pc-11,5,No unit able to provide mass transport within 45 minutes; the nearest free unit is already committed to a higher-severity ward.
120.0,2024-07-24T10:30:00Z,REPLAY,oracle,I006:mass_transport:2,I006,mass_transport,w-pc-11,5,No unit able to provide mass transport within 45 minutes; the nearest free unit is already committed to a higher-severity ward.
120.0,2024-07-24T10:30:00Z,REPLAY,oracle,I005:mass_transport:0,I005,mass_transport,w-pc-03,5,No unit able to provide mass transport within 45 minutes; the nearest free unit is already committed to a higher-severity ward.
120.0,2024-07-24T10:30:00Z,REPLAY,oracle,I005:mass_transport:1,I005,mass_transport,w-pc-03,5,No unit able to provide mass transport within 45 minutes; the nearest free unit is already committed to a higher-severity ward.
130.0,2024-07-24T10:40:00Z,REPLAY,oracle,I007:mass_transport:0,I007,mass_transport,w-pc-07,5,No unit able to provide mass transport within 45 minutes; the nearest free unit is already committed to a higher-severity ward.
130.0,2024-07-24T10:40:00Z,REPLAY,oracle,I007:mass_transport:1,I007,mass_transport,w-pc-07,5,No unit able to provide mass transport within 45 minutes; the nearest free unit is already committed to a higher-severity ward.
130.0,2024-07-24T10:40:00Z,REPLAY,oracle,I007:mass_transport:2,I007,mass_transport,w-pc-07,5,No unit able to provide mass transport within 45 minutes; the nearest free unit is already committed to a higher-severity ward.
130.0,2024-07-24T10:40:00Z,REPLAY,oracle,I009:mass_transport:0,I009,mass_transport,w-pc-03,5,No unit able to provide mass transport within 45 minutes; the nearest free unit is already committed to a higher-severity ward.
130.0,2024-07-24T10:40:00Z,REPLAY,oracle,I009:mass_transport:1,I009,mass_transport,w-pc-03,5,No unit able to provide mass transport within 45 minutes; the nearest free unit is already committed to a higher-severity ward.
130.0,2024-07-24T10:40:00Z,REPLAY,oracle,I009:mass_transport:2,I009,mass_transport,w-pc-03,5,No unit able to provide mass transport within 45 minutes; the nearest free unit is already committed to a higher-severity ward.
130.0,2024-07-24T10:40:00Z,REPLAY,oracle,I006:mass_transport:0,I006,mass_transport,w-pc-11,5,No unit able to provide mass transport within 45 minutes; the nearest free unit is already committed to a higher-severity ward.
130.0,2024-07-24T10:40:00Z,REPLAY,oracle,I006:mass_transport:1,I006,mass_transport,w-pc-11,5,No unit able to provide mass transport within 45 minutes; the nearest free unit is already committed to a higher-severity ward.
130.0,2024-07-24T10:40:00Z,REPLAY,oracle,I006:mass_transport:2,I006,mass_transport,w-pc-11,5,No unit able to provide mass transport within 45 minutes; the nearest free unit is already committed to a higher-severity ward.
130.0,2024-07-24T10:40:00Z,REPLAY,oracle,I005:mass_transport:0,I005,mass_transport,w-pc-03,5,No unit able to provide mass transport within 45 minutes; the nearest free unit is already committed to a higher-severity ward.
130.0,2024-07-24T10:40:00Z,REPLAY,oracle,I005:mass_transport:1,I005,mass_transport,w-pc-03,5,No unit able to provide mass transport within 45 minutes; the nearest free unit is already committed to a higher-severity ward.
140.0,2024-07-24T10:50:00Z,REPLAY,oracle,I005:mass_transport:0,I005,mass_transport,w-pc-03,5,No unit able to provide mass transport could reach this ward within 45 minutes without pulling a unit off a higher-severity ward.
140.0,2024-07-24T10:50:00Z,REPLAY,oracle,I005:mass_transport:1,I005,mass_transport,w-pc-03,5,No unit able to provide mass transport could reach this ward within 45 minutes without pulling a unit off a higher-severity ward.
140.0,2024-07-24T10:50:00Z,REPLAY,oracle,I006:mass_transport:0,I006,mass_transport,w-pc-11,5,No unit able to provide mass transport could reach this ward within 45 minutes without pulling a unit off a higher-severity ward.
140.0,2024-07-24T10:50:00Z,REPLAY,oracle,I006:mass_transport:1,I006,mass_transport,w-pc-11,5,No unit able to provide mass transport could reach this ward within 45 minutes without pulling a unit off a higher-severity ward.
140.0,2024-07-24T10:50:00Z,REPLAY,oracle,I006:mass_transport:2,I006,mass_transport,w-pc-11,5,No unit able to provide mass transport could reach this ward within 45 minutes without pulling a unit off a higher-severity ward.
140.0,2024-07-24T10:50:00Z,REPLAY,oracle,I007:mass_transport:0,I007,mass_transport,w-pc-07,5,No unit able to provide mass transport could reach this ward within 45 minutes without pulling a unit off a higher-severity ward.
140.0,2024-07-24T10:50:00Z,REPLAY,oracle,I007:mass_transport:1,I007,mass_transport,w-pc-07,5,No unit able to provide mass transport could reach this ward within 45 minutes without pulling a unit off a higher-severity ward.
140.0,2024-07-24T10:50:00Z,REPLAY,oracle,I007:mass_transport:2,I007,mass_transport,w-pc-07,5,No unit able to provide mass transport could reach this ward within 45 minutes without pulling a unit off a higher-severity ward.
140.0,2024-07-24T10:50:00Z,REPLAY,oracle,I009:mass_transport:0,I009,mass_transport,w-pc-03,5,No unit able to provide mass transport could reach this ward within 45 minutes without pulling a unit off a higher-severity ward.
140.0,2024-07-24T10:50:00Z,REPLAY,oracle,I009:mass_transport:1,I009,mass_transport,w-pc-03,5,No unit able to provide mass transport could reach this ward within 45 minutes without pulling a unit off a higher-severity ward.
140.0,2024-07-24T10:50:00Z,REPLAY,oracle,I009:mass_transport:2,I009,mass_transport,w-pc-03,5,No unit able to provide mass transport could reach this ward within 45 minutes without pulling a unit off a higher-severity ward.
150.0,2024-07-24T11:00:00Z,REPLAY,oracle,I007:mass_transport:0,I007,mass_transport,w-pc-07,5,No unit able to provide mass transport within 45 minutes; the nearest free unit is already committed to a higher-severity ward.
150.0,2024-07-24T11:00:00Z,REPLAY,oracle,I007:mass_transport:1,I007,mass_transport,w-pc-07,5,No unit able to provide mass transport within 45 minutes; the nearest free unit is already committed to a higher-severity ward.
150.0,2024-07-24T11:00:00Z,REPLAY,oracle,I007:mass_transport:2,I007,mass_transport,w-pc-07,5,No unit able to provide mass transport within 45 minutes; the nearest free unit is already committed to a higher-severity ward.
150.0,2024-07-24T11:00:00Z,REPLAY,oracle,I009:mass_transport:0,I009,mass_transport,w-pc-03,5,No unit able to provide mass transport within 45 minutes; the nearest free unit is already committed to a higher-severity ward.
150.0,2024-07-24T11:00:00Z,REPLAY,oracle,I009:mass_transport:1,I009,mass_transport,w-pc-03,5,No unit able to provide mass transport within 45 minutes; the nearest free unit is already committed to a higher-severity ward.
150.0,2024-07-24T11:00:00Z,REPLAY,oracle,I009:mass_transport:2,I009,mass_transport,w-pc-03,5,No unit able to provide mass transport within 45 minutes; the nearest free unit is already committed to a higher-severity ward.
150.0,2024-07-24T11:00:00Z,REPLAY,oracle,I006:mass_transport:0,I006,mass_transport,w-pc-11,5,No unit able to provide mass transport within 45 minutes; the nearest free unit is already committed to a higher-severity ward.
150.0,2024-07-24T11:00:00Z,REPLAY,oracle,I006:mass_transport:1,I006,mass_transport,w-pc-11,5,No unit able to provide mass transport within 45 minutes; the nearest free unit is already committed to a higher-severity ward.
150.0,2024-07-24T11:00:00Z,REPLAY,oracle,I006:mass_transport:2,I006,mass_transport,w-pc-11,5,No unit able to provide mass transport within 45 minutes; the nearest free unit is already committed to a higher-severity ward.
150.0,2024-07-24T11:00:00Z,REPLAY,oracle,I005:mass_transport:0,I005,mass_transport,w-pc-03,5,No unit able to provide mass transport within 45 minutes; the nearest free unit is already committed to a higher-severity ward.
150.0,2024-07-24T11:00:00Z,REPLAY,oracle,I005:mass_transport:1,I005,mass_transport,w-pc-03,5,No unit able to provide mass transport within 45 minutes; the nearest free unit is already committed to a higher-severity ward.
160.0,2024-07-24T11:10:00Z,REPLAY,oracle,I007:mass_transport:0,I007,mass_transport,w-pc-07,5,No unit able to provide mass transport within 45 minutes; the nearest free unit is already committed to a higher-severity ward.
160.0,2024-07-24T11:10:00Z,REPLAY,oracle,I007:mass_transport:1,I007,mass_transport,w-pc-07,5,No unit able to provide mass transport within 45 minutes; the nearest free unit is already committed to a higher-severity ward.
160.0,2024-07-24T11:10:00Z,REPLAY,oracle,I007:mass_transport:2,I007,mass_transport,w-pc-07,5,No unit able to provide mass transport within 45 minutes; the nearest free unit is already committed to a higher-severity ward.
160.0,2024-07-24T11:10:00Z,REPLAY,oracle,I009:mass_transport:0,I009,mass_transport,w-pc-03,5,No unit able to provide mass transport within 45 minutes; the nearest free unit is already committed to a higher-severity ward.
160.0,2024-07-24T11:10:00Z,REPLAY,oracle,I009:mass_transport:1,I009,mass_transport,w-pc-03,5,No unit able to provide mass transport within 45 minutes; the nearest free unit is already committed to a higher-severity ward.
160.0,2024-07-24T11:10:00Z,REPLAY,oracle,I009:mass_transport:2,I009,mass_transport,w-pc-03,5,No unit able to provide mass transport within 45 minutes; the nearest free unit is already committed to a higher-severity ward.
160.0,2024-07-24T11:10:00Z,REPLAY,oracle,I006:mass_transport:0,I006,mass_transport,w-pc-11,5,No unit able to provide mass transport within 45 minutes; the nearest free unit is already committed to a higher-severity ward.
160.0,2024-07-24T11:10:00Z,REPLAY,oracle,I006:mass_transport:1,I006,mass_transport,w-pc-11,5,No unit able to provide mass transport within 45 minutes; the nearest free unit is already committed to a higher-severity ward.
160.0,2024-07-24T11:10:00Z,REPLAY,oracle,I006:mass_transport:2,I006,mass_transport,w-pc-11,5,No unit able to provide mass transport within 45 minutes; the nearest free unit is already committed to a higher-severity ward.
160.0,2024-07-24T11:10:00Z,REPLAY,oracle,I005:mass_transport:0,I005,mass_transport,w-pc-03,5,No unit able to provide mass transport within 45 minutes; the nearest free unit is already committed to a higher-severity ward.
160.0,2024-07-24T11:10:00Z,REPLAY,oracle,I005:mass_transport:1,I005,mass_transport,w-pc-03,5,No unit able to provide mass transport within 45 minutes; the nearest free unit is already committed to a higher-severity ward.
170.0,2024-07-24T11:20:00Z,REPLAY,oracle,I005:mass_transport:0,I005,mass_transport,w-pc-03,5,No unit able to provide mass transport could reach this ward within 45 minutes without pulling a unit off a higher-severity ward.
170.0,2024-07-24T11:20:00Z,REPLAY,oracle,I005:mass_transport:1,I005,mass_transport,w-pc-03,5,No unit able to provide mass transport could reach this ward within 45 minutes without pulling a unit off a higher-severity ward.
170.0,2024-07-24T11:20:00Z,REPLAY,oracle,I006:mass_transport:0,I006,mass_transport,w-pc-11,5,No unit able to provide mass transport could reach this ward within 45 minutes without pulling a unit off a higher-severity ward.
170.0,2024-07-24T11:20:00Z,REPLAY,oracle,I006:mass_transport:1,I006,mass_transport,w-pc-11,5,No unit able to provide mass transport could reach this ward within 45 minutes without pulling a unit off a higher-severity ward.
170.0,2024-07-24T11:20:00Z,REPLAY,oracle,I006:mass_transport:2,I006,mass_transport,w-pc-11,5,No unit able to provide mass transport could reach this ward within 45 minutes without pulling a unit off a higher-severity ward.
170.0,2024-07-24T11:20:00Z,REPLAY,oracle,I007:mass_transport:0,I007,mass_transport,w-pc-07,5,No unit able to provide mass transport could reach this ward within 45 minutes without pulling a unit off a higher-severity ward.
170.0,2024-07-24T11:20:00Z,REPLAY,oracle,I007:mass_transport:1,I007,mass_transport,w-pc-07,5,No unit able to provide mass transport could reach this ward within 45 minutes without pulling a unit off a higher-severity ward.
170.0,2024-07-24T11:20:00Z,REPLAY,oracle,I007:mass_transport:2,I007,mass_transport,w-pc-07,5,No unit able to provide mass transport could reach this ward within 45 minutes without pulling a unit off a higher-severity ward.
170.0,2024-07-24T11:20:00Z,REPLAY,oracle,I009:mass_transport:0,I009,mass_transport,w-pc-03,5,No unit able to provide mass transport could reach this ward within 45 minutes without pulling a unit off a higher-severity ward.
170.0,2024-07-24T11:20:00Z,REPLAY,oracle,I009:mass_transport:1,I009,mass_transport,w-pc-03,5,No unit able to provide mass transport could reach this ward within 45 minutes without pulling a unit off a higher-severity ward.
170.0,2024-07-24T11:20:00Z,REPLAY,oracle,I009:mass_transport:2,I009,mass_transport,w-pc-03,5,No unit able to provide mass transport could reach this ward within 45 minutes without pulling a unit off a higher-severity ward.
180.0,2024-07-24T11:30:00Z,REPLAY,oracle,I005:mass_transport:0,I005,mass_transport,w-pc-03,5,No unit able to provide mass transport could reach this ward within 45 minutes without pulling a unit off a higher-severity ward.
180.0,2024-07-24T11:30:00Z,REPLAY,oracle,I005:mass_transport:1,I005,mass_transport,w-pc-03,5,No unit able to provide mass transport could reach this ward within 45 minutes without pulling a unit off a higher-severity ward.
180.0,2024-07-24T11:30:00Z,REPLAY,oracle,I006:mass_transport:0,I006,mass_transport,w-pc-11,5,No unit able to provide mass transport could reach this ward within 45 minutes without pulling a unit off a higher-severity ward.
180.0,2024-07-24T11:30:00Z,REPLAY,oracle,I006:mass_transport:1,I006,mass_transport,w-pc-11,5,No unit able to provide mass transport could reach this ward within 45 minutes without pulling a unit off a higher-severity ward.
180.0,2024-07-24T11:30:00Z,REPLAY,oracle,I006:mass_transport:2,I006,mass_transport,w-pc-11,5,No unit able to provide mass transport could reach this ward within 45 minutes without pulling a unit off a higher-severity ward.
180.0,2024-07-24T11:30:00Z,REPLAY,oracle,I007:mass_transport:0,I007,mass_transport,w-pc-07,5,No unit able to provide mass transport could reach this ward within 45 minutes without pulling a unit off a higher-severity ward.
180.0,2024-07-24T11:30:00Z,REPLAY,oracle,I007:mass_transport:1,I007,mass_transport,w-pc-07,5,No unit able to provide mass transport could reach this ward within 45 minutes without pulling a unit off a higher-severity ward.
180.0,2024-07-24T11:30:00Z,REPLAY,oracle,I007:mass_transport:2,I007,mass_transport,w-pc-07,5,No unit able to provide mass transport could reach this ward within 45 minutes without pulling a unit off a higher-severity ward.
180.0,2024-07-24T11:30:00Z,REPLAY,oracle,I009:mass_transport:0,I009,mass_transport,w-pc-03,5,No unit able to provide mass transport could reach this ward within 45 minutes without pulling a unit off a higher-severity ward.
180.0,2024-07-24T11:30:00Z,REPLAY,oracle,I009:mass_transport:1,I009,mass_transport,w-pc-03,5,No unit able to provide mass transport could reach this ward within 45 minutes without pulling a unit off a higher-severity ward.
180.0,2024-07-24T11:30:00Z,REPLAY,oracle,I009:mass_transport:2,I009,mass_transport,w-pc-03,5,No unit able to provide mass transport could reach this ward within 45 minutes without pulling a unit off a higher-severity ward.
180.0,2024-07-24T11:30:00Z,REPLAY,oracle,I011:mass_transport:0,I011,mass_transport,w-pc-03,5,No unit able to provide mass transport could reach this ward within 45 minutes without pulling a unit off a higher-severity ward.
180.0,2024-07-24T11:30:00Z,REPLAY,oracle,I011:mass_transport:1,I011,mass_transport,w-pc-03,5,No unit able to provide mass transport could reach this ward within 45 minutes without pulling a unit off a higher-severity ward.
180.0,2024-07-24T11:30:00Z,REPLAY,oracle,I011:mass_transport:2,I011,mass_transport,w-pc-03,5,No unit able to provide mass transport could reach this ward within 45 minutes without pulling a unit off a higher-severity ward.
190.0,2024-07-24T11:40:00Z,REPLAY,oracle,I005:mass_transport:0,I005,mass_transport,w-pc-03,5,No unit able to provide mass transport could reach this ward within 45 minutes without pulling a unit off a higher-severity ward.
190.0,2024-07-24T11:40:00Z,REPLAY,oracle,I005:mass_transport:1,I005,mass_transport,w-pc-03,5,No unit able to provide mass transport could reach this ward within 45 minutes without pulling a unit off a higher-severity ward.
190.0,2024-07-24T11:40:00Z,REPLAY,oracle,I006:mass_transport:0,I006,mass_transport,w-pc-11,5,No unit able to provide mass transport could reach this ward within 45 minutes without pulling a unit off a higher-severity ward.
190.0,2024-07-24T11:40:00Z,REPLAY,oracle,I006:mass_transport:1,I006,mass_transport,w-pc-11,5,No unit able to provide mass transport could reach this ward within 45 minutes without pulling a unit off a higher-severity ward.
190.0,2024-07-24T11:40:00Z,REPLAY,oracle,I006:mass_transport:2,I006,mass_transport,w-pc-11,5,No unit able to provide mass transport could reach this ward within 45 minutes without pulling a unit off a higher-severity ward.
190.0,2024-07-24T11:40:00Z,REPLAY,oracle,I007:mass_transport:0,I007,mass_transport,w-pc-07,5,No unit able to provide mass transport could reach this ward within 45 minutes without pulling a unit off a higher-severity ward.
190.0,2024-07-24T11:40:00Z,REPLAY,oracle,I007:mass_transport:1,I007,mass_transport,w-pc-07,5,No unit able to provide mass transport could reach this ward within 45 minutes without pulling a unit off a higher-severity ward.
190.0,2024-07-24T11:40:00Z,REPLAY,oracle,I007:mass_transport:2,I007,mass_transport,w-pc-07,5,No unit able to provide mass transport could reach this ward within 45 minutes without pulling a unit off a higher-severity ward.
190.0,2024-07-24T11:40:00Z,REPLAY,oracle,I009:mass_transport:0,I009,mass_transport,w-pc-03,5,No unit able to provide mass transport could reach this ward within 45 minutes without pulling a unit off a higher-severity ward.
190.0,2024-07-24T11:40:00Z,REPLAY,oracle,I009:mass_transport:1,I009,mass_transport,w-pc-03,5,No unit able to provide mass transport could reach this ward within 45 minutes without pulling a unit off a higher-severity ward.
190.0,2024-07-24T11:40:00Z,REPLAY,oracle,I009:mass_transport:2,I009,mass_transport,w-pc-03,5,No unit able to provide mass transport could reach this ward within 45 minutes without pulling a unit off a higher-severity ward.
190.0,2024-07-24T11:40:00Z,REPLAY,oracle,I011:mass_transport:0,I011,mass_transport,w-pc-03,5,No unit able to provide mass transport could reach this ward within 45 minutes without pulling a unit off a higher-severity ward.
190.0,2024-07-24T11:40:00Z,REPLAY,oracle,I011:mass_transport:1,I011,mass_transport,w-pc-03,5,No unit able to provide mass transport could reach this ward within 45 minutes without pulling a unit off a higher-severity ward.
190.0,2024-07-24T11:40:00Z,REPLAY,oracle,I011:mass_transport:2,I011,mass_transport,w-pc-03,5,No unit able to provide mass transport could reach this ward within 45 minutes without pulling a unit off a higher-severity ward.
190.0,2024-07-24T11:40:00Z,REPLAY,oracle,I012:mass_transport:0,I012,mass_transport,w-pc-03,5,No unit able to provide mass transport could reach this ward within 45 minutes without pulling a unit off a higher-severity ward.
190.0,2024-07-24T11:40:00Z,REPLAY,oracle,I012:mass_transport:1,I012,mass_transport,w-pc-03,5,No unit able to provide mass transport could reach this ward within 45 minutes without pulling a unit off a higher-severity ward.
200.0,2024-07-24T11:50:00Z,REPLAY,oracle,I007:mass_transport:0,I007,mass_transport,w-pc-07,5,No unit able to provide mass transport within 45 minutes; the nearest free unit is already committed to a higher-severity ward.
200.0,2024-07-24T11:50:00Z,REPLAY,oracle,I007:mass_transport:1,I007,mass_transport,w-pc-07,5,No unit able to provide mass transport within 45 minutes; the nearest free unit is already committed to a higher-severity ward.
200.0,2024-07-24T11:50:00Z,REPLAY,oracle,I007:mass_transport:2,I007,mass_transport,w-pc-07,5,No unit able to provide mass transport within 45 minutes; the nearest free unit is already committed to a higher-severity ward.
200.0,2024-07-24T11:50:00Z,REPLAY,oracle,I009:mass_transport:0,I009,mass_transport,w-pc-03,5,No unit able to provide mass transport within 45 minutes; the nearest free unit is already committed to a higher-severity ward.
200.0,2024-07-24T11:50:00Z,REPLAY,oracle,I009:mass_transport:1,I009,mass_transport,w-pc-03,5,No unit able to provide mass transport within 45 minutes; the nearest free unit is already committed to a higher-severity ward.
200.0,2024-07-24T11:50:00Z,REPLAY,oracle,I009:mass_transport:2,I009,mass_transport,w-pc-03,5,No unit able to provide mass transport within 45 minutes; the nearest free unit is already committed to a higher-severity ward.
200.0,2024-07-24T11:50:00Z,REPLAY,oracle,I006:mass_transport:0,I006,mass_transport,w-pc-11,5,No unit able to provide mass transport within 45 minutes; the nearest free unit is already committed to a higher-severity ward.
200.0,2024-07-24T11:50:00Z,REPLAY,oracle,I006:mass_transport:1,I006,mass_transport,w-pc-11,5,No unit able to provide mass transport within 45 minutes; the nearest free unit is already committed to a higher-severity ward.
200.0,2024-07-24T11:50:00Z,REPLAY,oracle,I006:mass_transport:2,I006,mass_transport,w-pc-11,5,No unit able to provide mass transport within 45 minutes; the nearest free unit is already committed to a higher-severity ward.
200.0,2024-07-24T11:50:00Z,REPLAY,oracle,I011:mass_transport:0,I011,mass_transport,w-pc-03,5,No unit able to provide mass transport within 45 minutes; the nearest free unit is already committed to a higher-severity ward.
200.0,2024-07-24T11:50:00Z,REPLAY,oracle,I011:mass_transport:1,I011,mass_transport,w-pc-03,5,No unit able to provide mass transport within 45 minutes; the nearest free unit is already committed to a higher-severity ward.
200.0,2024-07-24T11:50:00Z,REPLAY,oracle,I011:mass_transport:2,I011,mass_transport,w-pc-03,5,No unit able to provide mass transport within 45 minutes; the nearest free unit is already committed to a higher-severity ward.
200.0,2024-07-24T11:50:00Z,REPLAY,oracle,I005:mass_transport:0,I005,mass_transport,w-pc-03,5,No unit able to provide mass transport within 45 minutes; the nearest free unit is already committed to a higher-severity ward.
200.0,2024-07-24T11:50:00Z,REPLAY,oracle,I005:mass_transport:1,I005,mass_transport,w-pc-03,5,No unit able to provide mass transport within 45 minutes; the nearest free unit is already committed to a higher-severity ward.
200.0,2024-07-24T11:50:00Z,REPLAY,oracle,I012:mass_transport:0,I012,mass_transport,w-pc-03,5,No unit able to provide mass transport within 45 minutes; the nearest free unit is already committed to a higher-severity ward.
200.0,2024-07-24T11:50:00Z,REPLAY,oracle,I012:mass_transport:1,I012,mass_transport,w-pc-03,5,No unit able to provide mass transport within 45 minutes; the nearest free unit is already committed to a higher-severity ward.
210.0,2024-07-24T12:00:00Z,REPLAY,oracle,I005:mass_transport:0,I005,mass_transport,w-pc-03,5,No unit able to provide mass transport could reach this ward within 45 minutes without pulling a unit off a higher-severity ward.
210.0,2024-07-24T12:00:00Z,REPLAY,oracle,I005:mass_transport:1,I005,mass_transport,w-pc-03,5,No unit able to provide mass transport could reach this ward within 45 minutes without pulling a unit off a higher-severity ward.
210.0,2024-07-24T12:00:00Z,REPLAY,oracle,I006:mass_transport:0,I006,mass_transport,w-pc-11,5,No unit able to provide mass transport could reach this ward within 45 minutes without pulling a unit off a higher-severity ward.
210.0,2024-07-24T12:00:00Z,REPLAY,oracle,I006:mass_transport:1,I006,mass_transport,w-pc-11,5,No unit able to provide mass transport could reach this ward within 45 minutes without pulling a unit off a higher-severity ward.
210.0,2024-07-24T12:00:00Z,REPLAY,oracle,I006:mass_transport:2,I006,mass_transport,w-pc-11,5,No unit able to provide mass transport could reach this ward within 45 minutes without pulling a unit off a higher-severity ward.
210.0,2024-07-24T12:00:00Z,REPLAY,oracle,I007:mass_transport:0,I007,mass_transport,w-pc-07,5,No unit able to provide mass transport could reach this ward within 45 minutes without pulling a unit off a higher-severity ward.
210.0,2024-07-24T12:00:00Z,REPLAY,oracle,I007:mass_transport:1,I007,mass_transport,w-pc-07,5,No unit able to provide mass transport could reach this ward within 45 minutes without pulling a unit off a higher-severity ward.
210.0,2024-07-24T12:00:00Z,REPLAY,oracle,I007:mass_transport:2,I007,mass_transport,w-pc-07,5,No unit able to provide mass transport could reach this ward within 45 minutes without pulling a unit off a higher-severity ward.
210.0,2024-07-24T12:00:00Z,REPLAY,oracle,I009:mass_transport:0,I009,mass_transport,w-pc-03,5,No unit able to provide mass transport could reach this ward within 45 minutes without pulling a unit off a higher-severity ward.
210.0,2024-07-24T12:00:00Z,REPLAY,oracle,I009:mass_transport:1,I009,mass_transport,w-pc-03,5,No unit able to provide mass transport could reach this ward within 45 minutes without pulling a unit off a higher-severity ward.
210.0,2024-07-24T12:00:00Z,REPLAY,oracle,I009:mass_transport:2,I009,mass_transport,w-pc-03,5,No unit able to provide mass transport could reach this ward within 45 minutes without pulling a unit off a higher-severity ward.
210.0,2024-07-24T12:00:00Z,REPLAY,oracle,I011:mass_transport:0,I011,mass_transport,w-pc-03,5,No unit able to provide mass transport could reach this ward within 45 minutes without pulling a unit off a higher-severity ward.
210.0,2024-07-24T12:00:00Z,REPLAY,oracle,I011:mass_transport:1,I011,mass_transport,w-pc-03,5,No unit able to provide mass transport could reach this ward within 45 minutes without pulling a unit off a higher-severity ward.
210.0,2024-07-24T12:00:00Z,REPLAY,oracle,I011:mass_transport:2,I011,mass_transport,w-pc-03,5,No unit able to provide mass transport could reach this ward within 45 minutes without pulling a unit off a higher-severity ward.
210.0,2024-07-24T12:00:00Z,REPLAY,oracle,I012:mass_transport:0,I012,mass_transport,w-pc-03,5,No unit able to provide mass transport could reach this ward within 45 minutes without pulling a unit off a higher-severity ward.
210.0,2024-07-24T12:00:00Z,REPLAY,oracle,I012:mass_transport:1,I012,mass_transport,w-pc-03,5,No unit able to provide mass transport could reach this ward within 45 minutes without pulling a unit off a higher-severity ward.
220.0,2024-07-24T12:10:00Z,REPLAY,oracle,I005:mass_transport:0,I005,mass_transport,w-pc-03,5,No unit able to provide mass transport could reach this ward within 45 minutes without pulling a unit off a higher-severity ward.
220.0,2024-07-24T12:10:00Z,REPLAY,oracle,I005:mass_transport:1,I005,mass_transport,w-pc-03,5,No unit able to provide mass transport could reach this ward within 45 minutes without pulling a unit off a higher-severity ward.
220.0,2024-07-24T12:10:00Z,REPLAY,oracle,I006:mass_transport:0,I006,mass_transport,w-pc-11,5,No unit able to provide mass transport could reach this ward within 45 minutes without pulling a unit off a higher-severity ward.
220.0,2024-07-24T12:10:00Z,REPLAY,oracle,I006:mass_transport:1,I006,mass_transport,w-pc-11,5,No unit able to provide mass transport could reach this ward within 45 minutes without pulling a unit off a higher-severity ward.
220.0,2024-07-24T12:10:00Z,REPLAY,oracle,I006:mass_transport:2,I006,mass_transport,w-pc-11,5,No unit able to provide mass transport could reach this ward within 45 minutes without pulling a unit off a higher-severity ward.
220.0,2024-07-24T12:10:00Z,REPLAY,oracle,I007:mass_transport:0,I007,mass_transport,w-pc-07,5,No unit able to provide mass transport could reach this ward within 45 minutes without pulling a unit off a higher-severity ward.
220.0,2024-07-24T12:10:00Z,REPLAY,oracle,I007:mass_transport:1,I007,mass_transport,w-pc-07,5,No unit able to provide mass transport could reach this ward within 45 minutes without pulling a unit off a higher-severity ward.
220.0,2024-07-24T12:10:00Z,REPLAY,oracle,I007:mass_transport:2,I007,mass_transport,w-pc-07,5,No unit able to provide mass transport could reach this ward within 45 minutes without pulling a unit off a higher-severity ward.
220.0,2024-07-24T12:10:00Z,REPLAY,oracle,I009:mass_transport:0,I009,mass_transport,w-pc-03,5,No unit able to provide mass transport could reach this ward within 45 minutes without pulling a unit off a higher-severity ward.
220.0,2024-07-24T12:10:00Z,REPLAY,oracle,I009:mass_transport:1,I009,mass_transport,w-pc-03,5,No unit able to provide mass transport could reach this ward within 45 minutes without pulling a unit off a higher-severity ward.
220.0,2024-07-24T12:10:00Z,REPLAY,oracle,I009:mass_transport:2,I009,mass_transport,w-pc-03,5,No unit able to provide mass transport could reach this ward within 45 minutes without pulling a unit off a higher-severity ward.
220.0,2024-07-24T12:10:00Z,REPLAY,oracle,I011:mass_transport:0,I011,mass_transport,w-pc-03,5,No unit able to provide mass transport could reach this ward within 45 minutes without pulling a unit off a higher-severity ward.
220.0,2024-07-24T12:10:00Z,REPLAY,oracle,I011:mass_transport:1,I011,mass_transport,w-pc-03,5,No unit able to provide mass transport could reach this ward within 45 minutes without pulling a unit off a higher-severity ward.
220.0,2024-07-24T12:10:00Z,REPLAY,oracle,I011:mass_transport:2,I011,mass_transport,w-pc-03,5,No unit able to provide mass transport could reach this ward within 45 minutes without pulling a unit off a higher-severity ward.
220.0,2024-07-24T12:10:00Z,REPLAY,oracle,I012:mass_transport:0,I012,mass_transport,w-pc-03,5,No unit able to provide mass transport could reach this ward within 45 minutes without pulling a unit off a higher-severity ward.
220.0,2024-07-24T12:10:00Z,REPLAY,oracle,I012:mass_transport:1,I012,mass_transport,w-pc-03,5,No unit able to provide mass transport could reach this ward within 45 minutes without pulling a unit off a higher-severity ward.
230.0,2024-07-24T12:20:00Z,REPLAY,oracle,I005:mass_transport:0,I005,mass_transport,w-pc-03,5,No unit able to provide mass transport could reach this ward within 45 minutes without pulling a unit off a higher-severity ward.
230.0,2024-07-24T12:20:00Z,REPLAY,oracle,I005:mass_transport:1,I005,mass_transport,w-pc-03,5,No unit able to provide mass transport could reach this ward within 45 minutes without pulling a unit off a higher-severity ward.
230.0,2024-07-24T12:20:00Z,REPLAY,oracle,I006:mass_transport:0,I006,mass_transport,w-pc-11,5,No unit able to provide mass transport could reach this ward within 45 minutes without pulling a unit off a higher-severity ward.
230.0,2024-07-24T12:20:00Z,REPLAY,oracle,I006:mass_transport:1,I006,mass_transport,w-pc-11,5,No unit able to provide mass transport could reach this ward within 45 minutes without pulling a unit off a higher-severity ward.
230.0,2024-07-24T12:20:00Z,REPLAY,oracle,I006:mass_transport:2,I006,mass_transport,w-pc-11,5,No unit able to provide mass transport could reach this ward within 45 minutes without pulling a unit off a higher-severity ward.
230.0,2024-07-24T12:20:00Z,REPLAY,oracle,I007:mass_transport:0,I007,mass_transport,w-pc-07,5,No unit able to provide mass transport could reach this ward within 45 minutes without pulling a unit off a higher-severity ward.
230.0,2024-07-24T12:20:00Z,REPLAY,oracle,I007:mass_transport:1,I007,mass_transport,w-pc-07,5,No unit able to provide mass transport could reach this ward within 45 minutes without pulling a unit off a higher-severity ward.
230.0,2024-07-24T12:20:00Z,REPLAY,oracle,I007:mass_transport:2,I007,mass_transport,w-pc-07,5,No unit able to provide mass transport could reach this ward within 45 minutes without pulling a unit off a higher-severity ward.
230.0,2024-07-24T12:20:00Z,REPLAY,oracle,I009:mass_transport:0,I009,mass_transport,w-pc-03,5,No unit able to provide mass transport could reach this ward within 45 minutes without pulling a unit off a higher-severity ward.
230.0,2024-07-24T12:20:00Z,REPLAY,oracle,I009:mass_transport:1,I009,mass_transport,w-pc-03,5,No unit able to provide mass transport could reach this ward within 45 minutes without pulling a unit off a higher-severity ward.
230.0,2024-07-24T12:20:00Z,REPLAY,oracle,I009:mass_transport:2,I009,mass_transport,w-pc-03,5,No unit able to provide mass transport could reach this ward within 45 minutes without pulling a unit off a higher-severity ward.
230.0,2024-07-24T12:20:00Z,REPLAY,oracle,I011:mass_transport:0,I011,mass_transport,w-pc-03,5,No unit able to provide mass transport could reach this ward within 45 minutes without pulling a unit off a higher-severity ward.
230.0,2024-07-24T12:20:00Z,REPLAY,oracle,I011:mass_transport:1,I011,mass_transport,w-pc-03,5,No unit able to provide mass transport could reach this ward within 45 minutes without pulling a unit off a higher-severity ward.
230.0,2024-07-24T12:20:00Z,REPLAY,oracle,I011:mass_transport:2,I011,mass_transport,w-pc-03,5,No unit able to provide mass transport could reach this ward within 45 minutes without pulling a unit off a higher-severity ward.
230.0,2024-07-24T12:20:00Z,REPLAY,oracle,I012:mass_transport:0,I012,mass_transport,w-pc-03,5,No unit able to provide mass transport could reach this ward within 45 minutes without pulling a unit off a higher-severity ward.
230.0,2024-07-24T12:20:00Z,REPLAY,oracle,I012:mass_transport:1,I012,mass_transport,w-pc-03,5,No unit able to provide mass transport could reach this ward within 45 minutes without pulling a unit off a higher-severity ward.
230.0,2024-07-24T12:20:00Z,REPLAY,oracle,I014:mass_transport:0,I014,mass_transport,w-pc-10,4,No unit able to provide mass transport could reach this ward within 45 minutes without pulling a unit off a higher-severity ward.
230.0,2024-07-24T12:20:00Z,REPLAY,oracle,I014:mass_transport:1,I014,mass_transport,w-pc-10,4,No unit able to provide mass transport could reach this ward within 45 minutes without pulling a unit off a higher-severity ward.
240.0,2024-07-24T12:30:00Z,REPLAY,oracle,I007:mass_transport:0,I007,mass_transport,w-pc-07,5,No unit able to provide mass transport within 45 minutes; the nearest free unit is already committed to a higher-severity ward.
240.0,2024-07-24T12:30:00Z,REPLAY,oracle,I007:mass_transport:1,I007,mass_transport,w-pc-07,5,No unit able to provide mass transport within 45 minutes; the nearest free unit is already committed to a higher-severity ward.
240.0,2024-07-24T12:30:00Z,REPLAY,oracle,I007:mass_transport:2,I007,mass_transport,w-pc-07,5,No unit able to provide mass transport within 45 minutes; the nearest free unit is already committed to a higher-severity ward.
240.0,2024-07-24T12:30:00Z,REPLAY,oracle,I009:mass_transport:0,I009,mass_transport,w-pc-03,5,No unit able to provide mass transport within 45 minutes; the nearest free unit is already committed to a higher-severity ward.
240.0,2024-07-24T12:30:00Z,REPLAY,oracle,I009:mass_transport:1,I009,mass_transport,w-pc-03,5,No unit able to provide mass transport within 45 minutes; the nearest free unit is already committed to a higher-severity ward.
240.0,2024-07-24T12:30:00Z,REPLAY,oracle,I009:mass_transport:2,I009,mass_transport,w-pc-03,5,No unit able to provide mass transport within 45 minutes; the nearest free unit is already committed to a higher-severity ward.
240.0,2024-07-24T12:30:00Z,REPLAY,oracle,I006:mass_transport:0,I006,mass_transport,w-pc-11,5,No unit able to provide mass transport within 45 minutes; the nearest free unit is already committed to a higher-severity ward.
240.0,2024-07-24T12:30:00Z,REPLAY,oracle,I006:mass_transport:1,I006,mass_transport,w-pc-11,5,No unit able to provide mass transport within 45 minutes; the nearest free unit is already committed to a higher-severity ward.
240.0,2024-07-24T12:30:00Z,REPLAY,oracle,I006:mass_transport:2,I006,mass_transport,w-pc-11,5,No unit able to provide mass transport within 45 minutes; the nearest free unit is already committed to a higher-severity ward.
240.0,2024-07-24T12:30:00Z,REPLAY,oracle,I011:mass_transport:0,I011,mass_transport,w-pc-03,5,No unit able to provide mass transport within 45 minutes; the nearest free unit is already committed to a higher-severity ward.
240.0,2024-07-24T12:30:00Z,REPLAY,oracle,I011:mass_transport:1,I011,mass_transport,w-pc-03,5,No unit able to provide mass transport within 45 minutes; the nearest free unit is already committed to a higher-severity ward.
240.0,2024-07-24T12:30:00Z,REPLAY,oracle,I011:mass_transport:2,I011,mass_transport,w-pc-03,5,No unit able to provide mass transport within 45 minutes; the nearest free unit is already committed to a higher-severity ward.
240.0,2024-07-24T12:30:00Z,REPLAY,oracle,I005:mass_transport:0,I005,mass_transport,w-pc-03,5,No unit able to provide mass transport within 45 minutes; the nearest free unit is already committed to a higher-severity ward.
240.0,2024-07-24T12:30:00Z,REPLAY,oracle,I005:mass_transport:1,I005,mass_transport,w-pc-03,5,No unit able to provide mass transport within 45 minutes; the nearest free unit is already committed to a higher-severity ward.
240.0,2024-07-24T12:30:00Z,REPLAY,oracle,I012:mass_transport:0,I012,mass_transport,w-pc-03,5,No unit able to provide mass transport within 45 minutes; the nearest free unit is already committed to a higher-severity ward.
240.0,2024-07-24T12:30:00Z,REPLAY,oracle,I012:mass_transport:1,I012,mass_transport,w-pc-03,5,No unit able to provide mass transport within 45 minutes; the nearest free unit is already committed to a higher-severity ward.
240.0,2024-07-24T12:30:00Z,REPLAY,oracle,I014:mass_transport:0,I014,mass_transport,w-pc-10,4,No unit able to provide mass transport within 45 minutes; the nearest free unit is already committed to a higher-severity ward.
240.0,2024-07-24T12:30:00Z,REPLAY,oracle,I014:mass_transport:1,I014,mass_transport,w-pc-10,4,No unit able to provide mass transport within 45 minutes; the nearest free unit is already committed to a higher-severity ward.
250.0,2024-07-24T12:40:00Z,REPLAY,oracle,I005:mass_transport:0,I005,mass_transport,w-pc-03,5,No unit able to provide mass transport could reach this ward within 45 minutes without pulling a unit off a higher-severity ward.
250.0,2024-07-24T12:40:00Z,REPLAY,oracle,I005:mass_transport:1,I005,mass_transport,w-pc-03,5,No unit able to provide mass transport could reach this ward within 45 minutes without pulling a unit off a higher-severity ward.
250.0,2024-07-24T12:40:00Z,REPLAY,oracle,I006:mass_transport:0,I006,mass_transport,w-pc-11,5,No unit able to provide mass transport could reach this ward within 45 minutes without pulling a unit off a higher-severity ward.
250.0,2024-07-24T12:40:00Z,REPLAY,oracle,I006:mass_transport:1,I006,mass_transport,w-pc-11,5,No unit able to provide mass transport could reach this ward within 45 minutes without pulling a unit off a higher-severity ward.
250.0,2024-07-24T12:40:00Z,REPLAY,oracle,I006:mass_transport:2,I006,mass_transport,w-pc-11,5,No unit able to provide mass transport could reach this ward within 45 minutes without pulling a unit off a higher-severity ward.
250.0,2024-07-24T12:40:00Z,REPLAY,oracle,I007:mass_transport:0,I007,mass_transport,w-pc-07,5,No unit able to provide mass transport could reach this ward within 45 minutes without pulling a unit off a higher-severity ward.
250.0,2024-07-24T12:40:00Z,REPLAY,oracle,I007:mass_transport:1,I007,mass_transport,w-pc-07,5,No unit able to provide mass transport could reach this ward within 45 minutes without pulling a unit off a higher-severity ward.
250.0,2024-07-24T12:40:00Z,REPLAY,oracle,I007:mass_transport:2,I007,mass_transport,w-pc-07,5,No unit able to provide mass transport could reach this ward within 45 minutes without pulling a unit off a higher-severity ward.
250.0,2024-07-24T12:40:00Z,REPLAY,oracle,I009:mass_transport:0,I009,mass_transport,w-pc-03,5,No unit able to provide mass transport could reach this ward within 45 minutes without pulling a unit off a higher-severity ward.
250.0,2024-07-24T12:40:00Z,REPLAY,oracle,I009:mass_transport:1,I009,mass_transport,w-pc-03,5,No unit able to provide mass transport could reach this ward within 45 minutes without pulling a unit off a higher-severity ward.
250.0,2024-07-24T12:40:00Z,REPLAY,oracle,I009:mass_transport:2,I009,mass_transport,w-pc-03,5,No unit able to provide mass transport could reach this ward within 45 minutes without pulling a unit off a higher-severity ward.
250.0,2024-07-24T12:40:00Z,REPLAY,oracle,I011:mass_transport:0,I011,mass_transport,w-pc-03,5,No unit able to provide mass transport could reach this ward within 45 minutes without pulling a unit off a higher-severity ward.
250.0,2024-07-24T12:40:00Z,REPLAY,oracle,I011:mass_transport:1,I011,mass_transport,w-pc-03,5,No unit able to provide mass transport could reach this ward within 45 minutes without pulling a unit off a higher-severity ward.
250.0,2024-07-24T12:40:00Z,REPLAY,oracle,I011:mass_transport:2,I011,mass_transport,w-pc-03,5,No unit able to provide mass transport could reach this ward within 45 minutes without pulling a unit off a higher-severity ward.
250.0,2024-07-24T12:40:00Z,REPLAY,oracle,I012:mass_transport:0,I012,mass_transport,w-pc-03,5,No unit able to provide mass transport could reach this ward within 45 minutes without pulling a unit off a higher-severity ward.
250.0,2024-07-24T12:40:00Z,REPLAY,oracle,I012:mass_transport:1,I012,mass_transport,w-pc-03,5,No unit able to provide mass transport could reach this ward within 45 minutes without pulling a unit off a higher-severity ward.
250.0,2024-07-24T12:40:00Z,REPLAY,oracle,I014:mass_transport:0,I014,mass_transport,w-pc-10,4,No unit able to provide mass transport could reach this ward within 45 minutes without pulling a unit off a higher-severity ward.
250.0,2024-07-24T12:40:00Z,REPLAY,oracle,I014:mass_transport:1,I014,mass_transport,w-pc-10,4,No unit able to provide mass transport could reach this ward within 45 minutes without pulling a unit off a higher-severity ward.
260.0,2024-07-24T12:50:00Z,REPLAY,oracle,I005:mass_transport:0,I005,mass_transport,w-pc-03,5,No unit able to provide mass transport could reach this ward within 45 minutes without pulling a unit off a higher-severity ward.
260.0,2024-07-24T12:50:00Z,REPLAY,oracle,I005:mass_transport:1,I005,mass_transport,w-pc-03,5,No unit able to provide mass transport could reach this ward within 45 minutes without pulling a unit off a higher-severity ward.
260.0,2024-07-24T12:50:00Z,REPLAY,oracle,I006:mass_transport:0,I006,mass_transport,w-pc-11,5,No unit able to provide mass transport could reach this ward within 45 minutes without pulling a unit off a higher-severity ward.
260.0,2024-07-24T12:50:00Z,REPLAY,oracle,I006:mass_transport:1,I006,mass_transport,w-pc-11,5,No unit able to provide mass transport could reach this ward within 45 minutes without pulling a unit off a higher-severity ward.
260.0,2024-07-24T12:50:00Z,REPLAY,oracle,I006:mass_transport:2,I006,mass_transport,w-pc-11,5,No unit able to provide mass transport could reach this ward within 45 minutes without pulling a unit off a higher-severity ward.
260.0,2024-07-24T12:50:00Z,REPLAY,oracle,I007:mass_transport:0,I007,mass_transport,w-pc-07,5,No unit able to provide mass transport could reach this ward within 45 minutes without pulling a unit off a higher-severity ward.
260.0,2024-07-24T12:50:00Z,REPLAY,oracle,I007:mass_transport:1,I007,mass_transport,w-pc-07,5,No unit able to provide mass transport could reach this ward within 45 minutes without pulling a unit off a higher-severity ward.
260.0,2024-07-24T12:50:00Z,REPLAY,oracle,I007:mass_transport:2,I007,mass_transport,w-pc-07,5,No unit able to provide mass transport could reach this ward within 45 minutes without pulling a unit off a higher-severity ward.
260.0,2024-07-24T12:50:00Z,REPLAY,oracle,I009:mass_transport:0,I009,mass_transport,w-pc-03,5,No unit able to provide mass transport could reach this ward within 45 minutes without pulling a unit off a higher-severity ward.
260.0,2024-07-24T12:50:00Z,REPLAY,oracle,I009:mass_transport:1,I009,mass_transport,w-pc-03,5,No unit able to provide mass transport could reach this ward within 45 minutes without pulling a unit off a higher-severity ward.
260.0,2024-07-24T12:50:00Z,REPLAY,oracle,I009:mass_transport:2,I009,mass_transport,w-pc-03,5,No unit able to provide mass transport could reach this ward within 45 minutes without pulling a unit off a higher-severity ward.
260.0,2024-07-24T12:50:00Z,REPLAY,oracle,I011:mass_transport:0,I011,mass_transport,w-pc-03,5,No unit able to provide mass transport could reach this ward within 45 minutes without pulling a unit off a higher-severity ward.
260.0,2024-07-24T12:50:00Z,REPLAY,oracle,I011:mass_transport:1,I011,mass_transport,w-pc-03,5,No unit able to provide mass transport could reach this ward within 45 minutes without pulling a unit off a higher-severity ward.
260.0,2024-07-24T12:50:00Z,REPLAY,oracle,I011:mass_transport:2,I011,mass_transport,w-pc-03,5,No unit able to provide mass transport could reach this ward within 45 minutes without pulling a unit off a higher-severity ward.
260.0,2024-07-24T12:50:00Z,REPLAY,oracle,I012:mass_transport:0,I012,mass_transport,w-pc-03,5,No unit able to provide mass transport could reach this ward within 45 minutes without pulling a unit off a higher-severity ward.
260.0,2024-07-24T12:50:00Z,REPLAY,oracle,I012:mass_transport:1,I012,mass_transport,w-pc-03,5,No unit able to provide mass transport could reach this ward within 45 minutes without pulling a unit off a higher-severity ward.
260.0,2024-07-24T12:50:00Z,REPLAY,oracle,I014:mass_transport:0,I014,mass_transport,w-pc-10,4,No unit able to provide mass transport could reach this ward within 45 minutes without pulling a unit off a higher-severity ward.
260.0,2024-07-24T12:50:00Z,REPLAY,oracle,I014:mass_transport:1,I014,mass_transport,w-pc-10,4,No unit able to provide mass transport could reach this ward within 45 minutes without pulling a unit off a higher-severity ward.
260.0,2024-07-24T12:50:00Z,REPLAY,oracle,I016:mass_transport:0,I016,mass_transport,w-pc-03,5,No unit able to provide mass transport could reach this ward within 45 minutes without pulling a unit off a higher-severity ward.
260.0,2024-07-24T12:50:00Z,REPLAY,oracle,I016:mass_transport:1,I016,mass_transport,w-pc-03,5,No unit able to provide mass transport could reach this ward within 45 minutes without pulling a unit off a higher-severity ward.
260.0,2024-07-24T12:50:00Z,REPLAY,oracle,I016:mass_transport:2,I016,mass_transport,w-pc-03,5,No unit able to provide mass transport could reach this ward within 45 minutes without pulling a unit off a higher-severity ward.
270.0,2024-07-24T13:00:00Z,REPLAY,oracle,I005:mass_transport:0,I005,mass_transport,w-pc-03,5,No unit able to provide mass transport could reach this ward within 45 minutes without pulling a unit off a higher-severity ward.
270.0,2024-07-24T13:00:00Z,REPLAY,oracle,I005:mass_transport:1,I005,mass_transport,w-pc-03,5,No unit able to provide mass transport could reach this ward within 45 minutes without pulling a unit off a higher-severity ward.
270.0,2024-07-24T13:00:00Z,REPLAY,oracle,I006:mass_transport:0,I006,mass_transport,w-pc-11,5,No unit able to provide mass transport could reach this ward within 45 minutes without pulling a unit off a higher-severity ward.
270.0,2024-07-24T13:00:00Z,REPLAY,oracle,I006:mass_transport:1,I006,mass_transport,w-pc-11,5,No unit able to provide mass transport could reach this ward within 45 minutes without pulling a unit off a higher-severity ward.
270.0,2024-07-24T13:00:00Z,REPLAY,oracle,I006:mass_transport:2,I006,mass_transport,w-pc-11,5,No unit able to provide mass transport could reach this ward within 45 minutes without pulling a unit off a higher-severity ward.
270.0,2024-07-24T13:00:00Z,REPLAY,oracle,I007:mass_transport:0,I007,mass_transport,w-pc-07,5,No unit able to provide mass transport could reach this ward within 45 minutes without pulling a unit off a higher-severity ward.
270.0,2024-07-24T13:00:00Z,REPLAY,oracle,I007:mass_transport:1,I007,mass_transport,w-pc-07,5,No unit able to provide mass transport could reach this ward within 45 minutes without pulling a unit off a higher-severity ward.
270.0,2024-07-24T13:00:00Z,REPLAY,oracle,I007:mass_transport:2,I007,mass_transport,w-pc-07,5,No unit able to provide mass transport could reach this ward within 45 minutes without pulling a unit off a higher-severity ward.
270.0,2024-07-24T13:00:00Z,REPLAY,oracle,I009:mass_transport:0,I009,mass_transport,w-pc-03,5,No unit able to provide mass transport could reach this ward within 45 minutes without pulling a unit off a higher-severity ward.
270.0,2024-07-24T13:00:00Z,REPLAY,oracle,I009:mass_transport:1,I009,mass_transport,w-pc-03,5,No unit able to provide mass transport could reach this ward within 45 minutes without pulling a unit off a higher-severity ward.
270.0,2024-07-24T13:00:00Z,REPLAY,oracle,I009:mass_transport:2,I009,mass_transport,w-pc-03,5,No unit able to provide mass transport could reach this ward within 45 minutes without pulling a unit off a higher-severity ward.
270.0,2024-07-24T13:00:00Z,REPLAY,oracle,I011:mass_transport:0,I011,mass_transport,w-pc-03,5,No unit able to provide mass transport could reach this ward within 45 minutes without pulling a unit off a higher-severity ward.
270.0,2024-07-24T13:00:00Z,REPLAY,oracle,I011:mass_transport:1,I011,mass_transport,w-pc-03,5,No unit able to provide mass transport could reach this ward within 45 minutes without pulling a unit off a higher-severity ward.
270.0,2024-07-24T13:00:00Z,REPLAY,oracle,I011:mass_transport:2,I011,mass_transport,w-pc-03,5,No unit able to provide mass transport could reach this ward within 45 minutes without pulling a unit off a higher-severity ward.
270.0,2024-07-24T13:00:00Z,REPLAY,oracle,I012:mass_transport:0,I012,mass_transport,w-pc-03,5,No unit able to provide mass transport could reach this ward within 45 minutes without pulling a unit off a higher-severity ward.
270.0,2024-07-24T13:00:00Z,REPLAY,oracle,I012:mass_transport:1,I012,mass_transport,w-pc-03,5,No unit able to provide mass transport could reach this ward within 45 minutes without pulling a unit off a higher-severity ward.
270.0,2024-07-24T13:00:00Z,REPLAY,oracle,I014:mass_transport:0,I014,mass_transport,w-pc-10,4,No unit able to provide mass transport could reach this ward within 45 minutes without pulling a unit off a higher-severity ward.
270.0,2024-07-24T13:00:00Z,REPLAY,oracle,I014:mass_transport:1,I014,mass_transport,w-pc-10,4,No unit able to provide mass transport could reach this ward within 45 minutes without pulling a unit off a higher-severity ward.
270.0,2024-07-24T13:00:00Z,REPLAY,oracle,I016:mass_transport:0,I016,mass_transport,w-pc-03,5,No unit able to provide mass transport could reach this ward within 45 minutes without pulling a unit off a higher-severity ward.
270.0,2024-07-24T13:00:00Z,REPLAY,oracle,I016:mass_transport:1,I016,mass_transport,w-pc-03,5,No unit able to provide mass transport could reach this ward within 45 minutes without pulling a unit off a higher-severity ward.
270.0,2024-07-24T13:00:00Z,REPLAY,oracle,I016:mass_transport:2,I016,mass_transport,w-pc-03,5,No unit able to provide mass transport could reach this ward within 45 minutes without pulling a unit off a higher-severity ward.
280.0,2024-07-24T13:10:00Z,REPLAY,oracle,I005:mass_transport:0,I005,mass_transport,w-pc-03,5,No unit able to provide mass transport could reach this ward within 45 minutes without pulling a unit off a higher-severity ward.
280.0,2024-07-24T13:10:00Z,REPLAY,oracle,I005:mass_transport:1,I005,mass_transport,w-pc-03,5,No unit able to provide mass transport could reach this ward within 45 minutes without pulling a unit off a higher-severity ward.
280.0,2024-07-24T13:10:00Z,REPLAY,oracle,I006:mass_transport:0,I006,mass_transport,w-pc-11,5,No unit able to provide mass transport could reach this ward within 45 minutes without pulling a unit off a higher-severity ward.
280.0,2024-07-24T13:10:00Z,REPLAY,oracle,I006:mass_transport:1,I006,mass_transport,w-pc-11,5,No unit able to provide mass transport could reach this ward within 45 minutes without pulling a unit off a higher-severity ward.
280.0,2024-07-24T13:10:00Z,REPLAY,oracle,I006:mass_transport:2,I006,mass_transport,w-pc-11,5,No unit able to provide mass transport could reach this ward within 45 minutes without pulling a unit off a higher-severity ward.
280.0,2024-07-24T13:10:00Z,REPLAY,oracle,I007:mass_transport:0,I007,mass_transport,w-pc-07,5,No unit able to provide mass transport could reach this ward within 45 minutes without pulling a unit off a higher-severity ward.
280.0,2024-07-24T13:10:00Z,REPLAY,oracle,I007:mass_transport:1,I007,mass_transport,w-pc-07,5,No unit able to provide mass transport could reach this ward within 45 minutes without pulling a unit off a higher-severity ward.
280.0,2024-07-24T13:10:00Z,REPLAY,oracle,I007:mass_transport:2,I007,mass_transport,w-pc-07,5,No unit able to provide mass transport could reach this ward within 45 minutes without pulling a unit off a higher-severity ward.
280.0,2024-07-24T13:10:00Z,REPLAY,oracle,I009:mass_transport:0,I009,mass_transport,w-pc-03,5,No unit able to provide mass transport could reach this ward within 45 minutes without pulling a unit off a higher-severity ward.
280.0,2024-07-24T13:10:00Z,REPLAY,oracle,I009:mass_transport:1,I009,mass_transport,w-pc-03,5,No unit able to provide mass transport could reach this ward within 45 minutes without pulling a unit off a higher-severity ward.
280.0,2024-07-24T13:10:00Z,REPLAY,oracle,I009:mass_transport:2,I009,mass_transport,w-pc-03,5,No unit able to provide mass transport could reach this ward within 45 minutes without pulling a unit off a higher-severity ward.
280.0,2024-07-24T13:10:00Z,REPLAY,oracle,I011:mass_transport:0,I011,mass_transport,w-pc-03,5,No unit able to provide mass transport could reach this ward within 45 minutes without pulling a unit off a higher-severity ward.
280.0,2024-07-24T13:10:00Z,REPLAY,oracle,I011:mass_transport:1,I011,mass_transport,w-pc-03,5,No unit able to provide mass transport could reach this ward within 45 minutes without pulling a unit off a higher-severity ward.
280.0,2024-07-24T13:10:00Z,REPLAY,oracle,I011:mass_transport:2,I011,mass_transport,w-pc-03,5,No unit able to provide mass transport could reach this ward within 45 minutes without pulling a unit off a higher-severity ward.
280.0,2024-07-24T13:10:00Z,REPLAY,oracle,I012:mass_transport:0,I012,mass_transport,w-pc-03,5,No unit able to provide mass transport could reach this ward within 45 minutes without pulling a unit off a higher-severity ward.
280.0,2024-07-24T13:10:00Z,REPLAY,oracle,I012:mass_transport:1,I012,mass_transport,w-pc-03,5,No unit able to provide mass transport could reach this ward within 45 minutes without pulling a unit off a higher-severity ward.
280.0,2024-07-24T13:10:00Z,REPLAY,oracle,I014:mass_transport:0,I014,mass_transport,w-pc-10,4,No unit able to provide mass transport could reach this ward within 45 minutes without pulling a unit off a higher-severity ward.
280.0,2024-07-24T13:10:00Z,REPLAY,oracle,I014:mass_transport:1,I014,mass_transport,w-pc-10,4,No unit able to provide mass transport could reach this ward within 45 minutes without pulling a unit off a higher-severity ward.
280.0,2024-07-24T13:10:00Z,REPLAY,oracle,I016:mass_transport:0,I016,mass_transport,w-pc-03,5,No unit able to provide mass transport could reach this ward within 45 minutes without pulling a unit off a higher-severity ward.
280.0,2024-07-24T13:10:00Z,REPLAY,oracle,I016:mass_transport:1,I016,mass_transport,w-pc-03,5,No unit able to provide mass transport could reach this ward within 45 minutes without pulling a unit off a higher-severity ward.
280.0,2024-07-24T13:10:00Z,REPLAY,oracle,I016:mass_transport:2,I016,mass_transport,w-pc-03,5,No unit able to provide mass transport could reach this ward within 45 minutes without pulling a unit off a higher-severity ward.
290.0,2024-07-24T13:20:00Z,REPLAY,oracle,I005:mass_transport:0,I005,mass_transport,w-pc-03,5,No unit able to provide mass transport could reach this ward within 45 minutes without pulling a unit off a higher-severity ward.
290.0,2024-07-24T13:20:00Z,REPLAY,oracle,I005:mass_transport:1,I005,mass_transport,w-pc-03,5,No unit able to provide mass transport could reach this ward within 45 minutes without pulling a unit off a higher-severity ward.
290.0,2024-07-24T13:20:00Z,REPLAY,oracle,I006:mass_transport:0,I006,mass_transport,w-pc-11,5,No unit able to provide mass transport could reach this ward within 45 minutes without pulling a unit off a higher-severity ward.
290.0,2024-07-24T13:20:00Z,REPLAY,oracle,I006:mass_transport:1,I006,mass_transport,w-pc-11,5,No unit able to provide mass transport could reach this ward within 45 minutes without pulling a unit off a higher-severity ward.
290.0,2024-07-24T13:20:00Z,REPLAY,oracle,I006:mass_transport:2,I006,mass_transport,w-pc-11,5,No unit able to provide mass transport could reach this ward within 45 minutes without pulling a unit off a higher-severity ward.
290.0,2024-07-24T13:20:00Z,REPLAY,oracle,I007:mass_transport:0,I007,mass_transport,w-pc-07,5,No unit able to provide mass transport could reach this ward within 45 minutes without pulling a unit off a higher-severity ward.
290.0,2024-07-24T13:20:00Z,REPLAY,oracle,I007:mass_transport:1,I007,mass_transport,w-pc-07,5,No unit able to provide mass transport could reach this ward within 45 minutes without pulling a unit off a higher-severity ward.
290.0,2024-07-24T13:20:00Z,REPLAY,oracle,I007:mass_transport:2,I007,mass_transport,w-pc-07,5,No unit able to provide mass transport could reach this ward within 45 minutes without pulling a unit off a higher-severity ward.
290.0,2024-07-24T13:20:00Z,REPLAY,oracle,I009:mass_transport:0,I009,mass_transport,w-pc-03,5,No unit able to provide mass transport could reach this ward within 45 minutes without pulling a unit off a higher-severity ward.
290.0,2024-07-24T13:20:00Z,REPLAY,oracle,I009:mass_transport:1,I009,mass_transport,w-pc-03,5,No unit able to provide mass transport could reach this ward within 45 minutes without pulling a unit off a higher-severity ward.
290.0,2024-07-24T13:20:00Z,REPLAY,oracle,I009:mass_transport:2,I009,mass_transport,w-pc-03,5,No unit able to provide mass transport could reach this ward within 45 minutes without pulling a unit off a higher-severity ward.
290.0,2024-07-24T13:20:00Z,REPLAY,oracle,I011:mass_transport:0,I011,mass_transport,w-pc-03,5,No unit able to provide mass transport could reach this ward within 45 minutes without pulling a unit off a higher-severity ward.
290.0,2024-07-24T13:20:00Z,REPLAY,oracle,I011:mass_transport:1,I011,mass_transport,w-pc-03,5,No unit able to provide mass transport could reach this ward within 45 minutes without pulling a unit off a higher-severity ward.
290.0,2024-07-24T13:20:00Z,REPLAY,oracle,I011:mass_transport:2,I011,mass_transport,w-pc-03,5,No unit able to provide mass transport could reach this ward within 45 minutes without pulling a unit off a higher-severity ward.
290.0,2024-07-24T13:20:00Z,REPLAY,oracle,I012:mass_transport:0,I012,mass_transport,w-pc-03,5,No unit able to provide mass transport could reach this ward within 45 minutes without pulling a unit off a higher-severity ward.
290.0,2024-07-24T13:20:00Z,REPLAY,oracle,I012:mass_transport:1,I012,mass_transport,w-pc-03,5,No unit able to provide mass transport could reach this ward within 45 minutes without pulling a unit off a higher-severity ward.
290.0,2024-07-24T13:20:00Z,REPLAY,oracle,I014:mass_transport:0,I014,mass_transport,w-pc-10,4,No unit able to provide mass transport could reach this ward within 45 minutes without pulling a unit off a higher-severity ward.
290.0,2024-07-24T13:20:00Z,REPLAY,oracle,I014:mass_transport:1,I014,mass_transport,w-pc-10,4,No unit able to provide mass transport could reach this ward within 45 minutes without pulling a unit off a higher-severity ward.
290.0,2024-07-24T13:20:00Z,REPLAY,oracle,I016:mass_transport:0,I016,mass_transport,w-pc-03,5,No unit able to provide mass transport could reach this ward within 45 minutes without pulling a unit off a higher-severity ward.
290.0,2024-07-24T13:20:00Z,REPLAY,oracle,I016:mass_transport:1,I016,mass_transport,w-pc-03,5,No unit able to provide mass transport could reach this ward within 45 minutes without pulling a unit off a higher-severity ward.
290.0,2024-07-24T13:20:00Z,REPLAY,oracle,I016:mass_transport:2,I016,mass_transport,w-pc-03,5,No unit able to provide mass transport could reach this ward within 45 minutes without pulling a unit off a higher-severity ward.
300.0,2024-07-24T13:30:00Z,REPLAY,oracle,I005:mass_transport:0,I005,mass_transport,w-pc-03,5,No unit able to provide mass transport could reach this ward within 45 minutes without pulling a unit off a higher-severity ward.
300.0,2024-07-24T13:30:00Z,REPLAY,oracle,I005:mass_transport:1,I005,mass_transport,w-pc-03,5,No unit able to provide mass transport could reach this ward within 45 minutes without pulling a unit off a higher-severity ward.
300.0,2024-07-24T13:30:00Z,REPLAY,oracle,I006:mass_transport:0,I006,mass_transport,w-pc-11,5,No unit able to provide mass transport could reach this ward within 45 minutes without pulling a unit off a higher-severity ward.
300.0,2024-07-24T13:30:00Z,REPLAY,oracle,I006:mass_transport:1,I006,mass_transport,w-pc-11,5,No unit able to provide mass transport could reach this ward within 45 minutes without pulling a unit off a higher-severity ward.
300.0,2024-07-24T13:30:00Z,REPLAY,oracle,I006:mass_transport:2,I006,mass_transport,w-pc-11,5,No unit able to provide mass transport could reach this ward within 45 minutes without pulling a unit off a higher-severity ward.
300.0,2024-07-24T13:30:00Z,REPLAY,oracle,I007:mass_transport:0,I007,mass_transport,w-pc-07,5,No unit able to provide mass transport could reach this ward within 45 minutes without pulling a unit off a higher-severity ward.
300.0,2024-07-24T13:30:00Z,REPLAY,oracle,I007:mass_transport:1,I007,mass_transport,w-pc-07,5,No unit able to provide mass transport could reach this ward within 45 minutes without pulling a unit off a higher-severity ward.
300.0,2024-07-24T13:30:00Z,REPLAY,oracle,I007:mass_transport:2,I007,mass_transport,w-pc-07,5,No unit able to provide mass transport could reach this ward within 45 minutes without pulling a unit off a higher-severity ward.
300.0,2024-07-24T13:30:00Z,REPLAY,oracle,I009:mass_transport:0,I009,mass_transport,w-pc-03,5,No unit able to provide mass transport could reach this ward within 45 minutes without pulling a unit off a higher-severity ward.
300.0,2024-07-24T13:30:00Z,REPLAY,oracle,I009:mass_transport:1,I009,mass_transport,w-pc-03,5,No unit able to provide mass transport could reach this ward within 45 minutes without pulling a unit off a higher-severity ward.
300.0,2024-07-24T13:30:00Z,REPLAY,oracle,I009:mass_transport:2,I009,mass_transport,w-pc-03,5,No unit able to provide mass transport could reach this ward within 45 minutes without pulling a unit off a higher-severity ward.
300.0,2024-07-24T13:30:00Z,REPLAY,oracle,I011:mass_transport:0,I011,mass_transport,w-pc-03,5,No unit able to provide mass transport could reach this ward within 45 minutes without pulling a unit off a higher-severity ward.
300.0,2024-07-24T13:30:00Z,REPLAY,oracle,I011:mass_transport:1,I011,mass_transport,w-pc-03,5,No unit able to provide mass transport could reach this ward within 45 minutes without pulling a unit off a higher-severity ward.
300.0,2024-07-24T13:30:00Z,REPLAY,oracle,I011:mass_transport:2,I011,mass_transport,w-pc-03,5,No unit able to provide mass transport could reach this ward within 45 minutes without pulling a unit off a higher-severity ward.
300.0,2024-07-24T13:30:00Z,REPLAY,oracle,I012:mass_transport:0,I012,mass_transport,w-pc-03,5,No unit able to provide mass transport could reach this ward within 45 minutes without pulling a unit off a higher-severity ward.
300.0,2024-07-24T13:30:00Z,REPLAY,oracle,I012:mass_transport:1,I012,mass_transport,w-pc-03,5,No unit able to provide mass transport could reach this ward within 45 minutes without pulling a unit off a higher-severity ward.
300.0,2024-07-24T13:30:00Z,REPLAY,oracle,I014:mass_transport:0,I014,mass_transport,w-pc-10,4,No unit able to provide mass transport could reach this ward within 45 minutes without pulling a unit off a higher-severity ward.
300.0,2024-07-24T13:30:00Z,REPLAY,oracle,I014:mass_transport:1,I014,mass_transport,w-pc-10,4,No unit able to provide mass transport could reach this ward within 45 minutes without pulling a unit off a higher-severity ward.
300.0,2024-07-24T13:30:00Z,REPLAY,oracle,I016:mass_transport:0,I016,mass_transport,w-pc-03,5,No unit able to provide mass transport could reach this ward within 45 minutes without pulling a unit off a higher-severity ward.
300.0,2024-07-24T13:30:00Z,REPLAY,oracle,I016:mass_transport:1,I016,mass_transport,w-pc-03,5,No unit able to provide mass transport could reach this ward within 45 minutes without pulling a unit off a higher-severity ward.
300.0,2024-07-24T13:30:00Z,REPLAY,oracle,I016:mass_transport:2,I016,mass_transport,w-pc-03,5,No unit able to provide mass transport could reach this ward within 45 minutes without pulling a unit off a higher-severity ward.
310.0,2024-07-24T13:40:00Z,REPLAY,oracle,I005:mass_transport:0,I005,mass_transport,w-pc-03,5,No unit able to provide mass transport could reach this ward within 45 minutes without pulling a unit off a higher-severity ward.
310.0,2024-07-24T13:40:00Z,REPLAY,oracle,I005:mass_transport:1,I005,mass_transport,w-pc-03,5,No unit able to provide mass transport could reach this ward within 45 minutes without pulling a unit off a higher-severity ward.
310.0,2024-07-24T13:40:00Z,REPLAY,oracle,I006:mass_transport:0,I006,mass_transport,w-pc-11,5,No unit able to provide mass transport could reach this ward within 45 minutes without pulling a unit off a higher-severity ward.
310.0,2024-07-24T13:40:00Z,REPLAY,oracle,I006:mass_transport:1,I006,mass_transport,w-pc-11,5,No unit able to provide mass transport could reach this ward within 45 minutes without pulling a unit off a higher-severity ward.
310.0,2024-07-24T13:40:00Z,REPLAY,oracle,I006:mass_transport:2,I006,mass_transport,w-pc-11,5,No unit able to provide mass transport could reach this ward within 45 minutes without pulling a unit off a higher-severity ward.
310.0,2024-07-24T13:40:00Z,REPLAY,oracle,I007:mass_transport:0,I007,mass_transport,w-pc-07,5,No unit able to provide mass transport could reach this ward within 45 minutes without pulling a unit off a higher-severity ward.
310.0,2024-07-24T13:40:00Z,REPLAY,oracle,I007:mass_transport:1,I007,mass_transport,w-pc-07,5,No unit able to provide mass transport could reach this ward within 45 minutes without pulling a unit off a higher-severity ward.
310.0,2024-07-24T13:40:00Z,REPLAY,oracle,I007:mass_transport:2,I007,mass_transport,w-pc-07,5,No unit able to provide mass transport could reach this ward within 45 minutes without pulling a unit off a higher-severity ward.
310.0,2024-07-24T13:40:00Z,REPLAY,oracle,I009:mass_transport:0,I009,mass_transport,w-pc-03,5,No unit able to provide mass transport could reach this ward within 45 minutes without pulling a unit off a higher-severity ward.
310.0,2024-07-24T13:40:00Z,REPLAY,oracle,I009:mass_transport:1,I009,mass_transport,w-pc-03,5,No unit able to provide mass transport could reach this ward within 45 minutes without pulling a unit off a higher-severity ward.
310.0,2024-07-24T13:40:00Z,REPLAY,oracle,I009:mass_transport:2,I009,mass_transport,w-pc-03,5,No unit able to provide mass transport could reach this ward within 45 minutes without pulling a unit off a higher-severity ward.
310.0,2024-07-24T13:40:00Z,REPLAY,oracle,I011:mass_transport:0,I011,mass_transport,w-pc-03,5,No unit able to provide mass transport could reach this ward within 45 minutes without pulling a unit off a higher-severity ward.
310.0,2024-07-24T13:40:00Z,REPLAY,oracle,I011:mass_transport:1,I011,mass_transport,w-pc-03,5,No unit able to provide mass transport could reach this ward within 45 minutes without pulling a unit off a higher-severity ward.
310.0,2024-07-24T13:40:00Z,REPLAY,oracle,I011:mass_transport:2,I011,mass_transport,w-pc-03,5,No unit able to provide mass transport could reach this ward within 45 minutes without pulling a unit off a higher-severity ward.
310.0,2024-07-24T13:40:00Z,REPLAY,oracle,I012:mass_transport:0,I012,mass_transport,w-pc-03,5,No unit able to provide mass transport could reach this ward within 45 minutes without pulling a unit off a higher-severity ward.
310.0,2024-07-24T13:40:00Z,REPLAY,oracle,I012:mass_transport:1,I012,mass_transport,w-pc-03,5,No unit able to provide mass transport could reach this ward within 45 minutes without pulling a unit off a higher-severity ward.
310.0,2024-07-24T13:40:00Z,REPLAY,oracle,I014:mass_transport:0,I014,mass_transport,w-pc-10,4,No unit able to provide mass transport could reach this ward within 45 minutes without pulling a unit off a higher-severity ward.
310.0,2024-07-24T13:40:00Z,REPLAY,oracle,I014:mass_transport:1,I014,mass_transport,w-pc-10,4,No unit able to provide mass transport could reach this ward within 45 minutes without pulling a unit off a higher-severity ward.
310.0,2024-07-24T13:40:00Z,REPLAY,oracle,I016:mass_transport:0,I016,mass_transport,w-pc-03,5,No unit able to provide mass transport could reach this ward within 45 minutes without pulling a unit off a higher-severity ward.
310.0,2024-07-24T13:40:00Z,REPLAY,oracle,I016:mass_transport:1,I016,mass_transport,w-pc-03,5,No unit able to provide mass transport could reach this ward within 45 minutes without pulling a unit off a higher-severity ward.
310.0,2024-07-24T13:40:00Z,REPLAY,oracle,I016:mass_transport:2,I016,mass_transport,w-pc-03,5,No unit able to provide mass transport could reach this ward within 45 minutes without pulling a unit off a higher-severity ward.
320.0,2024-07-24T13:50:00Z,REPLAY,oracle,I005:mass_transport:0,I005,mass_transport,w-pc-03,5,No unit able to provide mass transport could reach this ward within 45 minutes without pulling a unit off a higher-severity ward.
320.0,2024-07-24T13:50:00Z,REPLAY,oracle,I005:mass_transport:1,I005,mass_transport,w-pc-03,5,No unit able to provide mass transport could reach this ward within 45 minutes without pulling a unit off a higher-severity ward.
320.0,2024-07-24T13:50:00Z,REPLAY,oracle,I006:mass_transport:0,I006,mass_transport,w-pc-11,5,No unit able to provide mass transport could reach this ward within 45 minutes without pulling a unit off a higher-severity ward.
320.0,2024-07-24T13:50:00Z,REPLAY,oracle,I006:mass_transport:1,I006,mass_transport,w-pc-11,5,No unit able to provide mass transport could reach this ward within 45 minutes without pulling a unit off a higher-severity ward.
320.0,2024-07-24T13:50:00Z,REPLAY,oracle,I006:mass_transport:2,I006,mass_transport,w-pc-11,5,No unit able to provide mass transport could reach this ward within 45 minutes without pulling a unit off a higher-severity ward.
320.0,2024-07-24T13:50:00Z,REPLAY,oracle,I007:mass_transport:0,I007,mass_transport,w-pc-07,5,No unit able to provide mass transport could reach this ward within 45 minutes without pulling a unit off a higher-severity ward.
320.0,2024-07-24T13:50:00Z,REPLAY,oracle,I007:mass_transport:1,I007,mass_transport,w-pc-07,5,No unit able to provide mass transport could reach this ward within 45 minutes without pulling a unit off a higher-severity ward.
320.0,2024-07-24T13:50:00Z,REPLAY,oracle,I007:mass_transport:2,I007,mass_transport,w-pc-07,5,No unit able to provide mass transport could reach this ward within 45 minutes without pulling a unit off a higher-severity ward.
320.0,2024-07-24T13:50:00Z,REPLAY,oracle,I009:mass_transport:0,I009,mass_transport,w-pc-03,5,No unit able to provide mass transport could reach this ward within 45 minutes without pulling a unit off a higher-severity ward.
320.0,2024-07-24T13:50:00Z,REPLAY,oracle,I009:mass_transport:1,I009,mass_transport,w-pc-03,5,No unit able to provide mass transport could reach this ward within 45 minutes without pulling a unit off a higher-severity ward.
320.0,2024-07-24T13:50:00Z,REPLAY,oracle,I009:mass_transport:2,I009,mass_transport,w-pc-03,5,No unit able to provide mass transport could reach this ward within 45 minutes without pulling a unit off a higher-severity ward.
320.0,2024-07-24T13:50:00Z,REPLAY,oracle,I011:mass_transport:0,I011,mass_transport,w-pc-03,5,No unit able to provide mass transport could reach this ward within 45 minutes without pulling a unit off a higher-severity ward.
320.0,2024-07-24T13:50:00Z,REPLAY,oracle,I011:mass_transport:1,I011,mass_transport,w-pc-03,5,No unit able to provide mass transport could reach this ward within 45 minutes without pulling a unit off a higher-severity ward.
320.0,2024-07-24T13:50:00Z,REPLAY,oracle,I011:mass_transport:2,I011,mass_transport,w-pc-03,5,No unit able to provide mass transport could reach this ward within 45 minutes without pulling a unit off a higher-severity ward.
320.0,2024-07-24T13:50:00Z,REPLAY,oracle,I012:mass_transport:0,I012,mass_transport,w-pc-03,5,No unit able to provide mass transport could reach this ward within 45 minutes without pulling a unit off a higher-severity ward.
320.0,2024-07-24T13:50:00Z,REPLAY,oracle,I012:mass_transport:1,I012,mass_transport,w-pc-03,5,No unit able to provide mass transport could reach this ward within 45 minutes without pulling a unit off a higher-severity ward.
320.0,2024-07-24T13:50:00Z,REPLAY,oracle,I014:mass_transport:0,I014,mass_transport,w-pc-10,4,No unit able to provide mass transport could reach this ward within 45 minutes without pulling a unit off a higher-severity ward.
320.0,2024-07-24T13:50:00Z,REPLAY,oracle,I014:mass_transport:1,I014,mass_transport,w-pc-10,4,No unit able to provide mass transport could reach this ward within 45 minutes without pulling a unit off a higher-severity ward.
320.0,2024-07-24T13:50:00Z,REPLAY,oracle,I016:mass_transport:0,I016,mass_transport,w-pc-03,5,No unit able to provide mass transport could reach this ward within 45 minutes without pulling a unit off a higher-severity ward.
320.0,2024-07-24T13:50:00Z,REPLAY,oracle,I016:mass_transport:1,I016,mass_transport,w-pc-03,5,No unit able to provide mass transport could reach this ward within 45 minutes without pulling a unit off a higher-severity ward.
320.0,2024-07-24T13:50:00Z,REPLAY,oracle,I016:mass_transport:2,I016,mass_transport,w-pc-03,5,No unit able to provide mass transport could reach this ward within 45 minutes without pulling a unit off a higher-severity ward.
330.0,2024-07-24T14:00:00Z,REPLAY,oracle,I005:mass_transport:0,I005,mass_transport,w-pc-03,5,No unit able to provide mass transport could reach this ward within 45 minutes without pulling a unit off a higher-severity ward.
330.0,2024-07-24T14:00:00Z,REPLAY,oracle,I005:mass_transport:1,I005,mass_transport,w-pc-03,5,No unit able to provide mass transport could reach this ward within 45 minutes without pulling a unit off a higher-severity ward.
330.0,2024-07-24T14:00:00Z,REPLAY,oracle,I006:mass_transport:0,I006,mass_transport,w-pc-11,5,No unit able to provide mass transport could reach this ward within 45 minutes without pulling a unit off a higher-severity ward.
330.0,2024-07-24T14:00:00Z,REPLAY,oracle,I006:mass_transport:1,I006,mass_transport,w-pc-11,5,No unit able to provide mass transport could reach this ward within 45 minutes without pulling a unit off a higher-severity ward.
330.0,2024-07-24T14:00:00Z,REPLAY,oracle,I006:mass_transport:2,I006,mass_transport,w-pc-11,5,No unit able to provide mass transport could reach this ward within 45 minutes without pulling a unit off a higher-severity ward.
330.0,2024-07-24T14:00:00Z,REPLAY,oracle,I007:mass_transport:0,I007,mass_transport,w-pc-07,5,No unit able to provide mass transport could reach this ward within 45 minutes without pulling a unit off a higher-severity ward.
330.0,2024-07-24T14:00:00Z,REPLAY,oracle,I007:mass_transport:1,I007,mass_transport,w-pc-07,5,No unit able to provide mass transport could reach this ward within 45 minutes without pulling a unit off a higher-severity ward.
330.0,2024-07-24T14:00:00Z,REPLAY,oracle,I007:mass_transport:2,I007,mass_transport,w-pc-07,5,No unit able to provide mass transport could reach this ward within 45 minutes without pulling a unit off a higher-severity ward.
330.0,2024-07-24T14:00:00Z,REPLAY,oracle,I009:mass_transport:0,I009,mass_transport,w-pc-03,5,No unit able to provide mass transport could reach this ward within 45 minutes without pulling a unit off a higher-severity ward.
330.0,2024-07-24T14:00:00Z,REPLAY,oracle,I009:mass_transport:1,I009,mass_transport,w-pc-03,5,No unit able to provide mass transport could reach this ward within 45 minutes without pulling a unit off a higher-severity ward.
330.0,2024-07-24T14:00:00Z,REPLAY,oracle,I009:mass_transport:2,I009,mass_transport,w-pc-03,5,No unit able to provide mass transport could reach this ward within 45 minutes without pulling a unit off a higher-severity ward.
330.0,2024-07-24T14:00:00Z,REPLAY,oracle,I011:mass_transport:0,I011,mass_transport,w-pc-03,5,No unit able to provide mass transport could reach this ward within 45 minutes without pulling a unit off a higher-severity ward.
330.0,2024-07-24T14:00:00Z,REPLAY,oracle,I011:mass_transport:1,I011,mass_transport,w-pc-03,5,No unit able to provide mass transport could reach this ward within 45 minutes without pulling a unit off a higher-severity ward.
330.0,2024-07-24T14:00:00Z,REPLAY,oracle,I011:mass_transport:2,I011,mass_transport,w-pc-03,5,No unit able to provide mass transport could reach this ward within 45 minutes without pulling a unit off a higher-severity ward.
330.0,2024-07-24T14:00:00Z,REPLAY,oracle,I012:mass_transport:0,I012,mass_transport,w-pc-03,5,No unit able to provide mass transport could reach this ward within 45 minutes without pulling a unit off a higher-severity ward.
330.0,2024-07-24T14:00:00Z,REPLAY,oracle,I012:mass_transport:1,I012,mass_transport,w-pc-03,5,No unit able to provide mass transport could reach this ward within 45 minutes without pulling a unit off a higher-severity ward.
330.0,2024-07-24T14:00:00Z,REPLAY,oracle,I014:mass_transport:0,I014,mass_transport,w-pc-10,4,No unit able to provide mass transport could reach this ward within 45 minutes without pulling a unit off a higher-severity ward.
330.0,2024-07-24T14:00:00Z,REPLAY,oracle,I014:mass_transport:1,I014,mass_transport,w-pc-10,4,No unit able to provide mass transport could reach this ward within 45 minutes without pulling a unit off a higher-severity ward.
330.0,2024-07-24T14:00:00Z,REPLAY,oracle,I016:mass_transport:0,I016,mass_transport,w-pc-03,5,No unit able to provide mass transport could reach this ward within 45 minutes without pulling a unit off a higher-severity ward.
330.0,2024-07-24T14:00:00Z,REPLAY,oracle,I016:mass_transport:1,I016,mass_transport,w-pc-03,5,No unit able to provide mass transport could reach this ward within 45 minutes without pulling a unit off a higher-severity ward.
330.0,2024-07-24T14:00:00Z,REPLAY,oracle,I016:mass_transport:2,I016,mass_transport,w-pc-03,5,No unit able to provide mass transport could reach this ward within 45 minutes without pulling a unit off a higher-severity ward.
340.0,2024-07-24T14:10:00Z,REPLAY,oracle,I005:mass_transport:0,I005,mass_transport,w-pc-03,5,No unit able to provide mass transport could reach this ward within 45 minutes without pulling a unit off a higher-severity ward.
340.0,2024-07-24T14:10:00Z,REPLAY,oracle,I005:mass_transport:1,I005,mass_transport,w-pc-03,5,No unit able to provide mass transport could reach this ward within 45 minutes without pulling a unit off a higher-severity ward.
340.0,2024-07-24T14:10:00Z,REPLAY,oracle,I006:mass_transport:0,I006,mass_transport,w-pc-11,5,No unit able to provide mass transport could reach this ward within 45 minutes without pulling a unit off a higher-severity ward.
340.0,2024-07-24T14:10:00Z,REPLAY,oracle,I006:mass_transport:1,I006,mass_transport,w-pc-11,5,No unit able to provide mass transport could reach this ward within 45 minutes without pulling a unit off a higher-severity ward.
340.0,2024-07-24T14:10:00Z,REPLAY,oracle,I006:mass_transport:2,I006,mass_transport,w-pc-11,5,No unit able to provide mass transport could reach this ward within 45 minutes without pulling a unit off a higher-severity ward.
340.0,2024-07-24T14:10:00Z,REPLAY,oracle,I007:mass_transport:0,I007,mass_transport,w-pc-07,5,No unit able to provide mass transport could reach this ward within 45 minutes without pulling a unit off a higher-severity ward.
340.0,2024-07-24T14:10:00Z,REPLAY,oracle,I007:mass_transport:1,I007,mass_transport,w-pc-07,5,No unit able to provide mass transport could reach this ward within 45 minutes without pulling a unit off a higher-severity ward.
340.0,2024-07-24T14:10:00Z,REPLAY,oracle,I007:mass_transport:2,I007,mass_transport,w-pc-07,5,No unit able to provide mass transport could reach this ward within 45 minutes without pulling a unit off a higher-severity ward.
340.0,2024-07-24T14:10:00Z,REPLAY,oracle,I009:mass_transport:0,I009,mass_transport,w-pc-03,5,No unit able to provide mass transport could reach this ward within 45 minutes without pulling a unit off a higher-severity ward.
340.0,2024-07-24T14:10:00Z,REPLAY,oracle,I009:mass_transport:1,I009,mass_transport,w-pc-03,5,No unit able to provide mass transport could reach this ward within 45 minutes without pulling a unit off a higher-severity ward.
340.0,2024-07-24T14:10:00Z,REPLAY,oracle,I009:mass_transport:2,I009,mass_transport,w-pc-03,5,No unit able to provide mass transport could reach this ward within 45 minutes without pulling a unit off a higher-severity ward.
340.0,2024-07-24T14:10:00Z,REPLAY,oracle,I011:mass_transport:0,I011,mass_transport,w-pc-03,5,No unit able to provide mass transport could reach this ward within 45 minutes without pulling a unit off a higher-severity ward.
340.0,2024-07-24T14:10:00Z,REPLAY,oracle,I011:mass_transport:1,I011,mass_transport,w-pc-03,5,No unit able to provide mass transport could reach this ward within 45 minutes without pulling a unit off a higher-severity ward.
340.0,2024-07-24T14:10:00Z,REPLAY,oracle,I011:mass_transport:2,I011,mass_transport,w-pc-03,5,No unit able to provide mass transport could reach this ward within 45 minutes without pulling a unit off a higher-severity ward.
340.0,2024-07-24T14:10:00Z,REPLAY,oracle,I012:mass_transport:0,I012,mass_transport,w-pc-03,5,No unit able to provide mass transport could reach this ward within 45 minutes without pulling a unit off a higher-severity ward.
340.0,2024-07-24T14:10:00Z,REPLAY,oracle,I012:mass_transport:1,I012,mass_transport,w-pc-03,5,No unit able to provide mass transport could reach this ward within 45 minutes without pulling a unit off a higher-severity ward.
340.0,2024-07-24T14:10:00Z,REPLAY,oracle,I014:mass_transport:0,I014,mass_transport,w-pc-10,4,No unit able to provide mass transport could reach this ward within 45 minutes without pulling a unit off a higher-severity ward.
340.0,2024-07-24T14:10:00Z,REPLAY,oracle,I014:mass_transport:1,I014,mass_transport,w-pc-10,4,No unit able to provide mass transport could reach this ward within 45 minutes without pulling a unit off a higher-severity ward.
340.0,2024-07-24T14:10:00Z,REPLAY,oracle,I016:mass_transport:0,I016,mass_transport,w-pc-03,5,No unit able to provide mass transport could reach this ward within 45 minutes without pulling a unit off a higher-severity ward.
340.0,2024-07-24T14:10:00Z,REPLAY,oracle,I016:mass_transport:1,I016,mass_transport,w-pc-03,5,No unit able to provide mass transport could reach this ward within 45 minutes without pulling a unit off a higher-severity ward.
340.0,2024-07-24T14:10:00Z,REPLAY,oracle,I016:mass_transport:2,I016,mass_transport,w-pc-03,5,No unit able to provide mass transport could reach this ward within 45 minutes without pulling a unit off a higher-severity ward.
350.0,2024-07-24T14:20:00Z,REPLAY,oracle,I005:mass_transport:0,I005,mass_transport,w-pc-03,5,No unit able to provide mass transport could reach this ward within 45 minutes without pulling a unit off a higher-severity ward.
350.0,2024-07-24T14:20:00Z,REPLAY,oracle,I005:mass_transport:1,I005,mass_transport,w-pc-03,5,No unit able to provide mass transport could reach this ward within 45 minutes without pulling a unit off a higher-severity ward.
350.0,2024-07-24T14:20:00Z,REPLAY,oracle,I006:mass_transport:0,I006,mass_transport,w-pc-11,5,No unit able to provide mass transport could reach this ward within 45 minutes without pulling a unit off a higher-severity ward.
350.0,2024-07-24T14:20:00Z,REPLAY,oracle,I006:mass_transport:1,I006,mass_transport,w-pc-11,5,No unit able to provide mass transport could reach this ward within 45 minutes without pulling a unit off a higher-severity ward.
350.0,2024-07-24T14:20:00Z,REPLAY,oracle,I006:mass_transport:2,I006,mass_transport,w-pc-11,5,No unit able to provide mass transport could reach this ward within 45 minutes without pulling a unit off a higher-severity ward.
350.0,2024-07-24T14:20:00Z,REPLAY,oracle,I007:mass_transport:0,I007,mass_transport,w-pc-07,5,No unit able to provide mass transport could reach this ward within 45 minutes without pulling a unit off a higher-severity ward.
350.0,2024-07-24T14:20:00Z,REPLAY,oracle,I007:mass_transport:1,I007,mass_transport,w-pc-07,5,No unit able to provide mass transport could reach this ward within 45 minutes without pulling a unit off a higher-severity ward.
350.0,2024-07-24T14:20:00Z,REPLAY,oracle,I007:mass_transport:2,I007,mass_transport,w-pc-07,5,No unit able to provide mass transport could reach this ward within 45 minutes without pulling a unit off a higher-severity ward.
350.0,2024-07-24T14:20:00Z,REPLAY,oracle,I009:mass_transport:0,I009,mass_transport,w-pc-03,5,No unit able to provide mass transport could reach this ward within 45 minutes without pulling a unit off a higher-severity ward.
350.0,2024-07-24T14:20:00Z,REPLAY,oracle,I009:mass_transport:1,I009,mass_transport,w-pc-03,5,No unit able to provide mass transport could reach this ward within 45 minutes without pulling a unit off a higher-severity ward.
350.0,2024-07-24T14:20:00Z,REPLAY,oracle,I009:mass_transport:2,I009,mass_transport,w-pc-03,5,No unit able to provide mass transport could reach this ward within 45 minutes without pulling a unit off a higher-severity ward.
350.0,2024-07-24T14:20:00Z,REPLAY,oracle,I011:mass_transport:0,I011,mass_transport,w-pc-03,5,No unit able to provide mass transport could reach this ward within 45 minutes without pulling a unit off a higher-severity ward.
350.0,2024-07-24T14:20:00Z,REPLAY,oracle,I011:mass_transport:1,I011,mass_transport,w-pc-03,5,No unit able to provide mass transport could reach this ward within 45 minutes without pulling a unit off a higher-severity ward.
350.0,2024-07-24T14:20:00Z,REPLAY,oracle,I011:mass_transport:2,I011,mass_transport,w-pc-03,5,No unit able to provide mass transport could reach this ward within 45 minutes without pulling a unit off a higher-severity ward.
350.0,2024-07-24T14:20:00Z,REPLAY,oracle,I012:mass_transport:0,I012,mass_transport,w-pc-03,5,No unit able to provide mass transport could reach this ward within 45 minutes without pulling a unit off a higher-severity ward.
350.0,2024-07-24T14:20:00Z,REPLAY,oracle,I012:mass_transport:1,I012,mass_transport,w-pc-03,5,No unit able to provide mass transport could reach this ward within 45 minutes without pulling a unit off a higher-severity ward.
350.0,2024-07-24T14:20:00Z,REPLAY,oracle,I014:mass_transport:0,I014,mass_transport,w-pc-10,4,No unit able to provide mass transport could reach this ward within 45 minutes without pulling a unit off a higher-severity ward.
350.0,2024-07-24T14:20:00Z,REPLAY,oracle,I014:mass_transport:1,I014,mass_transport,w-pc-10,4,No unit able to provide mass transport could reach this ward within 45 minutes without pulling a unit off a higher-severity ward.
350.0,2024-07-24T14:20:00Z,REPLAY,oracle,I016:mass_transport:0,I016,mass_transport,w-pc-03,5,No unit able to provide mass transport could reach this ward within 45 minutes without pulling a unit off a higher-severity ward.
350.0,2024-07-24T14:20:00Z,REPLAY,oracle,I016:mass_transport:1,I016,mass_transport,w-pc-03,5,No unit able to provide mass transport could reach this ward within 45 minutes without pulling a unit off a higher-severity ward.
350.0,2024-07-24T14:20:00Z,REPLAY,oracle,I016:mass_transport:2,I016,mass_transport,w-pc-03,5,No unit able to provide mass transport could reach this ward within 45 minutes without pulling a unit off a higher-severity ward.
360.0,2024-07-24T14:30:00Z,REPLAY,oracle,I005:mass_transport:0,I005,mass_transport,w-pc-03,5,No unit able to provide mass transport could reach this ward within 45 minutes without pulling a unit off a higher-severity ward.
360.0,2024-07-24T14:30:00Z,REPLAY,oracle,I005:mass_transport:1,I005,mass_transport,w-pc-03,5,No unit able to provide mass transport could reach this ward within 45 minutes without pulling a unit off a higher-severity ward.
360.0,2024-07-24T14:30:00Z,REPLAY,oracle,I006:mass_transport:0,I006,mass_transport,w-pc-11,5,No unit able to provide mass transport could reach this ward within 45 minutes without pulling a unit off a higher-severity ward.
360.0,2024-07-24T14:30:00Z,REPLAY,oracle,I006:mass_transport:1,I006,mass_transport,w-pc-11,5,No unit able to provide mass transport could reach this ward within 45 minutes without pulling a unit off a higher-severity ward.
360.0,2024-07-24T14:30:00Z,REPLAY,oracle,I006:mass_transport:2,I006,mass_transport,w-pc-11,5,No unit able to provide mass transport could reach this ward within 45 minutes without pulling a unit off a higher-severity ward.
360.0,2024-07-24T14:30:00Z,REPLAY,oracle,I007:mass_transport:0,I007,mass_transport,w-pc-07,5,No unit able to provide mass transport could reach this ward within 45 minutes without pulling a unit off a higher-severity ward.
360.0,2024-07-24T14:30:00Z,REPLAY,oracle,I007:mass_transport:1,I007,mass_transport,w-pc-07,5,No unit able to provide mass transport could reach this ward within 45 minutes without pulling a unit off a higher-severity ward.
360.0,2024-07-24T14:30:00Z,REPLAY,oracle,I007:mass_transport:2,I007,mass_transport,w-pc-07,5,No unit able to provide mass transport could reach this ward within 45 minutes without pulling a unit off a higher-severity ward.
360.0,2024-07-24T14:30:00Z,REPLAY,oracle,I009:mass_transport:0,I009,mass_transport,w-pc-03,5,No unit able to provide mass transport could reach this ward within 45 minutes without pulling a unit off a higher-severity ward.
360.0,2024-07-24T14:30:00Z,REPLAY,oracle,I009:mass_transport:1,I009,mass_transport,w-pc-03,5,No unit able to provide mass transport could reach this ward within 45 minutes without pulling a unit off a higher-severity ward.
360.0,2024-07-24T14:30:00Z,REPLAY,oracle,I009:mass_transport:2,I009,mass_transport,w-pc-03,5,No unit able to provide mass transport could reach this ward within 45 minutes without pulling a unit off a higher-severity ward.
360.0,2024-07-24T14:30:00Z,REPLAY,oracle,I011:mass_transport:0,I011,mass_transport,w-pc-03,5,No unit able to provide mass transport could reach this ward within 45 minutes without pulling a unit off a higher-severity ward.
360.0,2024-07-24T14:30:00Z,REPLAY,oracle,I011:mass_transport:1,I011,mass_transport,w-pc-03,5,No unit able to provide mass transport could reach this ward within 45 minutes without pulling a unit off a higher-severity ward.
360.0,2024-07-24T14:30:00Z,REPLAY,oracle,I011:mass_transport:2,I011,mass_transport,w-pc-03,5,No unit able to provide mass transport could reach this ward within 45 minutes without pulling a unit off a higher-severity ward.
360.0,2024-07-24T14:30:00Z,REPLAY,oracle,I012:mass_transport:0,I012,mass_transport,w-pc-03,5,No unit able to provide mass transport could reach this ward within 45 minutes without pulling a unit off a higher-severity ward.
360.0,2024-07-24T14:30:00Z,REPLAY,oracle,I012:mass_transport:1,I012,mass_transport,w-pc-03,5,No unit able to provide mass transport could reach this ward within 45 minutes without pulling a unit off a higher-severity ward.
360.0,2024-07-24T14:30:00Z,REPLAY,oracle,I014:mass_transport:0,I014,mass_transport,w-pc-10,4,No unit able to provide mass transport could reach this ward within 45 minutes without pulling a unit off a higher-severity ward.
360.0,2024-07-24T14:30:00Z,REPLAY,oracle,I014:mass_transport:1,I014,mass_transport,w-pc-10,4,No unit able to provide mass transport could reach this ward within 45 minutes without pulling a unit off a higher-severity ward.
360.0,2024-07-24T14:30:00Z,REPLAY,oracle,I016:mass_transport:0,I016,mass_transport,w-pc-03,5,No unit able to provide mass transport could reach this ward within 45 minutes without pulling a unit off a higher-severity ward.
360.0,2024-07-24T14:30:00Z,REPLAY,oracle,I016:mass_transport:1,I016,mass_transport,w-pc-03,5,No unit able to provide mass transport could reach this ward within 45 minutes without pulling a unit off a higher-severity ward.
360.0,2024-07-24T14:30:00Z,REPLAY,oracle,I016:mass_transport:2,I016,mass_transport,w-pc-03,5,No unit able to provide mass transport could reach this ward within 45 minutes without pulling a unit off a higher-severity ward.
370.0,2024-07-24T14:40:00Z,REPLAY,oracle,I005:mass_transport:0,I005,mass_transport,w-pc-03,5,No unit able to provide mass transport could reach this ward within 45 minutes without pulling a unit off a higher-severity ward.
370.0,2024-07-24T14:40:00Z,REPLAY,oracle,I005:mass_transport:1,I005,mass_transport,w-pc-03,5,No unit able to provide mass transport could reach this ward within 45 minutes without pulling a unit off a higher-severity ward.
370.0,2024-07-24T14:40:00Z,REPLAY,oracle,I006:mass_transport:0,I006,mass_transport,w-pc-11,5,No unit able to provide mass transport could reach this ward within 45 minutes without pulling a unit off a higher-severity ward.
370.0,2024-07-24T14:40:00Z,REPLAY,oracle,I006:mass_transport:1,I006,mass_transport,w-pc-11,5,No unit able to provide mass transport could reach this ward within 45 minutes without pulling a unit off a higher-severity ward.
370.0,2024-07-24T14:40:00Z,REPLAY,oracle,I006:mass_transport:2,I006,mass_transport,w-pc-11,5,No unit able to provide mass transport could reach this ward within 45 minutes without pulling a unit off a higher-severity ward.
370.0,2024-07-24T14:40:00Z,REPLAY,oracle,I007:mass_transport:0,I007,mass_transport,w-pc-07,5,No unit able to provide mass transport could reach this ward within 45 minutes without pulling a unit off a higher-severity ward.
370.0,2024-07-24T14:40:00Z,REPLAY,oracle,I007:mass_transport:1,I007,mass_transport,w-pc-07,5,No unit able to provide mass transport could reach this ward within 45 minutes without pulling a unit off a higher-severity ward.
370.0,2024-07-24T14:40:00Z,REPLAY,oracle,I007:mass_transport:2,I007,mass_transport,w-pc-07,5,No unit able to provide mass transport could reach this ward within 45 minutes without pulling a unit off a higher-severity ward.
370.0,2024-07-24T14:40:00Z,REPLAY,oracle,I009:mass_transport:0,I009,mass_transport,w-pc-03,5,No unit able to provide mass transport could reach this ward within 45 minutes without pulling a unit off a higher-severity ward.
370.0,2024-07-24T14:40:00Z,REPLAY,oracle,I009:mass_transport:1,I009,mass_transport,w-pc-03,5,No unit able to provide mass transport could reach this ward within 45 minutes without pulling a unit off a higher-severity ward.
370.0,2024-07-24T14:40:00Z,REPLAY,oracle,I009:mass_transport:2,I009,mass_transport,w-pc-03,5,No unit able to provide mass transport could reach this ward within 45 minutes without pulling a unit off a higher-severity ward.
370.0,2024-07-24T14:40:00Z,REPLAY,oracle,I011:mass_transport:0,I011,mass_transport,w-pc-03,5,No unit able to provide mass transport could reach this ward within 45 minutes without pulling a unit off a higher-severity ward.
370.0,2024-07-24T14:40:00Z,REPLAY,oracle,I011:mass_transport:1,I011,mass_transport,w-pc-03,5,No unit able to provide mass transport could reach this ward within 45 minutes without pulling a unit off a higher-severity ward.
370.0,2024-07-24T14:40:00Z,REPLAY,oracle,I011:mass_transport:2,I011,mass_transport,w-pc-03,5,No unit able to provide mass transport could reach this ward within 45 minutes without pulling a unit off a higher-severity ward.
370.0,2024-07-24T14:40:00Z,REPLAY,oracle,I012:mass_transport:0,I012,mass_transport,w-pc-03,5,No unit able to provide mass transport could reach this ward within 45 minutes without pulling a unit off a higher-severity ward.
370.0,2024-07-24T14:40:00Z,REPLAY,oracle,I012:mass_transport:1,I012,mass_transport,w-pc-03,5,No unit able to provide mass transport could reach this ward within 45 minutes without pulling a unit off a higher-severity ward.
370.0,2024-07-24T14:40:00Z,REPLAY,oracle,I014:mass_transport:0,I014,mass_transport,w-pc-10,4,No unit able to provide mass transport could reach this ward within 45 minutes without pulling a unit off a higher-severity ward.
370.0,2024-07-24T14:40:00Z,REPLAY,oracle,I014:mass_transport:1,I014,mass_transport,w-pc-10,4,No unit able to provide mass transport could reach this ward within 45 minutes without pulling a unit off a higher-severity ward.
370.0,2024-07-24T14:40:00Z,REPLAY,oracle,I016:mass_transport:0,I016,mass_transport,w-pc-03,5,No unit able to provide mass transport could reach this ward within 45 minutes without pulling a unit off a higher-severity ward.
370.0,2024-07-24T14:40:00Z,REPLAY,oracle,I016:mass_transport:1,I016,mass_transport,w-pc-03,5,No unit able to provide mass transport could reach this ward within 45 minutes without pulling a unit off a higher-severity ward.
370.0,2024-07-24T14:40:00Z,REPLAY,oracle,I016:mass_transport:2,I016,mass_transport,w-pc-03,5,No unit able to provide mass transport could reach this ward within 45 minutes without pulling a unit off a higher-severity ward.
370.0,2024-07-24T14:40:00Z,REPLAY,oracle,I022:mass_transport:0,I022,mass_transport,w-pc-10,5,No unit able to provide mass transport could reach this ward within 45 minutes without pulling a unit off a higher-severity ward.
370.0,2024-07-24T14:40:00Z,REPLAY,oracle,I022:mass_transport:1,I022,mass_transport,w-pc-10,5,No unit able to provide mass transport could reach this ward within 45 minutes without pulling a unit off a higher-severity ward.
370.0,2024-07-24T14:40:00Z,REPLAY,oracle,I022:mass_transport:2,I022,mass_transport,w-pc-10,5,No unit able to provide mass transport could reach this ward within 45 minutes without pulling a unit off a higher-severity ward.
380.0,2024-07-24T14:50:00Z,REPLAY,oracle,I005:mass_transport:0,I005,mass_transport,w-pc-03,5,No unit able to provide mass transport could reach this ward within 45 minutes without pulling a unit off a higher-severity ward.
380.0,2024-07-24T14:50:00Z,REPLAY,oracle,I005:mass_transport:1,I005,mass_transport,w-pc-03,5,No unit able to provide mass transport could reach this ward within 45 minutes without pulling a unit off a higher-severity ward.
380.0,2024-07-24T14:50:00Z,REPLAY,oracle,I006:mass_transport:0,I006,mass_transport,w-pc-11,5,No unit able to provide mass transport could reach this ward within 45 minutes without pulling a unit off a higher-severity ward.
380.0,2024-07-24T14:50:00Z,REPLAY,oracle,I006:mass_transport:1,I006,mass_transport,w-pc-11,5,No unit able to provide mass transport could reach this ward within 45 minutes without pulling a unit off a higher-severity ward.
380.0,2024-07-24T14:50:00Z,REPLAY,oracle,I006:mass_transport:2,I006,mass_transport,w-pc-11,5,No unit able to provide mass transport could reach this ward within 45 minutes without pulling a unit off a higher-severity ward.
380.0,2024-07-24T14:50:00Z,REPLAY,oracle,I007:mass_transport:0,I007,mass_transport,w-pc-07,5,No unit able to provide mass transport could reach this ward within 45 minutes without pulling a unit off a higher-severity ward.
380.0,2024-07-24T14:50:00Z,REPLAY,oracle,I007:mass_transport:1,I007,mass_transport,w-pc-07,5,No unit able to provide mass transport could reach this ward within 45 minutes without pulling a unit off a higher-severity ward.
380.0,2024-07-24T14:50:00Z,REPLAY,oracle,I007:mass_transport:2,I007,mass_transport,w-pc-07,5,No unit able to provide mass transport could reach this ward within 45 minutes without pulling a unit off a higher-severity ward.
380.0,2024-07-24T14:50:00Z,REPLAY,oracle,I009:mass_transport:0,I009,mass_transport,w-pc-03,5,No unit able to provide mass transport could reach this ward within 45 minutes without pulling a unit off a higher-severity ward.
380.0,2024-07-24T14:50:00Z,REPLAY,oracle,I009:mass_transport:1,I009,mass_transport,w-pc-03,5,No unit able to provide mass transport could reach this ward within 45 minutes without pulling a unit off a higher-severity ward.
380.0,2024-07-24T14:50:00Z,REPLAY,oracle,I009:mass_transport:2,I009,mass_transport,w-pc-03,5,No unit able to provide mass transport could reach this ward within 45 minutes without pulling a unit off a higher-severity ward.
380.0,2024-07-24T14:50:00Z,REPLAY,oracle,I011:mass_transport:0,I011,mass_transport,w-pc-03,5,No unit able to provide mass transport could reach this ward within 45 minutes without pulling a unit off a higher-severity ward.
380.0,2024-07-24T14:50:00Z,REPLAY,oracle,I011:mass_transport:1,I011,mass_transport,w-pc-03,5,No unit able to provide mass transport could reach this ward within 45 minutes without pulling a unit off a higher-severity ward.
380.0,2024-07-24T14:50:00Z,REPLAY,oracle,I011:mass_transport:2,I011,mass_transport,w-pc-03,5,No unit able to provide mass transport could reach this ward within 45 minutes without pulling a unit off a higher-severity ward.
380.0,2024-07-24T14:50:00Z,REPLAY,oracle,I012:mass_transport:0,I012,mass_transport,w-pc-03,5,No unit able to provide mass transport could reach this ward within 45 minutes without pulling a unit off a higher-severity ward.
380.0,2024-07-24T14:50:00Z,REPLAY,oracle,I012:mass_transport:1,I012,mass_transport,w-pc-03,5,No unit able to provide mass transport could reach this ward within 45 minutes without pulling a unit off a higher-severity ward.
380.0,2024-07-24T14:50:00Z,REPLAY,oracle,I014:mass_transport:0,I014,mass_transport,w-pc-10,4,No unit able to provide mass transport could reach this ward within 45 minutes without pulling a unit off a higher-severity ward.
380.0,2024-07-24T14:50:00Z,REPLAY,oracle,I014:mass_transport:1,I014,mass_transport,w-pc-10,4,No unit able to provide mass transport could reach this ward within 45 minutes without pulling a unit off a higher-severity ward.
380.0,2024-07-24T14:50:00Z,REPLAY,oracle,I016:mass_transport:0,I016,mass_transport,w-pc-03,5,No unit able to provide mass transport could reach this ward within 45 minutes without pulling a unit off a higher-severity ward.
380.0,2024-07-24T14:50:00Z,REPLAY,oracle,I016:mass_transport:1,I016,mass_transport,w-pc-03,5,No unit able to provide mass transport could reach this ward within 45 minutes without pulling a unit off a higher-severity ward.
380.0,2024-07-24T14:50:00Z,REPLAY,oracle,I016:mass_transport:2,I016,mass_transport,w-pc-03,5,No unit able to provide mass transport could reach this ward within 45 minutes without pulling a unit off a higher-severity ward.
380.0,2024-07-24T14:50:00Z,REPLAY,oracle,I022:mass_transport:0,I022,mass_transport,w-pc-10,5,No unit able to provide mass transport could reach this ward within 45 minutes without pulling a unit off a higher-severity ward.
380.0,2024-07-24T14:50:00Z,REPLAY,oracle,I022:mass_transport:1,I022,mass_transport,w-pc-10,5,No unit able to provide mass transport could reach this ward within 45 minutes without pulling a unit off a higher-severity ward.
380.0,2024-07-24T14:50:00Z,REPLAY,oracle,I022:mass_transport:2,I022,mass_transport,w-pc-10,5,No unit able to provide mass transport could reach this ward within 45 minutes without pulling a unit off a higher-severity ward.
380.0,2024-07-24T14:50:00Z,REPLAY,oracle,I023:mass_transport:0,I023,mass_transport,w-pc-05,5,No unit able to provide mass transport could reach this ward within 45 minutes without pulling a unit off a higher-severity ward.
380.0,2024-07-24T14:50:00Z,REPLAY,oracle,I023:mass_transport:1,I023,mass_transport,w-pc-05,5,No unit able to provide mass transport could reach this ward within 45 minutes without pulling a unit off a higher-severity ward.
380.0,2024-07-24T14:50:00Z,REPLAY,oracle,I023:mass_transport:2,I023,mass_transport,w-pc-05,5,No unit able to provide mass transport could reach this ward within 45 minutes without pulling a unit off a higher-severity ward.
390.0,2024-07-24T15:00:00Z,REPLAY,oracle,I005:mass_transport:0,I005,mass_transport,w-pc-03,5,No unit able to provide mass transport could reach this ward within 45 minutes without pulling a unit off a higher-severity ward.
390.0,2024-07-24T15:00:00Z,REPLAY,oracle,I005:mass_transport:1,I005,mass_transport,w-pc-03,5,No unit able to provide mass transport could reach this ward within 45 minutes without pulling a unit off a higher-severity ward.
390.0,2024-07-24T15:00:00Z,REPLAY,oracle,I006:mass_transport:0,I006,mass_transport,w-pc-11,5,No unit able to provide mass transport could reach this ward within 45 minutes without pulling a unit off a higher-severity ward.
390.0,2024-07-24T15:00:00Z,REPLAY,oracle,I006:mass_transport:1,I006,mass_transport,w-pc-11,5,No unit able to provide mass transport could reach this ward within 45 minutes without pulling a unit off a higher-severity ward.
390.0,2024-07-24T15:00:00Z,REPLAY,oracle,I006:mass_transport:2,I006,mass_transport,w-pc-11,5,No unit able to provide mass transport could reach this ward within 45 minutes without pulling a unit off a higher-severity ward.
390.0,2024-07-24T15:00:00Z,REPLAY,oracle,I007:mass_transport:0,I007,mass_transport,w-pc-07,5,No unit able to provide mass transport could reach this ward within 45 minutes without pulling a unit off a higher-severity ward.
390.0,2024-07-24T15:00:00Z,REPLAY,oracle,I007:mass_transport:1,I007,mass_transport,w-pc-07,5,No unit able to provide mass transport could reach this ward within 45 minutes without pulling a unit off a higher-severity ward.
390.0,2024-07-24T15:00:00Z,REPLAY,oracle,I007:mass_transport:2,I007,mass_transport,w-pc-07,5,No unit able to provide mass transport could reach this ward within 45 minutes without pulling a unit off a higher-severity ward.
390.0,2024-07-24T15:00:00Z,REPLAY,oracle,I009:mass_transport:0,I009,mass_transport,w-pc-03,5,No unit able to provide mass transport could reach this ward within 45 minutes without pulling a unit off a higher-severity ward.
390.0,2024-07-24T15:00:00Z,REPLAY,oracle,I009:mass_transport:1,I009,mass_transport,w-pc-03,5,No unit able to provide mass transport could reach this ward within 45 minutes without pulling a unit off a higher-severity ward.
390.0,2024-07-24T15:00:00Z,REPLAY,oracle,I009:mass_transport:2,I009,mass_transport,w-pc-03,5,No unit able to provide mass transport could reach this ward within 45 minutes without pulling a unit off a higher-severity ward.
390.0,2024-07-24T15:00:00Z,REPLAY,oracle,I011:mass_transport:0,I011,mass_transport,w-pc-03,5,No unit able to provide mass transport could reach this ward within 45 minutes without pulling a unit off a higher-severity ward.
390.0,2024-07-24T15:00:00Z,REPLAY,oracle,I011:mass_transport:1,I011,mass_transport,w-pc-03,5,No unit able to provide mass transport could reach this ward within 45 minutes without pulling a unit off a higher-severity ward.
390.0,2024-07-24T15:00:00Z,REPLAY,oracle,I011:mass_transport:2,I011,mass_transport,w-pc-03,5,No unit able to provide mass transport could reach this ward within 45 minutes without pulling a unit off a higher-severity ward.
390.0,2024-07-24T15:00:00Z,REPLAY,oracle,I012:mass_transport:0,I012,mass_transport,w-pc-03,5,No unit able to provide mass transport could reach this ward within 45 minutes without pulling a unit off a higher-severity ward.
390.0,2024-07-24T15:00:00Z,REPLAY,oracle,I012:mass_transport:1,I012,mass_transport,w-pc-03,5,No unit able to provide mass transport could reach this ward within 45 minutes without pulling a unit off a higher-severity ward.
390.0,2024-07-24T15:00:00Z,REPLAY,oracle,I014:mass_transport:0,I014,mass_transport,w-pc-10,4,No unit able to provide mass transport could reach this ward within 45 minutes without pulling a unit off a higher-severity ward.
390.0,2024-07-24T15:00:00Z,REPLAY,oracle,I014:mass_transport:1,I014,mass_transport,w-pc-10,4,No unit able to provide mass transport could reach this ward within 45 minutes without pulling a unit off a higher-severity ward.
390.0,2024-07-24T15:00:00Z,REPLAY,oracle,I016:mass_transport:0,I016,mass_transport,w-pc-03,5,No unit able to provide mass transport could reach this ward within 45 minutes without pulling a unit off a higher-severity ward.
390.0,2024-07-24T15:00:00Z,REPLAY,oracle,I016:mass_transport:1,I016,mass_transport,w-pc-03,5,No unit able to provide mass transport could reach this ward within 45 minutes without pulling a unit off a higher-severity ward.
390.0,2024-07-24T15:00:00Z,REPLAY,oracle,I016:mass_transport:2,I016,mass_transport,w-pc-03,5,No unit able to provide mass transport could reach this ward within 45 minutes without pulling a unit off a higher-severity ward.
390.0,2024-07-24T15:00:00Z,REPLAY,oracle,I022:mass_transport:0,I022,mass_transport,w-pc-10,5,No unit able to provide mass transport could reach this ward within 45 minutes without pulling a unit off a higher-severity ward.
390.0,2024-07-24T15:00:00Z,REPLAY,oracle,I022:mass_transport:1,I022,mass_transport,w-pc-10,5,No unit able to provide mass transport could reach this ward within 45 minutes without pulling a unit off a higher-severity ward.
390.0,2024-07-24T15:00:00Z,REPLAY,oracle,I022:mass_transport:2,I022,mass_transport,w-pc-10,5,No unit able to provide mass transport could reach this ward within 45 minutes without pulling a unit off a higher-severity ward.
390.0,2024-07-24T15:00:00Z,REPLAY,oracle,I023:mass_transport:0,I023,mass_transport,w-pc-05,5,No unit able to provide mass transport could reach this ward within 45 minutes without pulling a unit off a higher-severity ward.
390.0,2024-07-24T15:00:00Z,REPLAY,oracle,I023:mass_transport:1,I023,mass_transport,w-pc-05,5,No unit able to provide mass transport could reach this ward within 45 minutes without pulling a unit off a higher-severity ward.
390.0,2024-07-24T15:00:00Z,REPLAY,oracle,I023:mass_transport:2,I023,mass_transport,w-pc-05,5,No unit able to provide mass transport could reach this ward within 45 minutes without pulling a unit off a higher-severity ward.
400.0,2024-07-24T15:10:00Z,REPLAY,oracle,I005:mass_transport:0,I005,mass_transport,w-pc-03,5,No unit able to provide mass transport could reach this ward within 45 minutes without pulling a unit off a higher-severity ward.
400.0,2024-07-24T15:10:00Z,REPLAY,oracle,I005:mass_transport:1,I005,mass_transport,w-pc-03,5,No unit able to provide mass transport could reach this ward within 45 minutes without pulling a unit off a higher-severity ward.
400.0,2024-07-24T15:10:00Z,REPLAY,oracle,I006:mass_transport:0,I006,mass_transport,w-pc-11,5,No unit able to provide mass transport could reach this ward within 45 minutes without pulling a unit off a higher-severity ward.
400.0,2024-07-24T15:10:00Z,REPLAY,oracle,I006:mass_transport:1,I006,mass_transport,w-pc-11,5,No unit able to provide mass transport could reach this ward within 45 minutes without pulling a unit off a higher-severity ward.
400.0,2024-07-24T15:10:00Z,REPLAY,oracle,I006:mass_transport:2,I006,mass_transport,w-pc-11,5,No unit able to provide mass transport could reach this ward within 45 minutes without pulling a unit off a higher-severity ward.
400.0,2024-07-24T15:10:00Z,REPLAY,oracle,I007:mass_transport:0,I007,mass_transport,w-pc-07,5,No unit able to provide mass transport could reach this ward within 45 minutes without pulling a unit off a higher-severity ward.
400.0,2024-07-24T15:10:00Z,REPLAY,oracle,I007:mass_transport:1,I007,mass_transport,w-pc-07,5,No unit able to provide mass transport could reach this ward within 45 minutes without pulling a unit off a higher-severity ward.
400.0,2024-07-24T15:10:00Z,REPLAY,oracle,I007:mass_transport:2,I007,mass_transport,w-pc-07,5,No unit able to provide mass transport could reach this ward within 45 minutes without pulling a unit off a higher-severity ward.
400.0,2024-07-24T15:10:00Z,REPLAY,oracle,I009:mass_transport:0,I009,mass_transport,w-pc-03,5,No unit able to provide mass transport could reach this ward within 45 minutes without pulling a unit off a higher-severity ward.
400.0,2024-07-24T15:10:00Z,REPLAY,oracle,I009:mass_transport:1,I009,mass_transport,w-pc-03,5,No unit able to provide mass transport could reach this ward within 45 minutes without pulling a unit off a higher-severity ward.
400.0,2024-07-24T15:10:00Z,REPLAY,oracle,I009:mass_transport:2,I009,mass_transport,w-pc-03,5,No unit able to provide mass transport could reach this ward within 45 minutes without pulling a unit off a higher-severity ward.
400.0,2024-07-24T15:10:00Z,REPLAY,oracle,I011:mass_transport:0,I011,mass_transport,w-pc-03,5,No unit able to provide mass transport could reach this ward within 45 minutes without pulling a unit off a higher-severity ward.
400.0,2024-07-24T15:10:00Z,REPLAY,oracle,I011:mass_transport:1,I011,mass_transport,w-pc-03,5,No unit able to provide mass transport could reach this ward within 45 minutes without pulling a unit off a higher-severity ward.
400.0,2024-07-24T15:10:00Z,REPLAY,oracle,I011:mass_transport:2,I011,mass_transport,w-pc-03,5,No unit able to provide mass transport could reach this ward within 45 minutes without pulling a unit off a higher-severity ward.
400.0,2024-07-24T15:10:00Z,REPLAY,oracle,I012:mass_transport:0,I012,mass_transport,w-pc-03,5,No unit able to provide mass transport could reach this ward within 45 minutes without pulling a unit off a higher-severity ward.
400.0,2024-07-24T15:10:00Z,REPLAY,oracle,I012:mass_transport:1,I012,mass_transport,w-pc-03,5,No unit able to provide mass transport could reach this ward within 45 minutes without pulling a unit off a higher-severity ward.
400.0,2024-07-24T15:10:00Z,REPLAY,oracle,I014:mass_transport:0,I014,mass_transport,w-pc-10,4,No unit able to provide mass transport could reach this ward within 45 minutes without pulling a unit off a higher-severity ward.
400.0,2024-07-24T15:10:00Z,REPLAY,oracle,I014:mass_transport:1,I014,mass_transport,w-pc-10,4,No unit able to provide mass transport could reach this ward within 45 minutes without pulling a unit off a higher-severity ward.
400.0,2024-07-24T15:10:00Z,REPLAY,oracle,I016:mass_transport:0,I016,mass_transport,w-pc-03,5,No unit able to provide mass transport could reach this ward within 45 minutes without pulling a unit off a higher-severity ward.
400.0,2024-07-24T15:10:00Z,REPLAY,oracle,I016:mass_transport:1,I016,mass_transport,w-pc-03,5,No unit able to provide mass transport could reach this ward within 45 minutes without pulling a unit off a higher-severity ward.
400.0,2024-07-24T15:10:00Z,REPLAY,oracle,I016:mass_transport:2,I016,mass_transport,w-pc-03,5,No unit able to provide mass transport could reach this ward within 45 minutes without pulling a unit off a higher-severity ward.
400.0,2024-07-24T15:10:00Z,REPLAY,oracle,I022:mass_transport:0,I022,mass_transport,w-pc-10,5,No unit able to provide mass transport could reach this ward within 45 minutes without pulling a unit off a higher-severity ward.
400.0,2024-07-24T15:10:00Z,REPLAY,oracle,I022:mass_transport:1,I022,mass_transport,w-pc-10,5,No unit able to provide mass transport could reach this ward within 45 minutes without pulling a unit off a higher-severity ward.
400.0,2024-07-24T15:10:00Z,REPLAY,oracle,I022:mass_transport:2,I022,mass_transport,w-pc-10,5,No unit able to provide mass transport could reach this ward within 45 minutes without pulling a unit off a higher-severity ward.
400.0,2024-07-24T15:10:00Z,REPLAY,oracle,I023:mass_transport:0,I023,mass_transport,w-pc-05,5,No unit able to provide mass transport could reach this ward within 45 minutes without pulling a unit off a higher-severity ward.
400.0,2024-07-24T15:10:00Z,REPLAY,oracle,I023:mass_transport:1,I023,mass_transport,w-pc-05,5,No unit able to provide mass transport could reach this ward within 45 minutes without pulling a unit off a higher-severity ward.
400.0,2024-07-24T15:10:00Z,REPLAY,oracle,I023:mass_transport:2,I023,mass_transport,w-pc-05,5,No unit able to provide mass transport could reach this ward within 45 minutes without pulling a unit off a higher-severity ward.
410.0,2024-07-24T15:20:00Z,REPLAY,oracle,I005:mass_transport:0,I005,mass_transport,w-pc-03,5,No unit able to provide mass transport could reach this ward within 45 minutes without pulling a unit off a higher-severity ward.
410.0,2024-07-24T15:20:00Z,REPLAY,oracle,I005:mass_transport:1,I005,mass_transport,w-pc-03,5,No unit able to provide mass transport could reach this ward within 45 minutes without pulling a unit off a higher-severity ward.
410.0,2024-07-24T15:20:00Z,REPLAY,oracle,I006:mass_transport:0,I006,mass_transport,w-pc-11,5,No unit able to provide mass transport could reach this ward within 45 minutes without pulling a unit off a higher-severity ward.
410.0,2024-07-24T15:20:00Z,REPLAY,oracle,I006:mass_transport:1,I006,mass_transport,w-pc-11,5,No unit able to provide mass transport could reach this ward within 45 minutes without pulling a unit off a higher-severity ward.
410.0,2024-07-24T15:20:00Z,REPLAY,oracle,I006:mass_transport:2,I006,mass_transport,w-pc-11,5,No unit able to provide mass transport could reach this ward within 45 minutes without pulling a unit off a higher-severity ward.
410.0,2024-07-24T15:20:00Z,REPLAY,oracle,I007:mass_transport:0,I007,mass_transport,w-pc-07,5,No unit able to provide mass transport could reach this ward within 45 minutes without pulling a unit off a higher-severity ward.
410.0,2024-07-24T15:20:00Z,REPLAY,oracle,I007:mass_transport:1,I007,mass_transport,w-pc-07,5,No unit able to provide mass transport could reach this ward within 45 minutes without pulling a unit off a higher-severity ward.
410.0,2024-07-24T15:20:00Z,REPLAY,oracle,I007:mass_transport:2,I007,mass_transport,w-pc-07,5,No unit able to provide mass transport could reach this ward within 45 minutes without pulling a unit off a higher-severity ward.
410.0,2024-07-24T15:20:00Z,REPLAY,oracle,I009:mass_transport:0,I009,mass_transport,w-pc-03,5,No unit able to provide mass transport could reach this ward within 45 minutes without pulling a unit off a higher-severity ward.
410.0,2024-07-24T15:20:00Z,REPLAY,oracle,I009:mass_transport:1,I009,mass_transport,w-pc-03,5,No unit able to provide mass transport could reach this ward within 45 minutes without pulling a unit off a higher-severity ward.
410.0,2024-07-24T15:20:00Z,REPLAY,oracle,I009:mass_transport:2,I009,mass_transport,w-pc-03,5,No unit able to provide mass transport could reach this ward within 45 minutes without pulling a unit off a higher-severity ward.
410.0,2024-07-24T15:20:00Z,REPLAY,oracle,I011:mass_transport:0,I011,mass_transport,w-pc-03,5,No unit able to provide mass transport could reach this ward within 45 minutes without pulling a unit off a higher-severity ward.
410.0,2024-07-24T15:20:00Z,REPLAY,oracle,I011:mass_transport:1,I011,mass_transport,w-pc-03,5,No unit able to provide mass transport could reach this ward within 45 minutes without pulling a unit off a higher-severity ward.
410.0,2024-07-24T15:20:00Z,REPLAY,oracle,I011:mass_transport:2,I011,mass_transport,w-pc-03,5,No unit able to provide mass transport could reach this ward within 45 minutes without pulling a unit off a higher-severity ward.
410.0,2024-07-24T15:20:00Z,REPLAY,oracle,I012:mass_transport:0,I012,mass_transport,w-pc-03,5,No unit able to provide mass transport could reach this ward within 45 minutes without pulling a unit off a higher-severity ward.
410.0,2024-07-24T15:20:00Z,REPLAY,oracle,I012:mass_transport:1,I012,mass_transport,w-pc-03,5,No unit able to provide mass transport could reach this ward within 45 minutes without pulling a unit off a higher-severity ward.
410.0,2024-07-24T15:20:00Z,REPLAY,oracle,I014:mass_transport:0,I014,mass_transport,w-pc-10,4,No unit able to provide mass transport could reach this ward within 45 minutes without pulling a unit off a higher-severity ward.
410.0,2024-07-24T15:20:00Z,REPLAY,oracle,I014:mass_transport:1,I014,mass_transport,w-pc-10,4,No unit able to provide mass transport could reach this ward within 45 minutes without pulling a unit off a higher-severity ward.
410.0,2024-07-24T15:20:00Z,REPLAY,oracle,I016:mass_transport:0,I016,mass_transport,w-pc-03,5,No unit able to provide mass transport could reach this ward within 45 minutes without pulling a unit off a higher-severity ward.
410.0,2024-07-24T15:20:00Z,REPLAY,oracle,I016:mass_transport:1,I016,mass_transport,w-pc-03,5,No unit able to provide mass transport could reach this ward within 45 minutes without pulling a unit off a higher-severity ward.
410.0,2024-07-24T15:20:00Z,REPLAY,oracle,I016:mass_transport:2,I016,mass_transport,w-pc-03,5,No unit able to provide mass transport could reach this ward within 45 minutes without pulling a unit off a higher-severity ward.
410.0,2024-07-24T15:20:00Z,REPLAY,oracle,I022:mass_transport:0,I022,mass_transport,w-pc-10,5,No unit able to provide mass transport could reach this ward within 45 minutes without pulling a unit off a higher-severity ward.
410.0,2024-07-24T15:20:00Z,REPLAY,oracle,I022:mass_transport:1,I022,mass_transport,w-pc-10,5,No unit able to provide mass transport could reach this ward within 45 minutes without pulling a unit off a higher-severity ward.
410.0,2024-07-24T15:20:00Z,REPLAY,oracle,I022:mass_transport:2,I022,mass_transport,w-pc-10,5,No unit able to provide mass transport could reach this ward within 45 minutes without pulling a unit off a higher-severity ward.
410.0,2024-07-24T15:20:00Z,REPLAY,oracle,I023:mass_transport:0,I023,mass_transport,w-pc-05,5,No unit able to provide mass transport could reach this ward within 45 minutes without pulling a unit off a higher-severity ward.
410.0,2024-07-24T15:20:00Z,REPLAY,oracle,I023:mass_transport:1,I023,mass_transport,w-pc-05,5,No unit able to provide mass transport could reach this ward within 45 minutes without pulling a unit off a higher-severity ward.
410.0,2024-07-24T15:20:00Z,REPLAY,oracle,I023:mass_transport:2,I023,mass_transport,w-pc-05,5,No unit able to provide mass transport could reach this ward within 45 minutes without pulling a unit off a higher-severity ward.
420.0,2024-07-24T15:30:00Z,REPLAY,oracle,I005:mass_transport:0,I005,mass_transport,w-pc-03,5,No unit able to provide mass transport could reach this ward within 45 minutes without pulling a unit off a higher-severity ward.
420.0,2024-07-24T15:30:00Z,REPLAY,oracle,I005:mass_transport:1,I005,mass_transport,w-pc-03,5,No unit able to provide mass transport could reach this ward within 45 minutes without pulling a unit off a higher-severity ward.
420.0,2024-07-24T15:30:00Z,REPLAY,oracle,I006:mass_transport:0,I006,mass_transport,w-pc-11,5,No unit able to provide mass transport could reach this ward within 45 minutes without pulling a unit off a higher-severity ward.
420.0,2024-07-24T15:30:00Z,REPLAY,oracle,I006:mass_transport:1,I006,mass_transport,w-pc-11,5,No unit able to provide mass transport could reach this ward within 45 minutes without pulling a unit off a higher-severity ward.
420.0,2024-07-24T15:30:00Z,REPLAY,oracle,I006:mass_transport:2,I006,mass_transport,w-pc-11,5,No unit able to provide mass transport could reach this ward within 45 minutes without pulling a unit off a higher-severity ward.
420.0,2024-07-24T15:30:00Z,REPLAY,oracle,I007:mass_transport:0,I007,mass_transport,w-pc-07,5,No unit able to provide mass transport could reach this ward within 45 minutes without pulling a unit off a higher-severity ward.
420.0,2024-07-24T15:30:00Z,REPLAY,oracle,I007:mass_transport:1,I007,mass_transport,w-pc-07,5,No unit able to provide mass transport could reach this ward within 45 minutes without pulling a unit off a higher-severity ward.
420.0,2024-07-24T15:30:00Z,REPLAY,oracle,I007:mass_transport:2,I007,mass_transport,w-pc-07,5,No unit able to provide mass transport could reach this ward within 45 minutes without pulling a unit off a higher-severity ward.
420.0,2024-07-24T15:30:00Z,REPLAY,oracle,I009:mass_transport:0,I009,mass_transport,w-pc-03,5,No unit able to provide mass transport could reach this ward within 45 minutes without pulling a unit off a higher-severity ward.
420.0,2024-07-24T15:30:00Z,REPLAY,oracle,I009:mass_transport:1,I009,mass_transport,w-pc-03,5,No unit able to provide mass transport could reach this ward within 45 minutes without pulling a unit off a higher-severity ward.
420.0,2024-07-24T15:30:00Z,REPLAY,oracle,I009:mass_transport:2,I009,mass_transport,w-pc-03,5,No unit able to provide mass transport could reach this ward within 45 minutes without pulling a unit off a higher-severity ward.
420.0,2024-07-24T15:30:00Z,REPLAY,oracle,I011:mass_transport:0,I011,mass_transport,w-pc-03,5,No unit able to provide mass transport could reach this ward within 45 minutes without pulling a unit off a higher-severity ward.
420.0,2024-07-24T15:30:00Z,REPLAY,oracle,I011:mass_transport:1,I011,mass_transport,w-pc-03,5,No unit able to provide mass transport could reach this ward within 45 minutes without pulling a unit off a higher-severity ward.
420.0,2024-07-24T15:30:00Z,REPLAY,oracle,I011:mass_transport:2,I011,mass_transport,w-pc-03,5,No unit able to provide mass transport could reach this ward within 45 minutes without pulling a unit off a higher-severity ward.
420.0,2024-07-24T15:30:00Z,REPLAY,oracle,I012:mass_transport:0,I012,mass_transport,w-pc-03,5,No unit able to provide mass transport could reach this ward within 45 minutes without pulling a unit off a higher-severity ward.
420.0,2024-07-24T15:30:00Z,REPLAY,oracle,I012:mass_transport:1,I012,mass_transport,w-pc-03,5,No unit able to provide mass transport could reach this ward within 45 minutes without pulling a unit off a higher-severity ward.
420.0,2024-07-24T15:30:00Z,REPLAY,oracle,I014:mass_transport:0,I014,mass_transport,w-pc-10,4,No unit able to provide mass transport could reach this ward within 45 minutes without pulling a unit off a higher-severity ward.
420.0,2024-07-24T15:30:00Z,REPLAY,oracle,I014:mass_transport:1,I014,mass_transport,w-pc-10,4,No unit able to provide mass transport could reach this ward within 45 minutes without pulling a unit off a higher-severity ward.
420.0,2024-07-24T15:30:00Z,REPLAY,oracle,I016:mass_transport:0,I016,mass_transport,w-pc-03,5,No unit able to provide mass transport could reach this ward within 45 minutes without pulling a unit off a higher-severity ward.
420.0,2024-07-24T15:30:00Z,REPLAY,oracle,I016:mass_transport:1,I016,mass_transport,w-pc-03,5,No unit able to provide mass transport could reach this ward within 45 minutes without pulling a unit off a higher-severity ward.
420.0,2024-07-24T15:30:00Z,REPLAY,oracle,I016:mass_transport:2,I016,mass_transport,w-pc-03,5,No unit able to provide mass transport could reach this ward within 45 minutes without pulling a unit off a higher-severity ward.
420.0,2024-07-24T15:30:00Z,REPLAY,oracle,I022:mass_transport:0,I022,mass_transport,w-pc-10,5,No unit able to provide mass transport could reach this ward within 45 minutes without pulling a unit off a higher-severity ward.
420.0,2024-07-24T15:30:00Z,REPLAY,oracle,I022:mass_transport:1,I022,mass_transport,w-pc-10,5,No unit able to provide mass transport could reach this ward within 45 minutes without pulling a unit off a higher-severity ward.
420.0,2024-07-24T15:30:00Z,REPLAY,oracle,I022:mass_transport:2,I022,mass_transport,w-pc-10,5,No unit able to provide mass transport could reach this ward within 45 minutes without pulling a unit off a higher-severity ward.
420.0,2024-07-24T15:30:00Z,REPLAY,oracle,I023:mass_transport:0,I023,mass_transport,w-pc-05,5,No unit able to provide mass transport could reach this ward within 45 minutes without pulling a unit off a higher-severity ward.
420.0,2024-07-24T15:30:00Z,REPLAY,oracle,I023:mass_transport:1,I023,mass_transport,w-pc-05,5,No unit able to provide mass transport could reach this ward within 45 minutes without pulling a unit off a higher-severity ward.
420.0,2024-07-24T15:30:00Z,REPLAY,oracle,I023:mass_transport:2,I023,mass_transport,w-pc-05,5,No unit able to provide mass transport could reach this ward within 45 minutes without pulling a unit off a higher-severity ward.
430.0,2024-07-24T15:40:00Z,REPLAY,oracle,I005:mass_transport:0,I005,mass_transport,w-pc-03,5,No unit able to provide mass transport could reach this ward within 45 minutes without pulling a unit off a higher-severity ward.
430.0,2024-07-24T15:40:00Z,REPLAY,oracle,I005:mass_transport:1,I005,mass_transport,w-pc-03,5,No unit able to provide mass transport could reach this ward within 45 minutes without pulling a unit off a higher-severity ward.
430.0,2024-07-24T15:40:00Z,REPLAY,oracle,I006:mass_transport:0,I006,mass_transport,w-pc-11,5,No unit able to provide mass transport could reach this ward within 45 minutes without pulling a unit off a higher-severity ward.
430.0,2024-07-24T15:40:00Z,REPLAY,oracle,I006:mass_transport:1,I006,mass_transport,w-pc-11,5,No unit able to provide mass transport could reach this ward within 45 minutes without pulling a unit off a higher-severity ward.
430.0,2024-07-24T15:40:00Z,REPLAY,oracle,I006:mass_transport:2,I006,mass_transport,w-pc-11,5,No unit able to provide mass transport could reach this ward within 45 minutes without pulling a unit off a higher-severity ward.
430.0,2024-07-24T15:40:00Z,REPLAY,oracle,I007:mass_transport:0,I007,mass_transport,w-pc-07,5,No unit able to provide mass transport could reach this ward within 45 minutes without pulling a unit off a higher-severity ward.
430.0,2024-07-24T15:40:00Z,REPLAY,oracle,I007:mass_transport:1,I007,mass_transport,w-pc-07,5,No unit able to provide mass transport could reach this ward within 45 minutes without pulling a unit off a higher-severity ward.
430.0,2024-07-24T15:40:00Z,REPLAY,oracle,I007:mass_transport:2,I007,mass_transport,w-pc-07,5,No unit able to provide mass transport could reach this ward within 45 minutes without pulling a unit off a higher-severity ward.
430.0,2024-07-24T15:40:00Z,REPLAY,oracle,I009:mass_transport:0,I009,mass_transport,w-pc-03,5,No unit able to provide mass transport could reach this ward within 45 minutes without pulling a unit off a higher-severity ward.
430.0,2024-07-24T15:40:00Z,REPLAY,oracle,I009:mass_transport:1,I009,mass_transport,w-pc-03,5,No unit able to provide mass transport could reach this ward within 45 minutes without pulling a unit off a higher-severity ward.
430.0,2024-07-24T15:40:00Z,REPLAY,oracle,I009:mass_transport:2,I009,mass_transport,w-pc-03,5,No unit able to provide mass transport could reach this ward within 45 minutes without pulling a unit off a higher-severity ward.
430.0,2024-07-24T15:40:00Z,REPLAY,oracle,I011:mass_transport:0,I011,mass_transport,w-pc-03,5,No unit able to provide mass transport could reach this ward within 45 minutes without pulling a unit off a higher-severity ward.
430.0,2024-07-24T15:40:00Z,REPLAY,oracle,I011:mass_transport:1,I011,mass_transport,w-pc-03,5,No unit able to provide mass transport could reach this ward within 45 minutes without pulling a unit off a higher-severity ward.
430.0,2024-07-24T15:40:00Z,REPLAY,oracle,I011:mass_transport:2,I011,mass_transport,w-pc-03,5,No unit able to provide mass transport could reach this ward within 45 minutes without pulling a unit off a higher-severity ward.
430.0,2024-07-24T15:40:00Z,REPLAY,oracle,I012:mass_transport:0,I012,mass_transport,w-pc-03,5,No unit able to provide mass transport could reach this ward within 45 minutes without pulling a unit off a higher-severity ward.
430.0,2024-07-24T15:40:00Z,REPLAY,oracle,I012:mass_transport:1,I012,mass_transport,w-pc-03,5,No unit able to provide mass transport could reach this ward within 45 minutes without pulling a unit off a higher-severity ward.
430.0,2024-07-24T15:40:00Z,REPLAY,oracle,I014:mass_transport:0,I014,mass_transport,w-pc-10,4,No unit able to provide mass transport could reach this ward within 45 minutes without pulling a unit off a higher-severity ward.
430.0,2024-07-24T15:40:00Z,REPLAY,oracle,I014:mass_transport:1,I014,mass_transport,w-pc-10,4,No unit able to provide mass transport could reach this ward within 45 minutes without pulling a unit off a higher-severity ward.
430.0,2024-07-24T15:40:00Z,REPLAY,oracle,I016:mass_transport:0,I016,mass_transport,w-pc-03,5,No unit able to provide mass transport could reach this ward within 45 minutes without pulling a unit off a higher-severity ward.
430.0,2024-07-24T15:40:00Z,REPLAY,oracle,I016:mass_transport:1,I016,mass_transport,w-pc-03,5,No unit able to provide mass transport could reach this ward within 45 minutes without pulling a unit off a higher-severity ward.
430.0,2024-07-24T15:40:00Z,REPLAY,oracle,I016:mass_transport:2,I016,mass_transport,w-pc-03,5,No unit able to provide mass transport could reach this ward within 45 minutes without pulling a unit off a higher-severity ward.
430.0,2024-07-24T15:40:00Z,REPLAY,oracle,I022:mass_transport:0,I022,mass_transport,w-pc-10,5,No unit able to provide mass transport could reach this ward within 45 minutes without pulling a unit off a higher-severity ward.
430.0,2024-07-24T15:40:00Z,REPLAY,oracle,I022:mass_transport:1,I022,mass_transport,w-pc-10,5,No unit able to provide mass transport could reach this ward within 45 minutes without pulling a unit off a higher-severity ward.
430.0,2024-07-24T15:40:00Z,REPLAY,oracle,I022:mass_transport:2,I022,mass_transport,w-pc-10,5,No unit able to provide mass transport could reach this ward within 45 minutes without pulling a unit off a higher-severity ward.
430.0,2024-07-24T15:40:00Z,REPLAY,oracle,I023:mass_transport:0,I023,mass_transport,w-pc-05,5,No unit able to provide mass transport could reach this ward within 45 minutes without pulling a unit off a higher-severity ward.
430.0,2024-07-24T15:40:00Z,REPLAY,oracle,I023:mass_transport:1,I023,mass_transport,w-pc-05,5,No unit able to provide mass transport could reach this ward within 45 minutes without pulling a unit off a higher-severity ward.
430.0,2024-07-24T15:40:00Z,REPLAY,oracle,I023:mass_transport:2,I023,mass_transport,w-pc-05,5,No unit able to provide mass transport could reach this ward within 45 minutes without pulling a unit off a higher-severity ward.
440.0,2024-07-24T15:50:00Z,REPLAY,oracle,I005:mass_transport:0,I005,mass_transport,w-pc-03,5,No unit able to provide mass transport could reach this ward within 45 minutes without pulling a unit off a higher-severity ward.
440.0,2024-07-24T15:50:00Z,REPLAY,oracle,I005:mass_transport:1,I005,mass_transport,w-pc-03,5,No unit able to provide mass transport could reach this ward within 45 minutes without pulling a unit off a higher-severity ward.
440.0,2024-07-24T15:50:00Z,REPLAY,oracle,I006:mass_transport:0,I006,mass_transport,w-pc-11,5,No unit able to provide mass transport could reach this ward within 45 minutes without pulling a unit off a higher-severity ward.
440.0,2024-07-24T15:50:00Z,REPLAY,oracle,I006:mass_transport:1,I006,mass_transport,w-pc-11,5,No unit able to provide mass transport could reach this ward within 45 minutes without pulling a unit off a higher-severity ward.
440.0,2024-07-24T15:50:00Z,REPLAY,oracle,I006:mass_transport:2,I006,mass_transport,w-pc-11,5,No unit able to provide mass transport could reach this ward within 45 minutes without pulling a unit off a higher-severity ward.
440.0,2024-07-24T15:50:00Z,REPLAY,oracle,I007:mass_transport:0,I007,mass_transport,w-pc-07,5,No unit able to provide mass transport could reach this ward within 45 minutes without pulling a unit off a higher-severity ward.
440.0,2024-07-24T15:50:00Z,REPLAY,oracle,I007:mass_transport:1,I007,mass_transport,w-pc-07,5,No unit able to provide mass transport could reach this ward within 45 minutes without pulling a unit off a higher-severity ward.
440.0,2024-07-24T15:50:00Z,REPLAY,oracle,I007:mass_transport:2,I007,mass_transport,w-pc-07,5,No unit able to provide mass transport could reach this ward within 45 minutes without pulling a unit off a higher-severity ward.
440.0,2024-07-24T15:50:00Z,REPLAY,oracle,I009:mass_transport:0,I009,mass_transport,w-pc-03,5,No unit able to provide mass transport could reach this ward within 45 minutes without pulling a unit off a higher-severity ward.
440.0,2024-07-24T15:50:00Z,REPLAY,oracle,I009:mass_transport:1,I009,mass_transport,w-pc-03,5,No unit able to provide mass transport could reach this ward within 45 minutes without pulling a unit off a higher-severity ward.
440.0,2024-07-24T15:50:00Z,REPLAY,oracle,I009:mass_transport:2,I009,mass_transport,w-pc-03,5,No unit able to provide mass transport could reach this ward within 45 minutes without pulling a unit off a higher-severity ward.
440.0,2024-07-24T15:50:00Z,REPLAY,oracle,I011:mass_transport:0,I011,mass_transport,w-pc-03,5,No unit able to provide mass transport could reach this ward within 45 minutes without pulling a unit off a higher-severity ward.
440.0,2024-07-24T15:50:00Z,REPLAY,oracle,I011:mass_transport:1,I011,mass_transport,w-pc-03,5,No unit able to provide mass transport could reach this ward within 45 minutes without pulling a unit off a higher-severity ward.
440.0,2024-07-24T15:50:00Z,REPLAY,oracle,I011:mass_transport:2,I011,mass_transport,w-pc-03,5,No unit able to provide mass transport could reach this ward within 45 minutes without pulling a unit off a higher-severity ward.
440.0,2024-07-24T15:50:00Z,REPLAY,oracle,I012:mass_transport:0,I012,mass_transport,w-pc-03,5,No unit able to provide mass transport could reach this ward within 45 minutes without pulling a unit off a higher-severity ward.
440.0,2024-07-24T15:50:00Z,REPLAY,oracle,I012:mass_transport:1,I012,mass_transport,w-pc-03,5,No unit able to provide mass transport could reach this ward within 45 minutes without pulling a unit off a higher-severity ward.
440.0,2024-07-24T15:50:00Z,REPLAY,oracle,I014:mass_transport:0,I014,mass_transport,w-pc-10,4,No unit able to provide mass transport could reach this ward within 45 minutes without pulling a unit off a higher-severity ward.
440.0,2024-07-24T15:50:00Z,REPLAY,oracle,I014:mass_transport:1,I014,mass_transport,w-pc-10,4,No unit able to provide mass transport could reach this ward within 45 minutes without pulling a unit off a higher-severity ward.
440.0,2024-07-24T15:50:00Z,REPLAY,oracle,I016:mass_transport:0,I016,mass_transport,w-pc-03,5,No unit able to provide mass transport could reach this ward within 45 minutes without pulling a unit off a higher-severity ward.
440.0,2024-07-24T15:50:00Z,REPLAY,oracle,I016:mass_transport:1,I016,mass_transport,w-pc-03,5,No unit able to provide mass transport could reach this ward within 45 minutes without pulling a unit off a higher-severity ward.
440.0,2024-07-24T15:50:00Z,REPLAY,oracle,I016:mass_transport:2,I016,mass_transport,w-pc-03,5,No unit able to provide mass transport could reach this ward within 45 minutes without pulling a unit off a higher-severity ward.
440.0,2024-07-24T15:50:00Z,REPLAY,oracle,I022:mass_transport:0,I022,mass_transport,w-pc-10,5,No unit able to provide mass transport could reach this ward within 45 minutes without pulling a unit off a higher-severity ward.
440.0,2024-07-24T15:50:00Z,REPLAY,oracle,I022:mass_transport:1,I022,mass_transport,w-pc-10,5,No unit able to provide mass transport could reach this ward within 45 minutes without pulling a unit off a higher-severity ward.
440.0,2024-07-24T15:50:00Z,REPLAY,oracle,I022:mass_transport:2,I022,mass_transport,w-pc-10,5,No unit able to provide mass transport could reach this ward within 45 minutes without pulling a unit off a higher-severity ward.
440.0,2024-07-24T15:50:00Z,REPLAY,oracle,I023:mass_transport:0,I023,mass_transport,w-pc-05,5,No unit able to provide mass transport could reach this ward within 45 minutes without pulling a unit off a higher-severity ward.
440.0,2024-07-24T15:50:00Z,REPLAY,oracle,I023:mass_transport:1,I023,mass_transport,w-pc-05,5,No unit able to provide mass transport could reach this ward within 45 minutes without pulling a unit off a higher-severity ward.
440.0,2024-07-24T15:50:00Z,REPLAY,oracle,I023:mass_transport:2,I023,mass_transport,w-pc-05,5,No unit able to provide mass transport could reach this ward within 45 minutes without pulling a unit off a higher-severity ward.
450.0,2024-07-24T16:00:00Z,REPLAY,oracle,I005:mass_transport:0,I005,mass_transport,w-pc-03,5,No unit able to provide mass transport could reach this ward within 45 minutes without pulling a unit off a higher-severity ward.
450.0,2024-07-24T16:00:00Z,REPLAY,oracle,I005:mass_transport:1,I005,mass_transport,w-pc-03,5,No unit able to provide mass transport could reach this ward within 45 minutes without pulling a unit off a higher-severity ward.
450.0,2024-07-24T16:00:00Z,REPLAY,oracle,I006:mass_transport:0,I006,mass_transport,w-pc-11,5,No unit able to provide mass transport could reach this ward within 45 minutes without pulling a unit off a higher-severity ward.
450.0,2024-07-24T16:00:00Z,REPLAY,oracle,I006:mass_transport:1,I006,mass_transport,w-pc-11,5,No unit able to provide mass transport could reach this ward within 45 minutes without pulling a unit off a higher-severity ward.
450.0,2024-07-24T16:00:00Z,REPLAY,oracle,I006:mass_transport:2,I006,mass_transport,w-pc-11,5,No unit able to provide mass transport could reach this ward within 45 minutes without pulling a unit off a higher-severity ward.
450.0,2024-07-24T16:00:00Z,REPLAY,oracle,I007:mass_transport:0,I007,mass_transport,w-pc-07,5,No unit able to provide mass transport could reach this ward within 45 minutes without pulling a unit off a higher-severity ward.
450.0,2024-07-24T16:00:00Z,REPLAY,oracle,I007:mass_transport:1,I007,mass_transport,w-pc-07,5,No unit able to provide mass transport could reach this ward within 45 minutes without pulling a unit off a higher-severity ward.
450.0,2024-07-24T16:00:00Z,REPLAY,oracle,I007:mass_transport:2,I007,mass_transport,w-pc-07,5,No unit able to provide mass transport could reach this ward within 45 minutes without pulling a unit off a higher-severity ward.
450.0,2024-07-24T16:00:00Z,REPLAY,oracle,I009:mass_transport:0,I009,mass_transport,w-pc-03,5,No unit able to provide mass transport could reach this ward within 45 minutes without pulling a unit off a higher-severity ward.
450.0,2024-07-24T16:00:00Z,REPLAY,oracle,I009:mass_transport:1,I009,mass_transport,w-pc-03,5,No unit able to provide mass transport could reach this ward within 45 minutes without pulling a unit off a higher-severity ward.
450.0,2024-07-24T16:00:00Z,REPLAY,oracle,I009:mass_transport:2,I009,mass_transport,w-pc-03,5,No unit able to provide mass transport could reach this ward within 45 minutes without pulling a unit off a higher-severity ward.
450.0,2024-07-24T16:00:00Z,REPLAY,oracle,I011:mass_transport:0,I011,mass_transport,w-pc-03,5,No unit able to provide mass transport could reach this ward within 45 minutes without pulling a unit off a higher-severity ward.
450.0,2024-07-24T16:00:00Z,REPLAY,oracle,I011:mass_transport:1,I011,mass_transport,w-pc-03,5,No unit able to provide mass transport could reach this ward within 45 minutes without pulling a unit off a higher-severity ward.
450.0,2024-07-24T16:00:00Z,REPLAY,oracle,I011:mass_transport:2,I011,mass_transport,w-pc-03,5,No unit able to provide mass transport could reach this ward within 45 minutes without pulling a unit off a higher-severity ward.
450.0,2024-07-24T16:00:00Z,REPLAY,oracle,I012:mass_transport:0,I012,mass_transport,w-pc-03,5,No unit able to provide mass transport could reach this ward within 45 minutes without pulling a unit off a higher-severity ward.
450.0,2024-07-24T16:00:00Z,REPLAY,oracle,I012:mass_transport:1,I012,mass_transport,w-pc-03,5,No unit able to provide mass transport could reach this ward within 45 minutes without pulling a unit off a higher-severity ward.
450.0,2024-07-24T16:00:00Z,REPLAY,oracle,I014:mass_transport:0,I014,mass_transport,w-pc-10,4,No unit able to provide mass transport could reach this ward within 45 minutes without pulling a unit off a higher-severity ward.
450.0,2024-07-24T16:00:00Z,REPLAY,oracle,I014:mass_transport:1,I014,mass_transport,w-pc-10,4,No unit able to provide mass transport could reach this ward within 45 minutes without pulling a unit off a higher-severity ward.
450.0,2024-07-24T16:00:00Z,REPLAY,oracle,I016:mass_transport:0,I016,mass_transport,w-pc-03,5,No unit able to provide mass transport could reach this ward within 45 minutes without pulling a unit off a higher-severity ward.
450.0,2024-07-24T16:00:00Z,REPLAY,oracle,I016:mass_transport:1,I016,mass_transport,w-pc-03,5,No unit able to provide mass transport could reach this ward within 45 minutes without pulling a unit off a higher-severity ward.
450.0,2024-07-24T16:00:00Z,REPLAY,oracle,I016:mass_transport:2,I016,mass_transport,w-pc-03,5,No unit able to provide mass transport could reach this ward within 45 minutes without pulling a unit off a higher-severity ward.
450.0,2024-07-24T16:00:00Z,REPLAY,oracle,I022:mass_transport:0,I022,mass_transport,w-pc-10,5,No unit able to provide mass transport could reach this ward within 45 minutes without pulling a unit off a higher-severity ward.
450.0,2024-07-24T16:00:00Z,REPLAY,oracle,I022:mass_transport:1,I022,mass_transport,w-pc-10,5,No unit able to provide mass transport could reach this ward within 45 minutes without pulling a unit off a higher-severity ward.
450.0,2024-07-24T16:00:00Z,REPLAY,oracle,I022:mass_transport:2,I022,mass_transport,w-pc-10,5,No unit able to provide mass transport could reach this ward within 45 minutes without pulling a unit off a higher-severity ward.
450.0,2024-07-24T16:00:00Z,REPLAY,oracle,I023:mass_transport:0,I023,mass_transport,w-pc-05,5,No unit able to provide mass transport could reach this ward within 45 minutes without pulling a unit off a higher-severity ward.
450.0,2024-07-24T16:00:00Z,REPLAY,oracle,I023:mass_transport:1,I023,mass_transport,w-pc-05,5,No unit able to provide mass transport could reach this ward within 45 minutes without pulling a unit off a higher-severity ward.
450.0,2024-07-24T16:00:00Z,REPLAY,oracle,I023:mass_transport:2,I023,mass_transport,w-pc-05,5,No unit able to provide mass transport could reach this ward within 45 minutes without pulling a unit off a higher-severity ward.
460.0,2024-07-24T16:10:00Z,REPLAY,oracle,I005:mass_transport:0,I005,mass_transport,w-pc-03,5,No unit able to provide mass transport could reach this ward within 45 minutes without pulling a unit off a higher-severity ward.
460.0,2024-07-24T16:10:00Z,REPLAY,oracle,I005:mass_transport:1,I005,mass_transport,w-pc-03,5,No unit able to provide mass transport could reach this ward within 45 minutes without pulling a unit off a higher-severity ward.
460.0,2024-07-24T16:10:00Z,REPLAY,oracle,I006:mass_transport:0,I006,mass_transport,w-pc-11,5,No unit able to provide mass transport could reach this ward within 45 minutes without pulling a unit off a higher-severity ward.
460.0,2024-07-24T16:10:00Z,REPLAY,oracle,I006:mass_transport:1,I006,mass_transport,w-pc-11,5,No unit able to provide mass transport could reach this ward within 45 minutes without pulling a unit off a higher-severity ward.
460.0,2024-07-24T16:10:00Z,REPLAY,oracle,I006:mass_transport:2,I006,mass_transport,w-pc-11,5,No unit able to provide mass transport could reach this ward within 45 minutes without pulling a unit off a higher-severity ward.
460.0,2024-07-24T16:10:00Z,REPLAY,oracle,I007:mass_transport:0,I007,mass_transport,w-pc-07,5,No unit able to provide mass transport could reach this ward within 45 minutes without pulling a unit off a higher-severity ward.
460.0,2024-07-24T16:10:00Z,REPLAY,oracle,I007:mass_transport:1,I007,mass_transport,w-pc-07,5,No unit able to provide mass transport could reach this ward within 45 minutes without pulling a unit off a higher-severity ward.
460.0,2024-07-24T16:10:00Z,REPLAY,oracle,I007:mass_transport:2,I007,mass_transport,w-pc-07,5,No unit able to provide mass transport could reach this ward within 45 minutes without pulling a unit off a higher-severity ward.
460.0,2024-07-24T16:10:00Z,REPLAY,oracle,I009:mass_transport:0,I009,mass_transport,w-pc-03,5,No unit able to provide mass transport could reach this ward within 45 minutes without pulling a unit off a higher-severity ward.
460.0,2024-07-24T16:10:00Z,REPLAY,oracle,I009:mass_transport:1,I009,mass_transport,w-pc-03,5,No unit able to provide mass transport could reach this ward within 45 minutes without pulling a unit off a higher-severity ward.
460.0,2024-07-24T16:10:00Z,REPLAY,oracle,I009:mass_transport:2,I009,mass_transport,w-pc-03,5,No unit able to provide mass transport could reach this ward within 45 minutes without pulling a unit off a higher-severity ward.
460.0,2024-07-24T16:10:00Z,REPLAY,oracle,I011:mass_transport:0,I011,mass_transport,w-pc-03,5,No unit able to provide mass transport could reach this ward within 45 minutes without pulling a unit off a higher-severity ward.
460.0,2024-07-24T16:10:00Z,REPLAY,oracle,I011:mass_transport:1,I011,mass_transport,w-pc-03,5,No unit able to provide mass transport could reach this ward within 45 minutes without pulling a unit off a higher-severity ward.
460.0,2024-07-24T16:10:00Z,REPLAY,oracle,I011:mass_transport:2,I011,mass_transport,w-pc-03,5,No unit able to provide mass transport could reach this ward within 45 minutes without pulling a unit off a higher-severity ward.
460.0,2024-07-24T16:10:00Z,REPLAY,oracle,I012:mass_transport:0,I012,mass_transport,w-pc-03,5,No unit able to provide mass transport could reach this ward within 45 minutes without pulling a unit off a higher-severity ward.
460.0,2024-07-24T16:10:00Z,REPLAY,oracle,I012:mass_transport:1,I012,mass_transport,w-pc-03,5,No unit able to provide mass transport could reach this ward within 45 minutes without pulling a unit off a higher-severity ward.
460.0,2024-07-24T16:10:00Z,REPLAY,oracle,I014:mass_transport:0,I014,mass_transport,w-pc-10,4,No unit able to provide mass transport could reach this ward within 45 minutes without pulling a unit off a higher-severity ward.
460.0,2024-07-24T16:10:00Z,REPLAY,oracle,I014:mass_transport:1,I014,mass_transport,w-pc-10,4,No unit able to provide mass transport could reach this ward within 45 minutes without pulling a unit off a higher-severity ward.
460.0,2024-07-24T16:10:00Z,REPLAY,oracle,I016:mass_transport:0,I016,mass_transport,w-pc-03,5,No unit able to provide mass transport could reach this ward within 45 minutes without pulling a unit off a higher-severity ward.
460.0,2024-07-24T16:10:00Z,REPLAY,oracle,I016:mass_transport:1,I016,mass_transport,w-pc-03,5,No unit able to provide mass transport could reach this ward within 45 minutes without pulling a unit off a higher-severity ward.
460.0,2024-07-24T16:10:00Z,REPLAY,oracle,I016:mass_transport:2,I016,mass_transport,w-pc-03,5,No unit able to provide mass transport could reach this ward within 45 minutes without pulling a unit off a higher-severity ward.
460.0,2024-07-24T16:10:00Z,REPLAY,oracle,I022:mass_transport:0,I022,mass_transport,w-pc-10,5,No unit able to provide mass transport could reach this ward within 45 minutes without pulling a unit off a higher-severity ward.
460.0,2024-07-24T16:10:00Z,REPLAY,oracle,I022:mass_transport:1,I022,mass_transport,w-pc-10,5,No unit able to provide mass transport could reach this ward within 45 minutes without pulling a unit off a higher-severity ward.
460.0,2024-07-24T16:10:00Z,REPLAY,oracle,I022:mass_transport:2,I022,mass_transport,w-pc-10,5,No unit able to provide mass transport could reach this ward within 45 minutes without pulling a unit off a higher-severity ward.
460.0,2024-07-24T16:10:00Z,REPLAY,oracle,I023:mass_transport:0,I023,mass_transport,w-pc-05,5,No unit able to provide mass transport could reach this ward within 45 minutes without pulling a unit off a higher-severity ward.
460.0,2024-07-24T16:10:00Z,REPLAY,oracle,I023:mass_transport:1,I023,mass_transport,w-pc-05,5,No unit able to provide mass transport could reach this ward within 45 minutes without pulling a unit off a higher-severity ward.
460.0,2024-07-24T16:10:00Z,REPLAY,oracle,I023:mass_transport:2,I023,mass_transport,w-pc-05,5,No unit able to provide mass transport could reach this ward within 45 minutes without pulling a unit off a higher-severity ward.
460.0,2024-07-24T16:10:00Z,REPLAY,oracle,I027:mass_transport:0,I027,mass_transport,w-pc-13,4,No unit able to provide mass transport could reach this ward within 45 minutes without pulling a unit off a higher-severity ward.
460.0,2024-07-24T16:10:00Z,REPLAY,oracle,I027:dewatering:0,I027,dewatering,w-pc-13,4,No unit able to provide dewatering could reach this ward within 45 minutes without pulling a unit off a higher-severity ward.
470.0,2024-07-24T16:20:00Z,REPLAY,oracle,I005:mass_transport:0,I005,mass_transport,w-pc-03,5,No unit able to provide mass transport could reach this ward within 45 minutes without pulling a unit off a higher-severity ward.
470.0,2024-07-24T16:20:00Z,REPLAY,oracle,I005:mass_transport:1,I005,mass_transport,w-pc-03,5,No unit able to provide mass transport could reach this ward within 45 minutes without pulling a unit off a higher-severity ward.
470.0,2024-07-24T16:20:00Z,REPLAY,oracle,I006:mass_transport:0,I006,mass_transport,w-pc-11,5,No unit able to provide mass transport could reach this ward within 45 minutes without pulling a unit off a higher-severity ward.
470.0,2024-07-24T16:20:00Z,REPLAY,oracle,I006:mass_transport:1,I006,mass_transport,w-pc-11,5,No unit able to provide mass transport could reach this ward within 45 minutes without pulling a unit off a higher-severity ward.
470.0,2024-07-24T16:20:00Z,REPLAY,oracle,I006:mass_transport:2,I006,mass_transport,w-pc-11,5,No unit able to provide mass transport could reach this ward within 45 minutes without pulling a unit off a higher-severity ward.
470.0,2024-07-24T16:20:00Z,REPLAY,oracle,I007:mass_transport:0,I007,mass_transport,w-pc-07,5,No unit able to provide mass transport could reach this ward within 45 minutes without pulling a unit off a higher-severity ward.
470.0,2024-07-24T16:20:00Z,REPLAY,oracle,I007:mass_transport:1,I007,mass_transport,w-pc-07,5,No unit able to provide mass transport could reach this ward within 45 minutes without pulling a unit off a higher-severity ward.
470.0,2024-07-24T16:20:00Z,REPLAY,oracle,I007:mass_transport:2,I007,mass_transport,w-pc-07,5,No unit able to provide mass transport could reach this ward within 45 minutes without pulling a unit off a higher-severity ward.
470.0,2024-07-24T16:20:00Z,REPLAY,oracle,I009:mass_transport:0,I009,mass_transport,w-pc-03,5,No unit able to provide mass transport could reach this ward within 45 minutes without pulling a unit off a higher-severity ward.
470.0,2024-07-24T16:20:00Z,REPLAY,oracle,I009:mass_transport:1,I009,mass_transport,w-pc-03,5,No unit able to provide mass transport could reach this ward within 45 minutes without pulling a unit off a higher-severity ward.
470.0,2024-07-24T16:20:00Z,REPLAY,oracle,I009:mass_transport:2,I009,mass_transport,w-pc-03,5,No unit able to provide mass transport could reach this ward within 45 minutes without pulling a unit off a higher-severity ward.
470.0,2024-07-24T16:20:00Z,REPLAY,oracle,I011:mass_transport:0,I011,mass_transport,w-pc-03,5,No unit able to provide mass transport could reach this ward within 45 minutes without pulling a unit off a higher-severity ward.
470.0,2024-07-24T16:20:00Z,REPLAY,oracle,I011:mass_transport:1,I011,mass_transport,w-pc-03,5,No unit able to provide mass transport could reach this ward within 45 minutes without pulling a unit off a higher-severity ward.
470.0,2024-07-24T16:20:00Z,REPLAY,oracle,I011:mass_transport:2,I011,mass_transport,w-pc-03,5,No unit able to provide mass transport could reach this ward within 45 minutes without pulling a unit off a higher-severity ward.
470.0,2024-07-24T16:20:00Z,REPLAY,oracle,I012:mass_transport:0,I012,mass_transport,w-pc-03,5,No unit able to provide mass transport could reach this ward within 45 minutes without pulling a unit off a higher-severity ward.
470.0,2024-07-24T16:20:00Z,REPLAY,oracle,I012:mass_transport:1,I012,mass_transport,w-pc-03,5,No unit able to provide mass transport could reach this ward within 45 minutes without pulling a unit off a higher-severity ward.
470.0,2024-07-24T16:20:00Z,REPLAY,oracle,I014:mass_transport:0,I014,mass_transport,w-pc-10,4,No unit able to provide mass transport could reach this ward within 45 minutes without pulling a unit off a higher-severity ward.
470.0,2024-07-24T16:20:00Z,REPLAY,oracle,I014:mass_transport:1,I014,mass_transport,w-pc-10,4,No unit able to provide mass transport could reach this ward within 45 minutes without pulling a unit off a higher-severity ward.
470.0,2024-07-24T16:20:00Z,REPLAY,oracle,I016:mass_transport:0,I016,mass_transport,w-pc-03,5,No unit able to provide mass transport could reach this ward within 45 minutes without pulling a unit off a higher-severity ward.
470.0,2024-07-24T16:20:00Z,REPLAY,oracle,I016:mass_transport:1,I016,mass_transport,w-pc-03,5,No unit able to provide mass transport could reach this ward within 45 minutes without pulling a unit off a higher-severity ward.
470.0,2024-07-24T16:20:00Z,REPLAY,oracle,I016:mass_transport:2,I016,mass_transport,w-pc-03,5,No unit able to provide mass transport could reach this ward within 45 minutes without pulling a unit off a higher-severity ward.
470.0,2024-07-24T16:20:00Z,REPLAY,oracle,I022:mass_transport:0,I022,mass_transport,w-pc-10,5,No unit able to provide mass transport could reach this ward within 45 minutes without pulling a unit off a higher-severity ward.
470.0,2024-07-24T16:20:00Z,REPLAY,oracle,I022:mass_transport:1,I022,mass_transport,w-pc-10,5,No unit able to provide mass transport could reach this ward within 45 minutes without pulling a unit off a higher-severity ward.
470.0,2024-07-24T16:20:00Z,REPLAY,oracle,I022:mass_transport:2,I022,mass_transport,w-pc-10,5,No unit able to provide mass transport could reach this ward within 45 minutes without pulling a unit off a higher-severity ward.
470.0,2024-07-24T16:20:00Z,REPLAY,oracle,I023:mass_transport:0,I023,mass_transport,w-pc-05,5,No unit able to provide mass transport could reach this ward within 45 minutes without pulling a unit off a higher-severity ward.
470.0,2024-07-24T16:20:00Z,REPLAY,oracle,I023:mass_transport:1,I023,mass_transport,w-pc-05,5,No unit able to provide mass transport could reach this ward within 45 minutes without pulling a unit off a higher-severity ward.
470.0,2024-07-24T16:20:00Z,REPLAY,oracle,I023:mass_transport:2,I023,mass_transport,w-pc-05,5,No unit able to provide mass transport could reach this ward within 45 minutes without pulling a unit off a higher-severity ward.
470.0,2024-07-24T16:20:00Z,REPLAY,oracle,I027:mass_transport:0,I027,mass_transport,w-pc-13,4,No unit able to provide mass transport could reach this ward within 45 minutes without pulling a unit off a higher-severity ward.
470.0,2024-07-24T16:20:00Z,REPLAY,oracle,I027:dewatering:0,I027,dewatering,w-pc-13,4,No unit able to provide dewatering could reach this ward within 45 minutes without pulling a unit off a higher-severity ward.
480.0,2024-07-24T16:30:00Z,REPLAY,oracle,I005:mass_transport:0,I005,mass_transport,w-pc-03,5,No unit able to provide mass transport could reach this ward within 45 minutes without pulling a unit off a higher-severity ward.
480.0,2024-07-24T16:30:00Z,REPLAY,oracle,I005:mass_transport:1,I005,mass_transport,w-pc-03,5,No unit able to provide mass transport could reach this ward within 45 minutes without pulling a unit off a higher-severity ward.
480.0,2024-07-24T16:30:00Z,REPLAY,oracle,I006:mass_transport:0,I006,mass_transport,w-pc-11,5,No unit able to provide mass transport could reach this ward within 45 minutes without pulling a unit off a higher-severity ward.
480.0,2024-07-24T16:30:00Z,REPLAY,oracle,I006:mass_transport:1,I006,mass_transport,w-pc-11,5,No unit able to provide mass transport could reach this ward within 45 minutes without pulling a unit off a higher-severity ward.
480.0,2024-07-24T16:30:00Z,REPLAY,oracle,I006:mass_transport:2,I006,mass_transport,w-pc-11,5,No unit able to provide mass transport could reach this ward within 45 minutes without pulling a unit off a higher-severity ward.
480.0,2024-07-24T16:30:00Z,REPLAY,oracle,I007:mass_transport:0,I007,mass_transport,w-pc-07,5,No unit able to provide mass transport could reach this ward within 45 minutes without pulling a unit off a higher-severity ward.
480.0,2024-07-24T16:30:00Z,REPLAY,oracle,I007:mass_transport:1,I007,mass_transport,w-pc-07,5,No unit able to provide mass transport could reach this ward within 45 minutes without pulling a unit off a higher-severity ward.
480.0,2024-07-24T16:30:00Z,REPLAY,oracle,I007:mass_transport:2,I007,mass_transport,w-pc-07,5,No unit able to provide mass transport could reach this ward within 45 minutes without pulling a unit off a higher-severity ward.
480.0,2024-07-24T16:30:00Z,REPLAY,oracle,I009:mass_transport:0,I009,mass_transport,w-pc-03,5,No unit able to provide mass transport could reach this ward within 45 minutes without pulling a unit off a higher-severity ward.
480.0,2024-07-24T16:30:00Z,REPLAY,oracle,I009:mass_transport:1,I009,mass_transport,w-pc-03,5,No unit able to provide mass transport could reach this ward within 45 minutes without pulling a unit off a higher-severity ward.
480.0,2024-07-24T16:30:00Z,REPLAY,oracle,I009:mass_transport:2,I009,mass_transport,w-pc-03,5,No unit able to provide mass transport could reach this ward within 45 minutes without pulling a unit off a higher-severity ward.
480.0,2024-07-24T16:30:00Z,REPLAY,oracle,I011:mass_transport:0,I011,mass_transport,w-pc-03,5,No unit able to provide mass transport could reach this ward within 45 minutes without pulling a unit off a higher-severity ward.
480.0,2024-07-24T16:30:00Z,REPLAY,oracle,I011:mass_transport:1,I011,mass_transport,w-pc-03,5,No unit able to provide mass transport could reach this ward within 45 minutes without pulling a unit off a higher-severity ward.
480.0,2024-07-24T16:30:00Z,REPLAY,oracle,I011:mass_transport:2,I011,mass_transport,w-pc-03,5,No unit able to provide mass transport could reach this ward within 45 minutes without pulling a unit off a higher-severity ward.
480.0,2024-07-24T16:30:00Z,REPLAY,oracle,I012:mass_transport:0,I012,mass_transport,w-pc-03,5,No unit able to provide mass transport could reach this ward within 45 minutes without pulling a unit off a higher-severity ward.
480.0,2024-07-24T16:30:00Z,REPLAY,oracle,I012:mass_transport:1,I012,mass_transport,w-pc-03,5,No unit able to provide mass transport could reach this ward within 45 minutes without pulling a unit off a higher-severity ward.
480.0,2024-07-24T16:30:00Z,REPLAY,oracle,I014:mass_transport:0,I014,mass_transport,w-pc-10,4,No unit able to provide mass transport could reach this ward within 45 minutes without pulling a unit off a higher-severity ward.
480.0,2024-07-24T16:30:00Z,REPLAY,oracle,I014:mass_transport:1,I014,mass_transport,w-pc-10,4,No unit able to provide mass transport could reach this ward within 45 minutes without pulling a unit off a higher-severity ward.
480.0,2024-07-24T16:30:00Z,REPLAY,oracle,I016:mass_transport:0,I016,mass_transport,w-pc-03,5,No unit able to provide mass transport could reach this ward within 45 minutes without pulling a unit off a higher-severity ward.
480.0,2024-07-24T16:30:00Z,REPLAY,oracle,I016:mass_transport:1,I016,mass_transport,w-pc-03,5,No unit able to provide mass transport could reach this ward within 45 minutes without pulling a unit off a higher-severity ward.
480.0,2024-07-24T16:30:00Z,REPLAY,oracle,I016:mass_transport:2,I016,mass_transport,w-pc-03,5,No unit able to provide mass transport could reach this ward within 45 minutes without pulling a unit off a higher-severity ward.
480.0,2024-07-24T16:30:00Z,REPLAY,oracle,I022:mass_transport:0,I022,mass_transport,w-pc-10,5,No unit able to provide mass transport could reach this ward within 45 minutes without pulling a unit off a higher-severity ward.
480.0,2024-07-24T16:30:00Z,REPLAY,oracle,I022:mass_transport:1,I022,mass_transport,w-pc-10,5,No unit able to provide mass transport could reach this ward within 45 minutes without pulling a unit off a higher-severity ward.
480.0,2024-07-24T16:30:00Z,REPLAY,oracle,I022:mass_transport:2,I022,mass_transport,w-pc-10,5,No unit able to provide mass transport could reach this ward within 45 minutes without pulling a unit off a higher-severity ward.
480.0,2024-07-24T16:30:00Z,REPLAY,oracle,I023:mass_transport:0,I023,mass_transport,w-pc-05,5,No unit able to provide mass transport could reach this ward within 45 minutes without pulling a unit off a higher-severity ward.
480.0,2024-07-24T16:30:00Z,REPLAY,oracle,I023:mass_transport:1,I023,mass_transport,w-pc-05,5,No unit able to provide mass transport could reach this ward within 45 minutes without pulling a unit off a higher-severity ward.
480.0,2024-07-24T16:30:00Z,REPLAY,oracle,I023:mass_transport:2,I023,mass_transport,w-pc-05,5,No unit able to provide mass transport could reach this ward within 45 minutes without pulling a unit off a higher-severity ward.
480.0,2024-07-24T16:30:00Z,REPLAY,oracle,I027:mass_transport:0,I027,mass_transport,w-pc-13,4,No unit able to provide mass transport could reach this ward within 45 minutes without pulling a unit off a higher-severity ward.
480.0,2024-07-24T16:30:00Z,REPLAY,oracle,I027:dewatering:0,I027,dewatering,w-pc-13,4,No unit able to provide dewatering could reach this ward within 45 minutes without pulling a unit off a higher-severity ward.
490.0,2024-07-24T16:40:00Z,REPLAY,oracle,I005:mass_transport:0,I005,mass_transport,w-pc-03,5,No unit able to provide mass transport could reach this ward within 45 minutes without pulling a unit off a higher-severity ward.
490.0,2024-07-24T16:40:00Z,REPLAY,oracle,I005:mass_transport:1,I005,mass_transport,w-pc-03,5,No unit able to provide mass transport could reach this ward within 45 minutes without pulling a unit off a higher-severity ward.
490.0,2024-07-24T16:40:00Z,REPLAY,oracle,I006:mass_transport:0,I006,mass_transport,w-pc-11,5,No unit able to provide mass transport could reach this ward within 45 minutes without pulling a unit off a higher-severity ward.
490.0,2024-07-24T16:40:00Z,REPLAY,oracle,I006:mass_transport:1,I006,mass_transport,w-pc-11,5,No unit able to provide mass transport could reach this ward within 45 minutes without pulling a unit off a higher-severity ward.
490.0,2024-07-24T16:40:00Z,REPLAY,oracle,I006:mass_transport:2,I006,mass_transport,w-pc-11,5,No unit able to provide mass transport could reach this ward within 45 minutes without pulling a unit off a higher-severity ward.
490.0,2024-07-24T16:40:00Z,REPLAY,oracle,I007:mass_transport:0,I007,mass_transport,w-pc-07,5,No unit able to provide mass transport could reach this ward within 45 minutes without pulling a unit off a higher-severity ward.
490.0,2024-07-24T16:40:00Z,REPLAY,oracle,I007:mass_transport:1,I007,mass_transport,w-pc-07,5,No unit able to provide mass transport could reach this ward within 45 minutes without pulling a unit off a higher-severity ward.
490.0,2024-07-24T16:40:00Z,REPLAY,oracle,I007:mass_transport:2,I007,mass_transport,w-pc-07,5,No unit able to provide mass transport could reach this ward within 45 minutes without pulling a unit off a higher-severity ward.
490.0,2024-07-24T16:40:00Z,REPLAY,oracle,I009:mass_transport:0,I009,mass_transport,w-pc-03,5,No unit able to provide mass transport could reach this ward within 45 minutes without pulling a unit off a higher-severity ward.
490.0,2024-07-24T16:40:00Z,REPLAY,oracle,I009:mass_transport:1,I009,mass_transport,w-pc-03,5,No unit able to provide mass transport could reach this ward within 45 minutes without pulling a unit off a higher-severity ward.
490.0,2024-07-24T16:40:00Z,REPLAY,oracle,I009:mass_transport:2,I009,mass_transport,w-pc-03,5,No unit able to provide mass transport could reach this ward within 45 minutes without pulling a unit off a higher-severity ward.
490.0,2024-07-24T16:40:00Z,REPLAY,oracle,I011:mass_transport:0,I011,mass_transport,w-pc-03,5,No unit able to provide mass transport could reach this ward within 45 minutes without pulling a unit off a higher-severity ward.
490.0,2024-07-24T16:40:00Z,REPLAY,oracle,I011:mass_transport:1,I011,mass_transport,w-pc-03,5,No unit able to provide mass transport could reach this ward within 45 minutes without pulling a unit off a higher-severity ward.
490.0,2024-07-24T16:40:00Z,REPLAY,oracle,I011:mass_transport:2,I011,mass_transport,w-pc-03,5,No unit able to provide mass transport could reach this ward within 45 minutes without pulling a unit off a higher-severity ward.
490.0,2024-07-24T16:40:00Z,REPLAY,oracle,I012:mass_transport:0,I012,mass_transport,w-pc-03,5,No unit able to provide mass transport could reach this ward within 45 minutes without pulling a unit off a higher-severity ward.
490.0,2024-07-24T16:40:00Z,REPLAY,oracle,I012:mass_transport:1,I012,mass_transport,w-pc-03,5,No unit able to provide mass transport could reach this ward within 45 minutes without pulling a unit off a higher-severity ward.
490.0,2024-07-24T16:40:00Z,REPLAY,oracle,I014:mass_transport:0,I014,mass_transport,w-pc-10,4,No unit able to provide mass transport could reach this ward within 45 minutes without pulling a unit off a higher-severity ward.
490.0,2024-07-24T16:40:00Z,REPLAY,oracle,I014:mass_transport:1,I014,mass_transport,w-pc-10,4,No unit able to provide mass transport could reach this ward within 45 minutes without pulling a unit off a higher-severity ward.
490.0,2024-07-24T16:40:00Z,REPLAY,oracle,I016:mass_transport:0,I016,mass_transport,w-pc-03,5,No unit able to provide mass transport could reach this ward within 45 minutes without pulling a unit off a higher-severity ward.
490.0,2024-07-24T16:40:00Z,REPLAY,oracle,I016:mass_transport:1,I016,mass_transport,w-pc-03,5,No unit able to provide mass transport could reach this ward within 45 minutes without pulling a unit off a higher-severity ward.
490.0,2024-07-24T16:40:00Z,REPLAY,oracle,I016:mass_transport:2,I016,mass_transport,w-pc-03,5,No unit able to provide mass transport could reach this ward within 45 minutes without pulling a unit off a higher-severity ward.
490.0,2024-07-24T16:40:00Z,REPLAY,oracle,I022:mass_transport:0,I022,mass_transport,w-pc-10,5,No unit able to provide mass transport could reach this ward within 45 minutes without pulling a unit off a higher-severity ward.
490.0,2024-07-24T16:40:00Z,REPLAY,oracle,I022:mass_transport:1,I022,mass_transport,w-pc-10,5,No unit able to provide mass transport could reach this ward within 45 minutes without pulling a unit off a higher-severity ward.
490.0,2024-07-24T16:40:00Z,REPLAY,oracle,I022:mass_transport:2,I022,mass_transport,w-pc-10,5,No unit able to provide mass transport could reach this ward within 45 minutes without pulling a unit off a higher-severity ward.
490.0,2024-07-24T16:40:00Z,REPLAY,oracle,I023:mass_transport:0,I023,mass_transport,w-pc-05,5,No unit able to provide mass transport could reach this ward within 45 minutes without pulling a unit off a higher-severity ward.
490.0,2024-07-24T16:40:00Z,REPLAY,oracle,I023:mass_transport:1,I023,mass_transport,w-pc-05,5,No unit able to provide mass transport could reach this ward within 45 minutes without pulling a unit off a higher-severity ward.
490.0,2024-07-24T16:40:00Z,REPLAY,oracle,I023:mass_transport:2,I023,mass_transport,w-pc-05,5,No unit able to provide mass transport could reach this ward within 45 minutes without pulling a unit off a higher-severity ward.
490.0,2024-07-24T16:40:00Z,REPLAY,oracle,I027:mass_transport:0,I027,mass_transport,w-pc-13,4,No unit able to provide mass transport could reach this ward within 45 minutes without pulling a unit off a higher-severity ward.
490.0,2024-07-24T16:40:00Z,REPLAY,oracle,I027:dewatering:0,I027,dewatering,w-pc-13,4,No unit able to provide dewatering could reach this ward within 45 minutes without pulling a unit off a higher-severity ward.
500.0,2024-07-24T16:50:00Z,REPLAY,oracle,I005:mass_transport:0,I005,mass_transport,w-pc-03,5,No unit able to provide mass transport could reach this ward within 45 minutes without pulling a unit off a higher-severity ward.
500.0,2024-07-24T16:50:00Z,REPLAY,oracle,I005:mass_transport:1,I005,mass_transport,w-pc-03,5,No unit able to provide mass transport could reach this ward within 45 minutes without pulling a unit off a higher-severity ward.
500.0,2024-07-24T16:50:00Z,REPLAY,oracle,I006:mass_transport:0,I006,mass_transport,w-pc-11,5,No unit able to provide mass transport could reach this ward within 45 minutes without pulling a unit off a higher-severity ward.
500.0,2024-07-24T16:50:00Z,REPLAY,oracle,I006:mass_transport:1,I006,mass_transport,w-pc-11,5,No unit able to provide mass transport could reach this ward within 45 minutes without pulling a unit off a higher-severity ward.
500.0,2024-07-24T16:50:00Z,REPLAY,oracle,I006:mass_transport:2,I006,mass_transport,w-pc-11,5,No unit able to provide mass transport could reach this ward within 45 minutes without pulling a unit off a higher-severity ward.
500.0,2024-07-24T16:50:00Z,REPLAY,oracle,I007:mass_transport:0,I007,mass_transport,w-pc-07,5,No unit able to provide mass transport could reach this ward within 45 minutes without pulling a unit off a higher-severity ward.
500.0,2024-07-24T16:50:00Z,REPLAY,oracle,I007:mass_transport:1,I007,mass_transport,w-pc-07,5,No unit able to provide mass transport could reach this ward within 45 minutes without pulling a unit off a higher-severity ward.
500.0,2024-07-24T16:50:00Z,REPLAY,oracle,I007:mass_transport:2,I007,mass_transport,w-pc-07,5,No unit able to provide mass transport could reach this ward within 45 minutes without pulling a unit off a higher-severity ward.
500.0,2024-07-24T16:50:00Z,REPLAY,oracle,I009:mass_transport:0,I009,mass_transport,w-pc-03,5,No unit able to provide mass transport could reach this ward within 45 minutes without pulling a unit off a higher-severity ward.
500.0,2024-07-24T16:50:00Z,REPLAY,oracle,I009:mass_transport:1,I009,mass_transport,w-pc-03,5,No unit able to provide mass transport could reach this ward within 45 minutes without pulling a unit off a higher-severity ward.
500.0,2024-07-24T16:50:00Z,REPLAY,oracle,I009:mass_transport:2,I009,mass_transport,w-pc-03,5,No unit able to provide mass transport could reach this ward within 45 minutes without pulling a unit off a higher-severity ward.
500.0,2024-07-24T16:50:00Z,REPLAY,oracle,I011:mass_transport:0,I011,mass_transport,w-pc-03,5,No unit able to provide mass transport could reach this ward within 45 minutes without pulling a unit off a higher-severity ward.
500.0,2024-07-24T16:50:00Z,REPLAY,oracle,I011:mass_transport:1,I011,mass_transport,w-pc-03,5,No unit able to provide mass transport could reach this ward within 45 minutes without pulling a unit off a higher-severity ward.
500.0,2024-07-24T16:50:00Z,REPLAY,oracle,I011:mass_transport:2,I011,mass_transport,w-pc-03,5,No unit able to provide mass transport could reach this ward within 45 minutes without pulling a unit off a higher-severity ward.
500.0,2024-07-24T16:50:00Z,REPLAY,oracle,I012:mass_transport:0,I012,mass_transport,w-pc-03,5,No unit able to provide mass transport could reach this ward within 45 minutes without pulling a unit off a higher-severity ward.
500.0,2024-07-24T16:50:00Z,REPLAY,oracle,I012:mass_transport:1,I012,mass_transport,w-pc-03,5,No unit able to provide mass transport could reach this ward within 45 minutes without pulling a unit off a higher-severity ward.
500.0,2024-07-24T16:50:00Z,REPLAY,oracle,I014:mass_transport:0,I014,mass_transport,w-pc-10,4,No unit able to provide mass transport could reach this ward within 45 minutes without pulling a unit off a higher-severity ward.
500.0,2024-07-24T16:50:00Z,REPLAY,oracle,I014:mass_transport:1,I014,mass_transport,w-pc-10,4,No unit able to provide mass transport could reach this ward within 45 minutes without pulling a unit off a higher-severity ward.
500.0,2024-07-24T16:50:00Z,REPLAY,oracle,I016:mass_transport:0,I016,mass_transport,w-pc-03,5,No unit able to provide mass transport could reach this ward within 45 minutes without pulling a unit off a higher-severity ward.
500.0,2024-07-24T16:50:00Z,REPLAY,oracle,I016:mass_transport:1,I016,mass_transport,w-pc-03,5,No unit able to provide mass transport could reach this ward within 45 minutes without pulling a unit off a higher-severity ward.
500.0,2024-07-24T16:50:00Z,REPLAY,oracle,I016:mass_transport:2,I016,mass_transport,w-pc-03,5,No unit able to provide mass transport could reach this ward within 45 minutes without pulling a unit off a higher-severity ward.
500.0,2024-07-24T16:50:00Z,REPLAY,oracle,I022:mass_transport:0,I022,mass_transport,w-pc-10,5,No unit able to provide mass transport could reach this ward within 45 minutes without pulling a unit off a higher-severity ward.
500.0,2024-07-24T16:50:00Z,REPLAY,oracle,I022:mass_transport:1,I022,mass_transport,w-pc-10,5,No unit able to provide mass transport could reach this ward within 45 minutes without pulling a unit off a higher-severity ward.
500.0,2024-07-24T16:50:00Z,REPLAY,oracle,I022:mass_transport:2,I022,mass_transport,w-pc-10,5,No unit able to provide mass transport could reach this ward within 45 minutes without pulling a unit off a higher-severity ward.
500.0,2024-07-24T16:50:00Z,REPLAY,oracle,I023:mass_transport:0,I023,mass_transport,w-pc-05,5,No unit able to provide mass transport could reach this ward within 45 minutes without pulling a unit off a higher-severity ward.
500.0,2024-07-24T16:50:00Z,REPLAY,oracle,I023:mass_transport:1,I023,mass_transport,w-pc-05,5,No unit able to provide mass transport could reach this ward within 45 minutes without pulling a unit off a higher-severity ward.
500.0,2024-07-24T16:50:00Z,REPLAY,oracle,I023:mass_transport:2,I023,mass_transport,w-pc-05,5,No unit able to provide mass transport could reach this ward within 45 minutes without pulling a unit off a higher-severity ward.
500.0,2024-07-24T16:50:00Z,REPLAY,oracle,I027:mass_transport:0,I027,mass_transport,w-pc-13,4,No unit able to provide mass transport could reach this ward within 45 minutes without pulling a unit off a higher-severity ward.
500.0,2024-07-24T16:50:00Z,REPLAY,oracle,I027:dewatering:0,I027,dewatering,w-pc-13,4,No unit able to provide dewatering could reach this ward within 45 minutes without pulling a unit off a higher-severity ward.
510.0,2024-07-24T17:00:00Z,REPLAY,oracle,I005:mass_transport:0,I005,mass_transport,w-pc-03,5,No unit able to provide mass transport could reach this ward within 45 minutes without pulling a unit off a higher-severity ward.
510.0,2024-07-24T17:00:00Z,REPLAY,oracle,I005:mass_transport:1,I005,mass_transport,w-pc-03,5,No unit able to provide mass transport could reach this ward within 45 minutes without pulling a unit off a higher-severity ward.
510.0,2024-07-24T17:00:00Z,REPLAY,oracle,I006:mass_transport:0,I006,mass_transport,w-pc-11,5,No unit able to provide mass transport could reach this ward within 45 minutes without pulling a unit off a higher-severity ward.
510.0,2024-07-24T17:00:00Z,REPLAY,oracle,I006:mass_transport:1,I006,mass_transport,w-pc-11,5,No unit able to provide mass transport could reach this ward within 45 minutes without pulling a unit off a higher-severity ward.
510.0,2024-07-24T17:00:00Z,REPLAY,oracle,I006:mass_transport:2,I006,mass_transport,w-pc-11,5,No unit able to provide mass transport could reach this ward within 45 minutes without pulling a unit off a higher-severity ward.
510.0,2024-07-24T17:00:00Z,REPLAY,oracle,I007:mass_transport:0,I007,mass_transport,w-pc-07,5,No unit able to provide mass transport could reach this ward within 45 minutes without pulling a unit off a higher-severity ward.
510.0,2024-07-24T17:00:00Z,REPLAY,oracle,I007:mass_transport:1,I007,mass_transport,w-pc-07,5,No unit able to provide mass transport could reach this ward within 45 minutes without pulling a unit off a higher-severity ward.
510.0,2024-07-24T17:00:00Z,REPLAY,oracle,I007:mass_transport:2,I007,mass_transport,w-pc-07,5,No unit able to provide mass transport could reach this ward within 45 minutes without pulling a unit off a higher-severity ward.
510.0,2024-07-24T17:00:00Z,REPLAY,oracle,I009:mass_transport:0,I009,mass_transport,w-pc-03,5,No unit able to provide mass transport could reach this ward within 45 minutes without pulling a unit off a higher-severity ward.
510.0,2024-07-24T17:00:00Z,REPLAY,oracle,I009:mass_transport:1,I009,mass_transport,w-pc-03,5,No unit able to provide mass transport could reach this ward within 45 minutes without pulling a unit off a higher-severity ward.
510.0,2024-07-24T17:00:00Z,REPLAY,oracle,I009:mass_transport:2,I009,mass_transport,w-pc-03,5,No unit able to provide mass transport could reach this ward within 45 minutes without pulling a unit off a higher-severity ward.
510.0,2024-07-24T17:00:00Z,REPLAY,oracle,I011:mass_transport:0,I011,mass_transport,w-pc-03,5,No unit able to provide mass transport could reach this ward within 45 minutes without pulling a unit off a higher-severity ward.
510.0,2024-07-24T17:00:00Z,REPLAY,oracle,I011:mass_transport:1,I011,mass_transport,w-pc-03,5,No unit able to provide mass transport could reach this ward within 45 minutes without pulling a unit off a higher-severity ward.
510.0,2024-07-24T17:00:00Z,REPLAY,oracle,I011:mass_transport:2,I011,mass_transport,w-pc-03,5,No unit able to provide mass transport could reach this ward within 45 minutes without pulling a unit off a higher-severity ward.
510.0,2024-07-24T17:00:00Z,REPLAY,oracle,I012:mass_transport:0,I012,mass_transport,w-pc-03,5,No unit able to provide mass transport could reach this ward within 45 minutes without pulling a unit off a higher-severity ward.
510.0,2024-07-24T17:00:00Z,REPLAY,oracle,I012:mass_transport:1,I012,mass_transport,w-pc-03,5,No unit able to provide mass transport could reach this ward within 45 minutes without pulling a unit off a higher-severity ward.
510.0,2024-07-24T17:00:00Z,REPLAY,oracle,I014:mass_transport:0,I014,mass_transport,w-pc-10,4,No unit able to provide mass transport could reach this ward within 45 minutes without pulling a unit off a higher-severity ward.
510.0,2024-07-24T17:00:00Z,REPLAY,oracle,I014:mass_transport:1,I014,mass_transport,w-pc-10,4,No unit able to provide mass transport could reach this ward within 45 minutes without pulling a unit off a higher-severity ward.
510.0,2024-07-24T17:00:00Z,REPLAY,oracle,I016:mass_transport:0,I016,mass_transport,w-pc-03,5,No unit able to provide mass transport could reach this ward within 45 minutes without pulling a unit off a higher-severity ward.
510.0,2024-07-24T17:00:00Z,REPLAY,oracle,I016:mass_transport:1,I016,mass_transport,w-pc-03,5,No unit able to provide mass transport could reach this ward within 45 minutes without pulling a unit off a higher-severity ward.
510.0,2024-07-24T17:00:00Z,REPLAY,oracle,I016:mass_transport:2,I016,mass_transport,w-pc-03,5,No unit able to provide mass transport could reach this ward within 45 minutes without pulling a unit off a higher-severity ward.
510.0,2024-07-24T17:00:00Z,REPLAY,oracle,I022:mass_transport:0,I022,mass_transport,w-pc-10,5,No unit able to provide mass transport could reach this ward within 45 minutes without pulling a unit off a higher-severity ward.
510.0,2024-07-24T17:00:00Z,REPLAY,oracle,I022:mass_transport:1,I022,mass_transport,w-pc-10,5,No unit able to provide mass transport could reach this ward within 45 minutes without pulling a unit off a higher-severity ward.
510.0,2024-07-24T17:00:00Z,REPLAY,oracle,I022:mass_transport:2,I022,mass_transport,w-pc-10,5,No unit able to provide mass transport could reach this ward within 45 minutes without pulling a unit off a higher-severity ward.
510.0,2024-07-24T17:00:00Z,REPLAY,oracle,I023:mass_transport:0,I023,mass_transport,w-pc-05,5,No unit able to provide mass transport could reach this ward within 45 minutes without pulling a unit off a higher-severity ward.
510.0,2024-07-24T17:00:00Z,REPLAY,oracle,I023:mass_transport:1,I023,mass_transport,w-pc-05,5,No unit able to provide mass transport could reach this ward within 45 minutes without pulling a unit off a higher-severity ward.
510.0,2024-07-24T17:00:00Z,REPLAY,oracle,I023:mass_transport:2,I023,mass_transport,w-pc-05,5,No unit able to provide mass transport could reach this ward within 45 minutes without pulling a unit off a higher-severity ward.
510.0,2024-07-24T17:00:00Z,REPLAY,oracle,I027:mass_transport:0,I027,mass_transport,w-pc-13,4,No unit able to provide mass transport could reach this ward within 45 minutes without pulling a unit off a higher-severity ward.
510.0,2024-07-24T17:00:00Z,REPLAY,oracle,I027:dewatering:0,I027,dewatering,w-pc-13,4,No unit able to provide dewatering could reach this ward within 45 minutes without pulling a unit off a higher-severity ward.
520.0,2024-07-24T17:10:00Z,REPLAY,oracle,I005:mass_transport:0,I005,mass_transport,w-pc-03,5,No unit able to provide mass transport could reach this ward within 45 minutes without pulling a unit off a higher-severity ward.
520.0,2024-07-24T17:10:00Z,REPLAY,oracle,I005:mass_transport:1,I005,mass_transport,w-pc-03,5,No unit able to provide mass transport could reach this ward within 45 minutes without pulling a unit off a higher-severity ward.
520.0,2024-07-24T17:10:00Z,REPLAY,oracle,I006:mass_transport:0,I006,mass_transport,w-pc-11,5,No unit able to provide mass transport could reach this ward within 45 minutes without pulling a unit off a higher-severity ward.
520.0,2024-07-24T17:10:00Z,REPLAY,oracle,I006:mass_transport:1,I006,mass_transport,w-pc-11,5,No unit able to provide mass transport could reach this ward within 45 minutes without pulling a unit off a higher-severity ward.
520.0,2024-07-24T17:10:00Z,REPLAY,oracle,I006:mass_transport:2,I006,mass_transport,w-pc-11,5,No unit able to provide mass transport could reach this ward within 45 minutes without pulling a unit off a higher-severity ward.
520.0,2024-07-24T17:10:00Z,REPLAY,oracle,I007:mass_transport:0,I007,mass_transport,w-pc-07,5,No unit able to provide mass transport could reach this ward within 45 minutes without pulling a unit off a higher-severity ward.
520.0,2024-07-24T17:10:00Z,REPLAY,oracle,I007:mass_transport:1,I007,mass_transport,w-pc-07,5,No unit able to provide mass transport could reach this ward within 45 minutes without pulling a unit off a higher-severity ward.
520.0,2024-07-24T17:10:00Z,REPLAY,oracle,I007:mass_transport:2,I007,mass_transport,w-pc-07,5,No unit able to provide mass transport could reach this ward within 45 minutes without pulling a unit off a higher-severity ward.
520.0,2024-07-24T17:10:00Z,REPLAY,oracle,I009:mass_transport:0,I009,mass_transport,w-pc-03,5,No unit able to provide mass transport could reach this ward within 45 minutes without pulling a unit off a higher-severity ward.
520.0,2024-07-24T17:10:00Z,REPLAY,oracle,I009:mass_transport:1,I009,mass_transport,w-pc-03,5,No unit able to provide mass transport could reach this ward within 45 minutes without pulling a unit off a higher-severity ward.
520.0,2024-07-24T17:10:00Z,REPLAY,oracle,I009:mass_transport:2,I009,mass_transport,w-pc-03,5,No unit able to provide mass transport could reach this ward within 45 minutes without pulling a unit off a higher-severity ward.
520.0,2024-07-24T17:10:00Z,REPLAY,oracle,I011:mass_transport:0,I011,mass_transport,w-pc-03,5,No unit able to provide mass transport could reach this ward within 45 minutes without pulling a unit off a higher-severity ward.
520.0,2024-07-24T17:10:00Z,REPLAY,oracle,I011:mass_transport:1,I011,mass_transport,w-pc-03,5,No unit able to provide mass transport could reach this ward within 45 minutes without pulling a unit off a higher-severity ward.
520.0,2024-07-24T17:10:00Z,REPLAY,oracle,I011:mass_transport:2,I011,mass_transport,w-pc-03,5,No unit able to provide mass transport could reach this ward within 45 minutes without pulling a unit off a higher-severity ward.
520.0,2024-07-24T17:10:00Z,REPLAY,oracle,I012:mass_transport:0,I012,mass_transport,w-pc-03,5,No unit able to provide mass transport could reach this ward within 45 minutes without pulling a unit off a higher-severity ward.
520.0,2024-07-24T17:10:00Z,REPLAY,oracle,I012:mass_transport:1,I012,mass_transport,w-pc-03,5,No unit able to provide mass transport could reach this ward within 45 minutes without pulling a unit off a higher-severity ward.
520.0,2024-07-24T17:10:00Z,REPLAY,oracle,I014:mass_transport:0,I014,mass_transport,w-pc-10,4,No unit able to provide mass transport could reach this ward within 45 minutes without pulling a unit off a higher-severity ward.
520.0,2024-07-24T17:10:00Z,REPLAY,oracle,I014:mass_transport:1,I014,mass_transport,w-pc-10,4,No unit able to provide mass transport could reach this ward within 45 minutes without pulling a unit off a higher-severity ward.
520.0,2024-07-24T17:10:00Z,REPLAY,oracle,I016:mass_transport:0,I016,mass_transport,w-pc-03,5,No unit able to provide mass transport could reach this ward within 45 minutes without pulling a unit off a higher-severity ward.
520.0,2024-07-24T17:10:00Z,REPLAY,oracle,I016:mass_transport:1,I016,mass_transport,w-pc-03,5,No unit able to provide mass transport could reach this ward within 45 minutes without pulling a unit off a higher-severity ward.
520.0,2024-07-24T17:10:00Z,REPLAY,oracle,I016:mass_transport:2,I016,mass_transport,w-pc-03,5,No unit able to provide mass transport could reach this ward within 45 minutes without pulling a unit off a higher-severity ward.
520.0,2024-07-24T17:10:00Z,REPLAY,oracle,I022:mass_transport:0,I022,mass_transport,w-pc-10,5,No unit able to provide mass transport could reach this ward within 45 minutes without pulling a unit off a higher-severity ward.
520.0,2024-07-24T17:10:00Z,REPLAY,oracle,I022:mass_transport:1,I022,mass_transport,w-pc-10,5,No unit able to provide mass transport could reach this ward within 45 minutes without pulling a unit off a higher-severity ward.
520.0,2024-07-24T17:10:00Z,REPLAY,oracle,I022:mass_transport:2,I022,mass_transport,w-pc-10,5,No unit able to provide mass transport could reach this ward within 45 minutes without pulling a unit off a higher-severity ward.
520.0,2024-07-24T17:10:00Z,REPLAY,oracle,I023:mass_transport:0,I023,mass_transport,w-pc-05,5,No unit able to provide mass transport could reach this ward within 45 minutes without pulling a unit off a higher-severity ward.
520.0,2024-07-24T17:10:00Z,REPLAY,oracle,I023:mass_transport:1,I023,mass_transport,w-pc-05,5,No unit able to provide mass transport could reach this ward within 45 minutes without pulling a unit off a higher-severity ward.
520.0,2024-07-24T17:10:00Z,REPLAY,oracle,I023:mass_transport:2,I023,mass_transport,w-pc-05,5,No unit able to provide mass transport could reach this ward within 45 minutes without pulling a unit off a higher-severity ward.
520.0,2024-07-24T17:10:00Z,REPLAY,oracle,I027:mass_transport:0,I027,mass_transport,w-pc-13,4,No unit able to provide mass transport could reach this ward within 45 minutes without pulling a unit off a higher-severity ward.
520.0,2024-07-24T17:10:00Z,REPLAY,oracle,I027:dewatering:0,I027,dewatering,w-pc-13,4,No unit able to provide dewatering could reach this ward within 45 minutes without pulling a unit off a higher-severity ward.
530.0,2024-07-24T17:20:00Z,REPLAY,oracle,I005:mass_transport:0,I005,mass_transport,w-pc-03,5,No unit able to provide mass transport could reach this ward within 45 minutes without pulling a unit off a higher-severity ward.
530.0,2024-07-24T17:20:00Z,REPLAY,oracle,I005:mass_transport:1,I005,mass_transport,w-pc-03,5,No unit able to provide mass transport could reach this ward within 45 minutes without pulling a unit off a higher-severity ward.
530.0,2024-07-24T17:20:00Z,REPLAY,oracle,I006:mass_transport:0,I006,mass_transport,w-pc-11,5,No unit able to provide mass transport could reach this ward within 45 minutes without pulling a unit off a higher-severity ward.
530.0,2024-07-24T17:20:00Z,REPLAY,oracle,I006:mass_transport:1,I006,mass_transport,w-pc-11,5,No unit able to provide mass transport could reach this ward within 45 minutes without pulling a unit off a higher-severity ward.
530.0,2024-07-24T17:20:00Z,REPLAY,oracle,I006:mass_transport:2,I006,mass_transport,w-pc-11,5,No unit able to provide mass transport could reach this ward within 45 minutes without pulling a unit off a higher-severity ward.
530.0,2024-07-24T17:20:00Z,REPLAY,oracle,I007:mass_transport:0,I007,mass_transport,w-pc-07,5,No unit able to provide mass transport could reach this ward within 45 minutes without pulling a unit off a higher-severity ward.
530.0,2024-07-24T17:20:00Z,REPLAY,oracle,I007:mass_transport:1,I007,mass_transport,w-pc-07,5,No unit able to provide mass transport could reach this ward within 45 minutes without pulling a unit off a higher-severity ward.
530.0,2024-07-24T17:20:00Z,REPLAY,oracle,I007:mass_transport:2,I007,mass_transport,w-pc-07,5,No unit able to provide mass transport could reach this ward within 45 minutes without pulling a unit off a higher-severity ward.
530.0,2024-07-24T17:20:00Z,REPLAY,oracle,I009:mass_transport:0,I009,mass_transport,w-pc-03,5,No unit able to provide mass transport could reach this ward within 45 minutes without pulling a unit off a higher-severity ward.
530.0,2024-07-24T17:20:00Z,REPLAY,oracle,I009:mass_transport:1,I009,mass_transport,w-pc-03,5,No unit able to provide mass transport could reach this ward within 45 minutes without pulling a unit off a higher-severity ward.
530.0,2024-07-24T17:20:00Z,REPLAY,oracle,I009:mass_transport:2,I009,mass_transport,w-pc-03,5,No unit able to provide mass transport could reach this ward within 45 minutes without pulling a unit off a higher-severity ward.
530.0,2024-07-24T17:20:00Z,REPLAY,oracle,I011:mass_transport:0,I011,mass_transport,w-pc-03,5,No unit able to provide mass transport could reach this ward within 45 minutes without pulling a unit off a higher-severity ward.
530.0,2024-07-24T17:20:00Z,REPLAY,oracle,I011:mass_transport:1,I011,mass_transport,w-pc-03,5,No unit able to provide mass transport could reach this ward within 45 minutes without pulling a unit off a higher-severity ward.
530.0,2024-07-24T17:20:00Z,REPLAY,oracle,I011:mass_transport:2,I011,mass_transport,w-pc-03,5,No unit able to provide mass transport could reach this ward within 45 minutes without pulling a unit off a higher-severity ward.
530.0,2024-07-24T17:20:00Z,REPLAY,oracle,I012:mass_transport:0,I012,mass_transport,w-pc-03,5,No unit able to provide mass transport could reach this ward within 45 minutes without pulling a unit off a higher-severity ward.
530.0,2024-07-24T17:20:00Z,REPLAY,oracle,I012:mass_transport:1,I012,mass_transport,w-pc-03,5,No unit able to provide mass transport could reach this ward within 45 minutes without pulling a unit off a higher-severity ward.
530.0,2024-07-24T17:20:00Z,REPLAY,oracle,I014:mass_transport:0,I014,mass_transport,w-pc-10,4,No unit able to provide mass transport could reach this ward within 45 minutes without pulling a unit off a higher-severity ward.
530.0,2024-07-24T17:20:00Z,REPLAY,oracle,I014:mass_transport:1,I014,mass_transport,w-pc-10,4,No unit able to provide mass transport could reach this ward within 45 minutes without pulling a unit off a higher-severity ward.
530.0,2024-07-24T17:20:00Z,REPLAY,oracle,I016:mass_transport:0,I016,mass_transport,w-pc-03,5,No unit able to provide mass transport could reach this ward within 45 minutes without pulling a unit off a higher-severity ward.
530.0,2024-07-24T17:20:00Z,REPLAY,oracle,I016:mass_transport:1,I016,mass_transport,w-pc-03,5,No unit able to provide mass transport could reach this ward within 45 minutes without pulling a unit off a higher-severity ward.
530.0,2024-07-24T17:20:00Z,REPLAY,oracle,I016:mass_transport:2,I016,mass_transport,w-pc-03,5,No unit able to provide mass transport could reach this ward within 45 minutes without pulling a unit off a higher-severity ward.
530.0,2024-07-24T17:20:00Z,REPLAY,oracle,I022:mass_transport:0,I022,mass_transport,w-pc-10,5,No unit able to provide mass transport could reach this ward within 45 minutes without pulling a unit off a higher-severity ward.
530.0,2024-07-24T17:20:00Z,REPLAY,oracle,I022:mass_transport:1,I022,mass_transport,w-pc-10,5,No unit able to provide mass transport could reach this ward within 45 minutes without pulling a unit off a higher-severity ward.
530.0,2024-07-24T17:20:00Z,REPLAY,oracle,I022:mass_transport:2,I022,mass_transport,w-pc-10,5,No unit able to provide mass transport could reach this ward within 45 minutes without pulling a unit off a higher-severity ward.
530.0,2024-07-24T17:20:00Z,REPLAY,oracle,I023:mass_transport:0,I023,mass_transport,w-pc-05,5,No unit able to provide mass transport could reach this ward within 45 minutes without pulling a unit off a higher-severity ward.
530.0,2024-07-24T17:20:00Z,REPLAY,oracle,I023:mass_transport:1,I023,mass_transport,w-pc-05,5,No unit able to provide mass transport could reach this ward within 45 minutes without pulling a unit off a higher-severity ward.
530.0,2024-07-24T17:20:00Z,REPLAY,oracle,I023:mass_transport:2,I023,mass_transport,w-pc-05,5,No unit able to provide mass transport could reach this ward within 45 minutes without pulling a unit off a higher-severity ward.
530.0,2024-07-24T17:20:00Z,REPLAY,oracle,I027:mass_transport:0,I027,mass_transport,w-pc-13,4,No unit able to provide mass transport could reach this ward within 45 minutes without pulling a unit off a higher-severity ward.
530.0,2024-07-24T17:20:00Z,REPLAY,oracle,I027:dewatering:0,I027,dewatering,w-pc-13,4,No unit able to provide dewatering could reach this ward within 45 minutes without pulling a unit off a higher-severity ward.
540.0,2024-07-24T17:30:00Z,REPLAY,oracle,I005:mass_transport:0,I005,mass_transport,w-pc-03,5,No unit able to provide mass transport could reach this ward within 45 minutes without pulling a unit off a higher-severity ward.
540.0,2024-07-24T17:30:00Z,REPLAY,oracle,I005:mass_transport:1,I005,mass_transport,w-pc-03,5,No unit able to provide mass transport could reach this ward within 45 minutes without pulling a unit off a higher-severity ward.
540.0,2024-07-24T17:30:00Z,REPLAY,oracle,I006:mass_transport:0,I006,mass_transport,w-pc-11,5,No unit able to provide mass transport could reach this ward within 45 minutes without pulling a unit off a higher-severity ward.
540.0,2024-07-24T17:30:00Z,REPLAY,oracle,I006:mass_transport:1,I006,mass_transport,w-pc-11,5,No unit able to provide mass transport could reach this ward within 45 minutes without pulling a unit off a higher-severity ward.
540.0,2024-07-24T17:30:00Z,REPLAY,oracle,I006:mass_transport:2,I006,mass_transport,w-pc-11,5,No unit able to provide mass transport could reach this ward within 45 minutes without pulling a unit off a higher-severity ward.
540.0,2024-07-24T17:30:00Z,REPLAY,oracle,I007:mass_transport:0,I007,mass_transport,w-pc-07,5,No unit able to provide mass transport could reach this ward within 45 minutes without pulling a unit off a higher-severity ward.
540.0,2024-07-24T17:30:00Z,REPLAY,oracle,I007:mass_transport:1,I007,mass_transport,w-pc-07,5,No unit able to provide mass transport could reach this ward within 45 minutes without pulling a unit off a higher-severity ward.
540.0,2024-07-24T17:30:00Z,REPLAY,oracle,I007:mass_transport:2,I007,mass_transport,w-pc-07,5,No unit able to provide mass transport could reach this ward within 45 minutes without pulling a unit off a higher-severity ward.
540.0,2024-07-24T17:30:00Z,REPLAY,oracle,I009:mass_transport:0,I009,mass_transport,w-pc-03,5,No unit able to provide mass transport could reach this ward within 45 minutes without pulling a unit off a higher-severity ward.
540.0,2024-07-24T17:30:00Z,REPLAY,oracle,I009:mass_transport:1,I009,mass_transport,w-pc-03,5,No unit able to provide mass transport could reach this ward within 45 minutes without pulling a unit off a higher-severity ward.
540.0,2024-07-24T17:30:00Z,REPLAY,oracle,I009:mass_transport:2,I009,mass_transport,w-pc-03,5,No unit able to provide mass transport could reach this ward within 45 minutes without pulling a unit off a higher-severity ward.
540.0,2024-07-24T17:30:00Z,REPLAY,oracle,I011:mass_transport:0,I011,mass_transport,w-pc-03,5,No unit able to provide mass transport could reach this ward within 45 minutes without pulling a unit off a higher-severity ward.
540.0,2024-07-24T17:30:00Z,REPLAY,oracle,I011:mass_transport:1,I011,mass_transport,w-pc-03,5,No unit able to provide mass transport could reach this ward within 45 minutes without pulling a unit off a higher-severity ward.
540.0,2024-07-24T17:30:00Z,REPLAY,oracle,I011:mass_transport:2,I011,mass_transport,w-pc-03,5,No unit able to provide mass transport could reach this ward within 45 minutes without pulling a unit off a higher-severity ward.
540.0,2024-07-24T17:30:00Z,REPLAY,oracle,I012:mass_transport:0,I012,mass_transport,w-pc-03,5,No unit able to provide mass transport could reach this ward within 45 minutes without pulling a unit off a higher-severity ward.
540.0,2024-07-24T17:30:00Z,REPLAY,oracle,I012:mass_transport:1,I012,mass_transport,w-pc-03,5,No unit able to provide mass transport could reach this ward within 45 minutes without pulling a unit off a higher-severity ward.
540.0,2024-07-24T17:30:00Z,REPLAY,oracle,I014:mass_transport:0,I014,mass_transport,w-pc-10,4,No unit able to provide mass transport could reach this ward within 45 minutes without pulling a unit off a higher-severity ward.
540.0,2024-07-24T17:30:00Z,REPLAY,oracle,I014:mass_transport:1,I014,mass_transport,w-pc-10,4,No unit able to provide mass transport could reach this ward within 45 minutes without pulling a unit off a higher-severity ward.
540.0,2024-07-24T17:30:00Z,REPLAY,oracle,I016:mass_transport:0,I016,mass_transport,w-pc-03,5,No unit able to provide mass transport could reach this ward within 45 minutes without pulling a unit off a higher-severity ward.
540.0,2024-07-24T17:30:00Z,REPLAY,oracle,I016:mass_transport:1,I016,mass_transport,w-pc-03,5,No unit able to provide mass transport could reach this ward within 45 minutes without pulling a unit off a higher-severity ward.
540.0,2024-07-24T17:30:00Z,REPLAY,oracle,I016:mass_transport:2,I016,mass_transport,w-pc-03,5,No unit able to provide mass transport could reach this ward within 45 minutes without pulling a unit off a higher-severity ward.
540.0,2024-07-24T17:30:00Z,REPLAY,oracle,I022:mass_transport:0,I022,mass_transport,w-pc-10,5,No unit able to provide mass transport could reach this ward within 45 minutes without pulling a unit off a higher-severity ward.
540.0,2024-07-24T17:30:00Z,REPLAY,oracle,I022:mass_transport:1,I022,mass_transport,w-pc-10,5,No unit able to provide mass transport could reach this ward within 45 minutes without pulling a unit off a higher-severity ward.
540.0,2024-07-24T17:30:00Z,REPLAY,oracle,I022:mass_transport:2,I022,mass_transport,w-pc-10,5,No unit able to provide mass transport could reach this ward within 45 minutes without pulling a unit off a higher-severity ward.
540.0,2024-07-24T17:30:00Z,REPLAY,oracle,I023:mass_transport:0,I023,mass_transport,w-pc-05,5,No unit able to provide mass transport could reach this ward within 45 minutes without pulling a unit off a higher-severity ward.
540.0,2024-07-24T17:30:00Z,REPLAY,oracle,I023:mass_transport:1,I023,mass_transport,w-pc-05,5,No unit able to provide mass transport could reach this ward within 45 minutes without pulling a unit off a higher-severity ward.
540.0,2024-07-24T17:30:00Z,REPLAY,oracle,I023:mass_transport:2,I023,mass_transport,w-pc-05,5,No unit able to provide mass transport could reach this ward within 45 minutes without pulling a unit off a higher-severity ward.
540.0,2024-07-24T17:30:00Z,REPLAY,oracle,I027:mass_transport:0,I027,mass_transport,w-pc-13,4,No unit able to provide mass transport could reach this ward within 45 minutes without pulling a unit off a higher-severity ward.
540.0,2024-07-24T17:30:00Z,REPLAY,oracle,I027:dewatering:0,I027,dewatering,w-pc-13,4,No unit able to provide dewatering could reach this ward within 45 minutes without pulling a unit off a higher-severity ward.
550.0,2024-07-24T17:40:00Z,REPLAY,oracle,I005:mass_transport:0,I005,mass_transport,w-pc-03,5,No unit able to provide mass transport could reach this ward within 45 minutes without pulling a unit off a higher-severity ward.
550.0,2024-07-24T17:40:00Z,REPLAY,oracle,I005:mass_transport:1,I005,mass_transport,w-pc-03,5,No unit able to provide mass transport could reach this ward within 45 minutes without pulling a unit off a higher-severity ward.
550.0,2024-07-24T17:40:00Z,REPLAY,oracle,I006:mass_transport:0,I006,mass_transport,w-pc-11,5,No unit able to provide mass transport could reach this ward within 45 minutes without pulling a unit off a higher-severity ward.
550.0,2024-07-24T17:40:00Z,REPLAY,oracle,I006:mass_transport:1,I006,mass_transport,w-pc-11,5,No unit able to provide mass transport could reach this ward within 45 minutes without pulling a unit off a higher-severity ward.
550.0,2024-07-24T17:40:00Z,REPLAY,oracle,I006:mass_transport:2,I006,mass_transport,w-pc-11,5,No unit able to provide mass transport could reach this ward within 45 minutes without pulling a unit off a higher-severity ward.
550.0,2024-07-24T17:40:00Z,REPLAY,oracle,I007:mass_transport:0,I007,mass_transport,w-pc-07,5,No unit able to provide mass transport could reach this ward within 45 minutes without pulling a unit off a higher-severity ward.
550.0,2024-07-24T17:40:00Z,REPLAY,oracle,I007:mass_transport:1,I007,mass_transport,w-pc-07,5,No unit able to provide mass transport could reach this ward within 45 minutes without pulling a unit off a higher-severity ward.
550.0,2024-07-24T17:40:00Z,REPLAY,oracle,I007:mass_transport:2,I007,mass_transport,w-pc-07,5,No unit able to provide mass transport could reach this ward within 45 minutes without pulling a unit off a higher-severity ward.
550.0,2024-07-24T17:40:00Z,REPLAY,oracle,I009:mass_transport:0,I009,mass_transport,w-pc-03,5,No unit able to provide mass transport could reach this ward within 45 minutes without pulling a unit off a higher-severity ward.
550.0,2024-07-24T17:40:00Z,REPLAY,oracle,I009:mass_transport:1,I009,mass_transport,w-pc-03,5,No unit able to provide mass transport could reach this ward within 45 minutes without pulling a unit off a higher-severity ward.
550.0,2024-07-24T17:40:00Z,REPLAY,oracle,I009:mass_transport:2,I009,mass_transport,w-pc-03,5,No unit able to provide mass transport could reach this ward within 45 minutes without pulling a unit off a higher-severity ward.
550.0,2024-07-24T17:40:00Z,REPLAY,oracle,I011:mass_transport:0,I011,mass_transport,w-pc-03,5,No unit able to provide mass transport could reach this ward within 45 minutes without pulling a unit off a higher-severity ward.
550.0,2024-07-24T17:40:00Z,REPLAY,oracle,I011:mass_transport:1,I011,mass_transport,w-pc-03,5,No unit able to provide mass transport could reach this ward within 45 minutes without pulling a unit off a higher-severity ward.
550.0,2024-07-24T17:40:00Z,REPLAY,oracle,I011:mass_transport:2,I011,mass_transport,w-pc-03,5,No unit able to provide mass transport could reach this ward within 45 minutes without pulling a unit off a higher-severity ward.
550.0,2024-07-24T17:40:00Z,REPLAY,oracle,I012:mass_transport:0,I012,mass_transport,w-pc-03,5,No unit able to provide mass transport could reach this ward within 45 minutes without pulling a unit off a higher-severity ward.
550.0,2024-07-24T17:40:00Z,REPLAY,oracle,I012:mass_transport:1,I012,mass_transport,w-pc-03,5,No unit able to provide mass transport could reach this ward within 45 minutes without pulling a unit off a higher-severity ward.
550.0,2024-07-24T17:40:00Z,REPLAY,oracle,I014:mass_transport:0,I014,mass_transport,w-pc-10,4,No unit able to provide mass transport could reach this ward within 45 minutes without pulling a unit off a higher-severity ward.
550.0,2024-07-24T17:40:00Z,REPLAY,oracle,I014:mass_transport:1,I014,mass_transport,w-pc-10,4,No unit able to provide mass transport could reach this ward within 45 minutes without pulling a unit off a higher-severity ward.
550.0,2024-07-24T17:40:00Z,REPLAY,oracle,I016:mass_transport:0,I016,mass_transport,w-pc-03,5,No unit able to provide mass transport could reach this ward within 45 minutes without pulling a unit off a higher-severity ward.
550.0,2024-07-24T17:40:00Z,REPLAY,oracle,I016:mass_transport:1,I016,mass_transport,w-pc-03,5,No unit able to provide mass transport could reach this ward within 45 minutes without pulling a unit off a higher-severity ward.
550.0,2024-07-24T17:40:00Z,REPLAY,oracle,I016:mass_transport:2,I016,mass_transport,w-pc-03,5,No unit able to provide mass transport could reach this ward within 45 minutes without pulling a unit off a higher-severity ward.
550.0,2024-07-24T17:40:00Z,REPLAY,oracle,I022:mass_transport:0,I022,mass_transport,w-pc-10,5,No unit able to provide mass transport could reach this ward within 45 minutes without pulling a unit off a higher-severity ward.
550.0,2024-07-24T17:40:00Z,REPLAY,oracle,I022:mass_transport:1,I022,mass_transport,w-pc-10,5,No unit able to provide mass transport could reach this ward within 45 minutes without pulling a unit off a higher-severity ward.
550.0,2024-07-24T17:40:00Z,REPLAY,oracle,I022:mass_transport:2,I022,mass_transport,w-pc-10,5,No unit able to provide mass transport could reach this ward within 45 minutes without pulling a unit off a higher-severity ward.
550.0,2024-07-24T17:40:00Z,REPLAY,oracle,I023:mass_transport:0,I023,mass_transport,w-pc-05,5,No unit able to provide mass transport could reach this ward within 45 minutes without pulling a unit off a higher-severity ward.
550.0,2024-07-24T17:40:00Z,REPLAY,oracle,I023:mass_transport:1,I023,mass_transport,w-pc-05,5,No unit able to provide mass transport could reach this ward within 45 minutes without pulling a unit off a higher-severity ward.
550.0,2024-07-24T17:40:00Z,REPLAY,oracle,I023:mass_transport:2,I023,mass_transport,w-pc-05,5,No unit able to provide mass transport could reach this ward within 45 minutes without pulling a unit off a higher-severity ward.
550.0,2024-07-24T17:40:00Z,REPLAY,oracle,I027:mass_transport:0,I027,mass_transport,w-pc-13,4,No unit able to provide mass transport could reach this ward within 45 minutes without pulling a unit off a higher-severity ward.
550.0,2024-07-24T17:40:00Z,REPLAY,oracle,I027:dewatering:0,I027,dewatering,w-pc-13,4,No unit able to provide dewatering could reach this ward within 45 minutes without pulling a unit off a higher-severity ward.
560.0,2024-07-24T17:50:00Z,REPLAY,oracle,I023:mass_transport:0,I023,mass_transport,w-pc-05,5,No unit able to provide mass transport within 45 minutes; the nearest free unit is already committed to a higher-severity ward.
560.0,2024-07-24T17:50:00Z,REPLAY,oracle,I023:mass_transport:1,I023,mass_transport,w-pc-05,5,No unit able to provide mass transport within 45 minutes; the nearest free unit is already committed to a higher-severity ward.
560.0,2024-07-24T17:50:00Z,REPLAY,oracle,I023:mass_transport:2,I023,mass_transport,w-pc-05,5,No unit able to provide mass transport within 45 minutes; the nearest free unit is already committed to a higher-severity ward.
560.0,2024-07-24T17:50:00Z,REPLAY,oracle,I007:mass_transport:0,I007,mass_transport,w-pc-07,5,No unit able to provide mass transport within 45 minutes; the nearest free unit is already committed to a higher-severity ward.
560.0,2024-07-24T17:50:00Z,REPLAY,oracle,I007:mass_transport:1,I007,mass_transport,w-pc-07,5,No unit able to provide mass transport within 45 minutes; the nearest free unit is already committed to a higher-severity ward.
560.0,2024-07-24T17:50:00Z,REPLAY,oracle,I007:mass_transport:2,I007,mass_transport,w-pc-07,5,No unit able to provide mass transport within 45 minutes; the nearest free unit is already committed to a higher-severity ward.
560.0,2024-07-24T17:50:00Z,REPLAY,oracle,I009:mass_transport:0,I009,mass_transport,w-pc-03,5,No unit able to provide mass transport within 45 minutes; the nearest free unit is already committed to a higher-severity ward.
560.0,2024-07-24T17:50:00Z,REPLAY,oracle,I009:mass_transport:1,I009,mass_transport,w-pc-03,5,No unit able to provide mass transport within 45 minutes; the nearest free unit is already committed to a higher-severity ward.
560.0,2024-07-24T17:50:00Z,REPLAY,oracle,I009:mass_transport:2,I009,mass_transport,w-pc-03,5,No unit able to provide mass transport within 45 minutes; the nearest free unit is already committed to a higher-severity ward.
560.0,2024-07-24T17:50:00Z,REPLAY,oracle,I022:mass_transport:0,I022,mass_transport,w-pc-10,5,No unit able to provide mass transport within 45 minutes; the nearest free unit is already committed to a higher-severity ward.
560.0,2024-07-24T17:50:00Z,REPLAY,oracle,I022:mass_transport:1,I022,mass_transport,w-pc-10,5,No unit able to provide mass transport within 45 minutes; the nearest free unit is already committed to a higher-severity ward.
560.0,2024-07-24T17:50:00Z,REPLAY,oracle,I022:mass_transport:2,I022,mass_transport,w-pc-10,5,No unit able to provide mass transport within 45 minutes; the nearest free unit is already committed to a higher-severity ward.
560.0,2024-07-24T17:50:00Z,REPLAY,oracle,I006:mass_transport:0,I006,mass_transport,w-pc-11,5,No unit able to provide mass transport within 45 minutes; the nearest free unit is already committed to a higher-severity ward.
560.0,2024-07-24T17:50:00Z,REPLAY,oracle,I006:mass_transport:1,I006,mass_transport,w-pc-11,5,No unit able to provide mass transport within 45 minutes; the nearest free unit is already committed to a higher-severity ward.
560.0,2024-07-24T17:50:00Z,REPLAY,oracle,I006:mass_transport:2,I006,mass_transport,w-pc-11,5,No unit able to provide mass transport within 45 minutes; the nearest free unit is already committed to a higher-severity ward.
560.0,2024-07-24T17:50:00Z,REPLAY,oracle,I011:mass_transport:0,I011,mass_transport,w-pc-03,5,No unit able to provide mass transport within 45 minutes; the nearest free unit is already committed to a higher-severity ward.
560.0,2024-07-24T17:50:00Z,REPLAY,oracle,I011:mass_transport:1,I011,mass_transport,w-pc-03,5,No unit able to provide mass transport within 45 minutes; the nearest free unit is already committed to a higher-severity ward.
560.0,2024-07-24T17:50:00Z,REPLAY,oracle,I011:mass_transport:2,I011,mass_transport,w-pc-03,5,No unit able to provide mass transport within 45 minutes; the nearest free unit is already committed to a higher-severity ward.
560.0,2024-07-24T17:50:00Z,REPLAY,oracle,I016:mass_transport:0,I016,mass_transport,w-pc-03,5,No unit able to provide mass transport within 45 minutes; the nearest free unit is already committed to a higher-severity ward.
560.0,2024-07-24T17:50:00Z,REPLAY,oracle,I016:mass_transport:1,I016,mass_transport,w-pc-03,5,No unit able to provide mass transport within 45 minutes; the nearest free unit is already committed to a higher-severity ward.
560.0,2024-07-24T17:50:00Z,REPLAY,oracle,I016:mass_transport:2,I016,mass_transport,w-pc-03,5,No unit able to provide mass transport within 45 minutes; the nearest free unit is already committed to a higher-severity ward.
560.0,2024-07-24T17:50:00Z,REPLAY,oracle,I005:mass_transport:0,I005,mass_transport,w-pc-03,5,No unit able to provide mass transport within 45 minutes; the nearest free unit is already committed to a higher-severity ward.
560.0,2024-07-24T17:50:00Z,REPLAY,oracle,I005:mass_transport:1,I005,mass_transport,w-pc-03,5,No unit able to provide mass transport within 45 minutes; the nearest free unit is already committed to a higher-severity ward.
560.0,2024-07-24T17:50:00Z,REPLAY,oracle,I012:mass_transport:0,I012,mass_transport,w-pc-03,5,No unit able to provide mass transport within 45 minutes; the nearest free unit is already committed to a higher-severity ward.
560.0,2024-07-24T17:50:00Z,REPLAY,oracle,I012:mass_transport:1,I012,mass_transport,w-pc-03,5,No unit able to provide mass transport within 45 minutes; the nearest free unit is already committed to a higher-severity ward.
560.0,2024-07-24T17:50:00Z,REPLAY,oracle,I014:mass_transport:0,I014,mass_transport,w-pc-10,4,No unit able to provide mass transport within 45 minutes; the nearest free unit is already committed to a higher-severity ward.
560.0,2024-07-24T17:50:00Z,REPLAY,oracle,I014:mass_transport:1,I014,mass_transport,w-pc-10,4,No unit able to provide mass transport within 45 minutes; the nearest free unit is already committed to a higher-severity ward.
560.0,2024-07-24T17:50:00Z,REPLAY,oracle,I027:mass_transport:0,I027,mass_transport,w-pc-13,4,No unit able to provide mass transport within 45 minutes; the nearest free unit is already committed to a higher-severity ward.
560.0,2024-07-24T17:50:00Z,REPLAY,oracle,I027:dewatering:0,I027,dewatering,w-pc-13,4,No unit able to provide dewatering within 45 minutes; the nearest free unit is already committed to a higher-severity ward.
570.0,2024-07-24T18:00:00Z,REPLAY,oracle,I005:mass_transport:0,I005,mass_transport,w-pc-03,5,No unit able to provide mass transport could reach this ward within 45 minutes without pulling a unit off a higher-severity ward.
570.0,2024-07-24T18:00:00Z,REPLAY,oracle,I005:mass_transport:1,I005,mass_transport,w-pc-03,5,No unit able to provide mass transport could reach this ward within 45 minutes without pulling a unit off a higher-severity ward.
570.0,2024-07-24T18:00:00Z,REPLAY,oracle,I006:mass_transport:0,I006,mass_transport,w-pc-11,5,No unit able to provide mass transport could reach this ward within 45 minutes without pulling a unit off a higher-severity ward.
570.0,2024-07-24T18:00:00Z,REPLAY,oracle,I006:mass_transport:1,I006,mass_transport,w-pc-11,5,No unit able to provide mass transport could reach this ward within 45 minutes without pulling a unit off a higher-severity ward.
570.0,2024-07-24T18:00:00Z,REPLAY,oracle,I006:mass_transport:2,I006,mass_transport,w-pc-11,5,No unit able to provide mass transport could reach this ward within 45 minutes without pulling a unit off a higher-severity ward.
570.0,2024-07-24T18:00:00Z,REPLAY,oracle,I007:mass_transport:0,I007,mass_transport,w-pc-07,5,No unit able to provide mass transport could reach this ward within 45 minutes without pulling a unit off a higher-severity ward.
570.0,2024-07-24T18:00:00Z,REPLAY,oracle,I007:mass_transport:1,I007,mass_transport,w-pc-07,5,No unit able to provide mass transport could reach this ward within 45 minutes without pulling a unit off a higher-severity ward.
570.0,2024-07-24T18:00:00Z,REPLAY,oracle,I007:mass_transport:2,I007,mass_transport,w-pc-07,5,No unit able to provide mass transport could reach this ward within 45 minutes without pulling a unit off a higher-severity ward.
570.0,2024-07-24T18:00:00Z,REPLAY,oracle,I009:mass_transport:0,I009,mass_transport,w-pc-03,5,No unit able to provide mass transport could reach this ward within 45 minutes without pulling a unit off a higher-severity ward.
570.0,2024-07-24T18:00:00Z,REPLAY,oracle,I009:mass_transport:1,I009,mass_transport,w-pc-03,5,No unit able to provide mass transport could reach this ward within 45 minutes without pulling a unit off a higher-severity ward.
570.0,2024-07-24T18:00:00Z,REPLAY,oracle,I009:mass_transport:2,I009,mass_transport,w-pc-03,5,No unit able to provide mass transport could reach this ward within 45 minutes without pulling a unit off a higher-severity ward.
570.0,2024-07-24T18:00:00Z,REPLAY,oracle,I011:mass_transport:0,I011,mass_transport,w-pc-03,5,No unit able to provide mass transport could reach this ward within 45 minutes without pulling a unit off a higher-severity ward.
570.0,2024-07-24T18:00:00Z,REPLAY,oracle,I011:mass_transport:1,I011,mass_transport,w-pc-03,5,No unit able to provide mass transport could reach this ward within 45 minutes without pulling a unit off a higher-severity ward.
570.0,2024-07-24T18:00:00Z,REPLAY,oracle,I011:mass_transport:2,I011,mass_transport,w-pc-03,5,No unit able to provide mass transport could reach this ward within 45 minutes without pulling a unit off a higher-severity ward.
570.0,2024-07-24T18:00:00Z,REPLAY,oracle,I012:mass_transport:0,I012,mass_transport,w-pc-03,5,No unit able to provide mass transport could reach this ward within 45 minutes without pulling a unit off a higher-severity ward.
570.0,2024-07-24T18:00:00Z,REPLAY,oracle,I012:mass_transport:1,I012,mass_transport,w-pc-03,5,No unit able to provide mass transport could reach this ward within 45 minutes without pulling a unit off a higher-severity ward.
570.0,2024-07-24T18:00:00Z,REPLAY,oracle,I014:mass_transport:0,I014,mass_transport,w-pc-10,4,No unit able to provide mass transport could reach this ward within 45 minutes without pulling a unit off a higher-severity ward.
570.0,2024-07-24T18:00:00Z,REPLAY,oracle,I014:mass_transport:1,I014,mass_transport,w-pc-10,4,No unit able to provide mass transport could reach this ward within 45 minutes without pulling a unit off a higher-severity ward.
570.0,2024-07-24T18:00:00Z,REPLAY,oracle,I016:mass_transport:0,I016,mass_transport,w-pc-03,5,No unit able to provide mass transport could reach this ward within 45 minutes without pulling a unit off a higher-severity ward.
570.0,2024-07-24T18:00:00Z,REPLAY,oracle,I016:mass_transport:1,I016,mass_transport,w-pc-03,5,No unit able to provide mass transport could reach this ward within 45 minutes without pulling a unit off a higher-severity ward.
570.0,2024-07-24T18:00:00Z,REPLAY,oracle,I016:mass_transport:2,I016,mass_transport,w-pc-03,5,No unit able to provide mass transport could reach this ward within 45 minutes without pulling a unit off a higher-severity ward.
570.0,2024-07-24T18:00:00Z,REPLAY,oracle,I022:mass_transport:0,I022,mass_transport,w-pc-10,5,No unit able to provide mass transport could reach this ward within 45 minutes without pulling a unit off a higher-severity ward.
570.0,2024-07-24T18:00:00Z,REPLAY,oracle,I022:mass_transport:1,I022,mass_transport,w-pc-10,5,No unit able to provide mass transport could reach this ward within 45 minutes without pulling a unit off a higher-severity ward.
570.0,2024-07-24T18:00:00Z,REPLAY,oracle,I022:mass_transport:2,I022,mass_transport,w-pc-10,5,No unit able to provide mass transport could reach this ward within 45 minutes without pulling a unit off a higher-severity ward.
570.0,2024-07-24T18:00:00Z,REPLAY,oracle,I023:mass_transport:0,I023,mass_transport,w-pc-05,5,No unit able to provide mass transport could reach this ward within 45 minutes without pulling a unit off a higher-severity ward.
570.0,2024-07-24T18:00:00Z,REPLAY,oracle,I023:mass_transport:1,I023,mass_transport,w-pc-05,5,No unit able to provide mass transport could reach this ward within 45 minutes without pulling a unit off a higher-severity ward.
570.0,2024-07-24T18:00:00Z,REPLAY,oracle,I023:mass_transport:2,I023,mass_transport,w-pc-05,5,No unit able to provide mass transport could reach this ward within 45 minutes without pulling a unit off a higher-severity ward.
570.0,2024-07-24T18:00:00Z,REPLAY,oracle,I027:mass_transport:0,I027,mass_transport,w-pc-13,4,No unit able to provide mass transport could reach this ward within 45 minutes without pulling a unit off a higher-severity ward.
570.0,2024-07-24T18:00:00Z,REPLAY,oracle,I027:dewatering:0,I027,dewatering,w-pc-13,4,No unit able to provide dewatering could reach this ward within 45 minutes without pulling a unit off a higher-severity ward.
580.0,2024-07-24T18:10:00Z,REPLAY,oracle,I005:mass_transport:0,I005,mass_transport,w-pc-03,5,No unit able to provide mass transport could reach this ward within 45 minutes without pulling a unit off a higher-severity ward.
580.0,2024-07-24T18:10:00Z,REPLAY,oracle,I005:mass_transport:1,I005,mass_transport,w-pc-03,5,No unit able to provide mass transport could reach this ward within 45 minutes without pulling a unit off a higher-severity ward.
580.0,2024-07-24T18:10:00Z,REPLAY,oracle,I006:mass_transport:0,I006,mass_transport,w-pc-11,5,No unit able to provide mass transport could reach this ward within 45 minutes without pulling a unit off a higher-severity ward.
580.0,2024-07-24T18:10:00Z,REPLAY,oracle,I006:mass_transport:1,I006,mass_transport,w-pc-11,5,No unit able to provide mass transport could reach this ward within 45 minutes without pulling a unit off a higher-severity ward.
580.0,2024-07-24T18:10:00Z,REPLAY,oracle,I006:mass_transport:2,I006,mass_transport,w-pc-11,5,No unit able to provide mass transport could reach this ward within 45 minutes without pulling a unit off a higher-severity ward.
580.0,2024-07-24T18:10:00Z,REPLAY,oracle,I007:mass_transport:0,I007,mass_transport,w-pc-07,5,No unit able to provide mass transport could reach this ward within 45 minutes without pulling a unit off a higher-severity ward.
580.0,2024-07-24T18:10:00Z,REPLAY,oracle,I007:mass_transport:1,I007,mass_transport,w-pc-07,5,No unit able to provide mass transport could reach this ward within 45 minutes without pulling a unit off a higher-severity ward.
580.0,2024-07-24T18:10:00Z,REPLAY,oracle,I007:mass_transport:2,I007,mass_transport,w-pc-07,5,No unit able to provide mass transport could reach this ward within 45 minutes without pulling a unit off a higher-severity ward.
580.0,2024-07-24T18:10:00Z,REPLAY,oracle,I009:mass_transport:0,I009,mass_transport,w-pc-03,5,No unit able to provide mass transport could reach this ward within 45 minutes without pulling a unit off a higher-severity ward.
580.0,2024-07-24T18:10:00Z,REPLAY,oracle,I009:mass_transport:1,I009,mass_transport,w-pc-03,5,No unit able to provide mass transport could reach this ward within 45 minutes without pulling a unit off a higher-severity ward.
580.0,2024-07-24T18:10:00Z,REPLAY,oracle,I009:mass_transport:2,I009,mass_transport,w-pc-03,5,No unit able to provide mass transport could reach this ward within 45 minutes without pulling a unit off a higher-severity ward.
580.0,2024-07-24T18:10:00Z,REPLAY,oracle,I011:mass_transport:0,I011,mass_transport,w-pc-03,5,No unit able to provide mass transport could reach this ward within 45 minutes without pulling a unit off a higher-severity ward.
580.0,2024-07-24T18:10:00Z,REPLAY,oracle,I011:mass_transport:1,I011,mass_transport,w-pc-03,5,No unit able to provide mass transport could reach this ward within 45 minutes without pulling a unit off a higher-severity ward.
580.0,2024-07-24T18:10:00Z,REPLAY,oracle,I011:mass_transport:2,I011,mass_transport,w-pc-03,5,No unit able to provide mass transport could reach this ward within 45 minutes without pulling a unit off a higher-severity ward.
580.0,2024-07-24T18:10:00Z,REPLAY,oracle,I012:mass_transport:0,I012,mass_transport,w-pc-03,5,No unit able to provide mass transport could reach this ward within 45 minutes without pulling a unit off a higher-severity ward.
580.0,2024-07-24T18:10:00Z,REPLAY,oracle,I012:mass_transport:1,I012,mass_transport,w-pc-03,5,No unit able to provide mass transport could reach this ward within 45 minutes without pulling a unit off a higher-severity ward.
580.0,2024-07-24T18:10:00Z,REPLAY,oracle,I014:mass_transport:0,I014,mass_transport,w-pc-10,4,No unit able to provide mass transport could reach this ward within 45 minutes without pulling a unit off a higher-severity ward.
580.0,2024-07-24T18:10:00Z,REPLAY,oracle,I014:mass_transport:1,I014,mass_transport,w-pc-10,4,No unit able to provide mass transport could reach this ward within 45 minutes without pulling a unit off a higher-severity ward.
580.0,2024-07-24T18:10:00Z,REPLAY,oracle,I016:mass_transport:0,I016,mass_transport,w-pc-03,5,No unit able to provide mass transport could reach this ward within 45 minutes without pulling a unit off a higher-severity ward.
580.0,2024-07-24T18:10:00Z,REPLAY,oracle,I016:mass_transport:1,I016,mass_transport,w-pc-03,5,No unit able to provide mass transport could reach this ward within 45 minutes without pulling a unit off a higher-severity ward.
580.0,2024-07-24T18:10:00Z,REPLAY,oracle,I016:mass_transport:2,I016,mass_transport,w-pc-03,5,No unit able to provide mass transport could reach this ward within 45 minutes without pulling a unit off a higher-severity ward.
580.0,2024-07-24T18:10:00Z,REPLAY,oracle,I022:mass_transport:0,I022,mass_transport,w-pc-10,5,No unit able to provide mass transport could reach this ward within 45 minutes without pulling a unit off a higher-severity ward.
580.0,2024-07-24T18:10:00Z,REPLAY,oracle,I022:mass_transport:1,I022,mass_transport,w-pc-10,5,No unit able to provide mass transport could reach this ward within 45 minutes without pulling a unit off a higher-severity ward.
580.0,2024-07-24T18:10:00Z,REPLAY,oracle,I022:mass_transport:2,I022,mass_transport,w-pc-10,5,No unit able to provide mass transport could reach this ward within 45 minutes without pulling a unit off a higher-severity ward.
580.0,2024-07-24T18:10:00Z,REPLAY,oracle,I023:mass_transport:0,I023,mass_transport,w-pc-05,5,No unit able to provide mass transport could reach this ward within 45 minutes without pulling a unit off a higher-severity ward.
580.0,2024-07-24T18:10:00Z,REPLAY,oracle,I023:mass_transport:1,I023,mass_transport,w-pc-05,5,No unit able to provide mass transport could reach this ward within 45 minutes without pulling a unit off a higher-severity ward.
580.0,2024-07-24T18:10:00Z,REPLAY,oracle,I023:mass_transport:2,I023,mass_transport,w-pc-05,5,No unit able to provide mass transport could reach this ward within 45 minutes without pulling a unit off a higher-severity ward.
580.0,2024-07-24T18:10:00Z,REPLAY,oracle,I027:mass_transport:0,I027,mass_transport,w-pc-13,4,No unit able to provide mass transport could reach this ward within 45 minutes without pulling a unit off a higher-severity ward.
580.0,2024-07-24T18:10:00Z,REPLAY,oracle,I027:dewatering:0,I027,dewatering,w-pc-13,4,No unit able to provide dewatering could reach this ward within 45 minutes without pulling a unit off a higher-severity ward.
590.0,2024-07-24T18:20:00Z,REPLAY,oracle,I005:mass_transport:0,I005,mass_transport,w-pc-03,5,No unit able to provide mass transport could reach this ward within 45 minutes without pulling a unit off a higher-severity ward.
590.0,2024-07-24T18:20:00Z,REPLAY,oracle,I005:mass_transport:1,I005,mass_transport,w-pc-03,5,No unit able to provide mass transport could reach this ward within 45 minutes without pulling a unit off a higher-severity ward.
590.0,2024-07-24T18:20:00Z,REPLAY,oracle,I006:mass_transport:0,I006,mass_transport,w-pc-11,5,No unit able to provide mass transport could reach this ward within 45 minutes without pulling a unit off a higher-severity ward.
590.0,2024-07-24T18:20:00Z,REPLAY,oracle,I006:mass_transport:1,I006,mass_transport,w-pc-11,5,No unit able to provide mass transport could reach this ward within 45 minutes without pulling a unit off a higher-severity ward.
590.0,2024-07-24T18:20:00Z,REPLAY,oracle,I006:mass_transport:2,I006,mass_transport,w-pc-11,5,No unit able to provide mass transport could reach this ward within 45 minutes without pulling a unit off a higher-severity ward.
590.0,2024-07-24T18:20:00Z,REPLAY,oracle,I007:mass_transport:0,I007,mass_transport,w-pc-07,5,No unit able to provide mass transport could reach this ward within 45 minutes without pulling a unit off a higher-severity ward.
590.0,2024-07-24T18:20:00Z,REPLAY,oracle,I007:mass_transport:1,I007,mass_transport,w-pc-07,5,No unit able to provide mass transport could reach this ward within 45 minutes without pulling a unit off a higher-severity ward.
590.0,2024-07-24T18:20:00Z,REPLAY,oracle,I007:mass_transport:2,I007,mass_transport,w-pc-07,5,No unit able to provide mass transport could reach this ward within 45 minutes without pulling a unit off a higher-severity ward.
590.0,2024-07-24T18:20:00Z,REPLAY,oracle,I009:mass_transport:0,I009,mass_transport,w-pc-03,5,No unit able to provide mass transport could reach this ward within 45 minutes without pulling a unit off a higher-severity ward.
590.0,2024-07-24T18:20:00Z,REPLAY,oracle,I009:mass_transport:1,I009,mass_transport,w-pc-03,5,No unit able to provide mass transport could reach this ward within 45 minutes without pulling a unit off a higher-severity ward.
590.0,2024-07-24T18:20:00Z,REPLAY,oracle,I009:mass_transport:2,I009,mass_transport,w-pc-03,5,No unit able to provide mass transport could reach this ward within 45 minutes without pulling a unit off a higher-severity ward.
590.0,2024-07-24T18:20:00Z,REPLAY,oracle,I011:mass_transport:0,I011,mass_transport,w-pc-03,5,No unit able to provide mass transport could reach this ward within 45 minutes without pulling a unit off a higher-severity ward.
590.0,2024-07-24T18:20:00Z,REPLAY,oracle,I011:mass_transport:1,I011,mass_transport,w-pc-03,5,No unit able to provide mass transport could reach this ward within 45 minutes without pulling a unit off a higher-severity ward.
590.0,2024-07-24T18:20:00Z,REPLAY,oracle,I011:mass_transport:2,I011,mass_transport,w-pc-03,5,No unit able to provide mass transport could reach this ward within 45 minutes without pulling a unit off a higher-severity ward.
590.0,2024-07-24T18:20:00Z,REPLAY,oracle,I012:mass_transport:0,I012,mass_transport,w-pc-03,5,No unit able to provide mass transport could reach this ward within 45 minutes without pulling a unit off a higher-severity ward.
590.0,2024-07-24T18:20:00Z,REPLAY,oracle,I012:mass_transport:1,I012,mass_transport,w-pc-03,5,No unit able to provide mass transport could reach this ward within 45 minutes without pulling a unit off a higher-severity ward.
590.0,2024-07-24T18:20:00Z,REPLAY,oracle,I014:mass_transport:0,I014,mass_transport,w-pc-10,4,No unit able to provide mass transport could reach this ward within 45 minutes without pulling a unit off a higher-severity ward.
590.0,2024-07-24T18:20:00Z,REPLAY,oracle,I014:mass_transport:1,I014,mass_transport,w-pc-10,4,No unit able to provide mass transport could reach this ward within 45 minutes without pulling a unit off a higher-severity ward.
590.0,2024-07-24T18:20:00Z,REPLAY,oracle,I016:mass_transport:0,I016,mass_transport,w-pc-03,5,No unit able to provide mass transport could reach this ward within 45 minutes without pulling a unit off a higher-severity ward.
590.0,2024-07-24T18:20:00Z,REPLAY,oracle,I016:mass_transport:1,I016,mass_transport,w-pc-03,5,No unit able to provide mass transport could reach this ward within 45 minutes without pulling a unit off a higher-severity ward.
590.0,2024-07-24T18:20:00Z,REPLAY,oracle,I016:mass_transport:2,I016,mass_transport,w-pc-03,5,No unit able to provide mass transport could reach this ward within 45 minutes without pulling a unit off a higher-severity ward.
590.0,2024-07-24T18:20:00Z,REPLAY,oracle,I022:mass_transport:0,I022,mass_transport,w-pc-10,5,No unit able to provide mass transport could reach this ward within 45 minutes without pulling a unit off a higher-severity ward.
590.0,2024-07-24T18:20:00Z,REPLAY,oracle,I022:mass_transport:1,I022,mass_transport,w-pc-10,5,No unit able to provide mass transport could reach this ward within 45 minutes without pulling a unit off a higher-severity ward.
590.0,2024-07-24T18:20:00Z,REPLAY,oracle,I022:mass_transport:2,I022,mass_transport,w-pc-10,5,No unit able to provide mass transport could reach this ward within 45 minutes without pulling a unit off a higher-severity ward.
590.0,2024-07-24T18:20:00Z,REPLAY,oracle,I023:mass_transport:0,I023,mass_transport,w-pc-05,5,No unit able to provide mass transport could reach this ward within 45 minutes without pulling a unit off a higher-severity ward.
590.0,2024-07-24T18:20:00Z,REPLAY,oracle,I023:mass_transport:1,I023,mass_transport,w-pc-05,5,No unit able to provide mass transport could reach this ward within 45 minutes without pulling a unit off a higher-severity ward.
590.0,2024-07-24T18:20:00Z,REPLAY,oracle,I023:mass_transport:2,I023,mass_transport,w-pc-05,5,No unit able to provide mass transport could reach this ward within 45 minutes without pulling a unit off a higher-severity ward.
590.0,2024-07-24T18:20:00Z,REPLAY,oracle,I027:mass_transport:0,I027,mass_transport,w-pc-13,4,No unit able to provide mass transport could reach this ward within 45 minutes without pulling a unit off a higher-severity ward.
590.0,2024-07-24T18:20:00Z,REPLAY,oracle,I027:dewatering:0,I027,dewatering,w-pc-13,4,No unit able to provide dewatering could reach this ward within 45 minutes without pulling a unit off a higher-severity ward.
600.0,2024-07-24T18:30:00Z,REPLAY,oracle,I005:mass_transport:0,I005,mass_transport,w-pc-03,5,No unit able to provide mass transport could reach this ward within 45 minutes without pulling a unit off a higher-severity ward.
600.0,2024-07-24T18:30:00Z,REPLAY,oracle,I005:mass_transport:1,I005,mass_transport,w-pc-03,5,No unit able to provide mass transport could reach this ward within 45 minutes without pulling a unit off a higher-severity ward.
600.0,2024-07-24T18:30:00Z,REPLAY,oracle,I006:mass_transport:0,I006,mass_transport,w-pc-11,5,No unit able to provide mass transport could reach this ward within 45 minutes without pulling a unit off a higher-severity ward.
600.0,2024-07-24T18:30:00Z,REPLAY,oracle,I006:mass_transport:1,I006,mass_transport,w-pc-11,5,No unit able to provide mass transport could reach this ward within 45 minutes without pulling a unit off a higher-severity ward.
600.0,2024-07-24T18:30:00Z,REPLAY,oracle,I006:mass_transport:2,I006,mass_transport,w-pc-11,5,No unit able to provide mass transport could reach this ward within 45 minutes without pulling a unit off a higher-severity ward.
600.0,2024-07-24T18:30:00Z,REPLAY,oracle,I007:mass_transport:0,I007,mass_transport,w-pc-07,5,No unit able to provide mass transport could reach this ward within 45 minutes without pulling a unit off a higher-severity ward.
600.0,2024-07-24T18:30:00Z,REPLAY,oracle,I007:mass_transport:1,I007,mass_transport,w-pc-07,5,No unit able to provide mass transport could reach this ward within 45 minutes without pulling a unit off a higher-severity ward.
600.0,2024-07-24T18:30:00Z,REPLAY,oracle,I007:mass_transport:2,I007,mass_transport,w-pc-07,5,No unit able to provide mass transport could reach this ward within 45 minutes without pulling a unit off a higher-severity ward.
600.0,2024-07-24T18:30:00Z,REPLAY,oracle,I009:mass_transport:0,I009,mass_transport,w-pc-03,5,No unit able to provide mass transport could reach this ward within 45 minutes without pulling a unit off a higher-severity ward.
600.0,2024-07-24T18:30:00Z,REPLAY,oracle,I009:mass_transport:1,I009,mass_transport,w-pc-03,5,No unit able to provide mass transport could reach this ward within 45 minutes without pulling a unit off a higher-severity ward.
600.0,2024-07-24T18:30:00Z,REPLAY,oracle,I009:mass_transport:2,I009,mass_transport,w-pc-03,5,No unit able to provide mass transport could reach this ward within 45 minutes without pulling a unit off a higher-severity ward.
600.0,2024-07-24T18:30:00Z,REPLAY,oracle,I011:mass_transport:0,I011,mass_transport,w-pc-03,5,No unit able to provide mass transport could reach this ward within 45 minutes without pulling a unit off a higher-severity ward.
600.0,2024-07-24T18:30:00Z,REPLAY,oracle,I011:mass_transport:1,I011,mass_transport,w-pc-03,5,No unit able to provide mass transport could reach this ward within 45 minutes without pulling a unit off a higher-severity ward.
600.0,2024-07-24T18:30:00Z,REPLAY,oracle,I011:mass_transport:2,I011,mass_transport,w-pc-03,5,No unit able to provide mass transport could reach this ward within 45 minutes without pulling a unit off a higher-severity ward.
600.0,2024-07-24T18:30:00Z,REPLAY,oracle,I012:mass_transport:0,I012,mass_transport,w-pc-03,5,No unit able to provide mass transport could reach this ward within 45 minutes without pulling a unit off a higher-severity ward.
600.0,2024-07-24T18:30:00Z,REPLAY,oracle,I012:mass_transport:1,I012,mass_transport,w-pc-03,5,No unit able to provide mass transport could reach this ward within 45 minutes without pulling a unit off a higher-severity ward.
600.0,2024-07-24T18:30:00Z,REPLAY,oracle,I014:mass_transport:0,I014,mass_transport,w-pc-10,4,No unit able to provide mass transport could reach this ward within 45 minutes without pulling a unit off a higher-severity ward.
600.0,2024-07-24T18:30:00Z,REPLAY,oracle,I014:mass_transport:1,I014,mass_transport,w-pc-10,4,No unit able to provide mass transport could reach this ward within 45 minutes without pulling a unit off a higher-severity ward.
600.0,2024-07-24T18:30:00Z,REPLAY,oracle,I016:mass_transport:0,I016,mass_transport,w-pc-03,5,No unit able to provide mass transport could reach this ward within 45 minutes without pulling a unit off a higher-severity ward.
600.0,2024-07-24T18:30:00Z,REPLAY,oracle,I016:mass_transport:1,I016,mass_transport,w-pc-03,5,No unit able to provide mass transport could reach this ward within 45 minutes without pulling a unit off a higher-severity ward.
600.0,2024-07-24T18:30:00Z,REPLAY,oracle,I016:mass_transport:2,I016,mass_transport,w-pc-03,5,No unit able to provide mass transport could reach this ward within 45 minutes without pulling a unit off a higher-severity ward.
600.0,2024-07-24T18:30:00Z,REPLAY,oracle,I022:mass_transport:0,I022,mass_transport,w-pc-10,5,No unit able to provide mass transport could reach this ward within 45 minutes without pulling a unit off a higher-severity ward.
600.0,2024-07-24T18:30:00Z,REPLAY,oracle,I022:mass_transport:1,I022,mass_transport,w-pc-10,5,No unit able to provide mass transport could reach this ward within 45 minutes without pulling a unit off a higher-severity ward.
600.0,2024-07-24T18:30:00Z,REPLAY,oracle,I022:mass_transport:2,I022,mass_transport,w-pc-10,5,No unit able to provide mass transport could reach this ward within 45 minutes without pulling a unit off a higher-severity ward.
600.0,2024-07-24T18:30:00Z,REPLAY,oracle,I023:mass_transport:0,I023,mass_transport,w-pc-05,5,No unit able to provide mass transport could reach this ward within 45 minutes without pulling a unit off a higher-severity ward.
600.0,2024-07-24T18:30:00Z,REPLAY,oracle,I023:mass_transport:1,I023,mass_transport,w-pc-05,5,No unit able to provide mass transport could reach this ward within 45 minutes without pulling a unit off a higher-severity ward.
600.0,2024-07-24T18:30:00Z,REPLAY,oracle,I023:mass_transport:2,I023,mass_transport,w-pc-05,5,No unit able to provide mass transport could reach this ward within 45 minutes without pulling a unit off a higher-severity ward.
600.0,2024-07-24T18:30:00Z,REPLAY,oracle,I027:mass_transport:0,I027,mass_transport,w-pc-13,4,No unit able to provide mass transport could reach this ward within 45 minutes without pulling a unit off a higher-severity ward.
600.0,2024-07-24T18:30:00Z,REPLAY,oracle,I027:dewatering:0,I027,dewatering,w-pc-13,4,No unit able to provide dewatering could reach this ward within 45 minutes without pulling a unit off a higher-severity ward.
610.0,2024-07-24T18:40:00Z,REPLAY,oracle,I023:mass_transport:0,I023,mass_transport,w-pc-05,5,No unit able to provide mass transport within 45 minutes; the nearest free unit is already committed to a higher-severity ward.
610.0,2024-07-24T18:40:00Z,REPLAY,oracle,I023:mass_transport:1,I023,mass_transport,w-pc-05,5,No unit able to provide mass transport within 45 minutes; the nearest free unit is already committed to a higher-severity ward.
610.0,2024-07-24T18:40:00Z,REPLAY,oracle,I023:mass_transport:2,I023,mass_transport,w-pc-05,5,No unit able to provide mass transport within 45 minutes; the nearest free unit is already committed to a higher-severity ward.
610.0,2024-07-24T18:40:00Z,REPLAY,oracle,I007:mass_transport:0,I007,mass_transport,w-pc-07,5,No unit able to provide mass transport within 45 minutes; the nearest free unit is already committed to a higher-severity ward.
610.0,2024-07-24T18:40:00Z,REPLAY,oracle,I007:mass_transport:1,I007,mass_transport,w-pc-07,5,No unit able to provide mass transport within 45 minutes; the nearest free unit is already committed to a higher-severity ward.
610.0,2024-07-24T18:40:00Z,REPLAY,oracle,I007:mass_transport:2,I007,mass_transport,w-pc-07,5,No unit able to provide mass transport within 45 minutes; the nearest free unit is already committed to a higher-severity ward.
610.0,2024-07-24T18:40:00Z,REPLAY,oracle,I009:mass_transport:0,I009,mass_transport,w-pc-03,5,No unit able to provide mass transport within 45 minutes; the nearest free unit is already committed to a higher-severity ward.
610.0,2024-07-24T18:40:00Z,REPLAY,oracle,I009:mass_transport:1,I009,mass_transport,w-pc-03,5,No unit able to provide mass transport within 45 minutes; the nearest free unit is already committed to a higher-severity ward.
610.0,2024-07-24T18:40:00Z,REPLAY,oracle,I009:mass_transport:2,I009,mass_transport,w-pc-03,5,No unit able to provide mass transport within 45 minutes; the nearest free unit is already committed to a higher-severity ward.
610.0,2024-07-24T18:40:00Z,REPLAY,oracle,I022:mass_transport:0,I022,mass_transport,w-pc-10,5,No unit able to provide mass transport within 45 minutes; the nearest free unit is already committed to a higher-severity ward.
610.0,2024-07-24T18:40:00Z,REPLAY,oracle,I022:mass_transport:1,I022,mass_transport,w-pc-10,5,No unit able to provide mass transport within 45 minutes; the nearest free unit is already committed to a higher-severity ward.
610.0,2024-07-24T18:40:00Z,REPLAY,oracle,I022:mass_transport:2,I022,mass_transport,w-pc-10,5,No unit able to provide mass transport within 45 minutes; the nearest free unit is already committed to a higher-severity ward.
610.0,2024-07-24T18:40:00Z,REPLAY,oracle,I006:mass_transport:0,I006,mass_transport,w-pc-11,5,No unit able to provide mass transport within 45 minutes; the nearest free unit is already committed to a higher-severity ward.
610.0,2024-07-24T18:40:00Z,REPLAY,oracle,I006:mass_transport:1,I006,mass_transport,w-pc-11,5,No unit able to provide mass transport within 45 minutes; the nearest free unit is already committed to a higher-severity ward.
610.0,2024-07-24T18:40:00Z,REPLAY,oracle,I006:mass_transport:2,I006,mass_transport,w-pc-11,5,No unit able to provide mass transport within 45 minutes; the nearest free unit is already committed to a higher-severity ward.
610.0,2024-07-24T18:40:00Z,REPLAY,oracle,I011:mass_transport:0,I011,mass_transport,w-pc-03,5,No unit able to provide mass transport within 45 minutes; the nearest free unit is already committed to a higher-severity ward.
610.0,2024-07-24T18:40:00Z,REPLAY,oracle,I011:mass_transport:1,I011,mass_transport,w-pc-03,5,No unit able to provide mass transport within 45 minutes; the nearest free unit is already committed to a higher-severity ward.
610.0,2024-07-24T18:40:00Z,REPLAY,oracle,I011:mass_transport:2,I011,mass_transport,w-pc-03,5,No unit able to provide mass transport within 45 minutes; the nearest free unit is already committed to a higher-severity ward.
610.0,2024-07-24T18:40:00Z,REPLAY,oracle,I016:mass_transport:0,I016,mass_transport,w-pc-03,5,No unit able to provide mass transport within 45 minutes; the nearest free unit is already committed to a higher-severity ward.
610.0,2024-07-24T18:40:00Z,REPLAY,oracle,I016:mass_transport:1,I016,mass_transport,w-pc-03,5,No unit able to provide mass transport within 45 minutes; the nearest free unit is already committed to a higher-severity ward.
610.0,2024-07-24T18:40:00Z,REPLAY,oracle,I016:mass_transport:2,I016,mass_transport,w-pc-03,5,No unit able to provide mass transport within 45 minutes; the nearest free unit is already committed to a higher-severity ward.
610.0,2024-07-24T18:40:00Z,REPLAY,oracle,I005:mass_transport:0,I005,mass_transport,w-pc-03,5,No unit able to provide mass transport within 45 minutes; the nearest free unit is already committed to a higher-severity ward.
610.0,2024-07-24T18:40:00Z,REPLAY,oracle,I005:mass_transport:1,I005,mass_transport,w-pc-03,5,No unit able to provide mass transport within 45 minutes; the nearest free unit is already committed to a higher-severity ward.
610.0,2024-07-24T18:40:00Z,REPLAY,oracle,I012:mass_transport:0,I012,mass_transport,w-pc-03,5,No unit able to provide mass transport within 45 minutes; the nearest free unit is already committed to a higher-severity ward.
610.0,2024-07-24T18:40:00Z,REPLAY,oracle,I012:mass_transport:1,I012,mass_transport,w-pc-03,5,No unit able to provide mass transport within 45 minutes; the nearest free unit is already committed to a higher-severity ward.
610.0,2024-07-24T18:40:00Z,REPLAY,oracle,I014:mass_transport:0,I014,mass_transport,w-pc-10,4,No unit able to provide mass transport within 45 minutes; the nearest free unit is already committed to a higher-severity ward.
610.0,2024-07-24T18:40:00Z,REPLAY,oracle,I014:mass_transport:1,I014,mass_transport,w-pc-10,4,No unit able to provide mass transport within 45 minutes; the nearest free unit is already committed to a higher-severity ward.
610.0,2024-07-24T18:40:00Z,REPLAY,oracle,I027:mass_transport:0,I027,mass_transport,w-pc-13,4,No unit able to provide mass transport within 45 minutes; the nearest free unit is already committed to a higher-severity ward.
610.0,2024-07-24T18:40:00Z,REPLAY,oracle,I027:dewatering:0,I027,dewatering,w-pc-13,4,No unit able to provide dewatering within 45 minutes; the nearest free unit is already committed to a higher-severity ward.
620.0,2024-07-24T18:50:00Z,REPLAY,oracle,I023:mass_transport:0,I023,mass_transport,w-pc-05,5,No unit able to provide mass transport within 45 minutes; the nearest free unit is already committed to a higher-severity ward.
620.0,2024-07-24T18:50:00Z,REPLAY,oracle,I023:mass_transport:1,I023,mass_transport,w-pc-05,5,No unit able to provide mass transport within 45 minutes; the nearest free unit is already committed to a higher-severity ward.
620.0,2024-07-24T18:50:00Z,REPLAY,oracle,I023:mass_transport:2,I023,mass_transport,w-pc-05,5,No unit able to provide mass transport within 45 minutes; the nearest free unit is already committed to a higher-severity ward.
620.0,2024-07-24T18:50:00Z,REPLAY,oracle,I007:mass_transport:0,I007,mass_transport,w-pc-07,5,No unit able to provide mass transport within 45 minutes; the nearest free unit is already committed to a higher-severity ward.
620.0,2024-07-24T18:50:00Z,REPLAY,oracle,I007:mass_transport:1,I007,mass_transport,w-pc-07,5,No unit able to provide mass transport within 45 minutes; the nearest free unit is already committed to a higher-severity ward.
620.0,2024-07-24T18:50:00Z,REPLAY,oracle,I007:mass_transport:2,I007,mass_transport,w-pc-07,5,No unit able to provide mass transport within 45 minutes; the nearest free unit is already committed to a higher-severity ward.
620.0,2024-07-24T18:50:00Z,REPLAY,oracle,I009:mass_transport:0,I009,mass_transport,w-pc-03,5,No unit able to provide mass transport within 45 minutes; the nearest free unit is already committed to a higher-severity ward.
620.0,2024-07-24T18:50:00Z,REPLAY,oracle,I009:mass_transport:1,I009,mass_transport,w-pc-03,5,No unit able to provide mass transport within 45 minutes; the nearest free unit is already committed to a higher-severity ward.
620.0,2024-07-24T18:50:00Z,REPLAY,oracle,I009:mass_transport:2,I009,mass_transport,w-pc-03,5,No unit able to provide mass transport within 45 minutes; the nearest free unit is already committed to a higher-severity ward.
620.0,2024-07-24T18:50:00Z,REPLAY,oracle,I022:mass_transport:0,I022,mass_transport,w-pc-10,5,No unit able to provide mass transport within 45 minutes; the nearest free unit is already committed to a higher-severity ward.
620.0,2024-07-24T18:50:00Z,REPLAY,oracle,I022:mass_transport:1,I022,mass_transport,w-pc-10,5,No unit able to provide mass transport within 45 minutes; the nearest free unit is already committed to a higher-severity ward.
620.0,2024-07-24T18:50:00Z,REPLAY,oracle,I022:mass_transport:2,I022,mass_transport,w-pc-10,5,No unit able to provide mass transport within 45 minutes; the nearest free unit is already committed to a higher-severity ward.
620.0,2024-07-24T18:50:00Z,REPLAY,oracle,I006:mass_transport:0,I006,mass_transport,w-pc-11,5,No unit able to provide mass transport within 45 minutes; the nearest free unit is already committed to a higher-severity ward.
620.0,2024-07-24T18:50:00Z,REPLAY,oracle,I006:mass_transport:1,I006,mass_transport,w-pc-11,5,No unit able to provide mass transport within 45 minutes; the nearest free unit is already committed to a higher-severity ward.
620.0,2024-07-24T18:50:00Z,REPLAY,oracle,I006:mass_transport:2,I006,mass_transport,w-pc-11,5,No unit able to provide mass transport within 45 minutes; the nearest free unit is already committed to a higher-severity ward.
620.0,2024-07-24T18:50:00Z,REPLAY,oracle,I011:mass_transport:0,I011,mass_transport,w-pc-03,5,No unit able to provide mass transport within 45 minutes; the nearest free unit is already committed to a higher-severity ward.
620.0,2024-07-24T18:50:00Z,REPLAY,oracle,I011:mass_transport:1,I011,mass_transport,w-pc-03,5,No unit able to provide mass transport within 45 minutes; the nearest free unit is already committed to a higher-severity ward.
620.0,2024-07-24T18:50:00Z,REPLAY,oracle,I011:mass_transport:2,I011,mass_transport,w-pc-03,5,No unit able to provide mass transport within 45 minutes; the nearest free unit is already committed to a higher-severity ward.
620.0,2024-07-24T18:50:00Z,REPLAY,oracle,I016:mass_transport:0,I016,mass_transport,w-pc-03,5,No unit able to provide mass transport within 45 minutes; the nearest free unit is already committed to a higher-severity ward.
620.0,2024-07-24T18:50:00Z,REPLAY,oracle,I016:mass_transport:1,I016,mass_transport,w-pc-03,5,No unit able to provide mass transport within 45 minutes; the nearest free unit is already committed to a higher-severity ward.
620.0,2024-07-24T18:50:00Z,REPLAY,oracle,I016:mass_transport:2,I016,mass_transport,w-pc-03,5,No unit able to provide mass transport within 45 minutes; the nearest free unit is already committed to a higher-severity ward.
620.0,2024-07-24T18:50:00Z,REPLAY,oracle,I005:mass_transport:0,I005,mass_transport,w-pc-03,5,No unit able to provide mass transport within 45 minutes; the nearest free unit is already committed to a higher-severity ward.
620.0,2024-07-24T18:50:00Z,REPLAY,oracle,I005:mass_transport:1,I005,mass_transport,w-pc-03,5,No unit able to provide mass transport within 45 minutes; the nearest free unit is already committed to a higher-severity ward.
620.0,2024-07-24T18:50:00Z,REPLAY,oracle,I012:mass_transport:0,I012,mass_transport,w-pc-03,5,No unit able to provide mass transport within 45 minutes; the nearest free unit is already committed to a higher-severity ward.
620.0,2024-07-24T18:50:00Z,REPLAY,oracle,I012:mass_transport:1,I012,mass_transport,w-pc-03,5,No unit able to provide mass transport within 45 minutes; the nearest free unit is already committed to a higher-severity ward.
620.0,2024-07-24T18:50:00Z,REPLAY,oracle,I014:mass_transport:0,I014,mass_transport,w-pc-10,4,No unit able to provide mass transport within 45 minutes; the nearest free unit is already committed to a higher-severity ward.
620.0,2024-07-24T18:50:00Z,REPLAY,oracle,I014:mass_transport:1,I014,mass_transport,w-pc-10,4,No unit able to provide mass transport within 45 minutes; the nearest free unit is already committed to a higher-severity ward.
620.0,2024-07-24T18:50:00Z,REPLAY,oracle,I027:mass_transport:0,I027,mass_transport,w-pc-13,4,No unit able to provide mass transport within 45 minutes; the nearest free unit is already committed to a higher-severity ward.
620.0,2024-07-24T18:50:00Z,REPLAY,oracle,I027:dewatering:0,I027,dewatering,w-pc-13,4,No unit able to provide dewatering within 45 minutes; the nearest free unit is already committed to a higher-severity ward.
630.0,2024-07-24T19:00:00Z,REPLAY,oracle,I023:mass_transport:0,I023,mass_transport,w-pc-05,5,No unit able to provide mass transport within 45 minutes; the nearest free unit is already committed to a higher-severity ward.
630.0,2024-07-24T19:00:00Z,REPLAY,oracle,I023:mass_transport:1,I023,mass_transport,w-pc-05,5,No unit able to provide mass transport within 45 minutes; the nearest free unit is already committed to a higher-severity ward.
630.0,2024-07-24T19:00:00Z,REPLAY,oracle,I023:mass_transport:2,I023,mass_transport,w-pc-05,5,No unit able to provide mass transport within 45 minutes; the nearest free unit is already committed to a higher-severity ward.
630.0,2024-07-24T19:00:00Z,REPLAY,oracle,I007:mass_transport:0,I007,mass_transport,w-pc-07,5,No unit able to provide mass transport within 45 minutes; the nearest free unit is already committed to a higher-severity ward.
630.0,2024-07-24T19:00:00Z,REPLAY,oracle,I007:mass_transport:1,I007,mass_transport,w-pc-07,5,No unit able to provide mass transport within 45 minutes; the nearest free unit is already committed to a higher-severity ward.
630.0,2024-07-24T19:00:00Z,REPLAY,oracle,I007:mass_transport:2,I007,mass_transport,w-pc-07,5,No unit able to provide mass transport within 45 minutes; the nearest free unit is already committed to a higher-severity ward.
630.0,2024-07-24T19:00:00Z,REPLAY,oracle,I009:mass_transport:0,I009,mass_transport,w-pc-03,5,No unit able to provide mass transport within 45 minutes; the nearest free unit is already committed to a higher-severity ward.
630.0,2024-07-24T19:00:00Z,REPLAY,oracle,I009:mass_transport:1,I009,mass_transport,w-pc-03,5,No unit able to provide mass transport within 45 minutes; the nearest free unit is already committed to a higher-severity ward.
630.0,2024-07-24T19:00:00Z,REPLAY,oracle,I009:mass_transport:2,I009,mass_transport,w-pc-03,5,No unit able to provide mass transport within 45 minutes; the nearest free unit is already committed to a higher-severity ward.
630.0,2024-07-24T19:00:00Z,REPLAY,oracle,I022:mass_transport:0,I022,mass_transport,w-pc-10,5,No unit able to provide mass transport within 45 minutes; the nearest free unit is already committed to a higher-severity ward.
630.0,2024-07-24T19:00:00Z,REPLAY,oracle,I022:mass_transport:1,I022,mass_transport,w-pc-10,5,No unit able to provide mass transport within 45 minutes; the nearest free unit is already committed to a higher-severity ward.
630.0,2024-07-24T19:00:00Z,REPLAY,oracle,I022:mass_transport:2,I022,mass_transport,w-pc-10,5,No unit able to provide mass transport within 45 minutes; the nearest free unit is already committed to a higher-severity ward.
630.0,2024-07-24T19:00:00Z,REPLAY,oracle,I006:mass_transport:0,I006,mass_transport,w-pc-11,5,No unit able to provide mass transport within 45 minutes; the nearest free unit is already committed to a higher-severity ward.
630.0,2024-07-24T19:00:00Z,REPLAY,oracle,I006:mass_transport:1,I006,mass_transport,w-pc-11,5,No unit able to provide mass transport within 45 minutes; the nearest free unit is already committed to a higher-severity ward.
630.0,2024-07-24T19:00:00Z,REPLAY,oracle,I006:mass_transport:2,I006,mass_transport,w-pc-11,5,No unit able to provide mass transport within 45 minutes; the nearest free unit is already committed to a higher-severity ward.
630.0,2024-07-24T19:00:00Z,REPLAY,oracle,I011:mass_transport:0,I011,mass_transport,w-pc-03,5,No unit able to provide mass transport within 45 minutes; the nearest free unit is already committed to a higher-severity ward.
630.0,2024-07-24T19:00:00Z,REPLAY,oracle,I011:mass_transport:1,I011,mass_transport,w-pc-03,5,No unit able to provide mass transport within 45 minutes; the nearest free unit is already committed to a higher-severity ward.
630.0,2024-07-24T19:00:00Z,REPLAY,oracle,I011:mass_transport:2,I011,mass_transport,w-pc-03,5,No unit able to provide mass transport within 45 minutes; the nearest free unit is already committed to a higher-severity ward.
630.0,2024-07-24T19:00:00Z,REPLAY,oracle,I016:mass_transport:0,I016,mass_transport,w-pc-03,5,No unit able to provide mass transport within 45 minutes; the nearest free unit is already committed to a higher-severity ward.
630.0,2024-07-24T19:00:00Z,REPLAY,oracle,I016:mass_transport:1,I016,mass_transport,w-pc-03,5,No unit able to provide mass transport within 45 minutes; the nearest free unit is already committed to a higher-severity ward.
630.0,2024-07-24T19:00:00Z,REPLAY,oracle,I016:mass_transport:2,I016,mass_transport,w-pc-03,5,No unit able to provide mass transport within 45 minutes; the nearest free unit is already committed to a higher-severity ward.
630.0,2024-07-24T19:00:00Z,REPLAY,oracle,I005:mass_transport:0,I005,mass_transport,w-pc-03,5,No unit able to provide mass transport within 45 minutes; the nearest free unit is already committed to a higher-severity ward.
630.0,2024-07-24T19:00:00Z,REPLAY,oracle,I005:mass_transport:1,I005,mass_transport,w-pc-03,5,No unit able to provide mass transport within 45 minutes; the nearest free unit is already committed to a higher-severity ward.
630.0,2024-07-24T19:00:00Z,REPLAY,oracle,I012:mass_transport:0,I012,mass_transport,w-pc-03,5,No unit able to provide mass transport within 45 minutes; the nearest free unit is already committed to a higher-severity ward.
630.0,2024-07-24T19:00:00Z,REPLAY,oracle,I012:mass_transport:1,I012,mass_transport,w-pc-03,5,No unit able to provide mass transport within 45 minutes; the nearest free unit is already committed to a higher-severity ward.
630.0,2024-07-24T19:00:00Z,REPLAY,oracle,I014:mass_transport:0,I014,mass_transport,w-pc-10,4,No unit able to provide mass transport within 45 minutes; the nearest free unit is already committed to a higher-severity ward.
630.0,2024-07-24T19:00:00Z,REPLAY,oracle,I014:mass_transport:1,I014,mass_transport,w-pc-10,4,No unit able to provide mass transport within 45 minutes; the nearest free unit is already committed to a higher-severity ward.
630.0,2024-07-24T19:00:00Z,REPLAY,oracle,I027:mass_transport:0,I027,mass_transport,w-pc-13,4,No unit able to provide mass transport within 45 minutes; the nearest free unit is already committed to a higher-severity ward.
630.0,2024-07-24T19:00:00Z,REPLAY,oracle,I027:dewatering:0,I027,dewatering,w-pc-13,4,No unit able to provide dewatering within 45 minutes; the nearest free unit is already committed to a higher-severity ward.
640.0,2024-07-24T19:10:00Z,REPLAY,oracle,I005:mass_transport:0,I005,mass_transport,w-pc-03,5,No unit able to provide mass transport could reach this ward within 45 minutes without pulling a unit off a higher-severity ward.
640.0,2024-07-24T19:10:00Z,REPLAY,oracle,I005:mass_transport:1,I005,mass_transport,w-pc-03,5,No unit able to provide mass transport could reach this ward within 45 minutes without pulling a unit off a higher-severity ward.
640.0,2024-07-24T19:10:00Z,REPLAY,oracle,I006:mass_transport:0,I006,mass_transport,w-pc-11,5,No unit able to provide mass transport could reach this ward within 45 minutes without pulling a unit off a higher-severity ward.
640.0,2024-07-24T19:10:00Z,REPLAY,oracle,I006:mass_transport:1,I006,mass_transport,w-pc-11,5,No unit able to provide mass transport could reach this ward within 45 minutes without pulling a unit off a higher-severity ward.
640.0,2024-07-24T19:10:00Z,REPLAY,oracle,I006:mass_transport:2,I006,mass_transport,w-pc-11,5,No unit able to provide mass transport could reach this ward within 45 minutes without pulling a unit off a higher-severity ward.
640.0,2024-07-24T19:10:00Z,REPLAY,oracle,I007:mass_transport:0,I007,mass_transport,w-pc-07,5,No unit able to provide mass transport could reach this ward within 45 minutes without pulling a unit off a higher-severity ward.
640.0,2024-07-24T19:10:00Z,REPLAY,oracle,I007:mass_transport:1,I007,mass_transport,w-pc-07,5,No unit able to provide mass transport could reach this ward within 45 minutes without pulling a unit off a higher-severity ward.
640.0,2024-07-24T19:10:00Z,REPLAY,oracle,I007:mass_transport:2,I007,mass_transport,w-pc-07,5,No unit able to provide mass transport could reach this ward within 45 minutes without pulling a unit off a higher-severity ward.
640.0,2024-07-24T19:10:00Z,REPLAY,oracle,I009:mass_transport:0,I009,mass_transport,w-pc-03,5,No unit able to provide mass transport could reach this ward within 45 minutes without pulling a unit off a higher-severity ward.
640.0,2024-07-24T19:10:00Z,REPLAY,oracle,I009:mass_transport:1,I009,mass_transport,w-pc-03,5,No unit able to provide mass transport could reach this ward within 45 minutes without pulling a unit off a higher-severity ward.
640.0,2024-07-24T19:10:00Z,REPLAY,oracle,I009:mass_transport:2,I009,mass_transport,w-pc-03,5,No unit able to provide mass transport could reach this ward within 45 minutes without pulling a unit off a higher-severity ward.
640.0,2024-07-24T19:10:00Z,REPLAY,oracle,I011:mass_transport:0,I011,mass_transport,w-pc-03,5,No unit able to provide mass transport could reach this ward within 45 minutes without pulling a unit off a higher-severity ward.
640.0,2024-07-24T19:10:00Z,REPLAY,oracle,I011:mass_transport:1,I011,mass_transport,w-pc-03,5,No unit able to provide mass transport could reach this ward within 45 minutes without pulling a unit off a higher-severity ward.
640.0,2024-07-24T19:10:00Z,REPLAY,oracle,I011:mass_transport:2,I011,mass_transport,w-pc-03,5,No unit able to provide mass transport could reach this ward within 45 minutes without pulling a unit off a higher-severity ward.
640.0,2024-07-24T19:10:00Z,REPLAY,oracle,I012:mass_transport:0,I012,mass_transport,w-pc-03,5,No unit able to provide mass transport could reach this ward within 45 minutes without pulling a unit off a higher-severity ward.
640.0,2024-07-24T19:10:00Z,REPLAY,oracle,I012:mass_transport:1,I012,mass_transport,w-pc-03,5,No unit able to provide mass transport could reach this ward within 45 minutes without pulling a unit off a higher-severity ward.
640.0,2024-07-24T19:10:00Z,REPLAY,oracle,I014:mass_transport:0,I014,mass_transport,w-pc-10,4,No unit able to provide mass transport could reach this ward within 45 minutes without pulling a unit off a higher-severity ward.
640.0,2024-07-24T19:10:00Z,REPLAY,oracle,I014:mass_transport:1,I014,mass_transport,w-pc-10,4,No unit able to provide mass transport could reach this ward within 45 minutes without pulling a unit off a higher-severity ward.
640.0,2024-07-24T19:10:00Z,REPLAY,oracle,I016:mass_transport:0,I016,mass_transport,w-pc-03,5,No unit able to provide mass transport could reach this ward within 45 minutes without pulling a unit off a higher-severity ward.
640.0,2024-07-24T19:10:00Z,REPLAY,oracle,I016:mass_transport:1,I016,mass_transport,w-pc-03,5,No unit able to provide mass transport could reach this ward within 45 minutes without pulling a unit off a higher-severity ward.
640.0,2024-07-24T19:10:00Z,REPLAY,oracle,I016:mass_transport:2,I016,mass_transport,w-pc-03,5,No unit able to provide mass transport could reach this ward within 45 minutes without pulling a unit off a higher-severity ward.
640.0,2024-07-24T19:10:00Z,REPLAY,oracle,I022:mass_transport:0,I022,mass_transport,w-pc-10,5,No unit able to provide mass transport could reach this ward within 45 minutes without pulling a unit off a higher-severity ward.
640.0,2024-07-24T19:10:00Z,REPLAY,oracle,I022:mass_transport:1,I022,mass_transport,w-pc-10,5,No unit able to provide mass transport could reach this ward within 45 minutes without pulling a unit off a higher-severity ward.
640.0,2024-07-24T19:10:00Z,REPLAY,oracle,I022:mass_transport:2,I022,mass_transport,w-pc-10,5,No unit able to provide mass transport could reach this ward within 45 minutes without pulling a unit off a higher-severity ward.
640.0,2024-07-24T19:10:00Z,REPLAY,oracle,I023:mass_transport:0,I023,mass_transport,w-pc-05,5,No unit able to provide mass transport could reach this ward within 45 minutes without pulling a unit off a higher-severity ward.
640.0,2024-07-24T19:10:00Z,REPLAY,oracle,I023:mass_transport:1,I023,mass_transport,w-pc-05,5,No unit able to provide mass transport could reach this ward within 45 minutes without pulling a unit off a higher-severity ward.
640.0,2024-07-24T19:10:00Z,REPLAY,oracle,I023:mass_transport:2,I023,mass_transport,w-pc-05,5,No unit able to provide mass transport could reach this ward within 45 minutes without pulling a unit off a higher-severity ward.
640.0,2024-07-24T19:10:00Z,REPLAY,oracle,I027:mass_transport:0,I027,mass_transport,w-pc-13,4,No unit able to provide mass transport could reach this ward within 45 minutes without pulling a unit off a higher-severity ward.
640.0,2024-07-24T19:10:00Z,REPLAY,oracle,I027:dewatering:0,I027,dewatering,w-pc-13,4,No unit able to provide dewatering could reach this ward within 45 minutes without pulling a unit off a higher-severity ward.
650.0,2024-07-24T19:20:00Z,REPLAY,oracle,I005:mass_transport:0,I005,mass_transport,w-pc-03,5,No unit able to provide mass transport could reach this ward within 45 minutes without pulling a unit off a higher-severity ward.
650.0,2024-07-24T19:20:00Z,REPLAY,oracle,I005:mass_transport:1,I005,mass_transport,w-pc-03,5,No unit able to provide mass transport could reach this ward within 45 minutes without pulling a unit off a higher-severity ward.
650.0,2024-07-24T19:20:00Z,REPLAY,oracle,I006:mass_transport:0,I006,mass_transport,w-pc-11,5,No unit able to provide mass transport could reach this ward within 45 minutes without pulling a unit off a higher-severity ward.
650.0,2024-07-24T19:20:00Z,REPLAY,oracle,I006:mass_transport:1,I006,mass_transport,w-pc-11,5,No unit able to provide mass transport could reach this ward within 45 minutes without pulling a unit off a higher-severity ward.
650.0,2024-07-24T19:20:00Z,REPLAY,oracle,I006:mass_transport:2,I006,mass_transport,w-pc-11,5,No unit able to provide mass transport could reach this ward within 45 minutes without pulling a unit off a higher-severity ward.
650.0,2024-07-24T19:20:00Z,REPLAY,oracle,I007:mass_transport:0,I007,mass_transport,w-pc-07,5,No unit able to provide mass transport could reach this ward within 45 minutes without pulling a unit off a higher-severity ward.
650.0,2024-07-24T19:20:00Z,REPLAY,oracle,I007:mass_transport:1,I007,mass_transport,w-pc-07,5,No unit able to provide mass transport could reach this ward within 45 minutes without pulling a unit off a higher-severity ward.
650.0,2024-07-24T19:20:00Z,REPLAY,oracle,I007:mass_transport:2,I007,mass_transport,w-pc-07,5,No unit able to provide mass transport could reach this ward within 45 minutes without pulling a unit off a higher-severity ward.
650.0,2024-07-24T19:20:00Z,REPLAY,oracle,I009:mass_transport:0,I009,mass_transport,w-pc-03,5,No unit able to provide mass transport could reach this ward within 45 minutes without pulling a unit off a higher-severity ward.
650.0,2024-07-24T19:20:00Z,REPLAY,oracle,I009:mass_transport:1,I009,mass_transport,w-pc-03,5,No unit able to provide mass transport could reach this ward within 45 minutes without pulling a unit off a higher-severity ward.
650.0,2024-07-24T19:20:00Z,REPLAY,oracle,I009:mass_transport:2,I009,mass_transport,w-pc-03,5,No unit able to provide mass transport could reach this ward within 45 minutes without pulling a unit off a higher-severity ward.
650.0,2024-07-24T19:20:00Z,REPLAY,oracle,I011:mass_transport:0,I011,mass_transport,w-pc-03,5,No unit able to provide mass transport could reach this ward within 45 minutes without pulling a unit off a higher-severity ward.
650.0,2024-07-24T19:20:00Z,REPLAY,oracle,I011:mass_transport:1,I011,mass_transport,w-pc-03,5,No unit able to provide mass transport could reach this ward within 45 minutes without pulling a unit off a higher-severity ward.
650.0,2024-07-24T19:20:00Z,REPLAY,oracle,I011:mass_transport:2,I011,mass_transport,w-pc-03,5,No unit able to provide mass transport could reach this ward within 45 minutes without pulling a unit off a higher-severity ward.
650.0,2024-07-24T19:20:00Z,REPLAY,oracle,I012:mass_transport:0,I012,mass_transport,w-pc-03,5,No unit able to provide mass transport could reach this ward within 45 minutes without pulling a unit off a higher-severity ward.
650.0,2024-07-24T19:20:00Z,REPLAY,oracle,I012:mass_transport:1,I012,mass_transport,w-pc-03,5,No unit able to provide mass transport could reach this ward within 45 minutes without pulling a unit off a higher-severity ward.
650.0,2024-07-24T19:20:00Z,REPLAY,oracle,I014:mass_transport:0,I014,mass_transport,w-pc-10,4,No unit able to provide mass transport could reach this ward within 45 minutes without pulling a unit off a higher-severity ward.
650.0,2024-07-24T19:20:00Z,REPLAY,oracle,I014:mass_transport:1,I014,mass_transport,w-pc-10,4,No unit able to provide mass transport could reach this ward within 45 minutes without pulling a unit off a higher-severity ward.
650.0,2024-07-24T19:20:00Z,REPLAY,oracle,I016:mass_transport:0,I016,mass_transport,w-pc-03,5,No unit able to provide mass transport could reach this ward within 45 minutes without pulling a unit off a higher-severity ward.
650.0,2024-07-24T19:20:00Z,REPLAY,oracle,I016:mass_transport:1,I016,mass_transport,w-pc-03,5,No unit able to provide mass transport could reach this ward within 45 minutes without pulling a unit off a higher-severity ward.
650.0,2024-07-24T19:20:00Z,REPLAY,oracle,I016:mass_transport:2,I016,mass_transport,w-pc-03,5,No unit able to provide mass transport could reach this ward within 45 minutes without pulling a unit off a higher-severity ward.
650.0,2024-07-24T19:20:00Z,REPLAY,oracle,I022:mass_transport:0,I022,mass_transport,w-pc-10,5,No unit able to provide mass transport could reach this ward within 45 minutes without pulling a unit off a higher-severity ward.
650.0,2024-07-24T19:20:00Z,REPLAY,oracle,I022:mass_transport:1,I022,mass_transport,w-pc-10,5,No unit able to provide mass transport could reach this ward within 45 minutes without pulling a unit off a higher-severity ward.
650.0,2024-07-24T19:20:00Z,REPLAY,oracle,I022:mass_transport:2,I022,mass_transport,w-pc-10,5,No unit able to provide mass transport could reach this ward within 45 minutes without pulling a unit off a higher-severity ward.
650.0,2024-07-24T19:20:00Z,REPLAY,oracle,I023:mass_transport:0,I023,mass_transport,w-pc-05,5,No unit able to provide mass transport could reach this ward within 45 minutes without pulling a unit off a higher-severity ward.
650.0,2024-07-24T19:20:00Z,REPLAY,oracle,I023:mass_transport:1,I023,mass_transport,w-pc-05,5,No unit able to provide mass transport could reach this ward within 45 minutes without pulling a unit off a higher-severity ward.
650.0,2024-07-24T19:20:00Z,REPLAY,oracle,I023:mass_transport:2,I023,mass_transport,w-pc-05,5,No unit able to provide mass transport could reach this ward within 45 minutes without pulling a unit off a higher-severity ward.
650.0,2024-07-24T19:20:00Z,REPLAY,oracle,I027:mass_transport:0,I027,mass_transport,w-pc-13,4,No unit able to provide mass transport could reach this ward within 45 minutes without pulling a unit off a higher-severity ward.
650.0,2024-07-24T19:20:00Z,REPLAY,oracle,I027:dewatering:0,I027,dewatering,w-pc-13,4,No unit able to provide dewatering could reach this ward within 45 minutes without pulling a unit off a higher-severity ward.
650.0,2024-07-24T19:20:00Z,REPLAY,oracle,I038:mass_transport:0,I038,mass_transport,w-pc-09,5,No unit able to provide mass transport could reach this ward within 45 minutes without pulling a unit off a higher-severity ward.
650.0,2024-07-24T19:20:00Z,REPLAY,oracle,I038:mass_transport:1,I038,mass_transport,w-pc-09,5,No unit able to provide mass transport could reach this ward within 45 minutes without pulling a unit off a higher-severity ward.
650.0,2024-07-24T19:20:00Z,REPLAY,oracle,I038:mass_transport:2,I038,mass_transport,w-pc-09,5,No unit able to provide mass transport could reach this ward within 45 minutes without pulling a unit off a higher-severity ward.
660.0,2024-07-24T19:30:00Z,REPLAY,oracle,I005:mass_transport:0,I005,mass_transport,w-pc-03,5,No unit able to provide mass transport could reach this ward within 45 minutes without pulling a unit off a higher-severity ward.
660.0,2024-07-24T19:30:00Z,REPLAY,oracle,I005:mass_transport:1,I005,mass_transport,w-pc-03,5,No unit able to provide mass transport could reach this ward within 45 minutes without pulling a unit off a higher-severity ward.
660.0,2024-07-24T19:30:00Z,REPLAY,oracle,I006:mass_transport:0,I006,mass_transport,w-pc-11,5,No unit able to provide mass transport could reach this ward within 45 minutes without pulling a unit off a higher-severity ward.
660.0,2024-07-24T19:30:00Z,REPLAY,oracle,I006:mass_transport:1,I006,mass_transport,w-pc-11,5,No unit able to provide mass transport could reach this ward within 45 minutes without pulling a unit off a higher-severity ward.
660.0,2024-07-24T19:30:00Z,REPLAY,oracle,I006:mass_transport:2,I006,mass_transport,w-pc-11,5,No unit able to provide mass transport could reach this ward within 45 minutes without pulling a unit off a higher-severity ward.
660.0,2024-07-24T19:30:00Z,REPLAY,oracle,I007:mass_transport:0,I007,mass_transport,w-pc-07,5,No unit able to provide mass transport could reach this ward within 45 minutes without pulling a unit off a higher-severity ward.
660.0,2024-07-24T19:30:00Z,REPLAY,oracle,I007:mass_transport:1,I007,mass_transport,w-pc-07,5,No unit able to provide mass transport could reach this ward within 45 minutes without pulling a unit off a higher-severity ward.
660.0,2024-07-24T19:30:00Z,REPLAY,oracle,I007:mass_transport:2,I007,mass_transport,w-pc-07,5,No unit able to provide mass transport could reach this ward within 45 minutes without pulling a unit off a higher-severity ward.
660.0,2024-07-24T19:30:00Z,REPLAY,oracle,I009:mass_transport:0,I009,mass_transport,w-pc-03,5,No unit able to provide mass transport could reach this ward within 45 minutes without pulling a unit off a higher-severity ward.
660.0,2024-07-24T19:30:00Z,REPLAY,oracle,I009:mass_transport:1,I009,mass_transport,w-pc-03,5,No unit able to provide mass transport could reach this ward within 45 minutes without pulling a unit off a higher-severity ward.
660.0,2024-07-24T19:30:00Z,REPLAY,oracle,I009:mass_transport:2,I009,mass_transport,w-pc-03,5,No unit able to provide mass transport could reach this ward within 45 minutes without pulling a unit off a higher-severity ward.
660.0,2024-07-24T19:30:00Z,REPLAY,oracle,I011:mass_transport:0,I011,mass_transport,w-pc-03,5,No unit able to provide mass transport could reach this ward within 45 minutes without pulling a unit off a higher-severity ward.
660.0,2024-07-24T19:30:00Z,REPLAY,oracle,I011:mass_transport:1,I011,mass_transport,w-pc-03,5,No unit able to provide mass transport could reach this ward within 45 minutes without pulling a unit off a higher-severity ward.
660.0,2024-07-24T19:30:00Z,REPLAY,oracle,I011:mass_transport:2,I011,mass_transport,w-pc-03,5,No unit able to provide mass transport could reach this ward within 45 minutes without pulling a unit off a higher-severity ward.
660.0,2024-07-24T19:30:00Z,REPLAY,oracle,I012:mass_transport:0,I012,mass_transport,w-pc-03,5,No unit able to provide mass transport could reach this ward within 45 minutes without pulling a unit off a higher-severity ward.
660.0,2024-07-24T19:30:00Z,REPLAY,oracle,I012:mass_transport:1,I012,mass_transport,w-pc-03,5,No unit able to provide mass transport could reach this ward within 45 minutes without pulling a unit off a higher-severity ward.
660.0,2024-07-24T19:30:00Z,REPLAY,oracle,I014:mass_transport:0,I014,mass_transport,w-pc-10,4,No unit able to provide mass transport could reach this ward within 45 minutes without pulling a unit off a higher-severity ward.
660.0,2024-07-24T19:30:00Z,REPLAY,oracle,I014:mass_transport:1,I014,mass_transport,w-pc-10,4,No unit able to provide mass transport could reach this ward within 45 minutes without pulling a unit off a higher-severity ward.
660.0,2024-07-24T19:30:00Z,REPLAY,oracle,I016:mass_transport:0,I016,mass_transport,w-pc-03,5,No unit able to provide mass transport could reach this ward within 45 minutes without pulling a unit off a higher-severity ward.
660.0,2024-07-24T19:30:00Z,REPLAY,oracle,I016:mass_transport:1,I016,mass_transport,w-pc-03,5,No unit able to provide mass transport could reach this ward within 45 minutes without pulling a unit off a higher-severity ward.
660.0,2024-07-24T19:30:00Z,REPLAY,oracle,I016:mass_transport:2,I016,mass_transport,w-pc-03,5,No unit able to provide mass transport could reach this ward within 45 minutes without pulling a unit off a higher-severity ward.
660.0,2024-07-24T19:30:00Z,REPLAY,oracle,I022:mass_transport:0,I022,mass_transport,w-pc-10,5,No unit able to provide mass transport could reach this ward within 45 minutes without pulling a unit off a higher-severity ward.
660.0,2024-07-24T19:30:00Z,REPLAY,oracle,I022:mass_transport:1,I022,mass_transport,w-pc-10,5,No unit able to provide mass transport could reach this ward within 45 minutes without pulling a unit off a higher-severity ward.
660.0,2024-07-24T19:30:00Z,REPLAY,oracle,I022:mass_transport:2,I022,mass_transport,w-pc-10,5,No unit able to provide mass transport could reach this ward within 45 minutes without pulling a unit off a higher-severity ward.
660.0,2024-07-24T19:30:00Z,REPLAY,oracle,I023:mass_transport:0,I023,mass_transport,w-pc-05,5,No unit able to provide mass transport could reach this ward within 45 minutes without pulling a unit off a higher-severity ward.
660.0,2024-07-24T19:30:00Z,REPLAY,oracle,I023:mass_transport:1,I023,mass_transport,w-pc-05,5,No unit able to provide mass transport could reach this ward within 45 minutes without pulling a unit off a higher-severity ward.
660.0,2024-07-24T19:30:00Z,REPLAY,oracle,I023:mass_transport:2,I023,mass_transport,w-pc-05,5,No unit able to provide mass transport could reach this ward within 45 minutes without pulling a unit off a higher-severity ward.
660.0,2024-07-24T19:30:00Z,REPLAY,oracle,I027:mass_transport:0,I027,mass_transport,w-pc-13,4,No unit able to provide mass transport could reach this ward within 45 minutes without pulling a unit off a higher-severity ward.
660.0,2024-07-24T19:30:00Z,REPLAY,oracle,I027:dewatering:0,I027,dewatering,w-pc-13,4,No unit able to provide dewatering could reach this ward within 45 minutes without pulling a unit off a higher-severity ward.
660.0,2024-07-24T19:30:00Z,REPLAY,oracle,I038:mass_transport:0,I038,mass_transport,w-pc-09,5,No unit able to provide mass transport could reach this ward within 45 minutes without pulling a unit off a higher-severity ward.
660.0,2024-07-24T19:30:00Z,REPLAY,oracle,I038:mass_transport:1,I038,mass_transport,w-pc-09,5,No unit able to provide mass transport could reach this ward within 45 minutes without pulling a unit off a higher-severity ward.
660.0,2024-07-24T19:30:00Z,REPLAY,oracle,I038:mass_transport:2,I038,mass_transport,w-pc-09,5,No unit able to provide mass transport could reach this ward within 45 minutes without pulling a unit off a higher-severity ward.
670.0,2024-07-24T19:40:00Z,REPLAY,oracle,I023:mass_transport:0,I023,mass_transport,w-pc-05,5,No unit able to provide mass transport within 45 minutes; the nearest free unit is already committed to a higher-severity ward.
670.0,2024-07-24T19:40:00Z,REPLAY,oracle,I023:mass_transport:1,I023,mass_transport,w-pc-05,5,No unit able to provide mass transport within 45 minutes; the nearest free unit is already committed to a higher-severity ward.
670.0,2024-07-24T19:40:00Z,REPLAY,oracle,I023:mass_transport:2,I023,mass_transport,w-pc-05,5,No unit able to provide mass transport within 45 minutes; the nearest free unit is already committed to a higher-severity ward.
670.0,2024-07-24T19:40:00Z,REPLAY,oracle,I007:mass_transport:0,I007,mass_transport,w-pc-07,5,No unit able to provide mass transport within 45 minutes; the nearest free unit is already committed to a higher-severity ward.
670.0,2024-07-24T19:40:00Z,REPLAY,oracle,I007:mass_transport:1,I007,mass_transport,w-pc-07,5,No unit able to provide mass transport within 45 minutes; the nearest free unit is already committed to a higher-severity ward.
670.0,2024-07-24T19:40:00Z,REPLAY,oracle,I007:mass_transport:2,I007,mass_transport,w-pc-07,5,No unit able to provide mass transport within 45 minutes; the nearest free unit is already committed to a higher-severity ward.
670.0,2024-07-24T19:40:00Z,REPLAY,oracle,I038:mass_transport:0,I038,mass_transport,w-pc-09,5,No unit able to provide mass transport within 45 minutes; the nearest free unit is already committed to a higher-severity ward.
670.0,2024-07-24T19:40:00Z,REPLAY,oracle,I038:mass_transport:1,I038,mass_transport,w-pc-09,5,No unit able to provide mass transport within 45 minutes; the nearest free unit is already committed to a higher-severity ward.
670.0,2024-07-24T19:40:00Z,REPLAY,oracle,I038:mass_transport:2,I038,mass_transport,w-pc-09,5,No unit able to provide mass transport within 45 minutes; the nearest free unit is already committed to a higher-severity ward.
670.0,2024-07-24T19:40:00Z,REPLAY,oracle,I009:mass_transport:0,I009,mass_transport,w-pc-03,5,No unit able to provide mass transport within 45 minutes; the nearest free unit is already committed to a higher-severity ward.
670.0,2024-07-24T19:40:00Z,REPLAY,oracle,I009:mass_transport:1,I009,mass_transport,w-pc-03,5,No unit able to provide mass transport within 45 minutes; the nearest free unit is already committed to a higher-severity ward.
670.0,2024-07-24T19:40:00Z,REPLAY,oracle,I009:mass_transport:2,I009,mass_transport,w-pc-03,5,No unit able to provide mass transport within 45 minutes; the nearest free unit is already committed to a higher-severity ward.
670.0,2024-07-24T19:40:00Z,REPLAY,oracle,I022:mass_transport:0,I022,mass_transport,w-pc-10,5,No unit able to provide mass transport within 45 minutes; the nearest free unit is already committed to a higher-severity ward.
670.0,2024-07-24T19:40:00Z,REPLAY,oracle,I022:mass_transport:1,I022,mass_transport,w-pc-10,5,No unit able to provide mass transport within 45 minutes; the nearest free unit is already committed to a higher-severity ward.
670.0,2024-07-24T19:40:00Z,REPLAY,oracle,I022:mass_transport:2,I022,mass_transport,w-pc-10,5,No unit able to provide mass transport within 45 minutes; the nearest free unit is already committed to a higher-severity ward.
670.0,2024-07-24T19:40:00Z,REPLAY,oracle,I006:mass_transport:0,I006,mass_transport,w-pc-11,5,No unit able to provide mass transport within 45 minutes; the nearest free unit is already committed to a higher-severity ward.
670.0,2024-07-24T19:40:00Z,REPLAY,oracle,I006:mass_transport:1,I006,mass_transport,w-pc-11,5,No unit able to provide mass transport within 45 minutes; the nearest free unit is already committed to a higher-severity ward.
670.0,2024-07-24T19:40:00Z,REPLAY,oracle,I006:mass_transport:2,I006,mass_transport,w-pc-11,5,No unit able to provide mass transport within 45 minutes; the nearest free unit is already committed to a higher-severity ward.
670.0,2024-07-24T19:40:00Z,REPLAY,oracle,I011:mass_transport:0,I011,mass_transport,w-pc-03,5,No unit able to provide mass transport within 45 minutes; the nearest free unit is already committed to a higher-severity ward.
670.0,2024-07-24T19:40:00Z,REPLAY,oracle,I011:mass_transport:1,I011,mass_transport,w-pc-03,5,No unit able to provide mass transport within 45 minutes; the nearest free unit is already committed to a higher-severity ward.
670.0,2024-07-24T19:40:00Z,REPLAY,oracle,I011:mass_transport:2,I011,mass_transport,w-pc-03,5,No unit able to provide mass transport within 45 minutes; the nearest free unit is already committed to a higher-severity ward.
670.0,2024-07-24T19:40:00Z,REPLAY,oracle,I016:mass_transport:0,I016,mass_transport,w-pc-03,5,No unit able to provide mass transport within 45 minutes; the nearest free unit is already committed to a higher-severity ward.
670.0,2024-07-24T19:40:00Z,REPLAY,oracle,I016:mass_transport:1,I016,mass_transport,w-pc-03,5,No unit able to provide mass transport within 45 minutes; the nearest free unit is already committed to a higher-severity ward.
670.0,2024-07-24T19:40:00Z,REPLAY,oracle,I016:mass_transport:2,I016,mass_transport,w-pc-03,5,No unit able to provide mass transport within 45 minutes; the nearest free unit is already committed to a higher-severity ward.
670.0,2024-07-24T19:40:00Z,REPLAY,oracle,I005:mass_transport:0,I005,mass_transport,w-pc-03,5,No unit able to provide mass transport within 45 minutes; the nearest free unit is already committed to a higher-severity ward.
670.0,2024-07-24T19:40:00Z,REPLAY,oracle,I005:mass_transport:1,I005,mass_transport,w-pc-03,5,No unit able to provide mass transport within 45 minutes; the nearest free unit is already committed to a higher-severity ward.
670.0,2024-07-24T19:40:00Z,REPLAY,oracle,I012:mass_transport:0,I012,mass_transport,w-pc-03,5,No unit able to provide mass transport within 45 minutes; the nearest free unit is already committed to a higher-severity ward.
670.0,2024-07-24T19:40:00Z,REPLAY,oracle,I012:mass_transport:1,I012,mass_transport,w-pc-03,5,No unit able to provide mass transport within 45 minutes; the nearest free unit is already committed to a higher-severity ward.
670.0,2024-07-24T19:40:00Z,REPLAY,oracle,I014:mass_transport:0,I014,mass_transport,w-pc-10,4,No unit able to provide mass transport within 45 minutes; the nearest free unit is already committed to a higher-severity ward.
670.0,2024-07-24T19:40:00Z,REPLAY,oracle,I014:mass_transport:1,I014,mass_transport,w-pc-10,4,No unit able to provide mass transport within 45 minutes; the nearest free unit is already committed to a higher-severity ward.
670.0,2024-07-24T19:40:00Z,REPLAY,oracle,I027:mass_transport:0,I027,mass_transport,w-pc-13,4,No unit able to provide mass transport within 45 minutes; the nearest free unit is already committed to a higher-severity ward.
670.0,2024-07-24T19:40:00Z,REPLAY,oracle,I027:dewatering:0,I027,dewatering,w-pc-13,4,No unit able to provide dewatering within 45 minutes; the nearest free unit is already committed to a higher-severity ward.
680.0,2024-07-24T19:50:00Z,REPLAY,oracle,I023:mass_transport:0,I023,mass_transport,w-pc-05,5,No unit able to provide mass transport within 45 minutes; the nearest free unit is already committed to a higher-severity ward.
680.0,2024-07-24T19:50:00Z,REPLAY,oracle,I023:mass_transport:1,I023,mass_transport,w-pc-05,5,No unit able to provide mass transport within 45 minutes; the nearest free unit is already committed to a higher-severity ward.
680.0,2024-07-24T19:50:00Z,REPLAY,oracle,I023:mass_transport:2,I023,mass_transport,w-pc-05,5,No unit able to provide mass transport within 45 minutes; the nearest free unit is already committed to a higher-severity ward.
680.0,2024-07-24T19:50:00Z,REPLAY,oracle,I007:mass_transport:0,I007,mass_transport,w-pc-07,5,No unit able to provide mass transport within 45 minutes; the nearest free unit is already committed to a higher-severity ward.
680.0,2024-07-24T19:50:00Z,REPLAY,oracle,I007:mass_transport:1,I007,mass_transport,w-pc-07,5,No unit able to provide mass transport within 45 minutes; the nearest free unit is already committed to a higher-severity ward.
680.0,2024-07-24T19:50:00Z,REPLAY,oracle,I007:mass_transport:2,I007,mass_transport,w-pc-07,5,No unit able to provide mass transport within 45 minutes; the nearest free unit is already committed to a higher-severity ward.
680.0,2024-07-24T19:50:00Z,REPLAY,oracle,I038:mass_transport:0,I038,mass_transport,w-pc-09,5,No unit able to provide mass transport within 45 minutes; the nearest free unit is already committed to a higher-severity ward.
680.0,2024-07-24T19:50:00Z,REPLAY,oracle,I038:mass_transport:1,I038,mass_transport,w-pc-09,5,No unit able to provide mass transport within 45 minutes; the nearest free unit is already committed to a higher-severity ward.
680.0,2024-07-24T19:50:00Z,REPLAY,oracle,I038:mass_transport:2,I038,mass_transport,w-pc-09,5,No unit able to provide mass transport within 45 minutes; the nearest free unit is already committed to a higher-severity ward.
680.0,2024-07-24T19:50:00Z,REPLAY,oracle,I009:mass_transport:0,I009,mass_transport,w-pc-03,5,No unit able to provide mass transport within 45 minutes; the nearest free unit is already committed to a higher-severity ward.
680.0,2024-07-24T19:50:00Z,REPLAY,oracle,I009:mass_transport:1,I009,mass_transport,w-pc-03,5,No unit able to provide mass transport within 45 minutes; the nearest free unit is already committed to a higher-severity ward.
680.0,2024-07-24T19:50:00Z,REPLAY,oracle,I009:mass_transport:2,I009,mass_transport,w-pc-03,5,No unit able to provide mass transport within 45 minutes; the nearest free unit is already committed to a higher-severity ward.
680.0,2024-07-24T19:50:00Z,REPLAY,oracle,I022:mass_transport:0,I022,mass_transport,w-pc-10,5,No unit able to provide mass transport within 45 minutes; the nearest free unit is already committed to a higher-severity ward.
680.0,2024-07-24T19:50:00Z,REPLAY,oracle,I022:mass_transport:1,I022,mass_transport,w-pc-10,5,No unit able to provide mass transport within 45 minutes; the nearest free unit is already committed to a higher-severity ward.
680.0,2024-07-24T19:50:00Z,REPLAY,oracle,I022:mass_transport:2,I022,mass_transport,w-pc-10,5,No unit able to provide mass transport within 45 minutes; the nearest free unit is already committed to a higher-severity ward.
680.0,2024-07-24T19:50:00Z,REPLAY,oracle,I006:mass_transport:0,I006,mass_transport,w-pc-11,5,No unit able to provide mass transport within 45 minutes; the nearest free unit is already committed to a higher-severity ward.
680.0,2024-07-24T19:50:00Z,REPLAY,oracle,I006:mass_transport:1,I006,mass_transport,w-pc-11,5,No unit able to provide mass transport within 45 minutes; the nearest free unit is already committed to a higher-severity ward.
680.0,2024-07-24T19:50:00Z,REPLAY,oracle,I006:mass_transport:2,I006,mass_transport,w-pc-11,5,No unit able to provide mass transport within 45 minutes; the nearest free unit is already committed to a higher-severity ward.
680.0,2024-07-24T19:50:00Z,REPLAY,oracle,I011:mass_transport:0,I011,mass_transport,w-pc-03,5,No unit able to provide mass transport within 45 minutes; the nearest free unit is already committed to a higher-severity ward.
680.0,2024-07-24T19:50:00Z,REPLAY,oracle,I011:mass_transport:1,I011,mass_transport,w-pc-03,5,No unit able to provide mass transport within 45 minutes; the nearest free unit is already committed to a higher-severity ward.
680.0,2024-07-24T19:50:00Z,REPLAY,oracle,I011:mass_transport:2,I011,mass_transport,w-pc-03,5,No unit able to provide mass transport within 45 minutes; the nearest free unit is already committed to a higher-severity ward.
680.0,2024-07-24T19:50:00Z,REPLAY,oracle,I016:mass_transport:0,I016,mass_transport,w-pc-03,5,No unit able to provide mass transport within 45 minutes; the nearest free unit is already committed to a higher-severity ward.
680.0,2024-07-24T19:50:00Z,REPLAY,oracle,I016:mass_transport:1,I016,mass_transport,w-pc-03,5,No unit able to provide mass transport within 45 minutes; the nearest free unit is already committed to a higher-severity ward.
680.0,2024-07-24T19:50:00Z,REPLAY,oracle,I016:mass_transport:2,I016,mass_transport,w-pc-03,5,No unit able to provide mass transport within 45 minutes; the nearest free unit is already committed to a higher-severity ward.
680.0,2024-07-24T19:50:00Z,REPLAY,oracle,I005:mass_transport:0,I005,mass_transport,w-pc-03,5,No unit able to provide mass transport within 45 minutes; the nearest free unit is already committed to a higher-severity ward.
680.0,2024-07-24T19:50:00Z,REPLAY,oracle,I005:mass_transport:1,I005,mass_transport,w-pc-03,5,No unit able to provide mass transport within 45 minutes; the nearest free unit is already committed to a higher-severity ward.
680.0,2024-07-24T19:50:00Z,REPLAY,oracle,I012:mass_transport:0,I012,mass_transport,w-pc-03,5,No unit able to provide mass transport within 45 minutes; the nearest free unit is already committed to a higher-severity ward.
680.0,2024-07-24T19:50:00Z,REPLAY,oracle,I012:mass_transport:1,I012,mass_transport,w-pc-03,5,No unit able to provide mass transport within 45 minutes; the nearest free unit is already committed to a higher-severity ward.
680.0,2024-07-24T19:50:00Z,REPLAY,oracle,I014:mass_transport:0,I014,mass_transport,w-pc-10,4,No unit able to provide mass transport within 45 minutes; the nearest free unit is already committed to a higher-severity ward.
680.0,2024-07-24T19:50:00Z,REPLAY,oracle,I014:mass_transport:1,I014,mass_transport,w-pc-10,4,No unit able to provide mass transport within 45 minutes; the nearest free unit is already committed to a higher-severity ward.
680.0,2024-07-24T19:50:00Z,REPLAY,oracle,I027:mass_transport:0,I027,mass_transport,w-pc-13,4,No unit able to provide mass transport within 45 minutes; the nearest free unit is already committed to a higher-severity ward.
680.0,2024-07-24T19:50:00Z,REPLAY,oracle,I027:dewatering:0,I027,dewatering,w-pc-13,4,No unit able to provide dewatering within 45 minutes; the nearest free unit is already committed to a higher-severity ward.
690.0,2024-07-24T20:00:00Z,REPLAY,oracle,I023:mass_transport:0,I023,mass_transport,w-pc-05,5,No unit able to provide mass transport within 45 minutes; the nearest free unit is already committed to a higher-severity ward.
690.0,2024-07-24T20:00:00Z,REPLAY,oracle,I023:mass_transport:1,I023,mass_transport,w-pc-05,5,No unit able to provide mass transport within 45 minutes; the nearest free unit is already committed to a higher-severity ward.
690.0,2024-07-24T20:00:00Z,REPLAY,oracle,I023:mass_transport:2,I023,mass_transport,w-pc-05,5,No unit able to provide mass transport within 45 minutes; the nearest free unit is already committed to a higher-severity ward.
690.0,2024-07-24T20:00:00Z,REPLAY,oracle,I007:mass_transport:0,I007,mass_transport,w-pc-07,5,No unit able to provide mass transport within 45 minutes; the nearest free unit is already committed to a higher-severity ward.
690.0,2024-07-24T20:00:00Z,REPLAY,oracle,I007:mass_transport:1,I007,mass_transport,w-pc-07,5,No unit able to provide mass transport within 45 minutes; the nearest free unit is already committed to a higher-severity ward.
690.0,2024-07-24T20:00:00Z,REPLAY,oracle,I007:mass_transport:2,I007,mass_transport,w-pc-07,5,No unit able to provide mass transport within 45 minutes; the nearest free unit is already committed to a higher-severity ward.
690.0,2024-07-24T20:00:00Z,REPLAY,oracle,I038:mass_transport:0,I038,mass_transport,w-pc-09,5,No unit able to provide mass transport within 45 minutes; the nearest free unit is already committed to a higher-severity ward.
690.0,2024-07-24T20:00:00Z,REPLAY,oracle,I038:mass_transport:1,I038,mass_transport,w-pc-09,5,No unit able to provide mass transport within 45 minutes; the nearest free unit is already committed to a higher-severity ward.
690.0,2024-07-24T20:00:00Z,REPLAY,oracle,I038:mass_transport:2,I038,mass_transport,w-pc-09,5,No unit able to provide mass transport within 45 minutes; the nearest free unit is already committed to a higher-severity ward.
690.0,2024-07-24T20:00:00Z,REPLAY,oracle,I009:mass_transport:0,I009,mass_transport,w-pc-03,5,No unit able to provide mass transport within 45 minutes; the nearest free unit is already committed to a higher-severity ward.
690.0,2024-07-24T20:00:00Z,REPLAY,oracle,I009:mass_transport:1,I009,mass_transport,w-pc-03,5,No unit able to provide mass transport within 45 minutes; the nearest free unit is already committed to a higher-severity ward.
690.0,2024-07-24T20:00:00Z,REPLAY,oracle,I009:mass_transport:2,I009,mass_transport,w-pc-03,5,No unit able to provide mass transport within 45 minutes; the nearest free unit is already committed to a higher-severity ward.
690.0,2024-07-24T20:00:00Z,REPLAY,oracle,I022:mass_transport:0,I022,mass_transport,w-pc-10,5,No unit able to provide mass transport within 45 minutes; the nearest free unit is already committed to a higher-severity ward.
690.0,2024-07-24T20:00:00Z,REPLAY,oracle,I022:mass_transport:1,I022,mass_transport,w-pc-10,5,No unit able to provide mass transport within 45 minutes; the nearest free unit is already committed to a higher-severity ward.
690.0,2024-07-24T20:00:00Z,REPLAY,oracle,I022:mass_transport:2,I022,mass_transport,w-pc-10,5,No unit able to provide mass transport within 45 minutes; the nearest free unit is already committed to a higher-severity ward.
690.0,2024-07-24T20:00:00Z,REPLAY,oracle,I006:mass_transport:0,I006,mass_transport,w-pc-11,5,No unit able to provide mass transport within 45 minutes; the nearest free unit is already committed to a higher-severity ward.
690.0,2024-07-24T20:00:00Z,REPLAY,oracle,I006:mass_transport:1,I006,mass_transport,w-pc-11,5,No unit able to provide mass transport within 45 minutes; the nearest free unit is already committed to a higher-severity ward.
690.0,2024-07-24T20:00:00Z,REPLAY,oracle,I006:mass_transport:2,I006,mass_transport,w-pc-11,5,No unit able to provide mass transport within 45 minutes; the nearest free unit is already committed to a higher-severity ward.
690.0,2024-07-24T20:00:00Z,REPLAY,oracle,I011:mass_transport:0,I011,mass_transport,w-pc-03,5,No unit able to provide mass transport within 45 minutes; the nearest free unit is already committed to a higher-severity ward.
690.0,2024-07-24T20:00:00Z,REPLAY,oracle,I011:mass_transport:1,I011,mass_transport,w-pc-03,5,No unit able to provide mass transport within 45 minutes; the nearest free unit is already committed to a higher-severity ward.
690.0,2024-07-24T20:00:00Z,REPLAY,oracle,I011:mass_transport:2,I011,mass_transport,w-pc-03,5,No unit able to provide mass transport within 45 minutes; the nearest free unit is already committed to a higher-severity ward.
690.0,2024-07-24T20:00:00Z,REPLAY,oracle,I016:mass_transport:0,I016,mass_transport,w-pc-03,5,No unit able to provide mass transport within 45 minutes; the nearest free unit is already committed to a higher-severity ward.
690.0,2024-07-24T20:00:00Z,REPLAY,oracle,I016:mass_transport:1,I016,mass_transport,w-pc-03,5,No unit able to provide mass transport within 45 minutes; the nearest free unit is already committed to a higher-severity ward.
690.0,2024-07-24T20:00:00Z,REPLAY,oracle,I016:mass_transport:2,I016,mass_transport,w-pc-03,5,No unit able to provide mass transport within 45 minutes; the nearest free unit is already committed to a higher-severity ward.
690.0,2024-07-24T20:00:00Z,REPLAY,oracle,I005:mass_transport:0,I005,mass_transport,w-pc-03,5,No unit able to provide mass transport within 45 minutes; the nearest free unit is already committed to a higher-severity ward.
690.0,2024-07-24T20:00:00Z,REPLAY,oracle,I005:mass_transport:1,I005,mass_transport,w-pc-03,5,No unit able to provide mass transport within 45 minutes; the nearest free unit is already committed to a higher-severity ward.
690.0,2024-07-24T20:00:00Z,REPLAY,oracle,I012:mass_transport:0,I012,mass_transport,w-pc-03,5,No unit able to provide mass transport within 45 minutes; the nearest free unit is already committed to a higher-severity ward.
690.0,2024-07-24T20:00:00Z,REPLAY,oracle,I012:mass_transport:1,I012,mass_transport,w-pc-03,5,No unit able to provide mass transport within 45 minutes; the nearest free unit is already committed to a higher-severity ward.
690.0,2024-07-24T20:00:00Z,REPLAY,oracle,I014:mass_transport:0,I014,mass_transport,w-pc-10,4,No unit able to provide mass transport within 45 minutes; the nearest free unit is already committed to a higher-severity ward.
690.0,2024-07-24T20:00:00Z,REPLAY,oracle,I014:mass_transport:1,I014,mass_transport,w-pc-10,4,No unit able to provide mass transport within 45 minutes; the nearest free unit is already committed to a higher-severity ward.
690.0,2024-07-24T20:00:00Z,REPLAY,oracle,I027:mass_transport:0,I027,mass_transport,w-pc-13,4,No unit able to provide mass transport within 45 minutes; the nearest free unit is already committed to a higher-severity ward.
690.0,2024-07-24T20:00:00Z,REPLAY,oracle,I027:dewatering:0,I027,dewatering,w-pc-13,4,No unit able to provide dewatering within 45 minutes; the nearest free unit is already committed to a higher-severity ward.
700.0,2024-07-24T20:10:00Z,REPLAY,oracle,I023:mass_transport:0,I023,mass_transport,w-pc-05,5,No unit able to provide mass transport within 45 minutes; the nearest free unit is already committed to a higher-severity ward.
700.0,2024-07-24T20:10:00Z,REPLAY,oracle,I023:mass_transport:1,I023,mass_transport,w-pc-05,5,No unit able to provide mass transport within 45 minutes; the nearest free unit is already committed to a higher-severity ward.
700.0,2024-07-24T20:10:00Z,REPLAY,oracle,I023:mass_transport:2,I023,mass_transport,w-pc-05,5,No unit able to provide mass transport within 45 minutes; the nearest free unit is already committed to a higher-severity ward.
700.0,2024-07-24T20:10:00Z,REPLAY,oracle,I007:mass_transport:0,I007,mass_transport,w-pc-07,5,No unit able to provide mass transport within 45 minutes; the nearest free unit is already committed to a higher-severity ward.
700.0,2024-07-24T20:10:00Z,REPLAY,oracle,I007:mass_transport:1,I007,mass_transport,w-pc-07,5,No unit able to provide mass transport within 45 minutes; the nearest free unit is already committed to a higher-severity ward.
700.0,2024-07-24T20:10:00Z,REPLAY,oracle,I007:mass_transport:2,I007,mass_transport,w-pc-07,5,No unit able to provide mass transport within 45 minutes; the nearest free unit is already committed to a higher-severity ward.
700.0,2024-07-24T20:10:00Z,REPLAY,oracle,I038:mass_transport:0,I038,mass_transport,w-pc-09,5,No unit able to provide mass transport within 45 minutes; the nearest free unit is already committed to a higher-severity ward.
700.0,2024-07-24T20:10:00Z,REPLAY,oracle,I038:mass_transport:1,I038,mass_transport,w-pc-09,5,No unit able to provide mass transport within 45 minutes; the nearest free unit is already committed to a higher-severity ward.
700.0,2024-07-24T20:10:00Z,REPLAY,oracle,I038:mass_transport:2,I038,mass_transport,w-pc-09,5,No unit able to provide mass transport within 45 minutes; the nearest free unit is already committed to a higher-severity ward.
700.0,2024-07-24T20:10:00Z,REPLAY,oracle,I009:mass_transport:0,I009,mass_transport,w-pc-03,5,No unit able to provide mass transport within 45 minutes; the nearest free unit is already committed to a higher-severity ward.
700.0,2024-07-24T20:10:00Z,REPLAY,oracle,I009:mass_transport:1,I009,mass_transport,w-pc-03,5,No unit able to provide mass transport within 45 minutes; the nearest free unit is already committed to a higher-severity ward.
700.0,2024-07-24T20:10:00Z,REPLAY,oracle,I009:mass_transport:2,I009,mass_transport,w-pc-03,5,No unit able to provide mass transport within 45 minutes; the nearest free unit is already committed to a higher-severity ward.
700.0,2024-07-24T20:10:00Z,REPLAY,oracle,I022:mass_transport:0,I022,mass_transport,w-pc-10,5,No unit able to provide mass transport within 45 minutes; the nearest free unit is already committed to a higher-severity ward.
700.0,2024-07-24T20:10:00Z,REPLAY,oracle,I022:mass_transport:1,I022,mass_transport,w-pc-10,5,No unit able to provide mass transport within 45 minutes; the nearest free unit is already committed to a higher-severity ward.
700.0,2024-07-24T20:10:00Z,REPLAY,oracle,I022:mass_transport:2,I022,mass_transport,w-pc-10,5,No unit able to provide mass transport within 45 minutes; the nearest free unit is already committed to a higher-severity ward.
700.0,2024-07-24T20:10:00Z,REPLAY,oracle,I006:mass_transport:0,I006,mass_transport,w-pc-11,5,No unit able to provide mass transport within 45 minutes; the nearest free unit is already committed to a higher-severity ward.
700.0,2024-07-24T20:10:00Z,REPLAY,oracle,I006:mass_transport:1,I006,mass_transport,w-pc-11,5,No unit able to provide mass transport within 45 minutes; the nearest free unit is already committed to a higher-severity ward.
700.0,2024-07-24T20:10:00Z,REPLAY,oracle,I006:mass_transport:2,I006,mass_transport,w-pc-11,5,No unit able to provide mass transport within 45 minutes; the nearest free unit is already committed to a higher-severity ward.
700.0,2024-07-24T20:10:00Z,REPLAY,oracle,I011:mass_transport:0,I011,mass_transport,w-pc-03,5,No unit able to provide mass transport within 45 minutes; the nearest free unit is already committed to a higher-severity ward.
700.0,2024-07-24T20:10:00Z,REPLAY,oracle,I011:mass_transport:1,I011,mass_transport,w-pc-03,5,No unit able to provide mass transport within 45 minutes; the nearest free unit is already committed to a higher-severity ward.
700.0,2024-07-24T20:10:00Z,REPLAY,oracle,I011:mass_transport:2,I011,mass_transport,w-pc-03,5,No unit able to provide mass transport within 45 minutes; the nearest free unit is already committed to a higher-severity ward.
700.0,2024-07-24T20:10:00Z,REPLAY,oracle,I016:mass_transport:0,I016,mass_transport,w-pc-03,5,No unit able to provide mass transport within 45 minutes; the nearest free unit is already committed to a higher-severity ward.
700.0,2024-07-24T20:10:00Z,REPLAY,oracle,I016:mass_transport:1,I016,mass_transport,w-pc-03,5,No unit able to provide mass transport within 45 minutes; the nearest free unit is already committed to a higher-severity ward.
700.0,2024-07-24T20:10:00Z,REPLAY,oracle,I016:mass_transport:2,I016,mass_transport,w-pc-03,5,No unit able to provide mass transport within 45 minutes; the nearest free unit is already committed to a higher-severity ward.
700.0,2024-07-24T20:10:00Z,REPLAY,oracle,I005:mass_transport:0,I005,mass_transport,w-pc-03,5,No unit able to provide mass transport within 45 minutes; the nearest free unit is already committed to a higher-severity ward.
700.0,2024-07-24T20:10:00Z,REPLAY,oracle,I005:mass_transport:1,I005,mass_transport,w-pc-03,5,No unit able to provide mass transport within 45 minutes; the nearest free unit is already committed to a higher-severity ward.
700.0,2024-07-24T20:10:00Z,REPLAY,oracle,I012:mass_transport:0,I012,mass_transport,w-pc-03,5,No unit able to provide mass transport within 45 minutes; the nearest free unit is already committed to a higher-severity ward.
700.0,2024-07-24T20:10:00Z,REPLAY,oracle,I012:mass_transport:1,I012,mass_transport,w-pc-03,5,No unit able to provide mass transport within 45 minutes; the nearest free unit is already committed to a higher-severity ward.
700.0,2024-07-24T20:10:00Z,REPLAY,oracle,I014:mass_transport:0,I014,mass_transport,w-pc-10,4,No unit able to provide mass transport within 45 minutes; the nearest free unit is already committed to a higher-severity ward.
700.0,2024-07-24T20:10:00Z,REPLAY,oracle,I014:mass_transport:1,I014,mass_transport,w-pc-10,4,No unit able to provide mass transport within 45 minutes; the nearest free unit is already committed to a higher-severity ward.
700.0,2024-07-24T20:10:00Z,REPLAY,oracle,I027:mass_transport:0,I027,mass_transport,w-pc-13,4,No unit able to provide mass transport within 45 minutes; the nearest free unit is already committed to a higher-severity ward.
700.0,2024-07-24T20:10:00Z,REPLAY,oracle,I027:dewatering:0,I027,dewatering,w-pc-13,4,No unit able to provide dewatering within 45 minutes; the nearest free unit is already committed to a higher-severity ward.
710.0,2024-07-24T20:20:00Z,REPLAY,oracle,I023:mass_transport:0,I023,mass_transport,w-pc-05,5,No unit able to provide mass transport within 45 minutes; the nearest free unit is already committed to a higher-severity ward.
710.0,2024-07-24T20:20:00Z,REPLAY,oracle,I023:mass_transport:1,I023,mass_transport,w-pc-05,5,No unit able to provide mass transport within 45 minutes; the nearest free unit is already committed to a higher-severity ward.
710.0,2024-07-24T20:20:00Z,REPLAY,oracle,I023:mass_transport:2,I023,mass_transport,w-pc-05,5,No unit able to provide mass transport within 45 minutes; the nearest free unit is already committed to a higher-severity ward.
710.0,2024-07-24T20:20:00Z,REPLAY,oracle,I007:mass_transport:0,I007,mass_transport,w-pc-07,5,No unit able to provide mass transport within 45 minutes; the nearest free unit is already committed to a higher-severity ward.
710.0,2024-07-24T20:20:00Z,REPLAY,oracle,I007:mass_transport:1,I007,mass_transport,w-pc-07,5,No unit able to provide mass transport within 45 minutes; the nearest free unit is already committed to a higher-severity ward.
710.0,2024-07-24T20:20:00Z,REPLAY,oracle,I007:mass_transport:2,I007,mass_transport,w-pc-07,5,No unit able to provide mass transport within 45 minutes; the nearest free unit is already committed to a higher-severity ward.
710.0,2024-07-24T20:20:00Z,REPLAY,oracle,I038:mass_transport:0,I038,mass_transport,w-pc-09,5,No unit able to provide mass transport within 45 minutes; the nearest free unit is already committed to a higher-severity ward.
710.0,2024-07-24T20:20:00Z,REPLAY,oracle,I038:mass_transport:1,I038,mass_transport,w-pc-09,5,No unit able to provide mass transport within 45 minutes; the nearest free unit is already committed to a higher-severity ward.
710.0,2024-07-24T20:20:00Z,REPLAY,oracle,I038:mass_transport:2,I038,mass_transport,w-pc-09,5,No unit able to provide mass transport within 45 minutes; the nearest free unit is already committed to a higher-severity ward.
710.0,2024-07-24T20:20:00Z,REPLAY,oracle,I009:mass_transport:0,I009,mass_transport,w-pc-03,5,No unit able to provide mass transport within 45 minutes; the nearest free unit is already committed to a higher-severity ward.
710.0,2024-07-24T20:20:00Z,REPLAY,oracle,I009:mass_transport:1,I009,mass_transport,w-pc-03,5,No unit able to provide mass transport within 45 minutes; the nearest free unit is already committed to a higher-severity ward.
710.0,2024-07-24T20:20:00Z,REPLAY,oracle,I009:mass_transport:2,I009,mass_transport,w-pc-03,5,No unit able to provide mass transport within 45 minutes; the nearest free unit is already committed to a higher-severity ward.
710.0,2024-07-24T20:20:00Z,REPLAY,oracle,I022:mass_transport:0,I022,mass_transport,w-pc-10,5,No unit able to provide mass transport within 45 minutes; the nearest free unit is already committed to a higher-severity ward.
710.0,2024-07-24T20:20:00Z,REPLAY,oracle,I022:mass_transport:1,I022,mass_transport,w-pc-10,5,No unit able to provide mass transport within 45 minutes; the nearest free unit is already committed to a higher-severity ward.
710.0,2024-07-24T20:20:00Z,REPLAY,oracle,I022:mass_transport:2,I022,mass_transport,w-pc-10,5,No unit able to provide mass transport within 45 minutes; the nearest free unit is already committed to a higher-severity ward.
710.0,2024-07-24T20:20:00Z,REPLAY,oracle,I006:mass_transport:0,I006,mass_transport,w-pc-11,5,No unit able to provide mass transport within 45 minutes; the nearest free unit is already committed to a higher-severity ward.
710.0,2024-07-24T20:20:00Z,REPLAY,oracle,I006:mass_transport:1,I006,mass_transport,w-pc-11,5,No unit able to provide mass transport within 45 minutes; the nearest free unit is already committed to a higher-severity ward.
710.0,2024-07-24T20:20:00Z,REPLAY,oracle,I006:mass_transport:2,I006,mass_transport,w-pc-11,5,No unit able to provide mass transport within 45 minutes; the nearest free unit is already committed to a higher-severity ward.
710.0,2024-07-24T20:20:00Z,REPLAY,oracle,I011:mass_transport:0,I011,mass_transport,w-pc-03,5,No unit able to provide mass transport within 45 minutes; the nearest free unit is already committed to a higher-severity ward.
710.0,2024-07-24T20:20:00Z,REPLAY,oracle,I011:mass_transport:1,I011,mass_transport,w-pc-03,5,No unit able to provide mass transport within 45 minutes; the nearest free unit is already committed to a higher-severity ward.
710.0,2024-07-24T20:20:00Z,REPLAY,oracle,I011:mass_transport:2,I011,mass_transport,w-pc-03,5,No unit able to provide mass transport within 45 minutes; the nearest free unit is already committed to a higher-severity ward.
710.0,2024-07-24T20:20:00Z,REPLAY,oracle,I016:mass_transport:0,I016,mass_transport,w-pc-03,5,No unit able to provide mass transport within 45 minutes; the nearest free unit is already committed to a higher-severity ward.
710.0,2024-07-24T20:20:00Z,REPLAY,oracle,I016:mass_transport:1,I016,mass_transport,w-pc-03,5,No unit able to provide mass transport within 45 minutes; the nearest free unit is already committed to a higher-severity ward.
710.0,2024-07-24T20:20:00Z,REPLAY,oracle,I016:mass_transport:2,I016,mass_transport,w-pc-03,5,No unit able to provide mass transport within 45 minutes; the nearest free unit is already committed to a higher-severity ward.
710.0,2024-07-24T20:20:00Z,REPLAY,oracle,I005:mass_transport:0,I005,mass_transport,w-pc-03,5,No unit able to provide mass transport within 45 minutes; the nearest free unit is already committed to a higher-severity ward.
710.0,2024-07-24T20:20:00Z,REPLAY,oracle,I005:mass_transport:1,I005,mass_transport,w-pc-03,5,No unit able to provide mass transport within 45 minutes; the nearest free unit is already committed to a higher-severity ward.
710.0,2024-07-24T20:20:00Z,REPLAY,oracle,I012:mass_transport:0,I012,mass_transport,w-pc-03,5,No unit able to provide mass transport within 45 minutes; the nearest free unit is already committed to a higher-severity ward.
710.0,2024-07-24T20:20:00Z,REPLAY,oracle,I012:mass_transport:1,I012,mass_transport,w-pc-03,5,No unit able to provide mass transport within 45 minutes; the nearest free unit is already committed to a higher-severity ward.
710.0,2024-07-24T20:20:00Z,REPLAY,oracle,I014:mass_transport:0,I014,mass_transport,w-pc-10,4,No unit able to provide mass transport within 45 minutes; the nearest free unit is already committed to a higher-severity ward.
710.0,2024-07-24T20:20:00Z,REPLAY,oracle,I014:mass_transport:1,I014,mass_transport,w-pc-10,4,No unit able to provide mass transport within 45 minutes; the nearest free unit is already committed to a higher-severity ward.
710.0,2024-07-24T20:20:00Z,REPLAY,oracle,I027:mass_transport:0,I027,mass_transport,w-pc-13,4,No unit able to provide mass transport within 45 minutes; the nearest free unit is already committed to a higher-severity ward.
710.0,2024-07-24T20:20:00Z,REPLAY,oracle,I027:dewatering:0,I027,dewatering,w-pc-13,4,No unit able to provide dewatering within 45 minutes; the nearest free unit is already committed to a higher-severity ward.
720.0,2024-07-24T20:30:00Z,REPLAY,oracle,I005:mass_transport:0,I005,mass_transport,w-pc-03,5,No unit able to provide mass transport could reach this ward within 45 minutes without pulling a unit off a higher-severity ward.
720.0,2024-07-24T20:30:00Z,REPLAY,oracle,I005:mass_transport:1,I005,mass_transport,w-pc-03,5,No unit able to provide mass transport could reach this ward within 45 minutes without pulling a unit off a higher-severity ward.
720.0,2024-07-24T20:30:00Z,REPLAY,oracle,I006:mass_transport:0,I006,mass_transport,w-pc-11,5,No unit able to provide mass transport could reach this ward within 45 minutes without pulling a unit off a higher-severity ward.
720.0,2024-07-24T20:30:00Z,REPLAY,oracle,I006:mass_transport:1,I006,mass_transport,w-pc-11,5,No unit able to provide mass transport could reach this ward within 45 minutes without pulling a unit off a higher-severity ward.
720.0,2024-07-24T20:30:00Z,REPLAY,oracle,I006:mass_transport:2,I006,mass_transport,w-pc-11,5,No unit able to provide mass transport could reach this ward within 45 minutes without pulling a unit off a higher-severity ward.
720.0,2024-07-24T20:30:00Z,REPLAY,oracle,I007:mass_transport:0,I007,mass_transport,w-pc-07,5,No unit able to provide mass transport could reach this ward within 45 minutes without pulling a unit off a higher-severity ward.
720.0,2024-07-24T20:30:00Z,REPLAY,oracle,I007:mass_transport:1,I007,mass_transport,w-pc-07,5,No unit able to provide mass transport could reach this ward within 45 minutes without pulling a unit off a higher-severity ward.
720.0,2024-07-24T20:30:00Z,REPLAY,oracle,I007:mass_transport:2,I007,mass_transport,w-pc-07,5,No unit able to provide mass transport could reach this ward within 45 minutes without pulling a unit off a higher-severity ward.
720.0,2024-07-24T20:30:00Z,REPLAY,oracle,I009:mass_transport:0,I009,mass_transport,w-pc-03,5,No unit able to provide mass transport could reach this ward within 45 minutes without pulling a unit off a higher-severity ward.
720.0,2024-07-24T20:30:00Z,REPLAY,oracle,I009:mass_transport:1,I009,mass_transport,w-pc-03,5,No unit able to provide mass transport could reach this ward within 45 minutes without pulling a unit off a higher-severity ward.
720.0,2024-07-24T20:30:00Z,REPLAY,oracle,I009:mass_transport:2,I009,mass_transport,w-pc-03,5,No unit able to provide mass transport could reach this ward within 45 minutes without pulling a unit off a higher-severity ward.
720.0,2024-07-24T20:30:00Z,REPLAY,oracle,I011:mass_transport:0,I011,mass_transport,w-pc-03,5,No unit able to provide mass transport could reach this ward within 45 minutes without pulling a unit off a higher-severity ward.
720.0,2024-07-24T20:30:00Z,REPLAY,oracle,I011:mass_transport:1,I011,mass_transport,w-pc-03,5,No unit able to provide mass transport could reach this ward within 45 minutes without pulling a unit off a higher-severity ward.
720.0,2024-07-24T20:30:00Z,REPLAY,oracle,I011:mass_transport:2,I011,mass_transport,w-pc-03,5,No unit able to provide mass transport could reach this ward within 45 minutes without pulling a unit off a higher-severity ward.
720.0,2024-07-24T20:30:00Z,REPLAY,oracle,I012:mass_transport:0,I012,mass_transport,w-pc-03,5,No unit able to provide mass transport could reach this ward within 45 minutes without pulling a unit off a higher-severity ward.
720.0,2024-07-24T20:30:00Z,REPLAY,oracle,I012:mass_transport:1,I012,mass_transport,w-pc-03,5,No unit able to provide mass transport could reach this ward within 45 minutes without pulling a unit off a higher-severity ward.
720.0,2024-07-24T20:30:00Z,REPLAY,oracle,I014:mass_transport:0,I014,mass_transport,w-pc-10,4,No unit able to provide mass transport could reach this ward within 45 minutes without pulling a unit off a higher-severity ward.
720.0,2024-07-24T20:30:00Z,REPLAY,oracle,I014:mass_transport:1,I014,mass_transport,w-pc-10,4,No unit able to provide mass transport could reach this ward within 45 minutes without pulling a unit off a higher-severity ward.
720.0,2024-07-24T20:30:00Z,REPLAY,oracle,I016:mass_transport:0,I016,mass_transport,w-pc-03,5,No unit able to provide mass transport could reach this ward within 45 minutes without pulling a unit off a higher-severity ward.
720.0,2024-07-24T20:30:00Z,REPLAY,oracle,I016:mass_transport:1,I016,mass_transport,w-pc-03,5,No unit able to provide mass transport could reach this ward within 45 minutes without pulling a unit off a higher-severity ward.
720.0,2024-07-24T20:30:00Z,REPLAY,oracle,I016:mass_transport:2,I016,mass_transport,w-pc-03,5,No unit able to provide mass transport could reach this ward within 45 minutes without pulling a unit off a higher-severity ward.
720.0,2024-07-24T20:30:00Z,REPLAY,oracle,I022:mass_transport:0,I022,mass_transport,w-pc-10,5,No unit able to provide mass transport could reach this ward within 45 minutes without pulling a unit off a higher-severity ward.
720.0,2024-07-24T20:30:00Z,REPLAY,oracle,I022:mass_transport:1,I022,mass_transport,w-pc-10,5,No unit able to provide mass transport could reach this ward within 45 minutes without pulling a unit off a higher-severity ward.
720.0,2024-07-24T20:30:00Z,REPLAY,oracle,I022:mass_transport:2,I022,mass_transport,w-pc-10,5,No unit able to provide mass transport could reach this ward within 45 minutes without pulling a unit off a higher-severity ward.
720.0,2024-07-24T20:30:00Z,REPLAY,oracle,I023:mass_transport:0,I023,mass_transport,w-pc-05,5,No unit able to provide mass transport could reach this ward within 45 minutes without pulling a unit off a higher-severity ward.
720.0,2024-07-24T20:30:00Z,REPLAY,oracle,I023:mass_transport:1,I023,mass_transport,w-pc-05,5,No unit able to provide mass transport could reach this ward within 45 minutes without pulling a unit off a higher-severity ward.
720.0,2024-07-24T20:30:00Z,REPLAY,oracle,I023:mass_transport:2,I023,mass_transport,w-pc-05,5,No unit able to provide mass transport could reach this ward within 45 minutes without pulling a unit off a higher-severity ward.
720.0,2024-07-24T20:30:00Z,REPLAY,oracle,I027:mass_transport:0,I027,mass_transport,w-pc-13,4,No unit able to provide mass transport could reach this ward within 45 minutes without pulling a unit off a higher-severity ward.
720.0,2024-07-24T20:30:00Z,REPLAY,oracle,I027:dewatering:0,I027,dewatering,w-pc-13,4,No unit able to provide dewatering could reach this ward within 45 minutes without pulling a unit off a higher-severity ward.
720.0,2024-07-24T20:30:00Z,REPLAY,oracle,I038:mass_transport:0,I038,mass_transport,w-pc-09,5,No unit able to provide mass transport could reach this ward within 45 minutes without pulling a unit off a higher-severity ward.
720.0,2024-07-24T20:30:00Z,REPLAY,oracle,I038:mass_transport:1,I038,mass_transport,w-pc-09,5,No unit able to provide mass transport could reach this ward within 45 minutes without pulling a unit off a higher-severity ward.
720.0,2024-07-24T20:30:00Z,REPLAY,oracle,I038:mass_transport:2,I038,mass_transport,w-pc-09,5,No unit able to provide mass transport could reach this ward within 45 minutes without pulling a unit off a higher-severity ward.
