t_min,t_replay,time_label,policy,subject,id,state,note,capacity,occupancy,reserved,task,incident,unit,people
0.0,2024-09-25T16:00:00Z,REPLAY,predicted,unit,PC-AMB-01,available,start of window,,,,,,,
0.0,2024-09-25T16:00:00Z,REPLAY,predicted,unit,PC-AMB-02,available,start of window,,,,,,,
0.0,2024-09-25T16:00:00Z,REPLAY,predicted,unit,PC-AMB-03,available,start of window,,,,,,,
0.0,2024-09-25T16:00:00Z,REPLAY,predicted,unit,PC-AMB-04,available,start of window,,,,,,,
0.0,2024-09-25T16:00:00Z,REPLAY,predicted,unit,PC-AMB-05,available,start of window,,,,,,,
0.0,2024-09-25T16:00:00Z,REPLAY,predicted,unit,PC-AMB-06,available,start of window,,,,,,,
0.0,2024-09-25T16:00:00Z,REPLAY,predicted,unit,PC-BOAT-01,available,start of window,,,,,,,
0.0,2024-09-25T16:00:00Z,REPLAY,predicted,unit,PC-BOAT-02,available,start of window,,,,,,,
0.0,2024-09-25T16:00:00Z,REPLAY,predicted,unit,PC-BOAT-03,available,start of window,,,,,,,
0.0,2024-09-25T16:00:00Z,REPLAY,predicted,unit,PC-BUS-01,available,start of window,,,,,,,
0.0,2024-09-25T16:00:00Z,REPLAY,predicted,unit,PC-BUS-02,available,start of window,,,,,,,
0.0,2024-09-25T16:00:00Z,REPLAY,predicted,unit,PC-FIRE-01,available,start of window,,,,,,,
0.0,2024-09-25T16:00:00Z,REPLAY,predicted,unit,PC-FIRE-02,available,start of window,,,,,,,
0.0,2024-09-25T16:00:00Z,REPLAY,predicted,unit,PC-FIRE-03,available,start of window,,,,,,,
0.0,2024-09-25T16:00:00Z,REPLAY,predicted,unit,PC-FIRE-04,available,start of window,,,,,,,
0.0,2024-09-25T16:00:00Z,REPLAY,predicted,unit,PC-FIRE-05,available,start of window,,,,,,,
0.0,2024-09-25T16:00:00Z,REPLAY,predicted,unit,PC-FIRE-06,available,start of window,,,,,,,
0.0,2024-09-25T16:00:00Z,REPLAY,predicted,unit,PC-FIRE-07,available,start of window,,,,,,,
0.0,2024-09-25T16:00:00Z,REPLAY,predicted,unit,PC-JCB-01,available,start of window,,,,,,,
0.0,2024-09-25T16:00:00Z,REPLAY,predicted,unit,PC-JCB-02,available,start of window,,,,,,,
0.0,2024-09-25T16:00:00Z,REPLAY,predicted,unit,PC-POL-01,available,start of window,,,,,,,
0.0,2024-09-25T16:00:00Z,REPLAY,predicted,unit,PC-POL-02,available,start of window,,,,,,,
0.0,2024-09-25T16:00:00Z,REPLAY,predicted,unit,PC-POL-03,available,start of window,,,,,,,
0.0,2024-09-25T16:00:00Z,REPLAY,predicted,unit,PC-POL-04,available,start of window,,,,,,,
0.0,2024-09-25T16:00:00Z,REPLAY,predicted,unit,PC-PUMP-01,available,start of window,,,,,,,
0.0,2024-09-25T16:00:00Z,REPLAY,predicted,unit,PC-PUMP-02,available,start of window,,,,,,,
0.0,2024-09-25T16:00:00Z,REPLAY,predicted,unit,PC-PUMP-03,available,start of window,,,,,,,
0.0,2024-09-25T16:00:00Z,REPLAY,predicted,unit,PC-PUMP-04,available,start of window,,,,,,,
0.0,2024-09-25T16:00:00Z,REPLAY,predicted,unit,PC-PUMP-05,available,start of window,,,,,,,
0.0,2024-09-25T16:00:00Z,REPLAY,predicted,unit,PC-TEAM-01,available,start of window,,,,,,,
0.0,2024-09-25T16:00:00Z,REPLAY,predicted,unit,PC-TEAM-02,available,start of window,,,,,,,
0.0,2024-09-25T16:00:00Z,REPLAY,predicted,unit,PC-TEAM-03,available,start of window,,,,,,,
0.0,2024-09-25T16:00:00Z,REPLAY,predicted,unit,PC-TRUCK-01,available,start of window,,,,,,,
0.0,2024-09-25T16:00:00Z,REPLAY,predicted,unit,PC-TRUCK-02,available,start of window,,,,,,,
0.0,2024-09-25T16:00:00Z,REPLAY,predicted,unit,PC-TANK-01,available,start of window,,,,,,,
0.0,2024-09-25T16:00:00Z,REPLAY,predicted,unit,PC-TANK-02,available,start of window,,,,,,,
0.0,2024-09-25T16:00:00Z,REPLAY,predicted,shelter,lf-pc-r1,open,,1000.0,0.0,0.0,,,,
0.0,2024-09-25T16:00:00Z,REPLAY,predicted,shelter,lf-pc-r2,open,,900.0,0.0,0.0,,,,
0.0,2024-09-25T16:00:00Z,REPLAY,predicted,shelter,lf-pc-s1,open,,800.0,0.0,0.0,,,,
0.0,2024-09-25T16:00:00Z,REPLAY,predicted,shelter,lf-pc-s2,open,,400.0,0.0,0.0,,,,
0.0,2024-09-25T16:00:00Z,REPLAY,predicted,shelter,lf-pc-s3,open,,450.0,0.0,0.0,,,,
0.0,2024-09-25T16:00:00Z,REPLAY,predicted,shelter,lf-pc-s4,open,,400.0,0.0,0.0,,,,
0.0,2024-09-25T16:00:00Z,REPLAY,predicted,shelter,lf-pc-s5,open,,350.0,0.0,0.0,,,,
0.0,2024-09-25T16:00:00Z,REPLAY,predicted,shelter,lf-pc-s6,open,,350.0,0.0,0.0,,,,
0.0,2024-09-25T16:00:00Z,REPLAY,predicted,unit,PC-AMB-03,en_route,,,,,I001:field_assessment:0,I001,,
0.0,2024-09-25T16:00:00Z,REPLAY,predicted,unit,PC-AMB-05,en_route,,,,,I011:field_assessment:0,I011,,
0.0,2024-09-25T16:00:00Z,REPLAY,predicted,unit,PC-FIRE-02,en_route,,,,,I007:field_assessment:0,I007,,
0.0,2024-09-25T16:00:00Z,REPLAY,predicted,unit,PC-AMB-02,en_route,,,,,I006:field_assessment:0,I006,,
0.0,2024-09-25T16:00:00Z,REPLAY,predicted,unit,PC-FIRE-06,en_route,,,,,I014:field_assessment:0,I014,,
0.0,2024-09-25T16:00:00Z,REPLAY,predicted,unit,PC-POL-04,en_route,,,,,I008:field_assessment:0,I008,,
0.0,2024-09-25T16:00:00Z,REPLAY,predicted,unit,PC-FIRE-03,en_route,,,,,I010:field_assessment:0,I010,,
0.0,2024-09-25T16:00:00Z,REPLAY,predicted,unit,PC-AMB-01,en_route,,,,,I009:field_assessment:0,I009,,
0.0,2024-09-25T16:00:00Z,REPLAY,predicted,unit,PC-POL-01,en_route,,,,,I013:field_assessment:0,I013,,
0.0,2024-09-25T16:00:00Z,REPLAY,predicted,unit,PC-AMB-04,en_route,,,,,I003:field_assessment:0,I003,,
0.0,2024-09-25T16:00:00Z,REPLAY,predicted,unit,PC-POL-03,en_route,,,,,I005:field_assessment:0,I005,,
0.0,2024-09-25T16:00:00Z,REPLAY,predicted,unit,PC-PUMP-02,en_route,,,,,I002:dewatering:0,I002,,
0.0,2024-09-25T16:00:00Z,REPLAY,predicted,unit,PC-FIRE-01,en_route,,,,,I004:field_assessment:0,I004,,
0.0,2024-09-25T16:00:00Z,REPLAY,predicted,unit,PC-FIRE-07,en_route,,,,,I012:field_assessment:0,I012,,
5.7,2024-09-25T16:05:39.777556921Z,REPLAY,predicted,unit,PC-AMB-05,available,no passable road to the need (need returns to the pool),,,,,,,
7.8,2024-09-25T16:07:45.609053195Z,REPLAY,predicted,unit,PC-AMB-03,on_site,,,,,I001:field_assessment:0,I001,,
8.6,2024-09-25T16:08:36.963188692Z,REPLAY,predicted,unit,PC-FIRE-02,on_site,,,,,I007:field_assessment:0,I007,,
10.0,2024-09-25T16:10:00Z,REPLAY,predicted,unit,PC-TEAM-02,en_route,,,,,I007:water_rescue:0,I007,,
10.0,2024-09-25T16:10:00Z,REPLAY,predicted,shelter,lf-pc-s2,reserved,,400.0,0.0,45.0,,,PC-TRUCK-01,45.0
10.0,2024-09-25T16:10:00Z,REPLAY,predicted,unit,PC-TRUCK-01,en_route,,,,,I007:mass_transport:0,I007,,
10.0,2024-09-25T16:10:00Z,REPLAY,predicted,shelter,lf-pc-s2,reserved,,400.0,0.0,90.0,,,PC-TRUCK-02,45.0
10.0,2024-09-25T16:10:00Z,REPLAY,predicted,unit,PC-TRUCK-02,en_route,,,,,I007:mass_transport:1,I007,,
10.0,2024-09-25T16:10:00Z,REPLAY,predicted,unit,PC-TEAM-01,en_route,,,,,I017:field_assessment:0,I017,,
10.0,2024-09-25T16:10:00Z,REPLAY,predicted,unit,PC-FIRE-04,en_route,,,,,I011:field_assessment:0,I011,,
10.0,2024-09-25T16:10:00Z,REPLAY,predicted,unit,PC-FIRE-05,en_route,,,,,I018:field_assessment:0,I018,,
10.0,2024-09-25T16:10:00Z,REPLAY,predicted,unit,PC-POL-02,en_route,,,,,I020:field_assessment:0,I020,,
10.0,2024-09-25T16:10:00Z,REPLAY,predicted,unit,PC-BOAT-03,en_route,,,,,I016:field_assessment:0,I016,,
10.0,2024-09-25T16:10:00Z,REPLAY,predicted,unit,PC-AMB-06,en_route,,,,,I019:field_assessment:0,I019,,
10.0,2024-09-25T16:10:00Z,REPLAY,predicted,unit,PC-TEAM-03,en_route,,,,,I015:field_assessment:0,I015,,
10.8,2024-09-25T16:10:49.337090135Z,REPLAY,predicted,unit,PC-POL-04,on_site,,,,,I008:field_assessment:0,I008,,
11.4,2024-09-25T16:11:23.671885391Z,REPLAY,predicted,unit,PC-FIRE-06,on_site,,,,,I014:field_assessment:0,I014,,
12.5,2024-09-25T16:12:28.088548465Z,REPLAY,predicted,unit,PC-FIRE-07,available,no passable road to the need (need returns to the pool),,,,,,,
11.5,2024-09-25T16:11:31.165649371Z,REPLAY,predicted,unit,PC-AMB-02,on_site,,,,,I006:field_assessment:0,I006,,
12.8,2024-09-25T16:12:45.609053195Z,REPLAY,predicted,unit,PC-AMB-03,available,field_assessment finished at I001,,,,,,,
13.6,2024-09-25T16:13:36.963188692Z,REPLAY,predicted,unit,PC-FIRE-02,available,field_assessment finished at I007,,,,,,,
14.0,2024-09-25T16:13:58.191026210Z,REPLAY,predicted,unit,PC-FIRE-03,on_site,,,,,I010:field_assessment:0,I010,,
14.5,2024-09-25T16:14:30.237762478Z,REPLAY,predicted,unit,PC-AMB-01,on_site,,,,,I009:field_assessment:0,I009,,
14.6,2024-09-25T16:14:35.535422310Z,REPLAY,predicted,unit,PC-TEAM-01,on_site,,,,,I017:field_assessment:0,I017,,
15.8,2024-09-25T16:15:49.337090135Z,REPLAY,predicted,unit,PC-POL-04,available,field_assessment finished at I008,,,,,,,
16.4,2024-09-25T16:16:23.671885391Z,REPLAY,predicted,unit,PC-FIRE-06,available,field_assessment finished at I014,,,,,,,
16.5,2024-09-25T16:16:31.165649371Z,REPLAY,predicted,unit,PC-AMB-02,available,field_assessment finished at I006,,,,,,,
19.0,2024-09-25T16:18:58.191026210Z,REPLAY,predicted,unit,PC-FIRE-03,available,field_assessment finished at I010,,,,,,,
19.1,2024-09-25T16:19:06.132385925Z,REPLAY,predicted,unit,PC-POL-01,on_site,,,,,I013:field_assessment:0,I013,,
19.2,2024-09-25T16:19:11.001329310Z,REPLAY,predicted,unit,PC-POL-03,on_site,,,,,I005:field_assessment:0,I005,,
19.5,2024-09-25T16:19:30.237762478Z,REPLAY,predicted,unit,PC-AMB-01,available,field_assessment finished at I009,,,,,,,
19.6,2024-09-25T16:19:35.535422310Z,REPLAY,predicted,unit,PC-TEAM-01,available,field_assessment finished at I017,,,,,,,
20.8,2024-09-25T16:20:47.093503816Z,REPLAY,predicted,unit,PC-FIRE-01,available,no passable road to the need (need returns to the pool),,,,,,,
20.0,2024-09-25T16:20:00Z,REPLAY,predicted,unit,PC-FIRE-06,en_route,,,,,I014:water_rescue:0,I014,,
20.0,2024-09-25T16:20:00Z,REPLAY,predicted,unit,PC-PUMP-03,en_route,,,,,I017:dewatering:0,I017,,
20.0,2024-09-25T16:20:00Z,REPLAY,predicted,unit,PC-FIRE-05,en_route,,,,,I008:dewatering:0,I008,,
20.0,2024-09-25T16:20:00Z,REPLAY,predicted,unit,PC-FIRE-07,en_route,,,,,I013:dewatering:0,I013,,
20.0,2024-09-25T16:20:00Z,REPLAY,predicted,unit,PC-POL-04,en_route,,,,,I018:field_assessment:0,I018,,
20.0,2024-09-25T16:20:00Z,REPLAY,predicted,unit,PC-AMB-01,en_route,,,,,I021:field_assessment:0,I021,,
20.0,2024-09-25T16:20:00Z,REPLAY,predicted,unit,PC-AMB-03,en_route,,,,,I022:field_assessment:0,I022,,
20.0,2024-09-25T16:20:00Z,REPLAY,predicted,unit,PC-TEAM-01,en_route,,,,,I016:field_assessment:0,I016,,
20.0,2024-09-25T16:20:00Z,REPLAY,predicted,unit,PC-FIRE-03,en_route,,,,,I006:dewatering:0,I006,,
20.0,2024-09-25T16:20:00Z,REPLAY,predicted,unit,PC-PUMP-01,en_route,,,,,I005:dewatering:0,I005,,
20.0,2024-09-25T16:20:00Z,REPLAY,predicted,unit,PC-PUMP-04,en_route,,,,,I009:dewatering:0,I009,,
20.0,2024-09-25T16:20:00Z,REPLAY,predicted,unit,PC-BOAT-03,available,need covered by a closer unit,,,,,,,
20.5,2024-09-25T16:20:31.875437755Z,REPLAY,predicted,unit,PC-POL-02,on_site,,,,,I020:field_assessment:0,I020,,
20.8,2024-09-25T16:20:45.850882247Z,REPLAY,predicted,unit,PC-TEAM-02,on_site,,,,,I007:water_rescue:0,I007,,
21.4,2024-09-25T16:21:25.669490171Z,REPLAY,predicted,unit,PC-FIRE-04,on_site,,,,,I011:field_assessment:0,I011,,
22.0,2024-09-25T16:22:00Z,REPLAY,predicted,unit,PC-FIRE-06,on_site,,,,,I014:water_rescue:0,I014,,
22.9,2024-09-25T16:22:56.536930915Z,REPLAY,predicted,unit,PC-TRUCK-01,on_site,,,,,I007:mass_transport:0,I007,,
23.2,2024-09-25T16:23:09.043281002Z,REPLAY,predicted,unit,PC-AMB-04,en_route,rerouted: crew found the road blocked,,,,I003:field_assessment:0,,,
24.1,2024-09-25T16:24:06.132385925Z,REPLAY,predicted,unit,PC-POL-01,available,field_assessment finished at I013,,,,,,,
24.2,2024-09-25T16:24:11.001329310Z,REPLAY,predicted,unit,PC-POL-03,available,field_assessment finished at I005,,,,,,,
25.2,2024-09-25T16:25:10.612756468Z,REPLAY,predicted,unit,PC-FIRE-05,on_site,,,,,I008:dewatering:0,I008,,
25.5,2024-09-25T16:25:27.602935378Z,REPLAY,predicted,unit,PC-AMB-04,on_site,,,,,I003:field_assessment:0,I003,,
25.5,2024-09-25T16:25:31.875437755Z,REPLAY,predicted,unit,PC-POL-02,available,field_assessment finished at I020,,,,,,,
26.4,2024-09-25T16:26:25.669490171Z,REPLAY,predicted,unit,PC-FIRE-04,available,field_assessment finished at I011,,,,,,,
28.2,2024-09-25T16:28:13.176406386Z,REPLAY,predicted,unit,PC-PUMP-02,on_site,,,,,I002:dewatering:0,I002,,
28.5,2024-09-25T16:28:32.118328307Z,REPLAY,predicted,unit,PC-POL-04,on_site,,,,,I018:field_assessment:0,I018,,
30.0,2024-09-25T16:30:00Z,REPLAY,predicted,unit,PC-PUMP-04,en_route,"rerouted: reported closed now (report, patrol or sensor evidence)",,,,I009:dewatering:0,,,
30.0,2024-09-25T16:30:00Z,REPLAY,predicted,unit,PC-PUMP-04,en_route,,,,,I018:dewatering:0,I018,,
30.0,2024-09-25T16:30:00Z,REPLAY,predicted,shelter,lf-pc-r1,reserved,,1000.0,0.0,45.0,,,PC-TRUCK-02,45.0
30.0,2024-09-25T16:30:00Z,REPLAY,predicted,shelter,lf-pc-r1,released,,1000.0,0.0,0.0,,,PC-TRUCK-02,
30.0,2024-09-25T16:30:00Z,REPLAY,predicted,unit,PC-TRUCK-02,en_route,,,,,I017:mass_transport:0,I017,,
30.0,2024-09-25T16:30:00Z,REPLAY,predicted,unit,PC-BOAT-02,en_route,,,,,I024:field_assessment:0,I024,,
30.0,2024-09-25T16:30:00Z,REPLAY,predicted,unit,PC-FIRE-04,en_route,,,,,I011:dewatering:0,I011,,
30.0,2024-09-25T16:30:00Z,REPLAY,predicted,unit,PC-POL-01,en_route,,,,,I029:field_assessment:0,I029,,
30.0,2024-09-25T16:30:00Z,REPLAY,predicted,unit,PC-POL-03,en_route,,,,,I028:field_assessment:0,I028,,
30.0,2024-09-25T16:30:00Z,REPLAY,predicted,unit,PC-AMB-02,en_route,,,,,I023:field_assessment:0,I023,,
30.0,2024-09-25T16:30:00Z,REPLAY,predicted,unit,PC-TEAM-03,en_route,,,,,I025:field_assessment:0,I025,,
30.0,2024-09-25T16:30:00Z,REPLAY,predicted,unit,PC-FIRE-02,en_route,,,,,I003:dewatering:0,I003,,
30.0,2024-09-25T16:30:00Z,REPLAY,predicted,unit,PC-BOAT-03,en_route,,,,,I026:field_assessment:0,I026,,
30.0,2024-09-25T16:30:00Z,REPLAY,predicted,unit,PC-PUMP-03,en_route,,,,,I009:dewatering:0,I009,,
30.5,2024-09-25T16:30:27.602935378Z,REPLAY,predicted,unit,PC-AMB-04,available,field_assessment finished at I003,,,,,,,
32.2,2024-09-25T16:32:09.393492913Z,REPLAY,predicted,unit,PC-TEAM-03,en_route,rerouted: crew found the road blocked,,,,I025:field_assessment:0,,,
32.5,2024-09-25T16:32:29.385179916Z,REPLAY,predicted,unit,PC-FIRE-04,on_site,,,,,I011:dewatering:0,I011,,
33.2,2024-09-25T16:33:10.100926388Z,REPLAY,predicted,unit,PC-AMB-03,on_site,,,,,I022:field_assessment:0,I022,,
33.5,2024-09-25T16:33:32.118328307Z,REPLAY,predicted,unit,PC-POL-04,available,field_assessment finished at I018,,,,,,,
34.2,2024-09-25T16:34:12.999042515Z,REPLAY,predicted,unit,PC-TEAM-01,en_route,rerouted: crew found the road blocked,,,,I016:field_assessment:0,,,
34.4,2024-09-25T16:34:23.560235002Z,REPLAY,predicted,unit,PC-FIRE-07,on_site,,,,,I013:dewatering:0,I013,,
34.5,2024-09-25T16:34:28.740155277Z,REPLAY,predicted,unit,PC-BOAT-02,on_site,,,,,I024:field_assessment:0,I024,,
34.5,2024-09-25T16:34:31.752903195Z,REPLAY,predicted,unit,PC-AMB-01,on_site,,,,,I021:field_assessment:0,I021,,
36.4,2024-09-25T16:36:22.920517129Z,REPLAY,predicted,unit,PC-POL-01,on_site,,,,,I029:field_assessment:0,I029,,
36.6,2024-09-25T16:36:38.282148113Z,REPLAY,predicted,unit,PC-TEAM-01,on_site,,,,,I016:field_assessment:0,I016,,
38.2,2024-09-25T16:38:10.100926388Z,REPLAY,predicted,unit,PC-AMB-03,available,field_assessment finished at I022,,,,,,,
39.5,2024-09-25T16:39:28.740155277Z,REPLAY,predicted,unit,PC-BOAT-02,available,field_assessment finished at I024,,,,,,,
39.5,2024-09-25T16:39:31.752903195Z,REPLAY,predicted,unit,PC-AMB-01,available,field_assessment finished at I021,,,,,,,
40.0,2024-09-25T16:40:00Z,REPLAY,predicted,unit,PC-FIRE-01,en_route,,,,,I029:water_rescue:0,I029,,
40.0,2024-09-25T16:40:00Z,REPLAY,predicted,unit,PC-BOAT-03,en_route,,,,,I022:water_rescue:0,I022,,
40.0,2024-09-25T16:40:00Z,REPLAY,predicted,shelter,lf-pc-r1,reserved,,1000.0,0.0,45.0,,,PC-TRUCK-02,45.0
40.0,2024-09-25T16:40:00Z,REPLAY,predicted,shelter,lf-pc-r1,released,,1000.0,0.0,0.0,,,PC-TRUCK-02,
40.0,2024-09-25T16:40:00Z,REPLAY,predicted,unit,PC-TRUCK-02,en_route,,,,,I024:mass_transport:0,I024,,
40.0,2024-09-25T16:40:00Z,REPLAY,predicted,unit,PC-PUMP-03,en_route,,,,,I017:dewatering:0,I017,,
40.0,2024-09-25T16:40:00Z,REPLAY,predicted,unit,PC-AMB-03,en_route,,,,,I036:field_assessment:0,I036,,
40.0,2024-09-25T16:40:00Z,REPLAY,predicted,unit,PC-POL-04,en_route,,,,,I032:field_assessment:0,I032,,
40.0,2024-09-25T16:40:00Z,REPLAY,predicted,unit,PC-FIRE-03,en_route,,,,,I009:dewatering:0,I009,,
40.0,2024-09-25T16:40:00Z,REPLAY,predicted,unit,PC-AMB-01,en_route,,,,,I030:field_assessment:0,I030,,
40.0,2024-09-25T16:40:00Z,REPLAY,predicted,unit,PC-AMB-04,en_route,,,,,I033:field_assessment:0,I033,,
40.0,2024-09-25T16:40:00Z,REPLAY,predicted,unit,PC-FIRE-02,en_route,,,,,I026:field_assessment:0,I026,,
40.0,2024-09-25T16:40:00Z,REPLAY,predicted,unit,PC-BOAT-01,en_route,,,,,I031:field_assessment:0,I031,,
40.6,2024-09-25T16:40:37.653314811Z,REPLAY,predicted,unit,PC-POL-03,on_site,,,,,I028:field_assessment:0,I028,,
41.1,2024-09-25T16:41:08.448557995Z,REPLAY,predicted,unit,PC-AMB-06,on_site,,,,,I019:field_assessment:0,I019,,
41.4,2024-09-25T16:41:22.920517129Z,REPLAY,predicted,unit,PC-POL-01,available,field_assessment finished at I029,,,,,,,
41.6,2024-09-25T16:41:38.282148113Z,REPLAY,predicted,unit,PC-TEAM-01,available,field_assessment finished at I016,,,,,,,
43.0,2024-09-25T16:43:00.628598965Z,REPLAY,predicted,unit,PC-AMB-04,en_route,rerouted: crew found the road blocked,,,,I033:field_assessment:0,,,
44.1,2024-09-25T16:44:03.297188030Z,REPLAY,predicted,unit,PC-AMB-02,on_site,,,,,I023:field_assessment:0,I023,,
44.8,2024-09-25T16:44:45.695328115Z,REPLAY,predicted,unit,PC-FIRE-01,on_site,,,,,I029:water_rescue:0,I029,,
45.6,2024-09-25T16:45:37.653314811Z,REPLAY,predicted,unit,PC-POL-03,available,field_assessment finished at I028,,,,,,,
46.1,2024-09-25T16:46:08.448557995Z,REPLAY,predicted,unit,PC-AMB-06,available,field_assessment finished at I019,,,,,,,
46.7,2024-09-25T16:46:44.339258911Z,REPLAY,predicted,unit,PC-AMB-04,en_route,rerouted: crew found the road blocked,,,,I033:field_assessment:0,,,
47.3,2024-09-25T16:47:17.983173959Z,REPLAY,predicted,unit,PC-AMB-03,on_site,,,,,I036:field_assessment:0,I036,,
47.6,2024-09-25T16:47:33.205478496Z,REPLAY,predicted,unit,PC-POL-04,on_site,,,,,I032:field_assessment:0,I032,,
47.7,2024-09-25T16:47:40.605829220Z,REPLAY,predicted,unit,PC-TEAM-03,on_site,,,,,I025:field_assessment:0,I025,,
49.1,2024-09-25T16:49:03.297188030Z,REPLAY,predicted,unit,PC-AMB-02,available,field_assessment finished at I023,,,,,,,
50.0,2024-09-25T16:50:00Z,REPLAY,predicted,unit,PC-PUMP-03,en_route,,,,,I024:dewatering:0,I024,,
50.0,2024-09-25T16:50:00Z,REPLAY,predicted,unit,PC-AMB-01,en_route,,,,,I041:field_assessment:0,I041,,
50.0,2024-09-25T16:50:00Z,REPLAY,predicted,unit,PC-AMB-02,en_route,,,,,I039:field_assessment:0,I039,,
50.0,2024-09-25T16:50:00Z,REPLAY,predicted,unit,PC-AMB-04,en_route,,,,,I043:field_assessment:0,I043,,
50.0,2024-09-25T16:50:00Z,REPLAY,predicted,unit,PC-POL-03,en_route,,,,,I042:field_assessment:0,I042,,
50.0,2024-09-25T16:50:00Z,REPLAY,predicted,unit,PC-TEAM-01,en_route,,,,,I030:field_assessment:0,I030,,
50.0,2024-09-25T16:50:00Z,REPLAY,predicted,unit,PC-POL-01,en_route,,,,,I033:field_assessment:0,I033,,
50.0,2024-09-25T16:50:00Z,REPLAY,predicted,unit,PC-AMB-06,en_route,,,,,I038:field_assessment:0,I038,,
50.0,2024-09-25T16:50:00Z,REPLAY,predicted,unit,PC-PUMP-01,en_route,,,,,I032:dewatering:0,I032,,
50.5,2024-09-25T16:50:27.689701247Z,REPLAY,predicted,unit,PC-PUMP-04,on_site,,,,,I018:dewatering:0,I018,,
52.0,2024-09-25T16:52:00Z,REPLAY,predicted,unit,PC-POL-01,en_route,rerouted: crew found the road blocked,,,,I033:field_assessment:0,,,
52.0,2024-09-25T16:52:00Z,REPLAY,predicted,unit,PC-AMB-06,en_route,rerouted: crew found the road blocked,,,,I038:field_assessment:0,,,
52.3,2024-09-25T16:52:17.983173959Z,REPLAY,predicted,unit,PC-AMB-03,available,field_assessment finished at I036,,,,,,,
52.6,2024-09-25T16:52:33.205478496Z,REPLAY,predicted,unit,PC-POL-04,available,field_assessment finished at I032,,,,,,,
52.7,2024-09-25T16:52:40.605829220Z,REPLAY,predicted,unit,PC-TEAM-03,available,field_assessment finished at I025,,,,,,,
53.0,2024-09-25T16:53:00Z,REPLAY,predicted,unit,PC-POL-01,en_route,rerouted: crew found the road blocked,,,,I033:field_assessment:0,,,
54.0,2024-09-25T16:54:00Z,REPLAY,predicted,unit,PC-AMB-06,available,no passable road to the need (need returns to the pool),,,,,,,
53.6,2024-09-25T16:53:35.411560974Z,REPLAY,predicted,shelter,lf-pc-s2,arrived,,400.0,45.0,45.0,,,PC-TRUCK-01,45.0
53.6,2024-09-25T16:53:35.411560974Z,REPLAY,predicted,unit,PC-TRUCK-01,available,mass_transport finished at I007,,,,,,,
53.9,2024-09-25T16:53:51.957458324Z,REPLAY,predicted,unit,PC-FIRE-03,on_site,,,,,I009:dewatering:0,I009,,
55.0,2024-09-25T16:55:00Z,REPLAY,predicted,unit,PC-POL-01,available,no passable road to the need (need returns to the pool),,,,,,,
54.5,2024-09-25T16:54:27.624627970Z,REPLAY,predicted,unit,PC-AMB-01,on_site,,,,,I041:field_assessment:0,I041,,
54.8,2024-09-25T16:54:45.393680474Z,REPLAY,predicted,unit,PC-AMB-02,on_site,,,,,I039:field_assessment:0,I039,,
55.3,2024-09-25T16:55:19.132977995Z,REPLAY,predicted,unit,PC-AMB-04,on_site,,,,,I043:field_assessment:0,I043,,
57.7,2024-09-25T16:57:39.306581771Z,REPLAY,predicted,unit,PC-POL-03,on_site,,,,,I042:field_assessment:0,I042,,
58.0,2024-09-25T16:58:02.806333946Z,REPLAY,predicted,unit,PC-BOAT-03,on_site,,,,,I022:water_rescue:0,I022,,
59.2,2024-09-25T16:59:10.821920513Z,REPLAY,predicted,unit,PC-FIRE-02,on_site,,,,,I026:field_assessment:0,I026,,
59.5,2024-09-25T16:59:27.624627970Z,REPLAY,predicted,unit,PC-AMB-01,available,field_assessment finished at I041,,,,,,,
59.5,2024-09-25T16:59:29.771058493Z,REPLAY,predicted,unit,PC-TRUCK-02,on_site,,,,,I024:mass_transport:0,I024,,
59.8,2024-09-25T16:59:45.393680474Z,REPLAY,predicted,unit,PC-AMB-02,available,field_assessment finished at I039,,,,,,,
60.0,2024-09-25T17:00:00Z,REPLAY,predicted,shelter,lf-pc-r1,reserved,,1000.0,0.0,45.0,,,PC-TRUCK-01,45.0
60.0,2024-09-25T17:00:00Z,REPLAY,predicted,unit,PC-TRUCK-01,en_route,,,,,I036:mass_transport:0,I036,,
60.0,2024-09-25T17:00:00Z,REPLAY,predicted,unit,PC-PUMP-01,en_route,,,,,I025:dewatering:0,I025,,
60.0,2024-09-25T17:00:00Z,REPLAY,predicted,unit,PC-AMB-02,en_route,,,,,I047:field_assessment:0,I047,,
60.0,2024-09-25T17:00:00Z,REPLAY,predicted,unit,PC-POL-04,en_route,,,,,I044:field_assessment:0,I044,,
60.0,2024-09-25T17:00:00Z,REPLAY,predicted,unit,PC-AMB-03,en_route,,,,,I046:field_assessment:0,I046,,
60.0,2024-09-25T17:00:00Z,REPLAY,predicted,unit,PC-TEAM-03,en_route,,,,,I033:field_assessment:0,I033,,
60.0,2024-09-25T17:00:00Z,REPLAY,predicted,unit,PC-AMB-01,en_route,,,,,I045:field_assessment:0,I045,,
60.0,2024-09-25T17:00:00Z,REPLAY,predicted,unit,PC-PUMP-03,en_route,,,,,I032:dewatering:0,I032,,
60.3,2024-09-25T17:00:19.132977995Z,REPLAY,predicted,unit,PC-AMB-04,available,field_assessment finished at I043,,,,,,,
61.1,2024-09-25T17:01:06.443610727Z,REPLAY,predicted,unit,PC-TEAM-01,on_site,,,,,I030:field_assessment:0,I030,,
62.7,2024-09-25T17:02:39.306581771Z,REPLAY,predicted,unit,PC-POL-03,available,field_assessment finished at I042,,,,,,,
64.2,2024-09-25T17:04:10.821920513Z,REPLAY,predicted,unit,PC-FIRE-02,available,field_assessment finished at I026,,,,,,,
65.8,2024-09-25T17:05:45.850882247Z,REPLAY,predicted,unit,PC-TEAM-02,available,water_rescue finished at I007,,,,,,,
66.1,2024-09-25T17:06:06.443610727Z,REPLAY,predicted,unit,PC-TEAM-01,available,field_assessment finished at I030,,,,,,,
67.0,2024-09-25T17:07:00Z,REPLAY,predicted,unit,PC-FIRE-06,available,water_rescue finished at I014,,,,,,,
68.1,2024-09-25T17:08:07.502034338Z,REPLAY,predicted,unit,PC-BOAT-01,on_site,,,,,I031:field_assessment:0,I031,,
68.7,2024-09-25T17:08:39.168402061Z,REPLAY,predicted,unit,PC-AMB-02,on_site,,,,,I047:field_assessment:0,I047,,
70.0,2024-09-25T17:10:00Z,REPLAY,predicted,unit,PC-TEAM-02,en_route,,,,,I031:water_rescue:0,I031,,
70.0,2024-09-25T17:10:00Z,REPLAY,predicted,unit,PC-FIRE-06,en_route,,,,,I041:dewatering:0,I041,,
70.0,2024-09-25T17:10:00Z,REPLAY,predicted,shelter,lf-pc-r1,reserved,,1000.0,0.0,90.0,,,PC-TRUCK-01,45.0
70.0,2024-09-25T17:10:00Z,REPLAY,predicted,shelter,lf-pc-r1,released,,1000.0,0.0,45.0,,,PC-TRUCK-01,
70.0,2024-09-25T17:10:00Z,REPLAY,predicted,unit,PC-TRUCK-01,en_route,,,,,I024:mass_transport:0,I024,,
70.0,2024-09-25T17:10:00Z,REPLAY,predicted,unit,PC-FIRE-02,en_route,,,,,I030:dewatering:0,I030,,
70.0,2024-09-25T17:10:00Z,REPLAY,predicted,unit,PC-PUMP-03,en_route,,,,,I024:dewatering:0,I024,,
70.0,2024-09-25T17:10:00Z,REPLAY,predicted,unit,PC-AMB-05,en_route,,,,,I049:field_assessment:0,I049,,
70.0,2024-09-25T17:10:00Z,REPLAY,predicted,unit,PC-POL-04,en_route,,,,,I052:field_assessment:0,I052,,
70.0,2024-09-25T17:10:00Z,REPLAY,predicted,unit,PC-AMB-03,en_route,,,,,I034:field_assessment:0,I034,,
70.0,2024-09-25T17:10:00Z,REPLAY,predicted,unit,PC-AMB-01,en_route,,,,,I044:field_assessment:0,I044,,
70.0,2024-09-25T17:10:00Z,REPLAY,predicted,unit,PC-TEAM-01,en_route,,,,,I053:field_assessment:0,I053,,
70.0,2024-09-25T17:10:00Z,REPLAY,predicted,unit,PC-POL-03,en_route,,,,,I035:field_assessment:0,I035,,
70.0,2024-09-25T17:10:00Z,REPLAY,predicted,unit,PC-PUMP-01,en_route,,,,,I032:dewatering:0,I032,,
72.7,2024-09-25T17:12:44.937928614Z,REPLAY,predicted,unit,PC-AMB-05,on_site,,,,,I049:field_assessment:0,I049,,
73.1,2024-09-25T17:13:07.502034338Z,REPLAY,predicted,unit,PC-BOAT-01,available,field_assessment finished at I031,,,,,,,
73.7,2024-09-25T17:13:39.168402061Z,REPLAY,predicted,unit,PC-AMB-02,available,field_assessment finished at I047,,,,,,,
73.7,2024-09-25T17:13:44.855844386Z,REPLAY,predicted,unit,PC-POL-04,on_site,,,,,I052:field_assessment:0,I052,,
76.4,2024-09-25T17:16:21.982600979Z,REPLAY,predicted,unit,PC-FIRE-06,on_site,,,,,I041:dewatering:0,I041,,
77.6,2024-09-25T17:17:36.636681116Z,REPLAY,predicted,unit,PC-AMB-03,on_site,,,,,I034:field_assessment:0,I034,,
77.7,2024-09-25T17:17:44.937928614Z,REPLAY,predicted,unit,PC-AMB-05,available,field_assessment finished at I049,,,,,,,
78.1,2024-09-25T17:18:08.825064325Z,REPLAY,predicted,unit,PC-TEAM-03,on_site,,,,,I033:field_assessment:0,I033,,
78.7,2024-09-25T17:18:44.855844386Z,REPLAY,predicted,unit,PC-POL-04,available,field_assessment finished at I052,,,,,,,
79.3,2024-09-25T17:19:20.975224126Z,REPLAY,predicted,unit,PC-TRUCK-01,on_site,,,,,I024:mass_transport:0,I024,,
80.0,2024-09-25T17:20:00Z,REPLAY,predicted,unit,PC-PUMP-01,en_route,,,,,I024:dewatering:0,I024,,
80.0,2024-09-25T17:20:00Z,REPLAY,predicted,unit,PC-FIRE-02,en_route,,,,,I045:field_assessment:0,I045,,
80.0,2024-09-25T17:20:00Z,REPLAY,predicted,unit,PC-POL-04,en_route,,,,,I055:field_assessment:0,I055,,
80.0,2024-09-25T17:20:00Z,REPLAY,predicted,unit,PC-AMB-02,en_route,,,,,I059:field_assessment:0,I059,,
80.0,2024-09-25T17:20:00Z,REPLAY,predicted,unit,PC-BOAT-01,en_route,,,,,I057:field_assessment:0,I057,,
80.0,2024-09-25T17:20:00Z,REPLAY,predicted,unit,PC-POL-03,en_route,,,,,I058:field_assessment:0,I058,,
80.0,2024-09-25T17:20:00Z,REPLAY,predicted,unit,PC-TEAM-02,en_route,,,,,I046:field_assessment:0,I046,,
80.0,2024-09-25T17:20:00Z,REPLAY,predicted,unit,PC-PUMP-03,en_route,,,,,I019:dewatering:0,I019,,
82.4,2024-09-25T17:22:23.768596316Z,REPLAY,predicted,unit,PC-AMB-01,on_site,,,,,I044:field_assessment:0,I044,,
82.6,2024-09-25T17:22:36.636681116Z,REPLAY,predicted,unit,PC-AMB-03,available,field_assessment finished at I034,,,,,,,
83.1,2024-09-25T17:23:08.825064325Z,REPLAY,predicted,unit,PC-TEAM-03,available,field_assessment finished at I033,,,,,,,
84.5,2024-09-25T17:24:29.771058493Z,REPLAY,predicted,unit,PC-TRUCK-02,available,mass_transport finished at I024,,,,,,,
85.2,2024-09-25T17:25:10.612756468Z,REPLAY,predicted,unit,PC-FIRE-05,available,dewatering finished at I008,,,,,,,
87.2,2024-09-25T17:27:12.217147672Z,REPLAY,predicted,unit,PC-FIRE-02,on_site,,,,,I045:field_assessment:0,I045,,
87.4,2024-09-25T17:27:23.768596316Z,REPLAY,predicted,unit,PC-AMB-01,available,field_assessment finished at I044,,,,,,,
87.6,2024-09-25T17:27:38.093353954Z,REPLAY,predicted,unit,PC-POL-04,on_site,,,,,I055:field_assessment:0,I055,,
88.2,2024-09-25T17:28:13.176406386Z,REPLAY,predicted,unit,PC-PUMP-02,available,dewatering finished at I002,,,,,,,
89.4,2024-09-25T17:29:25.359764354Z,REPLAY,predicted,unit,PC-AMB-02,on_site,,,,,I059:field_assessment:0,I059,,
89.8,2024-09-25T17:29:45.695328115Z,REPLAY,predicted,unit,PC-FIRE-01,available,water_rescue finished at I029,,,,,,,
90.4,2024-09-25T17:30:25.641730918Z,REPLAY,predicted,unit,PC-PUMP-03,available,no passable road to the need (need returns to the pool),,,,,,,
90.0,2024-09-25T17:30:00Z,REPLAY,predicted,unit,PC-TEAM-01,en_route,"rerouted: reported closed now (report, patrol or sensor evidence)",,,,I053:field_assessment:0,,,
90.0,2024-09-25T17:30:00Z,REPLAY,predicted,shelter,lf-pc-r1,reserved,,1000.0,0.0,90.0,,,PC-TRUCK-02,45.0
90.0,2024-09-25T17:30:00Z,REPLAY,predicted,unit,PC-TRUCK-02,en_route,,,,,I036:mass_transport:0,I036,,
90.0,2024-09-25T17:30:00Z,REPLAY,predicted,unit,PC-PUMP-02,en_route,,,,,I025:dewatering:0,I025,,
90.0,2024-09-25T17:30:00Z,REPLAY,predicted,unit,PC-AMB-01,en_route,,,,,I062:field_assessment:0,I062,,
90.0,2024-09-25T17:30:00Z,REPLAY,predicted,unit,PC-FIRE-05,en_route,,,,,I055:dewatering:0,I055,,
90.0,2024-09-25T17:30:00Z,REPLAY,predicted,unit,PC-POL-03,en_route,,,,,I065:field_assessment:0,I065,,
90.0,2024-09-25T17:30:00Z,REPLAY,predicted,unit,PC-BOAT-01,en_route,,,,,I063:field_assessment:0,I063,,
90.0,2024-09-25T17:30:00Z,REPLAY,predicted,unit,PC-TEAM-02,en_route,,,,,I064:field_assessment:0,I064,,
90.0,2024-09-25T17:30:00Z,REPLAY,predicted,unit,PC-AMB-03,en_route,,,,,I060:field_assessment:0,I060,,
90.0,2024-09-25T17:30:00Z,REPLAY,predicted,unit,PC-TEAM-03,en_route,,,,,I054:field_assessment:0,I054,,
92.2,2024-09-25T17:32:12.217147672Z,REPLAY,predicted,unit,PC-FIRE-02,available,field_assessment finished at I045,,,,,,,
92.5,2024-09-25T17:32:29.385179916Z,REPLAY,predicted,unit,PC-FIRE-04,available,dewatering finished at I011,,,,,,,
92.6,2024-09-25T17:32:38.093353954Z,REPLAY,predicted,unit,PC-POL-04,available,field_assessment finished at I055,,,,,,,
94.4,2024-09-25T17:34:23.560235002Z,REPLAY,predicted,unit,PC-FIRE-07,available,dewatering finished at I013,,,,,,,
94.4,2024-09-25T17:34:25.359764354Z,REPLAY,predicted,unit,PC-AMB-02,available,field_assessment finished at I059,,,,,,,
96.4,2024-09-25T17:36:21.620955509Z,REPLAY,predicted,unit,PC-FIRE-05,on_site,,,,,I055:dewatering:0,I055,,
97.1,2024-09-25T17:37:04.588282952Z,REPLAY,predicted,unit,PC-AMB-01,on_site,,,,,I062:field_assessment:0,I062,,
99.9,2024-09-25T17:39:55.792128116Z,REPLAY,predicted,unit,PC-PUMP-01,on_site,,,,,I024:dewatering:0,I024,,
100.0,2024-09-25T17:40:00Z,REPLAY,predicted,unit,PC-TEAM-01,en_route,,,,,I040:water_rescue:0,I040,,
100.0,2024-09-25T17:40:00Z,REPLAY,predicted,unit,PC-FIRE-04,en_route,,,,,I039:dewatering:0,I039,,
100.0,2024-09-25T17:40:00Z,REPLAY,predicted,unit,PC-AMB-02,en_route,,,,,I053:field_assessment:0,I053,,
100.0,2024-09-25T17:40:00Z,REPLAY,predicted,unit,PC-POL-04,en_route,,,,,I061:field_assessment:0,I061,,
100.0,2024-09-25T17:40:00Z,REPLAY,predicted,unit,PC-FIRE-02,en_route,,,,,I038:dewatering:0,I038,,
100.0,2024-09-25T17:40:00Z,REPLAY,predicted,unit,PC-POL-03,en_route,,,,,I035:field_assessment:0,I035,,
100.0,2024-09-25T17:40:00Z,REPLAY,predicted,unit,PC-FIRE-07,en_route,,,,,I032:dewatering:0,I032,,
100.0,2024-09-25T17:40:00Z,REPLAY,predicted,unit,PC-PUMP-02,en_route,,,,,I062:dewatering:0,I062,,
101.5,2024-09-25T17:41:31.187360325Z,REPLAY,predicted,unit,PC-AMB-03,en_route,rerouted: crew found the road blocked,,,,I060:field_assessment:0,,,
102.1,2024-09-25T17:42:04.588282952Z,REPLAY,predicted,unit,PC-AMB-01,available,field_assessment finished at I062,,,,,,,
103.0,2024-09-25T17:43:02.806333946Z,REPLAY,predicted,unit,PC-BOAT-03,available,water_rescue finished at I022,,,,,,,
103.6,2024-09-25T17:43:36.142918594Z,REPLAY,predicted,unit,PC-TRUCK-02,on_site,,,,,I036:mass_transport:0,I036,,
104.3,2024-09-25T17:44:20.975224126Z,REPLAY,predicted,unit,PC-TRUCK-01,available,mass_transport finished at I024,,,,,,,
104.7,2024-09-25T17:44:44.207372596Z,REPLAY,predicted,unit,PC-BOAT-01,on_site,,,,,I063:field_assessment:0,I063,,
106.6,2024-09-25T17:46:34.016653547Z,REPLAY,predicted,unit,PC-TEAM-02,on_site,,,,,I064:field_assessment:0,I064,,
107.0,2024-09-25T17:47:00.484315294Z,REPLAY,predicted,unit,PC-FIRE-04,on_site,,,,,I039:dewatering:0,I039,,
109.7,2024-09-25T17:49:44.207372596Z,REPLAY,predicted,unit,PC-BOAT-01,available,field_assessment finished at I063,,,,,,,
110.0,2024-09-25T17:50:00Z,REPLAY,predicted,unit,PC-BOAT-03,en_route,,,,,I064:water_rescue:0,I064,,
110.0,2024-09-25T17:50:00Z,REPLAY,predicted,shelter,lf-pc-r1,reserved,,1000.0,0.0,135.0,,,PC-TRUCK-01,45.0
110.0,2024-09-25T17:50:00Z,REPLAY,predicted,unit,PC-TRUCK-01,en_route,,,,,I036:mass_transport:0,I036,,
110.0,2024-09-25T17:50:00Z,REPLAY,predicted,unit,PC-AMB-03,en_route,,,,,I068:field_assessment:0,I068,,
110.0,2024-09-25T17:50:00Z,REPLAY,predicted,unit,PC-POL-03,en_route,,,,,I074:field_assessment:0,I074,,
110.0,2024-09-25T17:50:00Z,REPLAY,predicted,unit,PC-TEAM-03,en_route,,,,,I072:field_assessment:0,I072,,
110.0,2024-09-25T17:50:00Z,REPLAY,predicted,unit,PC-AMB-02,en_route,,,,,I054:field_assessment:0,I054,,
110.0,2024-09-25T17:50:00Z,REPLAY,predicted,unit,PC-TEAM-01,en_route,,,,,I053:field_assessment:0,I053,,
110.0,2024-09-25T17:50:00Z,REPLAY,predicted,unit,PC-BOAT-01,en_route,,,,,I071:field_assessment:0,I071,,
110.0,2024-09-25T17:50:00Z,REPLAY,predicted,unit,PC-AMB-01,en_route,,,,,I056:field_assessment:0,I056,,
110.0,2024-09-25T17:50:00Z,REPLAY,predicted,unit,PC-FIRE-02,en_route,,,,,I073:field_assessment:0,I073,,
110.0,2024-09-25T17:50:00Z,REPLAY,predicted,unit,PC-FIRE-07,en_route,,,,,I066:field_assessment:0,I066,,
110.5,2024-09-25T17:50:27.689701247Z,REPLAY,predicted,unit,PC-PUMP-04,available,dewatering finished at I018,,,,,,,
111.6,2024-09-25T17:51:34.016653547Z,REPLAY,predicted,unit,PC-TEAM-02,available,field_assessment finished at I064,,,,,,,
112.6,2024-09-25T17:52:38.640583770Z,REPLAY,predicted,unit,PC-AMB-03,on_site,,,,,I068:field_assessment:0,I068,,
113.9,2024-09-25T17:53:51.957458324Z,REPLAY,predicted,unit,PC-FIRE-03,available,dewatering finished at I009,,,,,,,
115.1,2024-09-25T17:55:04.193976694Z,REPLAY,predicted,unit,PC-BOAT-03,on_site,,,,,I064:water_rescue:0,I064,,
117.6,2024-09-25T17:57:38.640583770Z,REPLAY,predicted,unit,PC-AMB-03,available,field_assessment finished at I068,,,,,,,
119.7,2024-09-25T17:59:41.105372900Z,REPLAY,predicted,unit,PC-TEAM-03,en_route,rerouted: crew found the road blocked,,,,I072:field_assessment:0,,,
120.0,2024-09-25T18:00:00Z,REPLAY,predicted,unit,PC-AMB-01,en_route,,,,,I078:field_assessment:0,I078,,
120.0,2024-09-25T18:00:00Z,REPLAY,predicted,unit,PC-POL-03,en_route,,,,,I060:field_assessment:0,I060,,
120.0,2024-09-25T18:00:00Z,REPLAY,predicted,unit,PC-TEAM-01,en_route,,,,,I075:field_assessment:0,I075,,
120.0,2024-09-25T18:00:00Z,REPLAY,predicted,unit,PC-BOAT-01,en_route,,,,,I076:field_assessment:0,I076,,
120.0,2024-09-25T18:00:00Z,REPLAY,predicted,unit,PC-TEAM-03,en_route,,,,,I067:field_assessment:0,I067,,
120.0,2024-09-25T18:00:00Z,REPLAY,predicted,unit,PC-AMB-02,en_route,,,,,I077:field_assessment:0,I077,,
120.0,2024-09-25T18:00:00Z,REPLAY,predicted,unit,PC-FIRE-03,en_route,,,,,I038:dewatering:0,I038,,
120.0,2024-09-25T18:00:00Z,REPLAY,predicted,unit,PC-PUMP-02,en_route,,,,,I068:dewatering:0,I068,,
120.0,2024-09-25T18:00:00Z,REPLAY,predicted,unit,PC-FIRE-02,en_route,,,,,I062:dewatering:0,I062,,
120.0,2024-09-25T18:00:00Z,REPLAY,predicted,unit,PC-AMB-03,en_route,,,,,I037:field_assessment:0,I037,,
120.0,2024-09-25T18:00:00Z,REPLAY,predicted,unit,PC-TEAM-02,en_route,,,,,I081:field_assessment:0,I081,,
121.1,2024-09-25T18:01:05.777562686Z,REPLAY,predicted,unit,PC-AMB-01,on_site,,,,,I078:field_assessment:0,I078,,
124.0,2024-09-25T18:03:57.831062959Z,REPLAY,predicted,unit,PC-POL-04,on_site,,,,,I061:field_assessment:0,I061,,
124.0,2024-09-25T18:04:01.510362970Z,REPLAY,predicted,unit,PC-TRUCK-01,on_site,,,,,I036:mass_transport:0,I036,,
126.1,2024-09-25T18:06:05.777562686Z,REPLAY,predicted,unit,PC-AMB-01,available,field_assessment finished at I078,,,,,,,
129.0,2024-09-25T18:08:57.831062959Z,REPLAY,predicted,unit,PC-POL-04,available,field_assessment finished at I061,,,,,,,
130.0,2024-09-25T18:10:00Z,REPLAY,predicted,unit,PC-BOAT-01,en_route,,,,,I044:water_rescue:0,I044,,
130.0,2024-09-25T18:10:00Z,REPLAY,predicted,unit,PC-TEAM-02,en_route,,,,,I046:field_assessment:0,I046,,
130.0,2024-09-25T18:10:00Z,REPLAY,predicted,unit,PC-TEAM-01,en_route,,,,,I053:field_assessment:0,I053,,
130.0,2024-09-25T18:10:00Z,REPLAY,predicted,unit,PC-FIRE-03,en_route,,,,,I057:dewatering:0,I057,,
130.0,2024-09-25T18:10:00Z,REPLAY,predicted,unit,PC-AMB-01,en_route,,,,,I056:field_assessment:0,I056,,
130.0,2024-09-25T18:10:00Z,REPLAY,predicted,unit,PC-FIRE-02,en_route,,,,,I054:field_assessment:0,I054,,
130.0,2024-09-25T18:10:00Z,REPLAY,predicted,unit,PC-AMB-02,en_route,,,,,I086:field_assessment:0,I086,,
130.0,2024-09-25T18:10:00Z,REPLAY,predicted,unit,PC-AMB-03,en_route,,,,,I084:field_assessment:0,I084,,
130.0,2024-09-25T18:10:00Z,REPLAY,predicted,unit,PC-POL-04,en_route,,,,,I087:field_assessment:0,I087,,
130.4,2024-09-25T18:10:21.319264345Z,REPLAY,predicted,unit,PC-FIRE-07,on_site,,,,,I066:field_assessment:0,I066,,
131.7,2024-09-25T18:11:43.911414749Z,REPLAY,predicted,unit,PC-PUMP-02,en_route,rerouted: crew found the road blocked,,,,I068:dewatering:0,,,
132.6,2024-09-25T18:12:36.134333604Z,REPLAY,predicted,unit,PC-POL-03,on_site,,,,,I060:field_assessment:0,I060,,
132.9,2024-09-25T18:12:56.041530119Z,REPLAY,predicted,unit,PC-BOAT-01,on_site,,,,,I044:water_rescue:0,I044,,
135.1,2024-09-25T18:15:08.510133410Z,REPLAY,predicted,unit,PC-TEAM-02,on_site,,,,,I046:field_assessment:0,I046,,
135.4,2024-09-25T18:15:21.319264345Z,REPLAY,predicted,unit,PC-FIRE-07,available,field_assessment finished at I066,,,,,,,
136.4,2024-09-25T18:16:21.982600979Z,REPLAY,predicted,unit,PC-FIRE-06,available,dewatering finished at I041,,,,,,,
137.4,2024-09-25T18:17:21.133260538Z,REPLAY,predicted,unit,PC-PUMP-02,en_route,rerouted: crew found the road blocked,,,,I068:dewatering:0,,,
137.6,2024-09-25T18:17:36.134333604Z,REPLAY,predicted,unit,PC-POL-03,available,field_assessment finished at I060,,,,,,,
138.4,2024-09-25T18:18:21.133260538Z,REPLAY,predicted,unit,PC-PUMP-02,en_route,rerouted: crew found the road blocked,,,,I068:dewatering:0,,,
139.0,2024-09-25T18:18:57.096287385Z,REPLAY,predicted,unit,PC-TEAM-03,on_site,,,,,I067:field_assessment:0,I067,,
140.0,2024-09-25T18:20:00Z,REPLAY,predicted,unit,PC-AMB-01,en_route,,,,,I097:field_assessment:0,I097,,
140.0,2024-09-25T18:20:00Z,REPLAY,predicted,unit,PC-FIRE-07,en_route,,,,,I066:dewatering:0,I066,,
140.0,2024-09-25T18:20:00Z,REPLAY,predicted,unit,PC-FIRE-02,en_route,,,,,I090:field_assessment:0,I090,,
140.0,2024-09-25T18:20:00Z,REPLAY,predicted,unit,PC-POL-03,en_route,,,,,I096:field_assessment:0,I096,,
140.0,2024-09-25T18:20:00Z,REPLAY,predicted,unit,PC-POL-04,en_route,,,,,I099:field_assessment:0,I099,,
140.0,2024-09-25T18:20:00Z,REPLAY,predicted,unit,PC-AMB-02,en_route,,,,,I095:field_assessment:0,I095,,
140.0,2024-09-25T18:20:00Z,REPLAY,predicted,unit,PC-AMB-03,en_route,,,,,I094:field_assessment:0,I094,,
140.0,2024-09-25T18:20:00Z,REPLAY,predicted,unit,PC-FIRE-06,en_route,,,,,I098:field_assessment:0,I098,,
140.1,2024-09-25T18:20:08.510133410Z,REPLAY,predicted,unit,PC-TEAM-02,available,field_assessment finished at I046,,,,,,,
140.3,2024-09-25T18:20:18.151759568Z,REPLAY,predicted,unit,PC-PUMP-02,en_route,rerouted: crew found the road blocked,,,,I068:dewatering:0,,,
142.0,2024-09-25T18:22:00Z,REPLAY,predicted,unit,PC-FIRE-07,on_site,,,,,I066:dewatering:0,I066,,
142.2,2024-09-25T18:22:14.101063816Z,REPLAY,predicted,unit,PC-TEAM-01,on_site,,,,,I053:field_assessment:0,I053,,
143.3,2024-09-25T18:23:17.943673313Z,REPLAY,predicted,unit,PC-AMB-01,on_site,,,,,I097:field_assessment:0,I097,,
144.0,2024-09-25T18:23:57.096287385Z,REPLAY,predicted,unit,PC-TEAM-03,available,field_assessment finished at I067,,,,,,,
146.3,2024-09-25T18:26:20.308721169Z,REPLAY,predicted,unit,PC-FIRE-02,on_site,,,,,I090:field_assessment:0,I090,,
146.4,2024-09-25T18:26:23.894304582Z,REPLAY,predicted,unit,PC-FIRE-03,on_site,,,,,I057:dewatering:0,I057,,
146.9,2024-09-25T18:26:53.172863256Z,REPLAY,predicted,unit,PC-AMB-03,en_route,rerouted: crew found the road blocked,,,,I094:field_assessment:0,,,
147.2,2024-09-25T18:27:14.101063816Z,REPLAY,predicted,unit,PC-TEAM-01,available,field_assessment finished at I053,,,,,,,
148.3,2024-09-25T18:28:17.943673313Z,REPLAY,predicted,unit,PC-AMB-01,available,field_assessment finished at I097,,,,,,,
149.1,2024-09-25T18:29:05.004837985Z,REPLAY,predicted,unit,PC-AMB-03,en_route,rerouted: crew found the road blocked,,,,I094:field_assessment:0,,,
149.9,2024-09-25T18:29:53.682751628Z,REPLAY,predicted,unit,PC-POL-03,on_site,,,,,I096:field_assessment:0,I096,,
149.9,2024-09-25T18:29:54.962368143Z,REPLAY,predicted,unit,PC-POL-04,on_site,,,,,I099:field_assessment:0,I099,,
150.0,2024-09-25T18:30:00Z,REPLAY,predicted,unit,PC-AMB-02,en_route,,,,,I074:field_assessment:0,I074,,
150.0,2024-09-25T18:30:00Z,REPLAY,predicted,unit,PC-FIRE-06,en_route,,,,,I062:dewatering:0,I062,,
150.0,2024-09-25T18:30:00Z,REPLAY,predicted,unit,PC-AMB-01,en_route,,,,,I076:field_assessment:0,I076,,
150.0,2024-09-25T18:30:00Z,REPLAY,predicted,unit,PC-TEAM-03,en_route,,,,,I105:field_assessment:0,I105,,
150.0,2024-09-25T18:30:00Z,REPLAY,predicted,unit,PC-TEAM-01,en_route,,,,,I075:field_assessment:0,I075,,
150.0,2024-09-25T18:30:00Z,REPLAY,predicted,unit,PC-TEAM-02,en_route,,,,,I095:field_assessment:0,I095,,
150.7,2024-09-25T18:30:39.764776978Z,REPLAY,predicted,unit,PC-AMB-02,on_site,,,,,I074:field_assessment:0,I074,,
150.9,2024-09-25T18:30:52.412779509Z,REPLAY,predicted,unit,PC-AMB-03,en_route,rerouted: crew found the road blocked,,,,I094:field_assessment:0,,,
151.3,2024-09-25T18:31:20.308721169Z,REPLAY,predicted,unit,PC-FIRE-02,available,field_assessment finished at I090,,,,,,,
151.9,2024-09-25T18:31:52.412779509Z,REPLAY,predicted,unit,PC-AMB-03,en_route,rerouted: crew found the road blocked,,,,I094:field_assessment:0,,,
154.9,2024-09-25T18:34:53.682751628Z,REPLAY,predicted,unit,PC-POL-03,available,field_assessment finished at I096,,,,,,,
154.9,2024-09-25T18:34:54.962368143Z,REPLAY,predicted,unit,PC-POL-04,available,field_assessment finished at I099,,,,,,,
155.7,2024-09-25T18:35:39.764776978Z,REPLAY,predicted,unit,PC-AMB-02,available,field_assessment finished at I074,,,,,,,
156.0,2024-09-25T18:35:59.834425362Z,REPLAY,predicted,unit,PC-FIRE-06,on_site,,,,,I062:dewatering:0,I062,,
156.4,2024-09-25T18:36:21.620955509Z,REPLAY,predicted,unit,PC-FIRE-05,available,dewatering finished at I055,,,,,,,
159.9,2024-09-25T18:39:55.792128116Z,REPLAY,predicted,unit,PC-PUMP-01,available,dewatering finished at I024,,,,,,,
160.0,2024-09-25T18:40:00Z,REPLAY,predicted,unit,PC-PUMP-01,en_route,,,,,I074:dewatering:0,I074,,
160.0,2024-09-25T18:40:00Z,REPLAY,predicted,unit,PC-AMB-02,en_route,,,,,I048:field_assessment:0,I048,,
160.0,2024-09-25T18:40:00Z,REPLAY,predicted,unit,PC-FIRE-01,en_route,,,,,I109:field_assessment:0,I109,,
160.0,2024-09-25T18:40:00Z,REPLAY,predicted,unit,PC-FIRE-02,en_route,,,,,I102:field_assessment:0,I102,,
160.0,2024-09-25T18:40:00Z,REPLAY,predicted,unit,PC-POL-03,en_route,,,,,I115:field_assessment:0,I115,,
160.0,2024-09-25T18:40:00Z,REPLAY,predicted,unit,PC-TEAM-02,en_route,,,,,I111:field_assessment:0,I111,,
160.0,2024-09-25T18:40:00Z,REPLAY,predicted,unit,PC-FIRE-05,en_route,,,,,I114:field_assessment:0,I114,,
160.0,2024-09-25T18:40:00Z,REPLAY,predicted,unit,PC-POL-04,en_route,,,,,I104:field_assessment:0,I104,,
160.1,2024-09-25T18:40:04.193976694Z,REPLAY,predicted,unit,PC-BOAT-03,available,water_rescue finished at I064,,,,,,,
161.5,2024-09-25T18:41:29.460259135Z,REPLAY,predicted,unit,PC-AMB-01,on_site,,,,,I076:field_assessment:0,I076,,
162.9,2024-09-25T18:42:56.581620373Z,REPLAY,predicted,unit,PC-FIRE-01,on_site,,,,,I109:field_assessment:0,I109,,
163.1,2024-09-25T18:43:08.166809607Z,REPLAY,predicted,unit,PC-PUMP-02,on_site,,,,,I068:dewatering:0,I068,,
164.3,2024-09-25T18:44:16.482033587Z,REPLAY,predicted,unit,PC-AMB-02,on_site,,,,,I048:field_assessment:0,I048,,
164.8,2024-09-25T18:44:46.099169032Z,REPLAY,predicted,unit,PC-FIRE-02,on_site,,,,,I102:field_assessment:0,I102,,
164.9,2024-09-25T18:44:54.427404883Z,REPLAY,predicted,unit,PC-PUMP-01,en_route,rerouted: crew found the road blocked,,,,I074:dewatering:0,,,
166.5,2024-09-25T18:46:29.460259135Z,REPLAY,predicted,unit,PC-AMB-01,available,field_assessment finished at I076,,,,,,,
166.7,2024-09-25T18:46:43.240447837Z,REPLAY,predicted,unit,PC-TEAM-01,on_site,,,,,I075:field_assessment:0,I075,,
167.0,2024-09-25T18:47:00.484315294Z,REPLAY,predicted,unit,PC-FIRE-04,available,dewatering finished at I039,,,,,,,
167.2,2024-09-25T18:47:10.952403291Z,REPLAY,predicted,unit,PC-AMB-03,on_site,,,,,I094:field_assessment:0,I094,,
167.9,2024-09-25T18:47:56.581620373Z,REPLAY,predicted,unit,PC-FIRE-01,available,field_assessment finished at I109,,,,,,,
168.0,2024-09-25T18:47:57.434794613Z,REPLAY,predicted,unit,PC-POL-03,on_site,,,,,I115:field_assessment:0,I115,,
169.3,2024-09-25T18:49:16.482033587Z,REPLAY,predicted,unit,PC-AMB-02,available,field_assessment finished at I048,,,,,,,
169.8,2024-09-25T18:49:46.099169032Z,REPLAY,predicted,unit,PC-FIRE-02,available,field_assessment finished at I102,,,,,,,
170.0,2024-09-25T18:50:00Z,REPLAY,predicted,unit,PC-FIRE-01,en_route,,,,,I089:water_rescue:0,I089,,
170.0,2024-09-25T18:50:00Z,REPLAY,predicted,unit,PC-PUMP-01,en_route,,,,,I075:dewatering:0,I075,,
170.0,2024-09-25T18:50:00Z,REPLAY,predicted,unit,PC-AMB-02,en_route,,,,,I118:field_assessment:0,I118,,
170.0,2024-09-25T18:50:00Z,REPLAY,predicted,unit,PC-TEAM-02,en_route,,,,,I120:field_assessment:0,I120,,
170.0,2024-09-25T18:50:00Z,REPLAY,predicted,unit,PC-FIRE-04,en_route,,,,,I100:field_assessment:0,I100,,
170.0,2024-09-25T18:50:00Z,REPLAY,predicted,unit,PC-FIRE-02,en_route,,,,,I050:field_assessment:0,I050,,
170.0,2024-09-25T18:50:00Z,REPLAY,predicted,unit,PC-AMB-01,en_route,,,,,I117:field_assessment:0,I117,,
170.0,2024-09-25T18:50:00Z,REPLAY,predicted,unit,PC-BOAT-03,en_route,,,,,I095:field_assessment:0,I095,,
171.7,2024-09-25T18:51:43.240447837Z,REPLAY,predicted,unit,PC-TEAM-01,available,field_assessment finished at I075,,,,,,,
172.2,2024-09-25T18:52:10.952403291Z,REPLAY,predicted,unit,PC-AMB-03,available,field_assessment finished at I094,,,,,,,
173.0,2024-09-25T18:52:57.434794613Z,REPLAY,predicted,unit,PC-POL-03,available,field_assessment finished at I115,,,,,,,
173.1,2024-09-25T18:53:08.256516778Z,REPLAY,predicted,unit,PC-TEAM-03,on_site,,,,,I105:field_assessment:0,I105,,
174.0,2024-09-25T18:54:01.103004052Z,REPLAY,predicted,unit,PC-AMB-02,on_site,,,,,I118:field_assessment:0,I118,,
174.9,2024-09-25T18:54:53.386404638Z,REPLAY,predicted,unit,PC-AMB-01,en_route,rerouted: crew found the road blocked,,,,I117:field_assessment:0,,,
175.3,2024-09-25T18:55:16.829760651Z,REPLAY,predicted,unit,PC-FIRE-05,on_site,,,,,I114:field_assessment:0,I114,,
175.6,2024-09-25T18:55:37.990675663Z,REPLAY,predicted,unit,PC-TEAM-02,on_site,,,,,I120:field_assessment:0,I120,,
176.8,2024-09-25T18:56:49.337041658Z,REPLAY,predicted,unit,PC-FIRE-01,on_site,,,,,I089:water_rescue:0,I089,,
177.2,2024-09-25T18:57:12.335285983Z,REPLAY,predicted,unit,PC-FIRE-04,on_site,,,,,I100:field_assessment:0,I100,,
178.5,2024-09-25T18:58:29.245201601Z,REPLAY,predicted,unit,PC-AMB-01,available,no passable road to the need (need returns to the pool),,,,,,,
177.9,2024-09-25T18:57:56.041530119Z,REPLAY,predicted,unit,PC-BOAT-01,available,water_rescue finished at I044,,,,,,,
178.1,2024-09-25T18:58:08.256516778Z,REPLAY,predicted,unit,PC-TEAM-03,available,field_assessment finished at I105,,,,,,,
178.2,2024-09-25T18:58:14.898318833Z,REPLAY,predicted,unit,PC-POL-04,on_site,,,,,I104:field_assessment:0,I104,,
178.9,2024-09-25T18:58:53.310974315Z,REPLAY,predicted,shelter,lf-pc-r1,arrived,,1000.0,45.0,90.0,,,PC-TRUCK-02,45.0
178.9,2024-09-25T18:58:53.310974315Z,REPLAY,predicted,unit,PC-TRUCK-02,available,mass_transport finished at I036,,,,,,,
179.0,2024-09-25T18:59:01.103004052Z,REPLAY,predicted,unit,PC-AMB-02,available,field_assessment finished at I118,,,,,,,
180.0,2024-09-25T19:00:00Z,REPLAY,predicted,unit,PC-BOAT-01,en_route,,,,,I107:field_assessment:0,I107,,
180.0,2024-09-25T19:00:00Z,REPLAY,predicted,unit,PC-FIRE-02,en_route,,,,,I054:field_assessment:0,I054,,
180.0,2024-09-25T19:00:00Z,REPLAY,predicted,unit,PC-BOAT-03,en_route,,,,,I142:field_assessment:0,I142,,
180.0,2024-09-25T19:00:00Z,REPLAY,predicted,unit,PC-TEAM-01,en_route,,,,,I140:field_assessment:0,I140,,
180.0,2024-09-25T19:00:00Z,REPLAY,predicted,unit,PC-AMB-03,en_route,,,,,I136:field_assessment:0,I136,,
180.0,2024-09-25T19:00:00Z,REPLAY,predicted,unit,PC-TEAM-03,en_route,,,,,I072:field_assessment:0,I072,,
180.0,2024-09-25T19:00:00Z,REPLAY,predicted,unit,PC-PUMP-01,en_route,,,,,I114:dewatering:0,I114,,
180.3,2024-09-25T19:00:16.829760651Z,REPLAY,predicted,unit,PC-FIRE-05,available,field_assessment finished at I114,,,,,,,
180.6,2024-09-25T19:00:37.990675663Z,REPLAY,predicted,unit,PC-TEAM-02,available,field_assessment finished at I120,,,,,,,
182.2,2024-09-25T19:02:12.335285983Z,REPLAY,predicted,unit,PC-FIRE-04,available,field_assessment finished at I100,,,,,,,
183.2,2024-09-25T19:03:14.898318833Z,REPLAY,predicted,unit,PC-POL-04,available,field_assessment finished at I104,,,,,,,
183.6,2024-09-25T19:03:36.660338704Z,REPLAY,predicted,unit,PC-BOAT-01,on_site,,,,,I107:field_assessment:0,I107,,
187.7,2024-09-25T19:07:39.357694476Z,REPLAY,predicted,unit,PC-FIRE-02,on_site,,,,,I054:field_assessment:0,I054,,
188.6,2024-09-25T19:08:36.660338704Z,REPLAY,predicted,unit,PC-BOAT-01,available,field_assessment finished at I107,,,,,,,
188.9,2024-09-25T19:08:56.922708152Z,REPLAY,predicted,unit,PC-BOAT-03,on_site,,,,,I142:field_assessment:0,I142,,
190.0,2024-09-25T19:10:00Z,REPLAY,predicted,unit,PC-FIRE-04,en_route,,,,,I148:field_assessment:0,I148,,
190.0,2024-09-25T19:10:00Z,REPLAY,predicted,unit,PC-BOAT-01,en_route,,,,,I110:field_assessment:0,I110,,
190.0,2024-09-25T19:10:00Z,REPLAY,predicted,unit,PC-POL-04,en_route,,,,,I143:field_assessment:0,I143,,
190.0,2024-09-25T19:10:00Z,REPLAY,predicted,unit,PC-TEAM-01,en_route,,,,,I123:field_assessment:0,I123,,
190.0,2024-09-25T19:10:00Z,REPLAY,predicted,unit,PC-TEAM-02,en_route,,,,,I111:field_assessment:0,I111,,
190.0,2024-09-25T19:10:00Z,REPLAY,predicted,unit,PC-FIRE-05,en_route,,,,,I135:field_assessment:0,I135,,
190.0,2024-09-25T19:10:00Z,REPLAY,predicted,unit,PC-TEAM-03,en_route,,,,,I149:field_assessment:0,I149,,
190.0,2024-09-25T19:10:00Z,REPLAY,predicted,unit,PC-PUMP-01,en_route,,,,,I107:dewatering:0,I107,,
192.7,2024-09-25T19:12:39.357694476Z,REPLAY,predicted,unit,PC-FIRE-02,available,field_assessment finished at I054,,,,,,,
193.9,2024-09-25T19:13:56.922708152Z,REPLAY,predicted,unit,PC-BOAT-03,available,field_assessment finished at I142,,,,,,,
194.4,2024-09-25T19:14:23.160344269Z,REPLAY,predicted,unit,PC-TEAM-02,en_route,rerouted: crew found the road blocked,,,,I111:field_assessment:0,,,
194.9,2024-09-25T19:14:53.650414770Z,REPLAY,predicted,unit,PC-FIRE-04,on_site,,,,,I148:field_assessment:0,I148,,
195.8,2024-09-25T19:15:49.406309657Z,REPLAY,predicted,unit,PC-BOAT-01,on_site,,,,,I110:field_assessment:0,I110,,
196.2,2024-09-25T19:16:09.825835935Z,REPLAY,predicted,unit,PC-POL-04,on_site,,,,,I143:field_assessment:0,I143,,
196.8,2024-09-25T19:16:47.369186358Z,REPLAY,predicted,unit,PC-AMB-03,on_site,,,,,I136:field_assessment:0,I136,,
198.8,2024-09-25T19:18:47.895359006Z,REPLAY,predicted,unit,PC-TEAM-01,on_site,,,,,I123:field_assessment:0,I123,,
199.9,2024-09-25T19:19:53.650414770Z,REPLAY,predicted,unit,PC-FIRE-04,available,field_assessment finished at I148,,,,,,,
200.0,2024-09-25T19:19:59.768841633Z,REPLAY,predicted,shelter,lf-pc-r1,arrived,,1000.0,90.0,45.0,,,PC-TRUCK-01,45.0
200.0,2024-09-25T19:19:59.768841633Z,REPLAY,predicted,unit,PC-TRUCK-01,available,mass_transport finished at I036,,,,,,,
200.0,2024-09-25T19:20:00Z,REPLAY,predicted,unit,PC-FIRE-04,en_route,,,,,I128:field_assessment:0,I128,,
200.0,2024-09-25T19:20:00Z,REPLAY,predicted,unit,PC-FIRE-05,en_route,,,,,I140:field_assessment:0,I140,,
200.0,2024-09-25T19:20:00Z,REPLAY,predicted,unit,PC-FIRE-02,en_route,,,,,I113:field_assessment:0,I113,,
200.0,2024-09-25T19:20:00Z,REPLAY,predicted,unit,PC-BOAT-03,en_route,,,,,I122:field_assessment:0,I122,,
200.8,2024-09-25T19:20:49.406309657Z,REPLAY,predicted,unit,PC-BOAT-01,available,field_assessment finished at I110,,,,,,,
201.2,2024-09-25T19:21:09.825835935Z,REPLAY,predicted,unit,PC-POL-04,available,field_assessment finished at I143,,,,,,,
201.8,2024-09-25T19:21:47.369186358Z,REPLAY,predicted,unit,PC-AMB-03,available,field_assessment finished at I136,,,,,,,
202.0,2024-09-25T19:22:00Z,REPLAY,predicted,unit,PC-FIRE-07,available,dewatering finished at I066,,,,,,,
203.8,2024-09-25T19:23:47.895359006Z,REPLAY,predicted,unit,PC-TEAM-01,available,field_assessment finished at I123,,,,,,,
206.0,2024-09-25T19:25:57.911218350Z,REPLAY,predicted,unit,PC-TEAM-02,on_site,,,,,I111:field_assessment:0,I111,,
206.4,2024-09-25T19:26:23.894304582Z,REPLAY,predicted,unit,PC-FIRE-03,available,dewatering finished at I057,,,,,,,
206.5,2024-09-25T19:26:29.162545599Z,REPLAY,predicted,unit,PC-FIRE-04,on_site,,,,,I128:field_assessment:0,I128,,
208.9,2024-09-25T19:28:56.146274997Z,REPLAY,predicted,unit,PC-FIRE-05,on_site,,,,,I140:field_assessment:0,I140,,
209.6,2024-09-25T19:29:34.249587927Z,REPLAY,predicted,unit,PC-BOAT-03,en_route,rerouted: crew found the road blocked,,,,I122:field_assessment:0,,,
210.0,2024-09-25T19:30:00Z,REPLAY,predicted,unit,PC-AMB-04,en_route,,,,,I161:field_assessment:0,I161,,
210.0,2024-09-25T19:30:00Z,REPLAY,predicted,unit,PC-BOAT-02,en_route,,,,,I158:field_assessment:0,I158,,
210.0,2024-09-25T19:30:00Z,REPLAY,predicted,unit,PC-FIRE-03,en_route,,,,,I114:dewatering:0,I114,,
210.0,2024-09-25T19:30:00Z,REPLAY,predicted,unit,PC-AMB-03,en_route,,,,,I072:field_assessment:0,I072,,
210.0,2024-09-25T19:30:00Z,REPLAY,predicted,unit,PC-FIRE-07,en_route,,,,,I081:field_assessment:0,I081,,
210.0,2024-09-25T19:30:00Z,REPLAY,predicted,unit,PC-BOAT-01,en_route,,,,,I146:field_assessment:0,I146,,
210.0,2024-09-25T19:30:00Z,REPLAY,predicted,unit,PC-TEAM-01,en_route,,,,,I135:field_assessment:0,I135,,
210.0,2024-09-25T19:30:00Z,REPLAY,predicted,unit,PC-POL-04,en_route,,,,,I108:field_assessment:0,I108,,
211.0,2024-09-25T19:30:57.911218350Z,REPLAY,predicted,unit,PC-TEAM-02,available,field_assessment finished at I111,,,,,,,
211.1,2024-09-25T19:31:07.042208264Z,REPLAY,predicted,unit,PC-TEAM-03,on_site,,,,,I149:field_assessment:0,I149,,
211.5,2024-09-25T19:31:29.162545599Z,REPLAY,predicted,unit,PC-FIRE-04,available,field_assessment finished at I128,,,,,,,
212.1,2024-09-25T19:32:05.702033073Z,REPLAY,predicted,unit,PC-FIRE-02,on_site,,,,,I113:field_assessment:0,I113,,
212.6,2024-09-25T19:32:38.040114878Z,REPLAY,predicted,unit,PC-PUMP-01,on_site,,,,,I107:dewatering:0,I107,,
213.7,2024-09-25T19:33:44.404516289Z,REPLAY,predicted,unit,PC-AMB-04,on_site,,,,,I161:field_assessment:0,I161,,
213.9,2024-09-25T19:33:56.146274997Z,REPLAY,predicted,unit,PC-FIRE-05,available,field_assessment finished at I140,,,,,,,
214.5,2024-09-25T19:34:28.740155277Z,REPLAY,predicted,unit,PC-BOAT-02,on_site,,,,,I158:field_assessment:0,I158,,
215.6,2024-09-25T19:35:35.561294472Z,REPLAY,predicted,unit,PC-FIRE-03,on_site,,,,,I114:dewatering:0,I114,,
216.0,2024-09-25T19:35:59.834425362Z,REPLAY,predicted,unit,PC-FIRE-06,available,dewatering finished at I062,,,,,,,
216.1,2024-09-25T19:36:07.042208264Z,REPLAY,predicted,unit,PC-TEAM-03,available,field_assessment finished at I149,,,,,,,
216.2,2024-09-25T19:36:13.174354083Z,REPLAY,predicted,unit,PC-AMB-03,on_site,,,,,I072:field_assessment:0,I072,,
217.1,2024-09-25T19:37:05.702033073Z,REPLAY,predicted,unit,PC-FIRE-02,available,field_assessment finished at I113,,,,,,,
218.7,2024-09-25T19:38:44.404516289Z,REPLAY,predicted,unit,PC-AMB-04,available,field_assessment finished at I161,,,,,,,
219.8,2024-09-25T19:39:48.355270477Z,REPLAY,predicted,unit,PC-BOAT-01,available,no passable road to the need (need returns to the pool),,,,,,,
219.5,2024-09-25T19:39:28.740155277Z,REPLAY,predicted,unit,PC-BOAT-02,available,field_assessment finished at I158,,,,,,,
220.0,2024-09-25T19:40:00Z,REPLAY,predicted,shelter,lf-pc-r1,reserved,,1000.0,90.0,90.0,,,PC-TRUCK-01,45.0
220.0,2024-09-25T19:40:00Z,REPLAY,predicted,unit,PC-TRUCK-01,en_route,,,,,I158:mass_transport:0,I158,,
220.0,2024-09-25T19:40:00Z,REPLAY,predicted,shelter,lf-pc-r1,reserved,,1000.0,90.0,135.0,,,PC-TRUCK-02,45.0
220.0,2024-09-25T19:40:00Z,REPLAY,predicted,unit,PC-TRUCK-02,en_route,,,,,I158:mass_transport:1,I158,,
220.0,2024-09-25T19:40:00Z,REPLAY,predicted,unit,PC-FIRE-02,en_route,,,,,I113:dewatering:0,I113,,
220.0,2024-09-25T19:40:00Z,REPLAY,predicted,unit,PC-TEAM-02,en_route,,,,,I171:field_assessment:0,I171,,
220.0,2024-09-25T19:40:00Z,REPLAY,predicted,unit,PC-BOAT-03,en_route,,,,,I162:field_assessment:0,I162,,
220.0,2024-09-25T19:40:00Z,REPLAY,predicted,unit,PC-FIRE-04,en_route,,,,,I154:field_assessment:0,I154,,
220.0,2024-09-25T19:40:00Z,REPLAY,predicted,unit,PC-TEAM-03,en_route,,,,,I153:field_assessment:0,I153,,
220.0,2024-09-25T19:40:00Z,REPLAY,predicted,unit,PC-FIRE-05,en_route,,,,,I080:dewatering:0,I080,,
220.0,2024-09-25T19:40:00Z,REPLAY,predicted,unit,PC-FIRE-06,en_route,,,,,I142:dewatering:0,I142,,
221.2,2024-09-25T19:41:13.174354083Z,REPLAY,predicted,unit,PC-AMB-03,available,field_assessment finished at I072,,,,,,,
221.8,2024-09-25T19:41:49.337041658Z,REPLAY,predicted,unit,PC-FIRE-01,available,water_rescue finished at I089,,,,,,,
222.0,2024-09-25T19:42:00Z,REPLAY,predicted,unit,PC-FIRE-02,on_site,,,,,I113:dewatering:0,I113,,
223.1,2024-09-25T19:43:08.166809607Z,REPLAY,predicted,unit,PC-PUMP-02,available,dewatering finished at I068,,,,,,,
224.5,2024-09-25T19:44:31.140594457Z,REPLAY,predicted,unit,PC-BOAT-03,on_site,,,,,I162:field_assessment:0,I162,,
224.7,2024-09-25T19:44:42.657182327Z,REPLAY,predicted,unit,PC-TEAM-02,on_site,,,,,I171:field_assessment:0,I171,,
224.9,2024-09-25T19:44:55.807695284Z,REPLAY,predicted,unit,PC-FIRE-07,on_site,,,,,I081:field_assessment:0,I081,,
226.7,2024-09-25T19:46:39.928535038Z,REPLAY,predicted,unit,PC-TEAM-01,on_site,,,,,I135:field_assessment:0,I135,,
226.9,2024-09-25T19:46:53.708175759Z,REPLAY,predicted,unit,PC-FIRE-04,on_site,,,,,I154:field_assessment:0,I154,,
227.0,2024-09-25T19:46:57.480310554Z,REPLAY,predicted,unit,PC-TRUCK-01,on_site,,,,,I158:mass_transport:0,I158,,
227.0,2024-09-25T19:46:57.480310554Z,REPLAY,predicted,unit,PC-TRUCK-02,on_site,,,,,I158:mass_transport:1,I158,,
227.0,2024-09-25T19:47:01.351809848Z,REPLAY,predicted,unit,PC-TEAM-03,on_site,,,,,I153:field_assessment:0,I153,,
228.2,2024-09-25T19:48:12.390736523Z,REPLAY,predicted,unit,PC-FIRE-05,on_site,,,,,I080:dewatering:0,I080,,
228.6,2024-09-25T19:48:34.314488265Z,REPLAY,predicted,unit,PC-POL-04,on_site,,,,,I108:field_assessment:0,I108,,
229.5,2024-09-25T19:49:31.140594457Z,REPLAY,predicted,unit,PC-BOAT-03,available,field_assessment finished at I162,,,,,,,
229.7,2024-09-25T19:49:42.657182327Z,REPLAY,predicted,unit,PC-TEAM-02,available,field_assessment finished at I171,,,,,,,
229.9,2024-09-25T19:49:55.807695284Z,REPLAY,predicted,unit,PC-FIRE-07,available,field_assessment finished at I081,,,,,,,
230.0,2024-09-25T19:50:00Z,REPLAY,predicted,unit,PC-PUMP-02,en_route,,,,,I016:dewatering:0,I016,,
230.0,2024-09-25T19:50:00Z,REPLAY,predicted,unit,PC-FIRE-07,en_route,,,,,I150:field_assessment:0,I150,,
230.0,2024-09-25T19:50:00Z,REPLAY,predicted,unit,PC-AMB-03,en_route,,,,,I157:field_assessment:0,I157,,
230.0,2024-09-25T19:50:00Z,REPLAY,predicted,unit,PC-BOAT-03,en_route,,,,,I122:field_assessment:0,I122,,
231.3,2024-09-25T19:51:18.713302175Z,REPLAY,predicted,unit,PC-FIRE-06,on_site,,,,,I142:dewatering:0,I142,,
231.7,2024-09-25T19:51:39.928535038Z,REPLAY,predicted,unit,PC-TEAM-01,available,field_assessment finished at I135,,,,,,,
231.9,2024-09-25T19:51:53.708175759Z,REPLAY,predicted,unit,PC-FIRE-04,available,field_assessment finished at I154,,,,,,,
232.0,2024-09-25T19:52:01.351809848Z,REPLAY,predicted,unit,PC-TEAM-03,available,field_assessment finished at I153,,,,,,,
233.6,2024-09-25T19:53:34.314488265Z,REPLAY,predicted,unit,PC-POL-04,available,field_assessment finished at I108,,,,,,,
236.5,2024-09-25T19:56:31.945946054Z,REPLAY,predicted,unit,PC-FIRE-07,on_site,,,,,I150:field_assessment:0,I150,,
239.1,2024-09-25T19:59:05.893352137Z,REPLAY,predicted,unit,PC-PUMP-02,on_site,,,,,I016:dewatering:0,I016,,
239.9,2024-09-25T19:59:52.041383480Z,REPLAY,predicted,unit,PC-AMB-03,on_site,,,,,I157:field_assessment:0,I157,,
240.0,2024-09-25T20:00:00Z,REPLAY,predicted,unit,PC-AMB-05,en_route,,,,,I183:field_assessment:0,I183,,
240.0,2024-09-25T20:00:00Z,REPLAY,predicted,unit,PC-POL-04,en_route,,,,,I160:field_assessment:0,I160,,
240.0,2024-09-25T20:00:00Z,REPLAY,predicted,unit,PC-FIRE-04,en_route,,,,,I172:field_assessment:0,I172,,
240.0,2024-09-25T20:00:00Z,REPLAY,predicted,unit,PC-TEAM-01,en_route,,,,,I092:field_assessment:0,I092,,
240.0,2024-09-25T20:00:00Z,REPLAY,predicted,unit,PC-TEAM-03,en_route,,,,,I168:field_assessment:0,I168,,
241.5,2024-09-25T20:01:31.945946054Z,REPLAY,predicted,unit,PC-FIRE-07,available,field_assessment finished at I150,,,,,,,
243.5,2024-09-25T20:03:28.182733753Z,REPLAY,predicted,unit,PC-TEAM-03,available,no passable road to the need (need returns to the pool),,,,,,,
242.6,2024-09-25T20:02:34.510491812Z,REPLAY,predicted,unit,PC-AMB-05,on_site,,,,,I183:field_assessment:0,I183,,
244.9,2024-09-25T20:04:52.041383480Z,REPLAY,predicted,unit,PC-AMB-03,available,field_assessment finished at I157,,,,,,,
247.2,2024-09-25T20:07:11.743796361Z,REPLAY,predicted,unit,PC-BOAT-03,on_site,,,,,I122:field_assessment:0,I122,,
247.6,2024-09-25T20:07:34.510491812Z,REPLAY,predicted,unit,PC-AMB-05,available,field_assessment finished at I183,,,,,,,
250.0,2024-09-25T20:10:00Z,REPLAY,predicted,unit,PC-FIRE-01,en_route,,,,,I159:water_rescue:0,I159,,
250.0,2024-09-25T20:10:00Z,REPLAY,predicted,unit,PC-BOAT-01,en_route,,,,,I188:field_assessment:0,I188,,
250.0,2024-09-25T20:10:00Z,REPLAY,predicted,unit,PC-AMB-03,en_route,,,,,I182:field_assessment:0,I182,,
250.0,2024-09-25T20:10:00Z,REPLAY,predicted,unit,PC-FIRE-07,en_route,,,,,I147:field_assessment:0,I147,,
250.0,2024-09-25T20:10:00Z,REPLAY,predicted,unit,PC-POL-04,en_route,,,,,I127:field_assessment:0,I127,,
250.0,2024-09-25T20:10:00Z,REPLAY,predicted,unit,PC-TEAM-03,en_route,,,,,I176:field_assessment:0,I176,,
252.0,2024-09-25T20:11:57.480310554Z,REPLAY,predicted,shelter,lf-pc-r1,arrived,,1000.0,135.0,90.0,,,PC-TRUCK-01,45.0
252.0,2024-09-25T20:11:57.480310554Z,REPLAY,predicted,unit,PC-TRUCK-01,available,mass_transport finished at I158,,,,,,,
252.0,2024-09-25T20:11:57.480310554Z,REPLAY,predicted,shelter,lf-pc-r1,arrived,,1000.0,180.0,45.0,,,PC-TRUCK-02,45.0
252.0,2024-09-25T20:11:57.480310554Z,REPLAY,predicted,unit,PC-TRUCK-02,available,mass_transport finished at I158,,,,,,,
252.2,2024-09-25T20:12:11.743796361Z,REPLAY,predicted,unit,PC-BOAT-03,available,field_assessment finished at I122,,,,,,,
255.2,2024-09-25T20:15:10.703559266Z,REPLAY,predicted,unit,PC-BOAT-01,on_site,,,,,I188:field_assessment:0,I188,,
257.5,2024-09-25T20:17:32.413072985Z,REPLAY,predicted,unit,PC-FIRE-04,on_site,,,,,I172:field_assessment:0,I172,,
258.3,2024-09-25T20:18:17.042864010Z,REPLAY,predicted,unit,PC-FIRE-01,on_site,,,,,I159:water_rescue:0,I159,,
258.5,2024-09-25T20:18:32.779836649Z,REPLAY,predicted,unit,PC-AMB-03,on_site,,,,,I182:field_assessment:0,I182,,
259.9,2024-09-25T20:19:55.567130337Z,REPLAY,predicted,unit,PC-POL-04,on_site,,,,,I127:field_assessment:0,I127,,
260.0,2024-09-25T20:20:00Z,REPLAY,predicted,unit,PC-TEAM-01,available,incident expired: unverified for 2 h with nothing new (likely stale or false),,,,,,,
260.0,2024-09-25T20:20:00Z,REPLAY,predicted,unit,PC-TEAM-01,en_route,,,,,I179:field_assessment:0,I179,,
260.0,2024-09-25T20:20:00Z,REPLAY,predicted,unit,PC-BOAT-03,en_route,,,,,I155:field_assessment:0,I155,,
260.2,2024-09-25T20:20:10.703559266Z,REPLAY,predicted,unit,PC-BOAT-01,available,field_assessment finished at I188,,,,,,,
262.5,2024-09-25T20:22:27.832759913Z,REPLAY,predicted,unit,PC-FIRE-07,on_site,,,,,I147:field_assessment:0,I147,,
262.5,2024-09-25T20:22:32.413072985Z,REPLAY,predicted,unit,PC-FIRE-04,available,field_assessment finished at I172,,,,,,,
262.7,2024-09-25T20:22:41.517536897Z,REPLAY,predicted,unit,PC-TEAM-03,on_site,,,,,I176:field_assessment:0,I176,,
263.5,2024-09-25T20:23:32.779836649Z,REPLAY,predicted,unit,PC-AMB-03,available,field_assessment finished at I182,,,,,,,
264.9,2024-09-25T20:24:55.567130337Z,REPLAY,predicted,unit,PC-POL-04,available,field_assessment finished at I127,,,,,,,
267.5,2024-09-25T20:27:27.832759913Z,REPLAY,predicted,unit,PC-FIRE-07,available,field_assessment finished at I147,,,,,,,
267.7,2024-09-25T20:27:41.517536897Z,REPLAY,predicted,unit,PC-TEAM-03,available,field_assessment finished at I176,,,,,,,
270.0,2024-09-25T20:30:00Z,REPLAY,predicted,unit,PC-FIRE-07,en_route,,,,,I147:dewatering:0,I147,,
270.0,2024-09-25T20:30:00Z,REPLAY,predicted,unit,PC-FIRE-04,en_route,,,,,I137:field_assessment:0,I137,,
270.0,2024-09-25T20:30:00Z,REPLAY,predicted,unit,PC-AMB-03,en_route,,,,,I177:field_assessment:0,I177,,
270.0,2024-09-25T20:30:00Z,REPLAY,predicted,unit,PC-POL-04,en_route,,,,,I126:field_assessment:0,I126,,
271.5,2024-09-25T20:31:28.762021957Z,REPLAY,predicted,unit,PC-TEAM-01,on_site,,,,,I179:field_assessment:0,I179,,
272.6,2024-09-25T20:32:38.040114878Z,REPLAY,predicted,unit,PC-PUMP-01,available,dewatering finished at I107,,,,,,,
273.6,2024-09-25T20:33:33.279767266Z,REPLAY,predicted,unit,PC-FIRE-07,on_site,,,,,I147:dewatering:0,I147,,
275.5,2024-09-25T20:35:30.291352268Z,REPLAY,predicted,unit,PC-FIRE-04,on_site,,,,,I137:field_assessment:0,I137,,
275.6,2024-09-25T20:35:35.561294472Z,REPLAY,predicted,unit,PC-FIRE-03,available,dewatering finished at I114,,,,,,,
276.0,2024-09-25T20:36:01.077656887Z,REPLAY,predicted,unit,PC-BOAT-03,on_site,,,,,I155:field_assessment:0,I155,,
276.5,2024-09-25T20:36:28.762021957Z,REPLAY,predicted,unit,PC-TEAM-01,available,field_assessment finished at I179,,,,,,,
279.1,2024-09-25T20:39:03.679162035Z,REPLAY,predicted,unit,PC-AMB-03,on_site,,,,,I177:field_assessment:0,I177,,
280.0,2024-09-25T20:40:00Z,REPLAY,predicted,unit,PC-PUMP-01,en_route,,,,,I188:dewatering:0,I188,,
280.0,2024-09-25T20:40:00Z,REPLAY,predicted,unit,PC-POL-04,en_route,,,,,I144:field_assessment:0,I144,,
280.0,2024-09-25T20:40:00Z,REPLAY,predicted,unit,PC-FIRE-03,en_route,,,,,I032:dewatering:0,I032,,
280.0,2024-09-25T20:40:00Z,REPLAY,predicted,unit,PC-TEAM-01,en_route,,,,,I160:field_assessment:0,I160,,
280.5,2024-09-25T20:40:30.291352268Z,REPLAY,predicted,unit,PC-FIRE-04,available,field_assessment finished at I137,,,,,,,
281.0,2024-09-25T20:41:01.077656887Z,REPLAY,predicted,unit,PC-BOAT-03,available,field_assessment finished at I155,,,,,,,
282.0,2024-09-25T20:42:00Z,REPLAY,predicted,unit,PC-FIRE-02,available,dewatering finished at I113,,,,,,,
284.1,2024-09-25T20:44:03.679162035Z,REPLAY,predicted,unit,PC-AMB-03,available,field_assessment finished at I177,,,,,,,
286.0,2024-09-25T20:45:58.214430897Z,REPLAY,predicted,unit,PC-PUMP-01,on_site,,,,,I188:dewatering:0,I188,,
286.5,2024-09-25T20:46:31.198176372Z,REPLAY,predicted,unit,PC-POL-04,on_site,,,,,I144:field_assessment:0,I144,,
288.2,2024-09-25T20:48:12.390736523Z,REPLAY,predicted,unit,PC-FIRE-05,available,dewatering finished at I080,,,,,,,
288.9,2024-09-25T20:48:55.037570488Z,REPLAY,predicted,unit,PC-FIRE-03,on_site,,,,,I032:dewatering:0,I032,,
290.0,2024-09-25T20:50:00Z,REPLAY,predicted,unit,PC-FIRE-02,en_route,,,,,I165:field_assessment:0,I165,,
290.0,2024-09-25T20:50:00Z,REPLAY,predicted,unit,PC-FIRE-05,en_route,,,,,I214:field_assessment:0,I214,,
290.0,2024-09-25T20:50:00Z,REPLAY,predicted,unit,PC-AMB-03,en_route,,,,,I210:field_assessment:0,I210,,
290.0,2024-09-25T20:50:00Z,REPLAY,predicted,unit,PC-FIRE-04,en_route,,,,,I138:field_assessment:0,I138,,
290.0,2024-09-25T20:50:00Z,REPLAY,predicted,unit,PC-BOAT-03,en_route,,,,,I198:field_assessment:0,I198,,
291.3,2024-09-25T20:51:18.713302175Z,REPLAY,predicted,unit,PC-FIRE-06,available,dewatering finished at I142,,,,,,,
291.5,2024-09-25T20:51:31.198176372Z,REPLAY,predicted,unit,PC-POL-04,available,field_assessment finished at I144,,,,,,,
297.9,2024-09-25T20:57:54.958541602Z,REPLAY,predicted,unit,PC-FIRE-05,on_site,,,,,I214:field_assessment:0,I214,,
298.9,2024-09-25T20:58:51.524401508Z,REPLAY,predicted,unit,PC-FIRE-02,on_site,,,,,I165:field_assessment:0,I165,,
299.1,2024-09-25T20:59:05.893352137Z,REPLAY,predicted,unit,PC-PUMP-02,available,dewatering finished at I016,,,,,,,
300.0,2024-09-25T21:00:00Z,REPLAY,predicted,unit,PC-FIRE-04,available,incident expired: unverified for 2 h with nothing new (likely stale or false),,,,,,,
300.0,2024-09-25T21:00:00Z,REPLAY,predicted,unit,PC-POL-04,en_route,,,,,I186:field_assessment:0,I186,,
300.0,2024-09-25T21:00:00Z,REPLAY,predicted,unit,PC-TEAM-01,en_route,,,,,I200:field_assessment:0,I200,,
300.0,2024-09-25T21:00:00Z,REPLAY,predicted,unit,PC-TEAM-02,en_route,,,,,I220:field_assessment:0,I220,,
300.0,2024-09-25T21:00:00Z,REPLAY,predicted,unit,PC-AMB-03,en_route,,,,,I215:field_assessment:0,I215,,
300.0,2024-09-25T21:00:00Z,REPLAY,predicted,unit,PC-FIRE-04,en_route,,,,,I219:field_assessment:0,I219,,
300.0,2024-09-25T21:00:00Z,REPLAY,predicted,unit,PC-FIRE-06,en_route,,,,,I146:field_assessment:0,I146,,
300.0,2024-09-25T21:00:00Z,REPLAY,predicted,unit,PC-BOAT-03,en_route,,,,,I217:field_assessment:0,I217,,
300.0,2024-09-25T21:00:00Z,REPLAY,predicted,unit,PC-PUMP-02,en_route,,,,,I144:dewatering:0,I144,,
302.9,2024-09-25T21:02:54.958541602Z,REPLAY,predicted,unit,PC-FIRE-05,available,field_assessment finished at I214,,,,,,,
303.3,2024-09-25T21:03:17.042864010Z,REPLAY,predicted,unit,PC-FIRE-01,available,water_rescue finished at I159,,,,,,,
303.9,2024-09-25T21:03:51.524401508Z,REPLAY,predicted,unit,PC-FIRE-02,available,field_assessment finished at I165,,,,,,,
306.0,2024-09-25T21:06:01.072313805Z,REPLAY,predicted,unit,PC-TEAM-02,on_site,,,,,I220:field_assessment:0,I220,,
306.5,2024-09-25T21:06:28.026118696Z,REPLAY,predicted,unit,PC-POL-04,on_site,,,,,I186:field_assessment:0,I186,,
306.8,2024-09-25T21:06:50.191664704Z,REPLAY,predicted,unit,PC-TEAM-01,on_site,,,,,I200:field_assessment:0,I200,,
308.0,2024-09-25T21:07:59.997298869Z,REPLAY,predicted,unit,PC-AMB-03,on_site,,,,,I215:field_assessment:0,I215,,
310.0,2024-09-25T21:10:00Z,REPLAY,predicted,unit,PC-FIRE-02,en_route,,,,,I165:dewatering:0,I165,,
310.0,2024-09-25T21:10:00Z,REPLAY,predicted,unit,PC-FIRE-05,en_route,,,,,I232:field_assessment:0,I232,,
311.0,2024-09-25T21:11:01.072313805Z,REPLAY,predicted,unit,PC-TEAM-02,available,field_assessment finished at I220,,,,,,,
311.5,2024-09-25T21:11:28.026118696Z,REPLAY,predicted,unit,PC-POL-04,available,field_assessment finished at I186,,,,,,,
311.8,2024-09-25T21:11:50.191664704Z,REPLAY,predicted,unit,PC-TEAM-01,available,field_assessment finished at I200,,,,,,,
312.2,2024-09-25T21:12:13.929213585Z,REPLAY,predicted,unit,PC-FIRE-02,on_site,,,,,I165:dewatering:0,I165,,
312.4,2024-09-25T21:12:26.947614063Z,REPLAY,predicted,unit,PC-FIRE-04,on_site,,,,,I219:field_assessment:0,I219,,
313.0,2024-09-25T21:12:59.997298869Z,REPLAY,predicted,unit,PC-AMB-03,available,field_assessment finished at I215,,,,,,,
317.4,2024-09-25T21:17:26.947614063Z,REPLAY,predicted,unit,PC-FIRE-04,available,field_assessment finished at I219,,,,,,,
319.1,2024-09-25T21:19:06.314382829Z,REPLAY,predicted,unit,PC-FIRE-06,on_site,,,,,I146:field_assessment:0,I146,,
320.0,2024-09-25T21:20:00Z,REPLAY,predicted,unit,PC-TEAM-02,en_route,,,,,I220:water_rescue:0,I220,,
320.0,2024-09-25T21:20:00Z,REPLAY,predicted,unit,PC-BOAT-03,en_route,,,,,I234:field_assessment:0,I234,,
320.0,2024-09-25T21:20:00Z,REPLAY,predicted,unit,PC-AMB-03,en_route,,,,,I218:field_assessment:0,I218,,
320.0,2024-09-25T21:20:00Z,REPLAY,predicted,unit,PC-POL-04,en_route,,,,,I235:field_assessment:0,I235,,
320.0,2024-09-25T21:20:00Z,REPLAY,predicted,unit,PC-FIRE-04,en_route,,,,,I195:field_assessment:0,I195,,
320.0,2024-09-25T21:20:00Z,REPLAY,predicted,unit,PC-TEAM-01,en_route,,,,,I205:field_assessment:0,I205,,
322.3,2024-09-25T21:22:20.011538865Z,REPLAY,predicted,unit,PC-FIRE-05,on_site,,,,,I232:field_assessment:0,I232,,
323.2,2024-09-25T21:23:11.132395910Z,REPLAY,predicted,unit,PC-BOAT-03,on_site,,,,,I234:field_assessment:0,I234,,
324.1,2024-09-25T21:24:06.314382829Z,REPLAY,predicted,unit,PC-FIRE-06,available,field_assessment finished at I146,,,,,,,
324.7,2024-09-25T21:24:39.183672239Z,REPLAY,predicted,unit,PC-AMB-03,on_site,,,,,I218:field_assessment:0,I218,,
326.0,2024-09-25T21:26:01.072313805Z,REPLAY,predicted,unit,PC-TEAM-02,on_site,,,,,I220:water_rescue:0,I220,,
327.3,2024-09-25T21:27:20.011538865Z,REPLAY,predicted,unit,PC-FIRE-05,available,field_assessment finished at I232,,,,,,,
328.2,2024-09-25T21:28:11.132395910Z,REPLAY,predicted,unit,PC-BOAT-03,available,field_assessment finished at I234,,,,,,,
328.5,2024-09-25T21:28:28.395857572Z,REPLAY,predicted,unit,PC-POL-04,on_site,,,,,I235:field_assessment:0,I235,,
329.7,2024-09-25T21:29:39.183672239Z,REPLAY,predicted,unit,PC-AMB-03,available,field_assessment finished at I218,,,,,,,
330.0,2024-09-25T21:30:00Z,REPLAY,predicted,unit,PC-FIRE-05,en_route,,,,,I232:dewatering:0,I232,,
330.0,2024-09-25T21:30:00Z,REPLAY,predicted,unit,PC-FIRE-06,en_route,,,,,I078:dewatering:0,I078,,
330.0,2024-09-25T21:30:00Z,REPLAY,predicted,unit,PC-FIRE-04,en_route,,,,,I210:field_assessment:0,I210,,
330.0,2024-09-25T21:30:00Z,REPLAY,predicted,unit,PC-AMB-03,en_route,,,,,I174:field_assessment:0,I174,,
330.0,2024-09-25T21:30:00Z,REPLAY,predicted,unit,PC-BOAT-03,en_route,,,,,I226:field_assessment:0,I226,,
330.0,2024-09-25T21:30:00Z,REPLAY,predicted,unit,PC-TEAM-01,en_route,,,,,I198:field_assessment:0,I198,,
332.0,2024-09-25T21:32:00Z,REPLAY,predicted,unit,PC-FIRE-05,on_site,,,,,I232:dewatering:0,I232,,
333.5,2024-09-25T21:33:28.395857572Z,REPLAY,predicted,unit,PC-POL-04,available,field_assessment finished at I235,,,,,,,
333.6,2024-09-25T21:33:33.279767266Z,REPLAY,predicted,unit,PC-FIRE-07,available,dewatering finished at I147,,,,,,,
334.7,2024-09-25T21:34:40.587727917Z,REPLAY,predicted,unit,PC-FIRE-06,on_site,,,,,I078:dewatering:0,I078,,
335.3,2024-09-25T21:35:16.236974645Z,REPLAY,predicted,unit,PC-FIRE-04,on_site,,,,,I210:field_assessment:0,I210,,
336.2,2024-09-25T21:36:14.693817555Z,REPLAY,predicted,unit,PC-AMB-03,on_site,,,,,I174:field_assessment:0,I174,,
338.0,2024-09-25T21:37:59.238944359Z,REPLAY,predicted,unit,PC-BOAT-03,on_site,,,,,I226:field_assessment:0,I226,,
340.0,2024-09-25T21:40:00Z,REPLAY,predicted,unit,PC-BOAT-01,en_route,,,,,I253:field_assessment:0,I253,,
340.0,2024-09-25T21:40:00Z,REPLAY,predicted,unit,PC-POL-04,en_route,,,,,I257:field_assessment:0,I257,,
340.0,2024-09-25T21:40:00Z,REPLAY,predicted,unit,PC-TEAM-01,en_route,,,,,I205:field_assessment:0,I205,,
340.0,2024-09-25T21:40:00Z,REPLAY,predicted,unit,PC-FIRE-07,en_route,,,,,I195:field_assessment:0,I195,,
340.0,2024-09-25T21:40:00Z,REPLAY,predicted,unit,PC-PUMP-02,en_route,,,,,I202:dewatering:0,I202,,
340.3,2024-09-25T21:40:16.236974645Z,REPLAY,predicted,unit,PC-FIRE-04,available,field_assessment finished at I210,,,,,,,
341.2,2024-09-25T21:41:14.693817555Z,REPLAY,predicted,unit,PC-AMB-03,available,field_assessment finished at I174,,,,,,,
343.1,2024-09-25T21:43:03.024645085Z,REPLAY,predicted,unit,PC-FIRE-07,available,no passable road to the need (need returns to the pool),,,,,,,
343.0,2024-09-25T21:42:59.238944359Z,REPLAY,predicted,unit,PC-BOAT-03,available,field_assessment finished at I226,,,,,,,
343.8,2024-09-25T21:43:45.795710172Z,REPLAY,predicted,unit,PC-BOAT-01,on_site,,,,,I253:field_assessment:0,I253,,
346.0,2024-09-25T21:45:58.214430897Z,REPLAY,predicted,unit,PC-PUMP-01,available,dewatering finished at I188,,,,,,,
347.8,2024-09-25T21:47:48.465217211Z,REPLAY,predicted,unit,PC-POL-04,on_site,,,,,I257:field_assessment:0,I257,,
348.1,2024-09-25T21:48:07.684673953Z,REPLAY,predicted,unit,PC-TEAM-01,on_site,,,,,I205:field_assessment:0,I205,,
348.8,2024-09-25T21:48:45.795710172Z,REPLAY,predicted,unit,PC-BOAT-01,available,field_assessment finished at I253,,,,,,,
348.9,2024-09-25T21:48:55.037570488Z,REPLAY,predicted,unit,PC-FIRE-03,available,dewatering finished at I032,,,,,,,
350.0,2024-09-25T21:50:00Z,REPLAY,predicted,unit,PC-FIRE-07,en_route,,,,,I218:water_rescue:0,I218,,
350.0,2024-09-25T21:50:00Z,REPLAY,predicted,unit,PC-PUMP-01,en_route,,,,,I071:dewatering:0,I071,,
350.0,2024-09-25T21:50:00Z,REPLAY,predicted,unit,PC-FIRE-04,en_route,,,,,I182:dewatering:0,I182,,
350.0,2024-09-25T21:50:00Z,REPLAY,predicted,unit,PC-BOAT-03,en_route,,,,,I217:field_assessment:0,I217,,
350.0,2024-09-25T21:50:00Z,REPLAY,predicted,unit,PC-FIRE-03,en_route,,,,,I233:field_assessment:0,I233,,
350.0,2024-09-25T21:50:00Z,REPLAY,predicted,unit,PC-AMB-03,en_route,,,,,I195:field_assessment:0,I195,,
352.8,2024-09-25T21:52:48.465217211Z,REPLAY,predicted,unit,PC-POL-04,available,field_assessment finished at I257,,,,,,,
353.1,2024-09-25T21:53:07.684673953Z,REPLAY,predicted,unit,PC-TEAM-01,available,field_assessment finished at I205,,,,,,,
355.2,2024-09-25T21:55:14.255863895Z,REPLAY,predicted,unit,PC-FIRE-04,on_site,,,,,I182:dewatering:0,I182,,
357.9,2024-09-25T21:57:52.249386297Z,REPLAY,predicted,unit,PC-PUMP-01,on_site,,,,,I071:dewatering:0,I071,,
359.5,2024-09-25T21:59:29.709542782Z,REPLAY,predicted,unit,PC-BOAT-03,on_site,,,,,I217:field_assessment:0,I217,,
360.0,2024-09-25T22:00:00Z,REPLAY,predicted,unit,PC-FIRE-07,en_route,,,,,I048:water_rescue:0,I048,,
360.0,2024-09-25T22:00:00Z,REPLAY,predicted,unit,PC-POL-04,en_route,,,,,I264:field_assessment:0,I264,,
360.0,2024-09-25T22:00:00Z,REPLAY,predicted,unit,PC-FIRE-03,en_route,,,,,I196:field_assessment:0,I196,,
360.0,2024-09-25T22:00:00Z,REPLAY,predicted,unit,PC-TEAM-01,en_route,,,,,I259:field_assessment:0,I259,,
360.9,2024-09-25T22:00:54.612800500Z,REPLAY,predicted,unit,PC-AMB-03,on_site,,,,,I195:field_assessment:0,I195,,
362.7,2024-09-25T22:02:42.175010059Z,REPLAY,predicted,unit,PC-FIRE-07,on_site,,,,,I048:water_rescue:0,I048,,
362.9,2024-09-25T22:02:51.203435743Z,REPLAY,predicted,unit,PC-PUMP-02,on_site,,,,,I202:dewatering:0,I202,,
364.2,2024-09-25T22:04:11.486455746Z,REPLAY,predicted,unit,PC-POL-04,on_site,,,,,I264:field_assessment:0,I264,,
364.5,2024-09-25T22:04:29.709542782Z,REPLAY,predicted,unit,PC-BOAT-03,available,field_assessment finished at I217,,,,,,,
365.9,2024-09-25T22:05:54.612800500Z,REPLAY,predicted,unit,PC-AMB-03,available,field_assessment finished at I195,,,,,,,
369.0,2024-09-25T22:09:01.666176374Z,REPLAY,predicted,unit,PC-FIRE-03,on_site,,,,,I196:field_assessment:0,I196,,
369.2,2024-09-25T22:09:11.486455746Z,REPLAY,predicted,unit,PC-POL-04,available,field_assessment finished at I264,,,,,,,
370.0,2024-09-25T22:10:00Z,REPLAY,predicted,unit,PC-BOAT-01,en_route,,,,,I278:field_assessment:0,I278,,
370.0,2024-09-25T22:10:00Z,REPLAY,predicted,unit,PC-POL-04,en_route,,,,,I255:field_assessment:0,I255,,
370.0,2024-09-25T22:10:00Z,REPLAY,predicted,unit,PC-TEAM-01,en_route,,,,,I233:field_assessment:0,I233,,
370.0,2024-09-25T22:10:00Z,REPLAY,predicted,unit,PC-AMB-03,en_route,,,,,I199:field_assessment:0,I199,,
370.0,2024-09-25T22:10:00Z,REPLAY,predicted,unit,PC-BOAT-03,en_route,,,,,I243:field_assessment:0,I243,,
371.0,2024-09-25T22:11:01.072313805Z,REPLAY,predicted,unit,PC-TEAM-02,available,water_rescue finished at I220,,,,,,,
372.2,2024-09-25T22:12:13.929213585Z,REPLAY,predicted,unit,PC-FIRE-02,available,dewatering finished at I165,,,,,,,
373.6,2024-09-25T22:13:33.693060556Z,REPLAY,predicted,unit,PC-BOAT-01,on_site,,,,,I278:field_assessment:0,I278,,
374.0,2024-09-25T22:14:01.666176374Z,REPLAY,predicted,unit,PC-FIRE-03,available,field_assessment finished at I196,,,,,,,
375.2,2024-09-25T22:15:12.855475348Z,REPLAY,predicted,unit,PC-POL-04,on_site,,,,,I255:field_assessment:0,I255,,
376.3,2024-09-25T22:16:15.023763017Z,REPLAY,predicted,unit,PC-TEAM-01,on_site,,,,,I233:field_assessment:0,I233,,
377.9,2024-09-25T22:17:56.309522418Z,REPLAY,predicted,unit,PC-BOAT-03,on_site,,,,,I243:field_assessment:0,I243,,
378.4,2024-09-25T22:18:26.821770305Z,REPLAY,predicted,unit,PC-AMB-03,on_site,,,,,I199:field_assessment:0,I199,,
378.6,2024-09-25T22:18:33.693060556Z,REPLAY,predicted,unit,PC-BOAT-01,available,field_assessment finished at I278,,,,,,,
380.0,2024-09-25T22:20:00Z,REPLAY,predicted,unit,PC-BOAT-01,en_route,,,,,I278:water_rescue:0,I278,,
380.0,2024-09-25T22:20:00Z,REPLAY,predicted,unit,PC-FIRE-02,en_route,,,,,I277:field_assessment:0,I277,,
380.2,2024-09-25T22:20:12.855475348Z,REPLAY,predicted,unit,PC-POL-04,available,field_assessment finished at I255,,,,,,,
381.3,2024-09-25T22:21:15.023763017Z,REPLAY,predicted,unit,PC-TEAM-01,available,field_assessment finished at I233,,,,,,,
382.9,2024-09-25T22:22:56.309522418Z,REPLAY,predicted,unit,PC-BOAT-03,available,field_assessment finished at I243,,,,,,,
383.4,2024-09-25T22:23:26.821770305Z,REPLAY,predicted,unit,PC-AMB-03,available,field_assessment finished at I199,,,,,,,
383.6,2024-09-25T22:23:33.693060556Z,REPLAY,predicted,unit,PC-BOAT-01,on_site,,,,,I278:water_rescue:0,I278,,
390.0,2024-09-25T22:30:00Z,REPLAY,predicted,unit,PC-FIRE-02,en_route,,,,,I269:field_assessment:0,I269,,
390.0,2024-09-25T22:30:00Z,REPLAY,predicted,unit,PC-TEAM-02,en_route,,,,,I283:field_assessment:0,I283,,
390.0,2024-09-25T22:30:00Z,REPLAY,predicted,unit,PC-BOAT-03,en_route,,,,,I266:field_assessment:0,I266,,
390.0,2024-09-25T22:30:00Z,REPLAY,predicted,unit,PC-POL-04,en_route,,,,,I263:field_assessment:0,I263,,
390.0,2024-09-25T22:30:00Z,REPLAY,predicted,unit,PC-POL-02,en_route,,,,,I282:field_assessment:0,I282,,
390.0,2024-09-25T22:30:00Z,REPLAY,predicted,unit,PC-AMB-03,en_route,,,,,I254:field_assessment:0,I254,,
392.0,2024-09-25T22:32:00Z,REPLAY,predicted,unit,PC-FIRE-05,available,dewatering finished at I232,,,,,,,
393.3,2024-09-25T22:33:17.745096098Z,REPLAY,predicted,unit,PC-TEAM-02,on_site,,,,,I283:field_assessment:0,I283,,
394.1,2024-09-25T22:34:07.228980091Z,REPLAY,predicted,unit,PC-FIRE-02,on_site,,,,,I269:field_assessment:0,I269,,
394.7,2024-09-25T22:34:40.587727917Z,REPLAY,predicted,unit,PC-FIRE-06,available,dewatering finished at I078,,,,,,,
396.5,2024-09-25T22:36:32.786386345Z,REPLAY,predicted,unit,PC-BOAT-03,on_site,,,,,I266:field_assessment:0,I266,,
397.4,2024-09-25T22:37:22.303750137Z,REPLAY,predicted,unit,PC-POL-04,on_site,,,,,I263:field_assessment:0,I263,,
398.3,2024-09-25T22:38:17.745096098Z,REPLAY,predicted,unit,PC-TEAM-02,available,field_assessment finished at I283,,,,,,,
399.1,2024-09-25T22:39:07.228980091Z,REPLAY,predicted,unit,PC-FIRE-02,available,field_assessment finished at I269,,,,,,,
399.6,2024-09-25T22:39:33.181124315Z,REPLAY,predicted,unit,PC-POL-02,on_site,,,,,I282:field_assessment:0,I282,,
400.0,2024-09-25T22:40:00Z,REPLAY,predicted,unit,PC-FIRE-02,en_route,,,,,I269:dewatering:0,I269,,
400.0,2024-09-25T22:40:00Z,REPLAY,predicted,unit,PC-FIRE-05,en_route,,,,,I271:field_assessment:0,I271,,
400.0,2024-09-25T22:40:00Z,REPLAY,predicted,unit,PC-FIRE-06,en_route,,,,,I236:field_assessment:0,I236,,
401.5,2024-09-25T22:41:32.786386345Z,REPLAY,predicted,unit,PC-BOAT-03,available,field_assessment finished at I266,,,,,,,
402.0,2024-09-25T22:42:00Z,REPLAY,predicted,unit,PC-FIRE-02,on_site,,,,,I269:dewatering:0,I269,,
402.4,2024-09-25T22:42:22.303750137Z,REPLAY,predicted,unit,PC-POL-04,available,field_assessment finished at I263,,,,,,,
404.6,2024-09-25T22:44:33.181124315Z,REPLAY,predicted,unit,PC-POL-02,available,field_assessment finished at I282,,,,,,,
405.5,2024-09-25T22:45:30.656270280Z,REPLAY,predicted,unit,PC-AMB-03,on_site,,,,,I254:field_assessment:0,I254,,
407.7,2024-09-25T22:47:42.175010059Z,REPLAY,predicted,unit,PC-FIRE-07,available,water_rescue finished at I048,,,,,,,
408.5,2024-09-25T22:48:28.547581791Z,REPLAY,predicted,unit,PC-FIRE-06,on_site,,,,,I236:field_assessment:0,I236,,
409.0,2024-09-25T22:48:58.586241657Z,REPLAY,predicted,unit,PC-FIRE-05,on_site,,,,,I271:field_assessment:0,I271,,
410.0,2024-09-25T22:50:00Z,REPLAY,predicted,unit,PC-FIRE-07,en_route,,,,,I218:water_rescue:0,I218,,
410.0,2024-09-25T22:50:00Z,REPLAY,predicted,unit,PC-POL-02,en_route,,,,,I279:field_assessment:0,I279,,
410.0,2024-09-25T22:50:00Z,REPLAY,predicted,unit,PC-POL-04,en_route,,,,,I261:field_assessment:0,I261,,
410.0,2024-09-25T22:50:00Z,REPLAY,predicted,unit,PC-BOAT-03,en_route,,,,,I260:field_assessment:0,I260,,
410.5,2024-09-25T22:50:30.656270280Z,REPLAY,predicted,unit,PC-AMB-03,available,field_assessment finished at I254,,,,,,,
413.0,2024-09-25T22:53:00Z,REPLAY,predicted,unit,PC-BOAT-03,available,no passable road to the need (need returns to the pool),,,,,,,
413.5,2024-09-25T22:53:28.547581791Z,REPLAY,predicted,unit,PC-FIRE-06,available,field_assessment finished at I236,,,,,,,
414.0,2024-09-25T22:53:58.586241657Z,REPLAY,predicted,unit,PC-FIRE-05,available,field_assessment finished at I271,,,,,,,
415.0,2024-09-25T22:55:02.053273801Z,REPLAY,predicted,unit,PC-POL-02,on_site,,,,,I279:field_assessment:0,I279,,
415.2,2024-09-25T22:55:14.255863895Z,REPLAY,predicted,unit,PC-FIRE-04,available,dewatering finished at I182,,,,,,,
417.9,2024-09-25T22:57:52.249386297Z,REPLAY,predicted,unit,PC-PUMP-01,available,dewatering finished at I071,,,,,,,
418.1,2024-09-25T22:58:04.031303608Z,REPLAY,predicted,unit,PC-POL-04,on_site,,,,,I261:field_assessment:0,I261,,
420.0,2024-09-25T23:00:00Z,REPLAY,predicted,unit,PC-PUMP-01,en_route,,,,,I076:dewatering:0,I076,,
420.0,2024-09-25T23:00:00Z,REPLAY,predicted,unit,PC-JCB-01,en_route,,,,,I121:debris_clearance:0,I121,,
420.0,2024-09-25T23:00:00Z,REPLAY,predicted,unit,PC-AMB-03,en_route,,,,,I242:field_assessment:0,I242,,
420.0,2024-09-25T23:00:00Z,REPLAY,predicted,unit,PC-BOAT-03,en_route,,,,,I231:field_assessment:0,I231,,
420.0,2024-09-25T23:00:00Z,REPLAY,predicted,unit,PC-FIRE-04,en_route,,,,,I268:field_assessment:0,I268,,
420.0,2024-09-25T23:00:00Z,REPLAY,predicted,unit,PC-FIRE-05,en_route,,,,,I259:field_assessment:0,I259,,
420.0,2024-09-25T23:00:00Z,REPLAY,predicted,unit,PC-AMB-04,en_route,,,,,I187:field_assessment:0,I187,,
420.0,2024-09-25T23:00:00Z,REPLAY,predicted,unit,PC-FIRE-06,en_route,,,,,I290:field_assessment:0,I290,,
420.0,2024-09-25T23:00:02.053273801Z,REPLAY,predicted,unit,PC-POL-02,available,field_assessment finished at I279,,,,,,,
420.7,2024-09-25T23:00:43.776558825Z,REPLAY,predicted,unit,PC-FIRE-07,on_site,,,,,I218:water_rescue:0,I218,,
423.1,2024-09-25T23:03:04.952898323Z,REPLAY,predicted,unit,PC-PUMP-01,available,no passable road to the need (need returns to the pool),,,,,,,
422.9,2024-09-25T23:02:51.203435743Z,REPLAY,predicted,unit,PC-PUMP-02,available,dewatering finished at I202,,,,,,,
423.1,2024-09-25T23:03:04.031303608Z,REPLAY,predicted,unit,PC-POL-04,available,field_assessment finished at I261,,,,,,,
423.9,2024-09-25T23:03:51.576501943Z,REPLAY,predicted,unit,PC-BOAT-03,on_site,,,,,I231:field_assessment:0,I231,,
424.0,2024-09-25T23:04:00.620634918Z,REPLAY,predicted,unit,PC-AMB-03,on_site,,,,,I242:field_assessment:0,I242,,
426.1,2024-09-25T23:06:05.730610336Z,REPLAY,predicted,unit,PC-FIRE-04,on_site,,,,,I268:field_assessment:0,I268,,
428.6,2024-09-25T23:08:33.693060556Z,REPLAY,predicted,unit,PC-BOAT-01,available,water_rescue finished at I278,,,,,,,
428.9,2024-09-25T23:08:51.576501943Z,REPLAY,predicted,unit,PC-BOAT-03,available,field_assessment finished at I231,,,,,,,
429.0,2024-09-25T23:09:00.620634918Z,REPLAY,predicted,unit,PC-AMB-03,available,field_assessment finished at I242,,,,,,,
429.2,2024-09-25T23:09:12.919045278Z,REPLAY,predicted,unit,PC-FIRE-05,on_site,,,,,I259:field_assessment:0,I259,,
430.0,2024-09-25T23:10:00Z,REPLAY,predicted,unit,PC-FIRE-06,en_route,,,,,I214:dewatering:0,I214,,
430.0,2024-09-25T23:10:00Z,REPLAY,predicted,unit,PC-BOAT-01,en_route,,,,,I295:field_assessment:0,I295,,
430.0,2024-09-25T23:10:00Z,REPLAY,predicted,unit,PC-AMB-03,en_route,,,,,I284:field_assessment:0,I284,,
430.0,2024-09-25T23:10:00Z,REPLAY,predicted,unit,PC-POL-02,en_route,,,,,I290:field_assessment:0,I290,,
430.0,2024-09-25T23:10:00Z,REPLAY,predicted,unit,PC-PUMP-02,en_route,,,,,I217:dewatering:0,I217,,
430.0,2024-09-25T23:10:00Z,REPLAY,predicted,unit,PC-POL-04,en_route,,,,,I265:field_assessment:0,I265,,
431.1,2024-09-25T23:11:05.730610336Z,REPLAY,predicted,unit,PC-FIRE-04,available,field_assessment finished at I268,,,,,,,
432.1,2024-09-25T23:12:07.286914060Z,REPLAY,predicted,unit,PC-FIRE-06,on_site,,,,,I214:dewatering:0,I214,,
433.4,2024-09-25T23:13:26.876671176Z,REPLAY,predicted,unit,PC-AMB-04,on_site,,,,,I187:field_assessment:0,I187,,
433.5,2024-09-25T23:13:32.546768016Z,REPLAY,predicted,unit,PC-AMB-03,en_route,rerouted: crew found the road blocked,,,,I284:field_assessment:0,,,
434.2,2024-09-25T23:14:12.919045278Z,REPLAY,predicted,unit,PC-FIRE-05,available,field_assessment finished at I259,,,,,,,
436.0,2024-09-25T23:16:01.207306209Z,REPLAY,predicted,unit,PC-BOAT-01,on_site,,,,,I295:field_assessment:0,I295,,
436.6,2024-09-25T23:16:37.226233477Z,REPLAY,predicted,unit,PC-POL-04,en_route,rerouted: crew found the road blocked,,,,I265:field_assessment:0,,,
438.4,2024-09-25T23:18:26.876671176Z,REPLAY,predicted,unit,PC-AMB-04,available,field_assessment finished at I187,,,,,,,
439.3,2024-09-25T23:19:16.828815460Z,REPLAY,predicted,unit,PC-POL-04,en_route,rerouted: crew found the road blocked,,,,I265:field_assessment:0,,,
439.3,2024-09-25T23:19:20.308829699Z,REPLAY,predicted,unit,PC-POL-02,on_site,,,,,I290:field_assessment:0,I290,,
440.0,2024-09-25T23:20:00Z,REPLAY,predicted,unit,PC-FIRE-05,en_route,,,,,I295:dewatering:0,I295,,
440.0,2024-09-25T23:20:00Z,REPLAY,predicted,unit,PC-AMB-04,en_route,,,,,I288:field_assessment:0,I288,,
440.0,2024-09-25T23:20:00Z,REPLAY,predicted,unit,PC-FIRE-04,en_route,,,,,I252:field_assessment:0,I252,,
441.0,2024-09-25T23:21:01.207306209Z,REPLAY,predicted,unit,PC-BOAT-01,available,field_assessment finished at I295,,,,,,,
441.8,2024-09-25T23:21:46.842142139Z,REPLAY,predicted,unit,PC-PUMP-02,on_site,,,,,I217:dewatering:0,I217,,
444.3,2024-09-25T23:24:20.308829699Z,REPLAY,predicted,unit,PC-POL-02,available,field_assessment finished at I290,,,,,,,
446.2,2024-09-25T23:26:10.050974074Z,REPLAY,predicted,unit,PC-FIRE-04,en_route,rerouted: crew found the road blocked,,,,I252:field_assessment:0,,,
446.3,2024-09-25T23:26:15.909176013Z,REPLAY,predicted,unit,PC-POL-04,en_route,rerouted: crew found the road blocked,,,,I265:field_assessment:0,,,
450.0,2024-09-25T23:30:00Z,REPLAY,predicted,unit,PC-PUMP-04,en_route,,,,,I271:dewatering:0,I271,,
450.0,2024-09-25T23:30:00Z,REPLAY,predicted,unit,PC-POL-04,en_route,,,,,I296:field_assessment:0,I296,,
450.0,2024-09-25T23:30:00Z,REPLAY,predicted,unit,PC-AMB-03,en_route,,,,,I277:field_assessment:0,I277,,
450.0,2024-09-25T23:30:00Z,REPLAY,predicted,unit,PC-AMB-04,en_route,,,,,I274:field_assessment:0,I274,,
450.0,2024-09-25T23:30:00Z,REPLAY,predicted,unit,PC-POL-02,en_route,,,,,I297:field_assessment:0,I297,,
450.0,2024-09-25T23:30:00Z,REPLAY,predicted,unit,PC-FIRE-04,en_route,,,,,I276:field_assessment:0,I276,,
451.0,2024-09-25T23:31:00.633781116Z,REPLAY,predicted,unit,PC-AMB-04,available,no passable road to the need (need returns to the pool),,,,,,,
450.8,2024-09-25T23:30:47.450641711Z,REPLAY,predicted,unit,PC-FIRE-05,on_site,,,,,I295:dewatering:0,I295,,
452.5,2024-09-25T23:32:27.090846171Z,REPLAY,predicted,unit,PC-PUMP-04,en_route,rerouted: crew found the road blocked,,,,I271:dewatering:0,,,
454.7,2024-09-25T23:34:44.236363836Z,REPLAY,predicted,unit,PC-POL-02,available,no passable road to the need (need returns to the pool),,,,,,,
456.1,2024-09-25T23:36:07.202382537Z,REPLAY,predicted,unit,PC-POL-04,on_site,,,,,I296:field_assessment:0,I296,,
456.8,2024-09-25T23:36:48.941931679Z,REPLAY,predicted,unit,PC-AMB-03,on_site,,,,,I277:field_assessment:0,I277,,
460.0,2024-09-25T23:40:00Z,REPLAY,predicted,unit,PC-PUMP-04,en_route,,,,,I259:dewatering:0,I259,,
460.0,2024-09-25T23:40:00Z,REPLAY,predicted,unit,PC-FIRE-04,en_route,,,,,I287:field_assessment:0,I287,,
461.1,2024-09-25T23:41:07.202382537Z,REPLAY,predicted,unit,PC-POL-04,available,field_assessment finished at I296,,,,,,,
461.8,2024-09-25T23:41:48.941931679Z,REPLAY,predicted,unit,PC-AMB-03,available,field_assessment finished at I277,,,,,,,
462.0,2024-09-25T23:42:00Z,REPLAY,predicted,unit,PC-FIRE-02,available,dewatering finished at I269,,,,,,,
465.6,2024-09-25T23:45:34.180202550Z,REPLAY,predicted,unit,PC-PUMP-04,on_site,,,,,I259:dewatering:0,I259,,
465.7,2024-09-25T23:45:43.776558825Z,REPLAY,predicted,unit,PC-FIRE-07,available,water_rescue finished at I218,,,,,,,
466.1,2024-09-25T23:46:08.645179264Z,REPLAY,predicted,unit,PC-JCB-01,on_site,,,,,I121:debris_clearance:0,I121,,
470.0,2024-09-25T23:50:00Z,REPLAY,predicted,unit,PC-FIRE-02,en_route,,,,,I090:dewatering:0,I090,,
470.0,2024-09-25T23:50:00Z,REPLAY,predicted,unit,PC-POL-04,en_route,,,,,I288:field_assessment:0,I288,,
470.0,2024-09-25T23:50:00Z,REPLAY,predicted,unit,PC-AMB-03,en_route,,,,,I291:field_assessment:0,I291,,
472.6,2024-09-25T23:52:34.061141045Z,REPLAY,predicted,unit,PC-FIRE-04,on_site,,,,,I287:field_assessment:0,I287,,
477.6,2024-09-25T23:57:34.061141045Z,REPLAY,predicted,unit,PC-FIRE-04,available,field_assessment finished at I287,,,,,,,
480.0,2024-09-26T00:00:00Z,REPLAY,predicted,unit,PC-FIRE-04,en_route,,,,,I292:field_assessment:0,I292,,
480.0,2024-09-26T00:00:00Z,REPLAY,predicted,unit,PC-POL-04,en_route,,,,,I274:field_assessment:0,I274,,
480.5,2024-09-26T00:00:31.599347918Z,REPLAY,predicted,unit,PC-FIRE-02,on_site,,,,,I090:dewatering:0,I090,,
486.0,2024-09-26T00:06:02.996577247Z,REPLAY,predicted,unit,PC-FIRE-04,on_site,,,,,I292:field_assessment:0,I292,,
486.2,2024-09-26T00:06:12.928495577Z,REPLAY,predicted,unit,PC-POL-04,on_site,,,,,I274:field_assessment:0,I274,,
490.6,2024-09-26T00:10:36.525114813Z,REPLAY,predicted,unit,PC-AMB-03,on_site,,,,,I291:field_assessment:0,I291,,
491.0,2024-09-26T00:11:02.996577247Z,REPLAY,predicted,unit,PC-FIRE-04,available,field_assessment finished at I292,,,,,,,
491.2,2024-09-26T00:11:12.928495577Z,REPLAY,predicted,unit,PC-POL-04,available,field_assessment finished at I274,,,,,,,
492.1,2024-09-26T00:12:07.286914060Z,REPLAY,predicted,unit,PC-FIRE-06,available,dewatering finished at I214,,,,,,,
495.6,2024-09-26T00:15:36.525114813Z,REPLAY,predicted,unit,PC-AMB-03,available,field_assessment finished at I291,,,,,,,
500.0,2024-09-26T00:20:00Z,REPLAY,predicted,unit,PC-POL-04,en_route,,,,,I302:field_assessment:0,I302,,
500.0,2024-09-26T00:20:00Z,REPLAY,predicted,unit,PC-FIRE-06,en_route,,,,,I299:field_assessment:0,I299,,
500.0,2024-09-26T00:20:00Z,REPLAY,predicted,unit,PC-FIRE-04,en_route,,,,,I195:dewatering:0,I195,,
500.0,2024-09-26T00:20:00Z,REPLAY,predicted,unit,PC-AMB-03,en_route,,,,,I300:field_assessment:0,I300,,
501.8,2024-09-26T00:21:46.842142139Z,REPLAY,predicted,unit,PC-PUMP-02,available,dewatering finished at I217,,,,,,,
502.0,2024-09-26T00:22:00Z,REPLAY,predicted,unit,PC-POL-04,en_route,rerouted: crew found the road blocked,,,,I302:field_assessment:0,,,
504.0,2024-09-26T00:23:58.448129013Z,REPLAY,predicted,unit,PC-POL-04,en_route,rerouted: crew found the road blocked,,,,I302:field_assessment:0,,,
506.1,2024-09-26T00:26:08.645179264Z,REPLAY,predicted,unit,PC-JCB-01,available,debris_clearance finished at I121,,,,,,,
508.2,2024-09-26T00:28:09.213739496Z,REPLAY,predicted,unit,PC-FIRE-06,on_site,,,,,I299:field_assessment:0,I299,,
510.0,2024-09-26T00:30:00Z,REPLAY,predicted,unit,PC-POL-01,en_route,,,,,I303:field_assessment:0,I303,,
510.0,2024-09-26T00:30:00Z,REPLAY,predicted,unit,PC-PUMP-02,en_route,,,,,I187:dewatering:0,I187,,
510.8,2024-09-26T00:30:47.450641711Z,REPLAY,predicted,unit,PC-FIRE-05,available,dewatering finished at I295,,,,,,,
512.0,2024-09-26T00:32:00Z,REPLAY,predicted,unit,PC-POL-01,en_route,rerouted: crew found the road blocked,,,,I303:field_assessment:0,,,
512.3,2024-09-26T00:32:16.519416583Z,REPLAY,predicted,unit,PC-FIRE-04,on_site,,,,,I195:dewatering:0,I195,,
514.0,2024-09-26T00:34:00Z,REPLAY,predicted,unit,PC-POL-01,available,no passable road to the need (need returns to the pool),,,,,,,
513.2,2024-09-26T00:33:09.213739496Z,REPLAY,predicted,unit,PC-FIRE-06,available,field_assessment finished at I299,,,,,,,
513.7,2024-09-26T00:33:39.901917969Z,REPLAY,predicted,unit,PC-AMB-03,on_site,,,,,I300:field_assessment:0,I300,,
518.7,2024-09-26T00:38:39.901917969Z,REPLAY,predicted,unit,PC-AMB-03,available,field_assessment finished at I300,,,,,,,
520.0,2024-09-26T00:40:00Z,REPLAY,predicted,unit,PC-PUMP-02,en_route,,,,,I263:dewatering:0,I263,,
520.0,2024-09-26T00:40:00Z,REPLAY,predicted,unit,PC-FIRE-05,en_route,,,,,I305:field_assessment:0,I305,,
520.0,2024-09-26T00:40:00Z,REPLAY,predicted,unit,PC-AMB-03,en_route,,,,,I284:field_assessment:0,I284,,
520.0,2024-09-26T00:40:00Z,REPLAY,predicted,unit,PC-FIRE-06,en_route,,,,,I307:field_assessment:0,I307,,
521.9,2024-09-26T00:41:55.465878168Z,REPLAY,predicted,unit,PC-PUMP-02,on_site,,,,,I263:dewatering:0,I263,,
524.7,2024-09-26T00:44:44.790967424Z,REPLAY,predicted,unit,PC-POL-04,on_site,,,,,I302:field_assessment:0,I302,,
525.6,2024-09-26T00:45:34.180202550Z,REPLAY,predicted,unit,PC-PUMP-04,available,dewatering finished at I259,,,,,,,
529.7,2024-09-26T00:49:44.790967424Z,REPLAY,predicted,unit,PC-POL-04,available,field_assessment finished at I302,,,,,,,
530.0,2024-09-26T00:50:00Z,REPLAY,predicted,unit,PC-AMB-03,available,incident expired: unverified for 2 h with nothing new (likely stale or false),,,,,,,
530.0,2024-09-26T00:50:00Z,REPLAY,predicted,unit,PC-POL-04,en_route,,,,,I309:field_assessment:0,I309,,
530.0,2024-09-26T00:50:00Z,REPLAY,predicted,unit,PC-FIRE-06,en_route,,,,,I308:field_assessment:0,I308,,
530.0,2024-09-26T00:50:00Z,REPLAY,predicted,unit,PC-AMB-03,en_route,,,,,I307:field_assessment:0,I307,,
530.0,2024-09-26T00:50:00Z,REPLAY,predicted,unit,PC-PUMP-04,en_route,,,,,I231:dewatering:0,I231,,
534.0,2024-09-26T00:54:00.603796271Z,REPLAY,predicted,unit,PC-FIRE-05,on_site,,,,,I305:field_assessment:0,I305,,
539.0,2024-09-26T00:59:00.603796271Z,REPLAY,predicted,unit,PC-FIRE-05,available,field_assessment finished at I305,,,,,,,
540.0,2024-09-26T01:00:00Z,REPLAY,predicted,unit,PC-FIRE-05,en_route,,,,,I305:dewatering:0,I305,,
540.0,2024-09-26T01:00:00Z,REPLAY,predicted,unit,PC-PUMP-04,en_route,,,,,I179:dewatering:0,I179,,
540.0,2024-09-26T01:00:00Z,REPLAY,predicted,unit,PC-POL-03,en_route,,,,,I307:field_assessment:0,I307,,
540.0,2024-09-26T01:00:00Z,REPLAY,predicted,unit,PC-AMB-03,en_route,,,,,I306:field_assessment:0,I306,,
540.0,2024-09-26T01:00:02.149292535Z,REPLAY,predicted,unit,PC-POL-04,on_site,,,,,I309:field_assessment:0,I309,,
540.5,2024-09-26T01:00:31.599347918Z,REPLAY,predicted,unit,PC-FIRE-02,available,dewatering finished at I090,,,,,,,
542.8,2024-09-26T01:02:49.045475392Z,REPLAY,predicted,unit,PC-AMB-03,available,no passable road to the need (need returns to the pool),,,,,,,
542.1,2024-09-26T01:02:07.539092031Z,REPLAY,predicted,unit,PC-FIRE-05,on_site,,,,,I305:dewatering:0,I305,,
544.3,2024-09-26T01:04:18.629645050Z,REPLAY,predicted,unit,PC-PUMP-04,on_site,,,,,I179:dewatering:0,I179,,
545.0,2024-09-26T01:05:02.149292535Z,REPLAY,predicted,unit,PC-POL-04,available,field_assessment finished at I309,,,,,,,
546.5,2024-09-26T01:06:27.134503736Z,REPLAY,predicted,unit,PC-POL-03,on_site,,,,,I307:field_assessment:0,I307,,
548.4,2024-09-26T01:08:24.593089506Z,REPLAY,predicted,unit,PC-FIRE-06,on_site,,,,,I308:field_assessment:0,I308,,
550.0,2024-09-26T01:10:00Z,REPLAY,predicted,unit,PC-FIRE-07,en_route,,,,,I307:water_rescue:0,I307,,
550.0,2024-09-26T01:10:00Z,REPLAY,predicted,unit,PC-FIRE-02,en_route,,,,,I312:field_assessment:0,I312,,
550.0,2024-09-26T01:10:00Z,REPLAY,predicted,unit,PC-POL-04,en_route,,,,,I311:field_assessment:0,I311,,
551.5,2024-09-26T01:11:27.134503736Z,REPLAY,predicted,unit,PC-POL-03,available,field_assessment finished at I307,,,,,,,
553.4,2024-09-26T01:13:24.593089506Z,REPLAY,predicted,unit,PC-FIRE-06,available,field_assessment finished at I308,,,,,,,
554.2,2024-09-26T01:14:09.324027376Z,REPLAY,predicted,unit,PC-POL-04,en_route,rerouted: crew found the road blocked,,,,I311:field_assessment:0,,,
557.0,2024-09-26T01:17:00.348883214Z,REPLAY,predicted,unit,PC-POL-04,available,no passable road to the need (need returns to the pool),,,,,,,
560.0,2024-09-26T01:20:00Z,REPLAY,predicted,unit,PC-FIRE-06,en_route,,,,,I306:field_assessment:0,I306,,
560.0,2024-09-26T01:20:00Z,REPLAY,predicted,unit,PC-POL-03,en_route,,,,,I313:field_assessment:0,I313,,
560.4,2024-09-26T01:20:22.347200565Z,REPLAY,predicted,unit,PC-FIRE-02,en_route,rerouted: crew found the road blocked,,,,I312:field_assessment:0,,,
561.0,2024-09-26T01:21:02.654600362Z,REPLAY,predicted,unit,PC-FIRE-07,on_site,,,,,I307:water_rescue:0,I307,,
563.0,2024-09-26T01:23:00Z,REPLAY,predicted,unit,PC-FIRE-06,available,no passable road to the need (need returns to the pool),,,,,,,
564.9,2024-09-26T01:24:53.695839176Z,REPLAY,predicted,unit,PC-FIRE-02,on_site,,,,,I312:field_assessment:0,I312,,
569.9,2024-09-26T01:29:53.695839176Z,REPLAY,predicted,unit,PC-FIRE-02,available,field_assessment finished at I312,,,,,,,
570.0,2024-09-26T01:30:00Z,REPLAY,predicted,unit,PC-FIRE-06,en_route,,,,,I167:water_rescue:0,I167,,
570.0,2024-09-26T01:30:00Z,REPLAY,predicted,unit,PC-FIRE-02,en_route,,,,,I300:dewatering:0,I300,,
570.0,2024-09-26T01:30:00Z,REPLAY,predicted,unit,PC-AMB-02,en_route,,,,,I298:field_assessment:0,I298,,
573.0,2024-09-26T01:33:02.895335761Z,REPLAY,predicted,unit,PC-AMB-02,available,no passable road to the need (need returns to the pool),,,,,,,
572.3,2024-09-26T01:32:16.519416583Z,REPLAY,predicted,unit,PC-FIRE-04,available,dewatering finished at I195,,,,,,,
579.5,2024-09-26T01:39:32.703416165Z,REPLAY,predicted,unit,PC-POL-03,on_site,,,,,I313:field_assessment:0,I313,,
580.0,2024-09-26T01:40:00Z,REPLAY,predicted,unit,PC-FIRE-06,en_route,,,,,I308:dewatering:0,I308,,
580.0,2024-09-26T01:40:00Z,REPLAY,predicted,unit,PC-FIRE-04,en_route,,,,,I210:dewatering:0,I210,,
580.0,2024-09-26T01:40:00Z,REPLAY,predicted,unit,PC-FIRE-02,en_route,,,,,I314:field_assessment:0,I314,,
581.6,2024-09-26T01:41:35.069718869Z,REPLAY,predicted,unit,PC-FIRE-06,on_site,,,,,I308:dewatering:0,I308,,
581.9,2024-09-26T01:41:55.465878168Z,REPLAY,predicted,unit,PC-PUMP-02,available,dewatering finished at I263,,,,,,,
584.5,2024-09-26T01:44:32.703416165Z,REPLAY,predicted,unit,PC-POL-03,available,field_assessment finished at I313,,,,,,,
588.2,2024-09-26T01:48:13.243580787Z,REPLAY,predicted,unit,PC-FIRE-04,on_site,,,,,I210:dewatering:0,I210,,
590.0,2024-09-26T01:50:00Z,REPLAY,predicted,unit,PC-PUMP-02,en_route,,,,,I144:dewatering:0,I144,,
590.0,2024-09-26T01:50:00Z,REPLAY,predicted,unit,PC-POL-03,en_route,,,,,I316:field_assessment:0,I316,,
593.2,2024-09-26T01:53:09.453563588Z,REPLAY,predicted,unit,PC-FIRE-02,on_site,,,,,I314:field_assessment:0,I314,,
598.0,2024-09-26T01:58:01.226070184Z,REPLAY,predicted,unit,PC-PUMP-02,on_site,,,,,I144:dewatering:0,I144,,
598.2,2024-09-26T01:58:09.453563588Z,REPLAY,predicted,unit,PC-FIRE-02,available,field_assessment finished at I314,,,,,,,
599.3,2024-09-26T01:59:20.711999007Z,REPLAY,predicted,unit,PC-POL-03,on_site,,,,,I316:field_assessment:0,I316,,
600.0,2024-09-26T02:00:00Z,REPLAY,predicted,unit,PC-FIRE-02,en_route,,,,,I317:field_assessment:0,I317,,
602.1,2024-09-26T02:02:07.539092031Z,REPLAY,predicted,unit,PC-FIRE-05,available,dewatering finished at I305,,,,,,,
604.3,2024-09-26T02:04:18.629645050Z,REPLAY,predicted,unit,PC-PUMP-04,available,dewatering finished at I179,,,,,,,
604.3,2024-09-26T02:04:20.711999007Z,REPLAY,predicted,unit,PC-POL-03,available,field_assessment finished at I316,,,,,,,
606.0,2024-09-26T02:06:02.654600362Z,REPLAY,predicted,unit,PC-FIRE-07,available,water_rescue finished at I307,,,,,,,
610.0,2024-09-26T02:10:00Z,REPLAY,predicted,unit,PC-FIRE-02,en_route,,,,,I172:dewatering:0,I172,,
610.0,2024-09-26T02:10:00Z,REPLAY,predicted,unit,PC-POL-03,en_route,,,,,I306:field_assessment:0,I306,,
610.0,2024-09-26T02:10:00Z,REPLAY,predicted,unit,PC-PUMP-04,en_route,,,,,I061:dewatering:0,I061,,
610.0,2024-09-26T02:10:00Z,REPLAY,predicted,unit,PC-FIRE-05,en_route,,,,,I311:field_assessment:0,I311,,
612.7,2024-09-26T02:12:42.005072494Z,REPLAY,predicted,unit,PC-FIRE-02,on_site,,,,,I172:dewatering:0,I172,,
617.7,2024-09-26T02:17:40.715915645Z,REPLAY,predicted,unit,PC-POL-03,en_route,rerouted: crew found the road blocked,,,,I306:field_assessment:0,,,
620.0,2024-09-26T02:20:00Z,REPLAY,predicted,unit,PC-POL-03,available,incident expired: unverified for 2 h with nothing new (likely stale or false),,,,,,,
620.0,2024-09-26T02:20:00Z,REPLAY,predicted,unit,PC-POL-03,en_route,,,,,I317:field_assessment:0,I317,,
624.7,2024-09-26T02:24:42.131390565Z,REPLAY,predicted,unit,PC-POL-03,en_route,rerouted: crew found the road blocked,,,,I317:field_assessment:0,,,
626.1,2024-09-26T02:26:05.974779630Z,REPLAY,predicted,unit,PC-POL-03,en_route,rerouted: crew found the road blocked,,,,I317:field_assessment:0,,,
627.5,2024-09-26T02:27:28.675030642Z,REPLAY,predicted,unit,PC-PUMP-04,on_site,,,,,I061:dewatering:0,I061,,
628.6,2024-09-26T02:28:34.906824621Z,REPLAY,predicted,unit,PC-POL-03,en_route,rerouted: crew found the road blocked,,,,I317:field_assessment:0,,,
630.0,2024-09-26T02:30:00Z,REPLAY,predicted,unit,PC-FIRE-05,en_route,,,,,I231:dewatering:0,I231,,
630.0,2024-09-26T02:30:00Z,REPLAY,predicted,unit,PC-FIRE-03,en_route,,,,,I320:field_assessment:0,I320,,
634.6,2024-09-26T02:34:35.681677704Z,REPLAY,predicted,unit,PC-FIRE-05,on_site,,,,,I231:dewatering:0,I231,,
640.0,2024-09-26T02:40:00Z,REPLAY,predicted,unit,PC-POL-03,en_route,,,,,I311:field_assessment:0,I311,,
640.0,2024-09-26T02:40:00Z,REPLAY,predicted,unit,PC-FIRE-03,en_route,,,,,I019:dewatering:0,I019,,
641.6,2024-09-26T02:41:35.069718869Z,REPLAY,predicted,unit,PC-FIRE-06,available,dewatering finished at I308,,,,,,,
647.5,2024-09-26T02:47:29.970734387Z,REPLAY,predicted,unit,PC-FIRE-03,available,no passable road to the need (need returns to the pool),,,,,,,
648.2,2024-09-26T02:48:13.243580787Z,REPLAY,predicted,unit,PC-FIRE-04,available,dewatering finished at I210,,,,,,,
649.3,2024-09-26T02:49:18.713412189Z,REPLAY,predicted,unit,PC-POL-03,on_site,,,,,I311:field_assessment:0,I311,,
650.0,2024-09-26T02:50:00Z,REPLAY,predicted,unit,PC-FIRE-03,en_route,,,,,I103:water_rescue:0,I103,,
650.0,2024-09-26T02:50:00Z,REPLAY,predicted,unit,PC-FIRE-06,en_route,,,,,I167:water_rescue:0,I167,,
650.0,2024-09-26T02:50:00Z,REPLAY,predicted,unit,PC-FIRE-04,en_route,,,,,I321:field_assessment:0,I321,,
653.1,2024-09-26T02:53:04.947411657Z,REPLAY,predicted,unit,PC-FIRE-03,on_site,,,,,I103:water_rescue:0,I103,,
654.3,2024-09-26T02:54:18.713412189Z,REPLAY,predicted,unit,PC-POL-03,available,field_assessment finished at I311,,,,,,,
658.0,2024-09-26T02:58:01.226070184Z,REPLAY,predicted,unit,PC-PUMP-02,available,dewatering finished at I144,,,,,,,
659.4,2024-09-26T02:59:21.705000453Z,REPLAY,predicted,unit,PC-FIRE-06,on_site,,,,,I167:water_rescue:0,I167,,
660.0,2024-09-26T03:00:00Z,REPLAY,predicted,unit,PC-POL-03,en_route,,,,,I323:field_assessment:0,I323,,
660.0,2024-09-26T03:00:00Z,REPLAY,predicted,unit,PC-PUMP-02,en_route,,,,,I187:dewatering:0,I187,,
660.0,2024-09-26T03:00:00Z,REPLAY,predicted,unit,PC-POL-01,en_route,,,,,I324:field_assessment:0,I324,,
660.3,2024-09-26T03:00:17.409194993Z,REPLAY,predicted,unit,PC-FIRE-04,en_route,rerouted: crew found the road blocked,,,,I321:field_assessment:0,,,
663.0,2024-09-26T03:03:00Z,REPLAY,predicted,unit,PC-POL-01,available,no passable road to the need (need returns to the pool),,,,,,,
665.8,2024-09-26T03:05:48.368501182Z,REPLAY,predicted,unit,PC-FIRE-04,on_site,,,,,I321:field_assessment:0,I321,,
670.8,2024-09-26T03:10:48.368501182Z,REPLAY,predicted,unit,PC-FIRE-04,available,field_assessment finished at I321,,,,,,,
672.6,2024-09-26T03:12:33.115203893Z,REPLAY,predicted,unit,PC-POL-03,on_site,,,,,I323:field_assessment:0,I323,,
672.7,2024-09-26T03:12:42.005072494Z,REPLAY,predicted,unit,PC-FIRE-02,available,dewatering finished at I172,,,,,,,
677.4,2024-09-26T03:17:22.088286537Z,REPLAY,predicted,unit,PC-PUMP-02,on_site,,,,,I187:dewatering:0,I187,,
677.6,2024-09-26T03:17:33.115203893Z,REPLAY,predicted,unit,PC-POL-03,available,field_assessment finished at I323,,,,,,,
680.0,2024-09-26T03:20:00Z,REPLAY,predicted,unit,PC-FIRE-02,en_route,,,,,I325:field_assessment:0,I325,,
680.0,2024-09-26T03:20:00Z,REPLAY,predicted,unit,PC-FIRE-04,en_route,,,,,I324:field_assessment:0,I324,,
680.0,2024-09-26T03:20:00Z,REPLAY,predicted,unit,PC-POL-03,en_route,,,,,I322:field_assessment:0,I322,,
687.5,2024-09-26T03:27:28.675030642Z,REPLAY,predicted,unit,PC-PUMP-04,available,dewatering finished at I061,,,,,,,
688.5,2024-09-26T03:28:32.988738298Z,REPLAY,predicted,unit,PC-FIRE-02,en_route,rerouted: crew found the road blocked,,,,I325:field_assessment:0,,,
690.0,2024-09-26T03:30:00Z,REPLAY,predicted,unit,PC-FIRE-02,en_route,,,,,I317:field_assessment:0,I317,,
690.0,2024-09-26T03:30:00Z,REPLAY,predicted,unit,PC-PUMP-04,en_route,,,,,I019:dewatering:0,I019,,
694.6,2024-09-26T03:34:35.681677704Z,REPLAY,predicted,unit,PC-FIRE-05,available,dewatering finished at I231,,,,,,,
697.1,2024-09-26T03:37:07.608373086Z,REPLAY,predicted,unit,PC-FIRE-04,on_site,,,,,I324:field_assessment:0,I324,,
698.1,2024-09-26T03:38:04.947411657Z,REPLAY,predicted,unit,PC-FIRE-03,available,water_rescue finished at I103,,,,,,,
699.6,2024-09-26T03:39:38.066239745Z,REPLAY,predicted,unit,PC-POL-03,on_site,,,,,I322:field_assessment:0,I322,,
700.0,2024-09-26T03:40:00Z,REPLAY,predicted,unit,PC-FIRE-02,en_route,,,,,I074:dewatering:0,I074,,
700.0,2024-09-26T03:40:00Z,REPLAY,predicted,unit,PC-FIRE-05,en_route,,,,,I325:field_assessment:0,I325,,
700.5,2024-09-26T03:40:30.620177338Z,REPLAY,predicted,unit,PC-FIRE-02,on_site,,,,,I074:dewatering:0,I074,,
702.1,2024-09-26T03:42:07.608373086Z,REPLAY,predicted,unit,PC-FIRE-04,available,field_assessment finished at I324,,,,,,,
703.2,2024-09-26T03:43:10.382789565Z,REPLAY,predicted,unit,PC-PUMP-04,available,no passable road to the need (need returns to the pool),,,,,,,
704.4,2024-09-26T03:44:21.705000453Z,REPLAY,predicted,unit,PC-FIRE-06,available,water_rescue finished at I167,,,,,,,
704.6,2024-09-26T03:44:38.066239745Z,REPLAY,predicted,unit,PC-POL-03,available,field_assessment finished at I322,,,,,,,
710.0,2024-09-26T03:50:00Z,REPLAY,predicted,unit,PC-FIRE-04,en_route,,,,,I324:dewatering:0,I324,,
710.0,2024-09-26T03:50:00Z,REPLAY,predicted,unit,PC-PUMP-04,en_route,,,,,I233:dewatering:0,I233,,
710.0,2024-09-26T03:50:00Z,REPLAY,predicted,unit,PC-FIRE-05,en_route,,,,,I274:dewatering:0,I274,,
710.0,2024-09-26T03:50:00Z,REPLAY,predicted,unit,PC-POL-03,en_route,,,,,I325:field_assessment:0,I325,,
712.3,2024-09-26T03:52:16.769478089Z,REPLAY,predicted,unit,PC-FIRE-04,on_site,,,,,I324:dewatering:0,I324,,
715.7,2024-09-26T03:55:42.977487407Z,REPLAY,predicted,unit,PC-FIRE-05,on_site,,,,,I274:dewatering:0,I274,,
720.0,2024-09-26T04:00:00Z,REPLAY,predicted,unit,PC-POL-03,en_route,,,,,I326:field_assessment:0,I326,,
720.0,2024-09-26T04:00:00Z,REPLAY,predicted,unit,PC-PUMP-04,en_route,,,,,I046:dewatering:0,I046,,
