t_min,t_replay,time_label,policy,demand,incident,capability,ward,severity,reason
10.0,2025-09-28T11:10:00Z,REPLAY,current_status,I002:mass_transport:1,I002,mass_transport,w-pc-11,5,No unit able to provide mass transport could reach this ward within 45 minutes without pulling a unit off a higher-severity ward.
20.0,2025-09-28T11:20:00Z,REPLAY,current_status,I001:mass_transport:0,I001,mass_transport,w-pc-11,5,No unit able to provide mass transport could reach this ward within 45 minutes without pulling a unit off a higher-severity ward.
20.0,2025-09-28T11:20:00Z,REPLAY,current_status,I001:mass_transport:1,I001,mass_transport,w-pc-11,5,No unit able to provide mass transport could reach this ward within 45 minutes without pulling a unit off a higher-severity ward.
20.0,2025-09-28T11:20:00Z,REPLAY,current_status,I001:mass_transport:2,I001,mass_transport,w-pc-11,5,No unit able to provide mass transport could reach this ward within 45 minutes without pulling a unit off a higher-severity ward.
20.0,2025-09-28T11:20:00Z,REPLAY,current_status,I002:mass_transport:0,I002,mass_transport,w-pc-11,5,No unit able to provide mass transport could reach this ward within 45 minutes without pulling a unit off a higher-severity ward.
20.0,2025-09-28T11:20:00Z,REPLAY,current_status,I002:mass_transport:1,I002,mass_transport,w-pc-11,5,No unit able to provide mass transport could reach this ward within 45 minutes without pulling a unit off a higher-severity ward.
20.0,2025-09-28T11:20:00Z,REPLAY,current_status,I002:mass_transport:2,I002,mass_transport,w-pc-11,5,No unit able to provide mass transport could reach this ward within 45 minutes without pulling a unit off a higher-severity ward.
20.0,2025-09-28T11:20:00Z,REPLAY,current_status,I006:mass_transport:0,I006,mass_transport,w-pc-14,5,No unit able to provide mass transport could reach this ward within 45 minutes without pulling a unit off a higher-severity ward.
20.0,2025-09-28T11:20:00Z,REPLAY,current_status,I006:mass_transport:1,I006,mass_transport,w-pc-14,5,No unit able to provide mass transport could reach this ward within 45 minutes without pulling a unit off a higher-severity ward.
20.0,2025-09-28T11:20:00Z,REPLAY,current_status,I006:mass_transport:2,I006,mass_transport,w-pc-14,5,No unit able to provide mass transport could reach this ward within 45 minutes without pulling a unit off a higher-severity ward.
20.0,2025-09-28T11:20:00Z,REPLAY,current_status,I009:mass_transport:0,I009,mass_transport,w-pc-07,4,No unit able to provide mass transport could reach this ward within 45 minutes without pulling a unit off a higher-severity ward.
20.0,2025-09-28T11:20:00Z,REPLAY,current_status,I009:mass_transport:1,I009,mass_transport,w-pc-07,4,No unit able to provide mass transport could reach this ward within 45 minutes without pulling a unit off a higher-severity ward.
20.0,2025-09-28T11:20:00Z,REPLAY,current_status,I010:mass_transport:2,I010,mass_transport,w-pc-06,5,No unit able to provide mass transport could reach this ward within 45 minutes without pulling a unit off a higher-severity ward.
30.0,2025-09-28T11:30:00Z,REPLAY,current_status,I001:mass_transport:0,I001,mass_transport,w-pc-11,5,No unit able to provide mass transport could reach this ward within 45 minutes without pulling a unit off a higher-severity ward.
30.0,2025-09-28T11:30:00Z,REPLAY,current_status,I001:mass_transport:1,I001,mass_transport,w-pc-11,5,No unit able to provide mass transport could reach this ward within 45 minutes without pulling a unit off a higher-severity ward.
30.0,2025-09-28T11:30:00Z,REPLAY,current_status,I001:mass_transport:2,I001,mass_transport,w-pc-11,5,No unit able to provide mass transport could reach this ward within 45 minutes without pulling a unit off a higher-severity ward.
30.0,2025-09-28T11:30:00Z,REPLAY,current_status,I002:mass_transport:0,I002,mass_transport,w-pc-11,5,No unit able to provide mass transport could reach this ward within 45 minutes without pulling a unit off a higher-severity ward.
30.0,2025-09-28T11:30:00Z,REPLAY,current_status,I002:mass_transport:1,I002,mass_transport,w-pc-11,5,No unit able to provide mass transport could reach this ward within 45 minutes without pulling a unit off a higher-severity ward.
30.0,2025-09-28T11:30:00Z,REPLAY,current_status,I002:mass_transport:2,I002,mass_transport,w-pc-11,5,No unit able to provide mass transport could reach this ward within 45 minutes without pulling a unit off a higher-severity ward.
30.0,2025-09-28T11:30:00Z,REPLAY,current_status,I006:mass_transport:0,I006,mass_transport,w-pc-14,5,No unit able to provide mass transport could reach this ward within 45 minutes without pulling a unit off a higher-severity ward.
30.0,2025-09-28T11:30:00Z,REPLAY,current_status,I006:mass_transport:1,I006,mass_transport,w-pc-14,5,No unit able to provide mass transport could reach this ward within 45 minutes without pulling a unit off a higher-severity ward.
30.0,2025-09-28T11:30:00Z,REPLAY,current_status,I006:mass_transport:2,I006,mass_transport,w-pc-14,5,No unit able to provide mass transport could reach this ward within 45 minutes without pulling a unit off a higher-severity ward.
30.0,2025-09-28T11:30:00Z,REPLAY,current_status,I008:debris_clearance:0,I008,debris_clearance,w-pc-11,3,No unit able to provide debris clearance could reach this ward within 45 minutes without pulling a unit off a higher-severity ward.
30.0,2025-09-28T11:30:00Z,REPLAY,current_status,I009:mass_transport:0,I009,mass_transport,w-pc-07,4,No unit able to provide mass transport could reach this ward within 45 minutes without pulling a unit off a higher-severity ward.
30.0,2025-09-28T11:30:00Z,REPLAY,current_status,I009:mass_transport:1,I009,mass_transport,w-pc-07,4,No unit able to provide mass transport could reach this ward within 45 minutes without pulling a unit off a higher-severity ward.
30.0,2025-09-28T11:30:00Z,REPLAY,current_status,I010:mass_transport:1,I010,mass_transport,w-pc-06,5,No unit able to provide mass transport could reach this ward within 45 minutes without pulling a unit off a higher-severity ward.
30.0,2025-09-28T11:30:00Z,REPLAY,current_status,I011:mass_transport:0,I011,mass_transport,w-pc-14,4,No unit able to provide mass transport could reach this ward within 45 minutes without pulling a unit off a higher-severity ward.
30.0,2025-09-28T11:30:00Z,REPLAY,current_status,I011:mass_transport:1,I011,mass_transport,w-pc-14,4,No unit able to provide mass transport could reach this ward within 45 minutes without pulling a unit off a higher-severity ward.
30.0,2025-09-28T11:30:00Z,REPLAY,current_status,I015:mass_transport:0,I015,mass_transport,w-pc-11,4,No unit able to provide mass transport could reach this ward within 45 minutes without pulling a unit off a higher-severity ward.
30.0,2025-09-28T11:30:00Z,REPLAY,current_status,I015:mass_transport:1,I015,mass_transport,w-pc-11,4,No unit able to provide mass transport could reach this ward within 45 minutes without pulling a unit off a higher-severity ward.
40.0,2025-09-28T11:40:00Z,REPLAY,current_status,I001:mass_transport:0,I001,mass_transport,w-pc-11,5,No unit able to provide mass transport could reach this ward within 45 minutes without pulling a unit off a higher-severity ward.
40.0,2025-09-28T11:40:00Z,REPLAY,current_status,I001:mass_transport:1,I001,mass_transport,w-pc-11,5,No unit able to provide mass transport could reach this ward within 45 minutes without pulling a unit off a higher-severity ward.
40.0,2025-09-28T11:40:00Z,REPLAY,current_status,I001:mass_transport:2,I001,mass_transport,w-pc-11,5,No unit able to provide mass transport could reach this ward within 45 minutes without pulling a unit off a higher-severity ward.
40.0,2025-09-28T11:40:00Z,REPLAY,current_status,I002:mass_transport:0,I002,mass_transport,w-pc-11,5,No unit able to provide mass transport could reach this ward within 45 minutes without pulling a unit off a higher-severity ward.
40.0,2025-09-28T11:40:00Z,REPLAY,current_status,I002:mass_transport:1,I002,mass_transport,w-pc-11,5,No unit able to provide mass transport could reach this ward within 45 minutes without pulling a unit off a higher-severity ward.
40.0,2025-09-28T11:40:00Z,REPLAY,current_status,I002:mass_transport:2,I002,mass_transport,w-pc-11,5,No unit able to provide mass transport could reach this ward within 45 minutes without pulling a unit off a higher-severity ward.
40.0,2025-09-28T11:40:00Z,REPLAY,current_status,I006:mass_transport:0,I006,mass_transport,w-pc-14,5,No unit able to provide mass transport could reach this ward within 45 minutes without pulling a unit off a higher-severity ward.
40.0,2025-09-28T11:40:00Z,REPLAY,current_status,I006:mass_transport:1,I006,mass_transport,w-pc-14,5,No unit able to provide mass transport could reach this ward within 45 minutes without pulling a unit off a higher-severity ward.
40.0,2025-09-28T11:40:00Z,REPLAY,current_status,I006:mass_transport:2,I006,mass_transport,w-pc-14,5,No unit able to provide mass transport could reach this ward within 45 minutes without pulling a unit off a higher-severity ward.
40.0,2025-09-28T11:40:00Z,REPLAY,current_status,I009:mass_transport:0,I009,mass_transport,w-pc-07,4,No unit able to provide mass transport could reach this ward within 45 minutes without pulling a unit off a higher-severity ward.
40.0,2025-09-28T11:40:00Z,REPLAY,current_status,I009:mass_transport:1,I009,mass_transport,w-pc-07,4,No unit able to provide mass transport could reach this ward within 45 minutes without pulling a unit off a higher-severity ward.
40.0,2025-09-28T11:40:00Z,REPLAY,current_status,I010:mass_transport:0,I010,mass_transport,w-pc-06,5,No unit able to provide mass transport could reach this ward within 45 minutes without pulling a unit off a higher-severity ward.
40.0,2025-09-28T11:40:00Z,REPLAY,current_status,I011:mass_transport:0,I011,mass_transport,w-pc-14,4,No unit able to provide mass transport could reach this ward within 45 minutes without pulling a unit off a higher-severity ward.
40.0,2025-09-28T11:40:00Z,REPLAY,current_status,I011:mass_transport:1,I011,mass_transport,w-pc-14,4,No unit able to provide mass transport could reach this ward within 45 minutes without pulling a unit off a higher-severity ward.
40.0,2025-09-28T11:40:00Z,REPLAY,current_status,I015:mass_transport:0,I015,mass_transport,w-pc-11,4,No unit able to provide mass transport could reach this ward within 45 minutes without pulling a unit off a higher-severity ward.
40.0,2025-09-28T11:40:00Z,REPLAY,current_status,I015:mass_transport:1,I015,mass_transport,w-pc-11,4,No unit able to provide mass transport could reach this ward within 45 minutes without pulling a unit off a higher-severity ward.
40.0,2025-09-28T11:40:00Z,REPLAY,current_status,I017:mass_transport:0,I017,mass_transport,w-pc-07,5,No unit able to provide mass transport could reach this ward within 45 minutes without pulling a unit off a higher-severity ward.
40.0,2025-09-28T11:40:00Z,REPLAY,current_status,I017:mass_transport:1,I017,mass_transport,w-pc-07,5,No unit able to provide mass transport could reach this ward within 45 minutes without pulling a unit off a higher-severity ward.
40.0,2025-09-28T11:40:00Z,REPLAY,current_status,I017:mass_transport:2,I017,mass_transport,w-pc-07,5,No unit able to provide mass transport could reach this ward within 45 minutes without pulling a unit off a higher-severity ward.
50.0,2025-09-28T11:50:00Z,REPLAY,current_status,I001:mass_transport:0,I001,mass_transport,w-pc-11,5,No unit able to provide mass transport could reach this ward within 45 minutes without pulling a unit off a higher-severity ward.
50.0,2025-09-28T11:50:00Z,REPLAY,current_status,I001:mass_transport:1,I001,mass_transport,w-pc-11,5,No unit able to provide mass transport could reach this ward within 45 minutes without pulling a unit off a higher-severity ward.
50.0,2025-09-28T11:50:00Z,REPLAY,current_status,I001:mass_transport:2,I001,mass_transport,w-pc-11,5,No unit able to provide mass transport could reach this ward within 45 minutes without pulling a unit off a higher-severity ward.
50.0,2025-09-28T11:50:00Z,REPLAY,current_status,I002:mass_transport:0,I002,mass_transport,w-pc-11,5,No unit able to provide mass transport could reach this ward within 45 minutes without pulling a unit off a higher-severity ward.
50.0,2025-09-28T11:50:00Z,REPLAY,current_status,I002:mass_transport:1,I002,mass_transport,w-pc-11,5,No unit able to provide mass transport could reach this ward within 45 minutes without pulling a unit off a higher-severity ward.
50.0,2025-09-28T11:50:00Z,REPLAY,current_status,I002:mass_transport:2,I002,mass_transport,w-pc-11,5,No unit able to provide mass transport could reach this ward within 45 minutes without pulling a unit off a higher-severity ward.
50.0,2025-09-28T11:50:00Z,REPLAY,current_status,I006:mass_transport:0,I006,mass_transport,w-pc-14,5,No unit able to provide mass transport could reach this ward within 45 minutes without pulling a unit off a higher-severity ward.
50.0,2025-09-28T11:50:00Z,REPLAY,current_status,I006:mass_transport:1,I006,mass_transport,w-pc-14,5,No unit able to provide mass transport could reach this ward within 45 minutes without pulling a unit off a higher-severity ward.
50.0,2025-09-28T11:50:00Z,REPLAY,current_status,I006:mass_transport:2,I006,mass_transport,w-pc-14,5,No unit able to provide mass transport could reach this ward within 45 minutes without pulling a unit off a higher-severity ward.
50.0,2025-09-28T11:50:00Z,REPLAY,current_status,I009:mass_transport:0,I009,mass_transport,w-pc-07,4,No unit able to provide mass transport could reach this ward within 45 minutes without pulling a unit off a higher-severity ward.
50.0,2025-09-28T11:50:00Z,REPLAY,current_status,I009:mass_transport:1,I009,mass_transport,w-pc-07,4,No unit able to provide mass transport could reach this ward within 45 minutes without pulling a unit off a higher-severity ward.
50.0,2025-09-28T11:50:00Z,REPLAY,current_status,I010:mass_transport:0,I010,mass_transport,w-pc-06,5,No unit able to provide mass transport could reach this ward within 45 minutes without pulling a unit off a higher-severity ward.
50.0,2025-09-28T11:50:00Z,REPLAY,current_status,I011:mass_transport:0,I011,mass_transport,w-pc-14,4,No unit able to provide mass transport could reach this ward within 45 minutes without pulling a unit off a higher-severity ward.
50.0,2025-09-28T11:50:00Z,REPLAY,current_status,I011:mass_transport:1,I011,mass_transport,w-pc-14,4,No unit able to provide mass transport could reach this ward within 45 minutes without pulling a unit off a higher-severity ward.
50.0,2025-09-28T11:50:00Z,REPLAY,current_status,I015:mass_transport:0,I015,mass_transport,w-pc-11,4,No unit able to provide mass transport could reach this ward within 45 minutes without pulling a unit off a higher-severity ward.
50.0,2025-09-28T11:50:00Z,REPLAY,current_status,I015:mass_transport:1,I015,mass_transport,w-pc-11,4,No unit able to provide mass transport could reach this ward within 45 minutes without pulling a unit off a higher-severity ward.
50.0,2025-09-28T11:50:00Z,REPLAY,current_status,I017:mass_transport:0,I017,mass_transport,w-pc-07,5,No unit able to provide mass transport could reach this ward within 45 minutes without pulling a unit off a higher-severity ward.
50.0,2025-09-28T11:50:00Z,REPLAY,current_status,I017:mass_transport:1,I017,mass_transport,w-pc-07,5,No unit able to provide mass transport could reach this ward within 45 minutes without pulling a unit off a higher-severity ward.
50.0,2025-09-28T11:50:00Z,REPLAY,current_status,I017:mass_transport:2,I017,mass_transport,w-pc-07,5,No unit able to provide mass transport could reach this ward within 45 minutes without pulling a unit off a higher-severity ward.
50.0,2025-09-28T11:50:00Z,REPLAY,current_status,I021:dewatering:0,I021,dewatering,w-pc-10,2,No unit able to provide dewatering could reach this ward within 45 minutes without pulling a unit off a higher-severity ward.
60.0,2025-09-28T12:00:00Z,REPLAY,current_status,I001:mass_transport:0,I001,mass_transport,w-pc-11,5,No unit able to provide mass transport could reach this ward within 45 minutes without pulling a unit off a higher-severity ward.
60.0,2025-09-28T12:00:00Z,REPLAY,current_status,I001:mass_transport:1,I001,mass_transport,w-pc-11,5,No unit able to provide mass transport could reach this ward within 45 minutes without pulling a unit off a higher-severity ward.
60.0,2025-09-28T12:00:00Z,REPLAY,current_status,I001:mass_transport:2,I001,mass_transport,w-pc-11,5,No unit able to provide mass transport could reach this ward within 45 minutes without pulling a unit off a higher-severity ward.
60.0,2025-09-28T12:00:00Z,REPLAY,current_status,I002:mass_transport:0,I002,mass_transport,w-pc-11,5,No unit able to provide mass transport could reach this ward within 45 minutes without pulling a unit off a higher-severity ward.
60.0,2025-09-28T12:00:00Z,REPLAY,current_status,I002:mass_transport:1,I002,mass_transport,w-pc-11,5,No unit able to provide mass transport could reach this ward within 45 minutes without pulling a unit off a higher-severity ward.
60.0,2025-09-28T12:00:00Z,REPLAY,current_status,I002:mass_transport:2,I002,mass_transport,w-pc-11,5,No unit able to provide mass transport could reach this ward within 45 minutes without pulling a unit off a higher-severity ward.
60.0,2025-09-28T12:00:00Z,REPLAY,current_status,I006:mass_transport:0,I006,mass_transport,w-pc-14,5,No unit able to provide mass transport could reach this ward within 45 minutes without pulling a unit off a higher-severity ward.
60.0,2025-09-28T12:00:00Z,REPLAY,current_status,I006:mass_transport:1,I006,mass_transport,w-pc-14,5,No unit able to provide mass transport could reach this ward within 45 minutes without pulling a unit off a higher-severity ward.
60.0,2025-09-28T12:00:00Z,REPLAY,current_status,I006:mass_transport:2,I006,mass_transport,w-pc-14,5,No unit able to provide mass transport could reach this ward within 45 minutes without pulling a unit off a higher-severity ward.
60.0,2025-09-28T12:00:00Z,REPLAY,current_status,I009:mass_transport:0,I009,mass_transport,w-pc-07,4,No unit able to provide mass transport could reach this ward within 45 minutes without pulling a unit off a higher-severity ward.
60.0,2025-09-28T12:00:00Z,REPLAY,current_status,I009:mass_transport:1,I009,mass_transport,w-pc-07,4,No unit able to provide mass transport could reach this ward within 45 minutes without pulling a unit off a higher-severity ward.
60.0,2025-09-28T12:00:00Z,REPLAY,current_status,I011:mass_transport:0,I011,mass_transport,w-pc-14,4,No unit able to provide mass transport could reach this ward within 45 minutes without pulling a unit off a higher-severity ward.
60.0,2025-09-28T12:00:00Z,REPLAY,current_status,I011:mass_transport:1,I011,mass_transport,w-pc-14,4,No unit able to provide mass transport could reach this ward within 45 minutes without pulling a unit off a higher-severity ward.
60.0,2025-09-28T12:00:00Z,REPLAY,current_status,I015:mass_transport:0,I015,mass_transport,w-pc-11,4,No unit able to provide mass transport could reach this ward within 45 minutes without pulling a unit off a higher-severity ward.
60.0,2025-09-28T12:00:00Z,REPLAY,current_status,I015:mass_transport:1,I015,mass_transport,w-pc-11,4,No unit able to provide mass transport could reach this ward within 45 minutes without pulling a unit off a higher-severity ward.
60.0,2025-09-28T12:00:00Z,REPLAY,current_status,I017:mass_transport:1,I017,mass_transport,w-pc-07,5,No unit able to provide mass transport could reach this ward within 45 minutes without pulling a unit off a higher-severity ward.
60.0,2025-09-28T12:00:00Z,REPLAY,current_status,I017:mass_transport:2,I017,mass_transport,w-pc-07,5,No unit able to provide mass transport could reach this ward within 45 minutes without pulling a unit off a higher-severity ward.
60.0,2025-09-28T12:00:00Z,REPLAY,current_status,I021:dewatering:0,I021,dewatering,w-pc-10,2,No unit able to provide dewatering could reach this ward within 45 minutes without pulling a unit off a higher-severity ward.
60.0,2025-09-28T12:00:00Z,REPLAY,current_status,I022:dewatering:0,I022,dewatering,w-pc-11,2,No unit able to provide dewatering could reach this ward within 45 minutes without pulling a unit off a higher-severity ward.
70.0,2025-09-28T12:10:00Z,REPLAY,current_status,I001:mass_transport:0,I001,mass_transport,w-pc-11,5,No unit able to provide mass transport could reach this ward within 45 minutes without pulling a unit off a higher-severity ward.
70.0,2025-09-28T12:10:00Z,REPLAY,current_status,I001:mass_transport:1,I001,mass_transport,w-pc-11,5,No unit able to provide mass transport could reach this ward within 45 minutes without pulling a unit off a higher-severity ward.
70.0,2025-09-28T12:10:00Z,REPLAY,current_status,I001:mass_transport:2,I001,mass_transport,w-pc-11,5,No unit able to provide mass transport could reach this ward within 45 minutes without pulling a unit off a higher-severity ward.
70.0,2025-09-28T12:10:00Z,REPLAY,current_status,I002:mass_transport:0,I002,mass_transport,w-pc-11,5,No unit able to provide mass transport could reach this ward within 45 minutes without pulling a unit off a higher-severity ward.
70.0,2025-09-28T12:10:00Z,REPLAY,current_status,I002:mass_transport:1,I002,mass_transport,w-pc-11,5,No unit able to provide mass transport could reach this ward within 45 minutes without pulling a unit off a higher-severity ward.
70.0,2025-09-28T12:10:00Z,REPLAY,current_status,I002:mass_transport:2,I002,mass_transport,w-pc-11,5,No unit able to provide mass transport could reach this ward within 45 minutes without pulling a unit off a higher-severity ward.
70.0,2025-09-28T12:10:00Z,REPLAY,current_status,I006:mass_transport:0,I006,mass_transport,w-pc-14,5,No unit able to provide mass transport could reach this ward within 45 minutes without pulling a unit off a higher-severity ward.
70.0,2025-09-28T12:10:00Z,REPLAY,current_status,I006:mass_transport:1,I006,mass_transport,w-pc-14,5,No unit able to provide mass transport could reach this ward within 45 minutes without pulling a unit off a higher-severity ward.
70.0,2025-09-28T12:10:00Z,REPLAY,current_status,I006:mass_transport:2,I006,mass_transport,w-pc-14,5,No unit able to provide mass transport could reach this ward within 45 minutes without pulling a unit off a higher-severity ward.
70.0,2025-09-28T12:10:00Z,REPLAY,current_status,I009:mass_transport:0,I009,mass_transport,w-pc-07,4,No unit able to provide mass transport could reach this ward within 45 minutes without pulling a unit off a higher-severity ward.
70.0,2025-09-28T12:10:00Z,REPLAY,current_status,I009:mass_transport:1,I009,mass_transport,w-pc-07,4,No unit able to provide mass transport could reach this ward within 45 minutes without pulling a unit off a higher-severity ward.
70.0,2025-09-28T12:10:00Z,REPLAY,current_status,I011:mass_transport:0,I011,mass_transport,w-pc-14,4,No unit able to provide mass transport could reach this ward within 45 minutes without pulling a unit off a higher-severity ward.
70.0,2025-09-28T12:10:00Z,REPLAY,current_status,I011:mass_transport:1,I011,mass_transport,w-pc-14,4,No unit able to provide mass transport could reach this ward within 45 minutes without pulling a unit off a higher-severity ward.
70.0,2025-09-28T12:10:00Z,REPLAY,current_status,I015:mass_transport:0,I015,mass_transport,w-pc-11,4,No unit able to provide mass transport could reach this ward within 45 minutes without pulling a unit off a higher-severity ward.
70.0,2025-09-28T12:10:00Z,REPLAY,current_status,I015:mass_transport:1,I015,mass_transport,w-pc-11,4,No unit able to provide mass transport could reach this ward within 45 minutes without pulling a unit off a higher-severity ward.
70.0,2025-09-28T12:10:00Z,REPLAY,current_status,I017:mass_transport:0,I017,mass_transport,w-pc-07,5,No unit able to provide mass transport could reach this ward within 45 minutes without pulling a unit off a higher-severity ward.
70.0,2025-09-28T12:10:00Z,REPLAY,current_status,I017:mass_transport:1,I017,mass_transport,w-pc-07,5,No unit able to provide mass transport could reach this ward within 45 minutes without pulling a unit off a higher-severity ward.
70.0,2025-09-28T12:10:00Z,REPLAY,current_status,I024:mass_transport:0,I024,mass_transport,w-pc-06,4,No unit able to provide mass transport could reach this ward within 45 minutes without pulling a unit off a higher-severity ward.
70.0,2025-09-28T12:10:00Z,REPLAY,current_status,I024:mass_transport:1,I024,mass_transport,w-pc-06,4,No unit able to provide mass transport could reach this ward within 45 minutes without pulling a unit off a higher-severity ward.
70.0,2025-09-28T12:10:00Z,REPLAY,current_status,I024:dewatering:0,I024,dewatering,w-pc-06,4,No unit able to provide dewatering could reach this ward within 45 minutes without pulling a unit off a higher-severity ward.
80.0,2025-09-28T12:20:00Z,REPLAY,current_status,I001:mass_transport:0,I001,mass_transport,w-pc-11,5,No unit able to provide mass transport could reach this ward within 45 minutes without pulling a unit off a higher-severity ward.
80.0,2025-09-28T12:20:00Z,REPLAY,current_status,I001:mass_transport:1,I001,mass_transport,w-pc-11,5,No unit able to provide mass transport could reach this ward within 45 minutes without pulling a unit off a higher-severity ward.
80.0,2025-09-28T12:20:00Z,REPLAY,current_status,I001:mass_transport:2,I001,mass_transport,w-pc-11,5,No unit able to provide mass transport could reach this ward within 45 minutes without pulling a unit off a higher-severity ward.
80.0,2025-09-28T12:20:00Z,REPLAY,current_status,I002:mass_transport:0,I002,mass_transport,w-pc-11,5,No unit able to provide mass transport could reach this ward within 45 minutes without pulling a unit off a higher-severity ward.
80.0,2025-09-28T12:20:00Z,REPLAY,current_status,I002:mass_transport:1,I002,mass_transport,w-pc-11,5,No unit able to provide mass transport could reach this ward within 45 minutes without pulling a unit off a higher-severity ward.
80.0,2025-09-28T12:20:00Z,REPLAY,current_status,I002:mass_transport:2,I002,mass_transport,w-pc-11,5,No unit able to provide mass transport could reach this ward within 45 minutes without pulling a unit off a higher-severity ward.
80.0,2025-09-28T12:20:00Z,REPLAY,current_status,I006:mass_transport:0,I006,mass_transport,w-pc-14,5,No unit able to provide mass transport could reach this ward within 45 minutes without pulling a unit off a higher-severity ward.
80.0,2025-09-28T12:20:00Z,REPLAY,current_status,I006:mass_transport:1,I006,mass_transport,w-pc-14,5,No unit able to provide mass transport could reach this ward within 45 minutes without pulling a unit off a higher-severity ward.
80.0,2025-09-28T12:20:00Z,REPLAY,current_status,I006:mass_transport:2,I006,mass_transport,w-pc-14,5,No unit able to provide mass transport could reach this ward within 45 minutes without pulling a unit off a higher-severity ward.
80.0,2025-09-28T12:20:00Z,REPLAY,current_status,I009:mass_transport:0,I009,mass_transport,w-pc-07,4,No unit able to provide mass transport could reach this ward within 45 minutes without pulling a unit off a higher-severity ward.
80.0,2025-09-28T12:20:00Z,REPLAY,current_status,I009:mass_transport:1,I009,mass_transport,w-pc-07,4,No unit able to provide mass transport could reach this ward within 45 minutes without pulling a unit off a higher-severity ward.
80.0,2025-09-28T12:20:00Z,REPLAY,current_status,I011:mass_transport:0,I011,mass_transport,w-pc-14,4,No unit able to provide mass transport could reach this ward within 45 minutes without pulling a unit off a higher-severity ward.
80.0,2025-09-28T12:20:00Z,REPLAY,current_status,I011:mass_transport:1,I011,mass_transport,w-pc-14,4,No unit able to provide mass transport could reach this ward within 45 minutes without pulling a unit off a higher-severity ward.
80.0,2025-09-28T12:20:00Z,REPLAY,current_status,I015:mass_transport:0,I015,mass_transport,w-pc-11,4,No unit able to provide mass transport could reach this ward within 45 minutes without pulling a unit off a higher-severity ward.
80.0,2025-09-28T12:20:00Z,REPLAY,current_status,I015:mass_transport:1,I015,mass_transport,w-pc-11,4,No unit able to provide mass transport could reach this ward within 45 minutes without pulling a unit off a higher-severity ward.
80.0,2025-09-28T12:20:00Z,REPLAY,current_status,I017:mass_transport:0,I017,mass_transport,w-pc-07,5,No unit able to provide mass transport could reach this ward within 45 minutes without pulling a unit off a higher-severity ward.
80.0,2025-09-28T12:20:00Z,REPLAY,current_status,I017:mass_transport:1,I017,mass_transport,w-pc-07,5,No unit able to provide mass transport could reach this ward within 45 minutes without pulling a unit off a higher-severity ward.
80.0,2025-09-28T12:20:00Z,REPLAY,current_status,I024:mass_transport:0,I024,mass_transport,w-pc-06,4,No unit able to provide mass transport could reach this ward within 45 minutes without pulling a unit off a higher-severity ward.
80.0,2025-09-28T12:20:00Z,REPLAY,current_status,I024:mass_transport:1,I024,mass_transport,w-pc-06,4,No unit able to provide mass transport could reach this ward within 45 minutes without pulling a unit off a higher-severity ward.
90.0,2025-09-28T12:30:00Z,REPLAY,current_status,I001:mass_transport:0,I001,mass_transport,w-pc-11,5,No unit able to provide mass transport could reach this ward within 45 minutes without pulling a unit off a higher-severity ward.
90.0,2025-09-28T12:30:00Z,REPLAY,current_status,I001:mass_transport:1,I001,mass_transport,w-pc-11,5,No unit able to provide mass transport could reach this ward within 45 minutes without pulling a unit off a higher-severity ward.
90.0,2025-09-28T12:30:00Z,REPLAY,current_status,I001:mass_transport:2,I001,mass_transport,w-pc-11,5,No unit able to provide mass transport could reach this ward within 45 minutes without pulling a unit off a higher-severity ward.
90.0,2025-09-28T12:30:00Z,REPLAY,current_status,I002:mass_transport:0,I002,mass_transport,w-pc-11,5,No unit able to provide mass transport could reach this ward within 45 minutes without pulling a unit off a higher-severity ward.
90.0,2025-09-28T12:30:00Z,REPLAY,current_status,I002:mass_transport:1,I002,mass_transport,w-pc-11,5,No unit able to provide mass transport could reach this ward within 45 minutes without pulling a unit off a higher-severity ward.
90.0,2025-09-28T12:30:00Z,REPLAY,current_status,I002:mass_transport:2,I002,mass_transport,w-pc-11,5,No unit able to provide mass transport could reach this ward within 45 minutes without pulling a unit off a higher-severity ward.
90.0,2025-09-28T12:30:00Z,REPLAY,current_status,I006:mass_transport:0,I006,mass_transport,w-pc-14,5,No unit able to provide mass transport could reach this ward within 45 minutes without pulling a unit off a higher-severity ward.
90.0,2025-09-28T12:30:00Z,REPLAY,current_status,I006:mass_transport:1,I006,mass_transport,w-pc-14,5,No unit able to provide mass transport could reach this ward within 45 minutes without pulling a unit off a higher-severity ward.
90.0,2025-09-28T12:30:00Z,REPLAY,current_status,I006:mass_transport:2,I006,mass_transport,w-pc-14,5,No unit able to provide mass transport could reach this ward within 45 minutes without pulling a unit off a higher-severity ward.
90.0,2025-09-28T12:30:00Z,REPLAY,current_status,I009:mass_transport:0,I009,mass_transport,w-pc-07,4,No unit able to provide mass transport could reach this ward within 45 minutes without pulling a unit off a higher-severity ward.
90.0,2025-09-28T12:30:00Z,REPLAY,current_status,I009:mass_transport:1,I009,mass_transport,w-pc-07,4,No unit able to provide mass transport could reach this ward within 45 minutes without pulling a unit off a higher-severity ward.
90.0,2025-09-28T12:30:00Z,REPLAY,current_status,I011:mass_transport:0,I011,mass_transport,w-pc-14,4,No unit able to provide mass transport could reach this ward within 45 minutes without pulling a unit off a higher-severity ward.
90.0,2025-09-28T12:30:00Z,REPLAY,current_status,I011:mass_transport:1,I011,mass_transport,w-pc-14,4,No unit able to provide mass transport could reach this ward within 45 minutes without pulling a unit off a higher-severity ward.
90.0,2025-09-28T12:30:00Z,REPLAY,current_status,I015:mass_transport:0,I015,mass_transport,w-pc-11,4,No unit able to provide mass transport could reach this ward within 45 minutes without pulling a unit off a higher-severity ward.
90.0,2025-09-28T12:30:00Z,REPLAY,current_status,I015:mass_transport:1,I015,mass_transport,w-pc-11,4,No unit able to provide mass transport could reach this ward within 45 minutes without pulling a unit off a higher-severity ward.
90.0,2025-09-28T12:30:00Z,REPLAY,current_status,I017:mass_transport:0,I017,mass_transport,w-pc-07,5,No unit able to provide mass transport could reach this ward within 45 minutes without pulling a unit off a higher-severity ward.
90.0,2025-09-28T12:30:00Z,REPLAY,current_status,I017:mass_transport:1,I017,mass_transport,w-pc-07,5,No unit able to provide mass transport could reach this ward within 45 minutes without pulling a unit off a higher-severity ward.
90.0,2025-09-28T12:30:00Z,REPLAY,current_status,I024:mass_transport:0,I024,mass_transport,w-pc-06,4,No unit able to provide mass transport could reach this ward within 45 minutes without pulling a unit off a higher-severity ward.
90.0,2025-09-28T12:30:00Z,REPLAY,current_status,I024:mass_transport:1,I024,mass_transport,w-pc-06,4,No unit able to provide mass transport could reach this ward within 45 minutes without pulling a unit off a higher-severity ward.
90.0,2025-09-28T12:30:00Z,REPLAY,current_status,I027:mass_transport:0,I027,mass_transport,w-pc-10,4,No unit able to provide mass transport could reach this ward within 45 minutes without pulling a unit off a higher-severity ward.
90.0,2025-09-28T12:30:00Z,REPLAY,current_status,I027:mass_transport:1,I027,mass_transport,w-pc-10,4,No unit able to provide mass transport could reach this ward within 45 minutes without pulling a unit off a higher-severity ward.
100.0,2025-09-28T12:40:00Z,REPLAY,current_status,I001:mass_transport:0,I001,mass_transport,w-pc-11,5,No unit able to provide mass transport could reach this ward within 45 minutes without pulling a unit off a higher-severity ward.
100.0,2025-09-28T12:40:00Z,REPLAY,current_status,I001:mass_transport:1,I001,mass_transport,w-pc-11,5,No unit able to provide mass transport could reach this ward within 45 minutes without pulling a unit off a higher-severity ward.
100.0,2025-09-28T12:40:00Z,REPLAY,current_status,I001:mass_transport:2,I001,mass_transport,w-pc-11,5,No unit able to provide mass transport could reach this ward within 45 minutes without pulling a unit off a higher-severity ward.
100.0,2025-09-28T12:40:00Z,REPLAY,current_status,I002:mass_transport:1,I002,mass_transport,w-pc-11,5,No unit able to provide mass transport could reach this ward within 45 minutes without pulling a unit off a higher-severity ward.
100.0,2025-09-28T12:40:00Z,REPLAY,current_status,I002:mass_transport:2,I002,mass_transport,w-pc-11,5,No unit able to provide mass transport could reach this ward within 45 minutes without pulling a unit off a higher-severity ward.
100.0,2025-09-28T12:40:00Z,REPLAY,current_status,I006:mass_transport:0,I006,mass_transport,w-pc-14,5,No unit able to provide mass transport could reach this ward within 45 minutes without pulling a unit off a higher-severity ward.
100.0,2025-09-28T12:40:00Z,REPLAY,current_status,I006:mass_transport:1,I006,mass_transport,w-pc-14,5,No unit able to provide mass transport could reach this ward within 45 minutes without pulling a unit off a higher-severity ward.
100.0,2025-09-28T12:40:00Z,REPLAY,current_status,I006:mass_transport:2,I006,mass_transport,w-pc-14,5,No unit able to provide mass transport could reach this ward within 45 minutes without pulling a unit off a higher-severity ward.
100.0,2025-09-28T12:40:00Z,REPLAY,current_status,I009:mass_transport:0,I009,mass_transport,w-pc-07,4,No unit able to provide mass transport could reach this ward within 45 minutes without pulling a unit off a higher-severity ward.
100.0,2025-09-28T12:40:00Z,REPLAY,current_status,I009:mass_transport:1,I009,mass_transport,w-pc-07,4,No unit able to provide mass transport could reach this ward within 45 minutes without pulling a unit off a higher-severity ward.
100.0,2025-09-28T12:40:00Z,REPLAY,current_status,I011:mass_transport:0,I011,mass_transport,w-pc-14,4,No unit able to provide mass transport could reach this ward within 45 minutes without pulling a unit off a higher-severity ward.
100.0,2025-09-28T12:40:00Z,REPLAY,current_status,I011:mass_transport:1,I011,mass_transport,w-pc-14,4,No unit able to provide mass transport could reach this ward within 45 minutes without pulling a unit off a higher-severity ward.
100.0,2025-09-28T12:40:00Z,REPLAY,current_status,I015:mass_transport:0,I015,mass_transport,w-pc-11,4,No unit able to provide mass transport could reach this ward within 45 minutes without pulling a unit off a higher-severity ward.
100.0,2025-09-28T12:40:00Z,REPLAY,current_status,I015:mass_transport:1,I015,mass_transport,w-pc-11,4,No unit able to provide mass transport could reach this ward within 45 minutes without pulling a unit off a higher-severity ward.
100.0,2025-09-28T12:40:00Z,REPLAY,current_status,I017:mass_transport:0,I017,mass_transport,w-pc-07,5,No unit able to provide mass transport could reach this ward within 45 minutes without pulling a unit off a higher-severity ward.
100.0,2025-09-28T12:40:00Z,REPLAY,current_status,I017:mass_transport:1,I017,mass_transport,w-pc-07,5,No unit able to provide mass transport could reach this ward within 45 minutes without pulling a unit off a higher-severity ward.
100.0,2025-09-28T12:40:00Z,REPLAY,current_status,I024:mass_transport:0,I024,mass_transport,w-pc-06,4,No unit able to provide mass transport could reach this ward within 45 minutes without pulling a unit off a higher-severity ward.
100.0,2025-09-28T12:40:00Z,REPLAY,current_status,I024:mass_transport:1,I024,mass_transport,w-pc-06,4,No unit able to provide mass transport could reach this ward within 45 minutes without pulling a unit off a higher-severity ward.
100.0,2025-09-28T12:40:00Z,REPLAY,current_status,I027:mass_transport:0,I027,mass_transport,w-pc-10,4,No unit able to provide mass transport could reach this ward within 45 minutes without pulling a unit off a higher-severity ward.
100.0,2025-09-28T12:40:00Z,REPLAY,current_status,I027:mass_transport:1,I027,mass_transport,w-pc-10,4,No unit able to provide mass transport could reach this ward within 45 minutes without pulling a unit off a higher-severity ward.
110.0,2025-09-28T12:50:00Z,REPLAY,current_status,I001:mass_transport:0,I001,mass_transport,w-pc-11,5,No unit able to provide mass transport could reach this ward within 45 minutes without pulling a unit off a higher-severity ward.
110.0,2025-09-28T12:50:00Z,REPLAY,current_status,I001:mass_transport:1,I001,mass_transport,w-pc-11,5,No unit able to provide mass transport could reach this ward within 45 minutes without pulling a unit off a higher-severity ward.
110.0,2025-09-28T12:50:00Z,REPLAY,current_status,I001:mass_transport:2,I001,mass_transport,w-pc-11,5,No unit able to provide mass transport could reach this ward within 45 minutes without pulling a unit off a higher-severity ward.
110.0,2025-09-28T12:50:00Z,REPLAY,current_status,I002:mass_transport:1,I002,mass_transport,w-pc-11,5,No unit able to provide mass transport could reach this ward within 45 minutes without pulling a unit off a higher-severity ward.
110.0,2025-09-28T12:50:00Z,REPLAY,current_status,I002:mass_transport:2,I002,mass_transport,w-pc-11,5,No unit able to provide mass transport could reach this ward within 45 minutes without pulling a unit off a higher-severity ward.
110.0,2025-09-28T12:50:00Z,REPLAY,current_status,I006:mass_transport:0,I006,mass_transport,w-pc-14,5,No unit able to provide mass transport could reach this ward within 45 minutes without pulling a unit off a higher-severity ward.
110.0,2025-09-28T12:50:00Z,REPLAY,current_status,I006:mass_transport:1,I006,mass_transport,w-pc-14,5,No unit able to provide mass transport could reach this ward within 45 minutes without pulling a unit off a higher-severity ward.
110.0,2025-09-28T12:50:00Z,REPLAY,current_status,I006:mass_transport:2,I006,mass_transport,w-pc-14,5,No unit able to provide mass transport could reach this ward within 45 minutes without pulling a unit off a higher-severity ward.
110.0,2025-09-28T12:50:00Z,REPLAY,current_status,I009:mass_transport:0,I009,mass_transport,w-pc-07,4,No unit able to provide mass transport could reach this ward within 45 minutes without pulling a unit off a higher-severity ward.
110.0,2025-09-28T12:50:00Z,REPLAY,current_status,I009:mass_transport:1,I009,mass_transport,w-pc-07,4,No unit able to provide mass transport could reach this ward within 45 minutes without pulling a unit off a higher-severity ward.
110.0,2025-09-28T12:50:00Z,REPLAY,current_status,I011:mass_transport:0,I011,mass_transport,w-pc-14,4,No unit able to provide mass transport could reach this ward within 45 minutes without pulling a unit off a higher-severity ward.
110.0,2025-09-28T12:50:00Z,REPLAY,current_status,I011:mass_transport:1,I011,mass_transport,w-pc-14,4,No unit able to provide mass transport could reach this ward within 45 minutes without pulling a unit off a higher-severity ward.
110.0,2025-09-28T12:50:00Z,REPLAY,current_status,I015:mass_transport:0,I015,mass_transport,w-pc-11,4,No unit able to provide mass transport could reach this ward within 45 minutes without pulling a unit off a higher-severity ward.
110.0,2025-09-28T12:50:00Z,REPLAY,current_status,I015:mass_transport:1,I015,mass_transport,w-pc-11,4,No unit able to provide mass transport could reach this ward within 45 minutes without pulling a unit off a higher-severity ward.
110.0,2025-09-28T12:50:00Z,REPLAY,current_status,I017:mass_transport:0,I017,mass_transport,w-pc-07,5,No unit able to provide mass transport could reach this ward within 45 minutes without pulling a unit off a higher-severity ward.
110.0,2025-09-28T12:50:00Z,REPLAY,current_status,I017:mass_transport:1,I017,mass_transport,w-pc-07,5,No unit able to provide mass transport could reach this ward within 45 minutes without pulling a unit off a higher-severity ward.
110.0,2025-09-28T12:50:00Z,REPLAY,current_status,I024:mass_transport:0,I024,mass_transport,w-pc-06,4,No unit able to provide mass transport could reach this ward within 45 minutes without pulling a unit off a higher-severity ward.
110.0,2025-09-28T12:50:00Z,REPLAY,current_status,I024:mass_transport:1,I024,mass_transport,w-pc-06,4,No unit able to provide mass transport could reach this ward within 45 minutes without pulling a unit off a higher-severity ward.
110.0,2025-09-28T12:50:00Z,REPLAY,current_status,I027:mass_transport:0,I027,mass_transport,w-pc-10,4,No unit able to provide mass transport could reach this ward within 45 minutes without pulling a unit off a higher-severity ward.
110.0,2025-09-28T12:50:00Z,REPLAY,current_status,I027:mass_transport:1,I027,mass_transport,w-pc-10,4,No unit able to provide mass transport could reach this ward within 45 minutes without pulling a unit off a higher-severity ward.
120.0,2025-09-28T13:00:00Z,REPLAY,current_status,I001:mass_transport:0,I001,mass_transport,w-pc-11,5,No unit able to provide mass transport could reach this ward within 45 minutes without pulling a unit off a higher-severity ward.
120.0,2025-09-28T13:00:00Z,REPLAY,current_status,I001:mass_transport:1,I001,mass_transport,w-pc-11,5,No unit able to provide mass transport could reach this ward within 45 minutes without pulling a unit off a higher-severity ward.
120.0,2025-09-28T13:00:00Z,REPLAY,current_status,I001:mass_transport:2,I001,mass_transport,w-pc-11,5,No unit able to provide mass transport could reach this ward within 45 minutes without pulling a unit off a higher-severity ward.
120.0,2025-09-28T13:00:00Z,REPLAY,current_status,I002:mass_transport:0,I002,mass_transport,w-pc-11,5,No unit able to provide mass transport could reach this ward within 45 minutes without pulling a unit off a higher-severity ward.
120.0,2025-09-28T13:00:00Z,REPLAY,current_status,I002:mass_transport:1,I002,mass_transport,w-pc-11,5,No unit able to provide mass transport could reach this ward within 45 minutes without pulling a unit off a higher-severity ward.
120.0,2025-09-28T13:00:00Z,REPLAY,current_status,I006:mass_transport:0,I006,mass_transport,w-pc-14,5,No unit able to provide mass transport could reach this ward within 45 minutes without pulling a unit off a higher-severity ward.
120.0,2025-09-28T13:00:00Z,REPLAY,current_status,I006:mass_transport:1,I006,mass_transport,w-pc-14,5,No unit able to provide mass transport could reach this ward within 45 minutes without pulling a unit off a higher-severity ward.
120.0,2025-09-28T13:00:00Z,REPLAY,current_status,I006:mass_transport:2,I006,mass_transport,w-pc-14,5,No unit able to provide mass transport could reach this ward within 45 minutes without pulling a unit off a higher-severity ward.
120.0,2025-09-28T13:00:00Z,REPLAY,current_status,I009:mass_transport:0,I009,mass_transport,w-pc-07,4,No unit able to provide mass transport could reach this ward within 45 minutes without pulling a unit off a higher-severity ward.
120.0,2025-09-28T13:00:00Z,REPLAY,current_status,I009:mass_transport:1,I009,mass_transport,w-pc-07,4,No unit able to provide mass transport could reach this ward within 45 minutes without pulling a unit off a higher-severity ward.
120.0,2025-09-28T13:00:00Z,REPLAY,current_status,I011:mass_transport:0,I011,mass_transport,w-pc-14,4,No unit able to provide mass transport could reach this ward within 45 minutes without pulling a unit off a higher-severity ward.
120.0,2025-09-28T13:00:00Z,REPLAY,current_status,I011:mass_transport:1,I011,mass_transport,w-pc-14,4,No unit able to provide mass transport could reach this ward within 45 minutes without pulling a unit off a higher-severity ward.
120.0,2025-09-28T13:00:00Z,REPLAY,current_status,I015:mass_transport:0,I015,mass_transport,w-pc-11,4,No unit able to provide mass transport could reach this ward within 45 minutes without pulling a unit off a higher-severity ward.
120.0,2025-09-28T13:00:00Z,REPLAY,current_status,I015:mass_transport:1,I015,mass_transport,w-pc-11,4,No unit able to provide mass transport could reach this ward within 45 minutes without pulling a unit off a higher-severity ward.
120.0,2025-09-28T13:00:00Z,REPLAY,current_status,I017:mass_transport:0,I017,mass_transport,w-pc-07,5,No unit able to provide mass transport could reach this ward within 45 minutes without pulling a unit off a higher-severity ward.
120.0,2025-09-28T13:00:00Z,REPLAY,current_status,I017:mass_transport:1,I017,mass_transport,w-pc-07,5,No unit able to provide mass transport could reach this ward within 45 minutes without pulling a unit off a higher-severity ward.
120.0,2025-09-28T13:00:00Z,REPLAY,current_status,I024:mass_transport:0,I024,mass_transport,w-pc-06,4,No unit able to provide mass transport could reach this ward within 45 minutes without pulling a unit off a higher-severity ward.
120.0,2025-09-28T13:00:00Z,REPLAY,current_status,I024:mass_transport:1,I024,mass_transport,w-pc-06,4,No unit able to provide mass transport could reach this ward within 45 minutes without pulling a unit off a higher-severity ward.
120.0,2025-09-28T13:00:00Z,REPLAY,current_status,I027:mass_transport:0,I027,mass_transport,w-pc-10,4,No unit able to provide mass transport could reach this ward within 45 minutes without pulling a unit off a higher-severity ward.
120.0,2025-09-28T13:00:00Z,REPLAY,current_status,I027:mass_transport:1,I027,mass_transport,w-pc-10,4,No unit able to provide mass transport could reach this ward within 45 minutes without pulling a unit off a higher-severity ward.
120.0,2025-09-28T13:00:00Z,REPLAY,current_status,I029:mass_transport:0,I029,mass_transport,w-pc-13,4,No unit able to provide mass transport could reach this ward within 45 minutes without pulling a unit off a higher-severity ward.
120.0,2025-09-28T13:00:00Z,REPLAY,current_status,I030:mass_transport:0,I030,mass_transport,w-pc-06,4,No unit able to provide mass transport could reach this ward within 45 minutes without pulling a unit off a higher-severity ward.
120.0,2025-09-28T13:00:00Z,REPLAY,current_status,I030:mass_transport:1,I030,mass_transport,w-pc-06,4,No unit able to provide mass transport could reach this ward within 45 minutes without pulling a unit off a higher-severity ward.
130.0,2025-09-28T13:10:00Z,REPLAY,current_status,I001:mass_transport:0,I001,mass_transport,w-pc-11,5,No unit able to provide mass transport could reach this ward within 45 minutes without pulling a unit off a higher-severity ward.
130.0,2025-09-28T13:10:00Z,REPLAY,current_status,I001:mass_transport:1,I001,mass_transport,w-pc-11,5,No unit able to provide mass transport could reach this ward within 45 minutes without pulling a unit off a higher-severity ward.
130.0,2025-09-28T13:10:00Z,REPLAY,current_status,I001:mass_transport:2,I001,mass_transport,w-pc-11,5,No unit able to provide mass transport could reach this ward within 45 minutes without pulling a unit off a higher-severity ward.
130.0,2025-09-28T13:10:00Z,REPLAY,current_status,I002:mass_transport:0,I002,mass_transport,w-pc-11,5,No unit able to provide mass transport could reach this ward within 45 minutes without pulling a unit off a higher-severity ward.
130.0,2025-09-28T13:10:00Z,REPLAY,current_status,I002:mass_transport:1,I002,mass_transport,w-pc-11,5,No unit able to provide mass transport could reach this ward within 45 minutes without pulling a unit off a higher-severity ward.
130.0,2025-09-28T13:10:00Z,REPLAY,current_status,I006:mass_transport:0,I006,mass_transport,w-pc-14,5,No unit able to provide mass transport could reach this ward within 45 minutes without pulling a unit off a higher-severity ward.
130.0,2025-09-28T13:10:00Z,REPLAY,current_status,I006:mass_transport:1,I006,mass_transport,w-pc-14,5,No unit able to provide mass transport could reach this ward within 45 minutes without pulling a unit off a higher-severity ward.
130.0,2025-09-28T13:10:00Z,REPLAY,current_status,I006:mass_transport:2,I006,mass_transport,w-pc-14,5,No unit able to provide mass transport could reach this ward within 45 minutes without pulling a unit off a higher-severity ward.
130.0,2025-09-28T13:10:00Z,REPLAY,current_status,I009:mass_transport:0,I009,mass_transport,w-pc-07,4,No unit able to provide mass transport could reach this ward within 45 minutes without pulling a unit off a higher-severity ward.
130.0,2025-09-28T13:10:00Z,REPLAY,current_status,I009:mass_transport:1,I009,mass_transport,w-pc-07,4,No unit able to provide mass transport could reach this ward within 45 minutes without pulling a unit off a higher-severity ward.
130.0,2025-09-28T13:10:00Z,REPLAY,current_status,I011:mass_transport:0,I011,mass_transport,w-pc-14,4,No unit able to provide mass transport could reach this ward within 45 minutes without pulling a unit off a higher-severity ward.
130.0,2025-09-28T13:10:00Z,REPLAY,current_status,I011:mass_transport:1,I011,mass_transport,w-pc-14,4,No unit able to provide mass transport could reach this ward within 45 minutes without pulling a unit off a higher-severity ward.
130.0,2025-09-28T13:10:00Z,REPLAY,current_status,I015:mass_transport:0,I015,mass_transport,w-pc-11,4,No unit able to provide mass transport could reach this ward within 45 minutes without pulling a unit off a higher-severity ward.
130.0,2025-09-28T13:10:00Z,REPLAY,current_status,I015:mass_transport:1,I015,mass_transport,w-pc-11,4,No unit able to provide mass transport could reach this ward within 45 minutes without pulling a unit off a higher-severity ward.
130.0,2025-09-28T13:10:00Z,REPLAY,current_status,I017:mass_transport:0,I017,mass_transport,w-pc-07,5,No unit able to provide mass transport could reach this ward within 45 minutes without pulling a unit off a higher-severity ward.
130.0,2025-09-28T13:10:00Z,REPLAY,current_status,I017:mass_transport:1,I017,mass_transport,w-pc-07,5,No unit able to provide mass transport could reach this ward within 45 minutes without pulling a unit off a higher-severity ward.
130.0,2025-09-28T13:10:00Z,REPLAY,current_status,I024:mass_transport:0,I024,mass_transport,w-pc-06,4,No unit able to provide mass transport could reach this ward within 45 minutes without pulling a unit off a higher-severity ward.
130.0,2025-09-28T13:10:00Z,REPLAY,current_status,I024:mass_transport:1,I024,mass_transport,w-pc-06,4,No unit able to provide mass transport could reach this ward within 45 minutes without pulling a unit off a higher-severity ward.
130.0,2025-09-28T13:10:00Z,REPLAY,current_status,I027:mass_transport:0,I027,mass_transport,w-pc-10,4,No unit able to provide mass transport could reach this ward within 45 minutes without pulling a unit off a higher-severity ward.
130.0,2025-09-28T13:10:00Z,REPLAY,current_status,I027:mass_transport:1,I027,mass_transport,w-pc-10,4,No unit able to provide mass transport could reach this ward within 45 minutes without pulling a unit off a higher-severity ward.
130.0,2025-09-28T13:10:00Z,REPLAY,current_status,I029:mass_transport:0,I029,mass_transport,w-pc-13,4,No unit able to provide mass transport could reach this ward within 45 minutes without pulling a unit off a higher-severity ward.
130.0,2025-09-28T13:10:00Z,REPLAY,current_status,I030:mass_transport:0,I030,mass_transport,w-pc-06,4,No unit able to provide mass transport could reach this ward within 45 minutes without pulling a unit off a higher-severity ward.
130.0,2025-09-28T13:10:00Z,REPLAY,current_status,I030:mass_transport:1,I030,mass_transport,w-pc-06,4,No unit able to provide mass transport could reach this ward within 45 minutes without pulling a unit off a higher-severity ward.
140.0,2025-09-28T13:20:00Z,REPLAY,current_status,I001:mass_transport:0,I001,mass_transport,w-pc-11,5,No unit able to provide mass transport could reach this ward within 45 minutes without pulling a unit off a higher-severity ward.
140.0,2025-09-28T13:20:00Z,REPLAY,current_status,I001:mass_transport:1,I001,mass_transport,w-pc-11,5,No unit able to provide mass transport could reach this ward within 45 minutes without pulling a unit off a higher-severity ward.
140.0,2025-09-28T13:20:00Z,REPLAY,current_status,I001:mass_transport:2,I001,mass_transport,w-pc-11,5,No unit able to provide mass transport could reach this ward within 45 minutes without pulling a unit off a higher-severity ward.
140.0,2025-09-28T13:20:00Z,REPLAY,current_status,I002:mass_transport:0,I002,mass_transport,w-pc-11,5,No unit able to provide mass transport could reach this ward within 45 minutes without pulling a unit off a higher-severity ward.
140.0,2025-09-28T13:20:00Z,REPLAY,current_status,I002:mass_transport:1,I002,mass_transport,w-pc-11,5,No unit able to provide mass transport could reach this ward within 45 minutes without pulling a unit off a higher-severity ward.
140.0,2025-09-28T13:20:00Z,REPLAY,current_status,I006:mass_transport:0,I006,mass_transport,w-pc-14,5,No unit able to provide mass transport could reach this ward within 45 minutes without pulling a unit off a higher-severity ward.
140.0,2025-09-28T13:20:00Z,REPLAY,current_status,I006:mass_transport:1,I006,mass_transport,w-pc-14,5,No unit able to provide mass transport could reach this ward within 45 minutes without pulling a unit off a higher-severity ward.
140.0,2025-09-28T13:20:00Z,REPLAY,current_status,I006:mass_transport:2,I006,mass_transport,w-pc-14,5,No unit able to provide mass transport could reach this ward within 45 minutes without pulling a unit off a higher-severity ward.
140.0,2025-09-28T13:20:00Z,REPLAY,current_status,I009:mass_transport:0,I009,mass_transport,w-pc-07,4,No unit able to provide mass transport could reach this ward within 45 minutes without pulling a unit off a higher-severity ward.
140.0,2025-09-28T13:20:00Z,REPLAY,current_status,I009:mass_transport:1,I009,mass_transport,w-pc-07,4,No unit able to provide mass transport could reach this ward within 45 minutes without pulling a unit off a higher-severity ward.
140.0,2025-09-28T13:20:00Z,REPLAY,current_status,I011:mass_transport:0,I011,mass_transport,w-pc-14,4,No unit able to provide mass transport could reach this ward within 45 minutes without pulling a unit off a higher-severity ward.
140.0,2025-09-28T13:20:00Z,REPLAY,current_status,I011:mass_transport:1,I011,mass_transport,w-pc-14,4,No unit able to provide mass transport could reach this ward within 45 minutes without pulling a unit off a higher-severity ward.
140.0,2025-09-28T13:20:00Z,REPLAY,current_status,I015:mass_transport:0,I015,mass_transport,w-pc-11,4,No unit able to provide mass transport could reach this ward within 45 minutes without pulling a unit off a higher-severity ward.
140.0,2025-09-28T13:20:00Z,REPLAY,current_status,I015:mass_transport:1,I015,mass_transport,w-pc-11,4,No unit able to provide mass transport could reach this ward within 45 minutes without pulling a unit off a higher-severity ward.
140.0,2025-09-28T13:20:00Z,REPLAY,current_status,I017:mass_transport:0,I017,mass_transport,w-pc-07,5,No unit able to provide mass transport could reach this ward within 45 minutes without pulling a unit off a higher-severity ward.
140.0,2025-09-28T13:20:00Z,REPLAY,current_status,I017:mass_transport:1,I017,mass_transport,w-pc-07,5,No unit able to provide mass transport could reach this ward within 45 minutes without pulling a unit off a higher-severity ward.
140.0,2025-09-28T13:20:00Z,REPLAY,current_status,I024:mass_transport:0,I024,mass_transport,w-pc-06,4,No unit able to provide mass transport could reach this ward within 45 minutes without pulling a unit off a higher-severity ward.
140.0,2025-09-28T13:20:00Z,REPLAY,current_status,I024:mass_transport:1,I024,mass_transport,w-pc-06,4,No unit able to provide mass transport could reach this ward within 45 minutes without pulling a unit off a higher-severity ward.
140.0,2025-09-28T13:20:00Z,REPLAY,current_status,I027:mass_transport:0,I027,mass_transport,w-pc-10,4,No unit able to provide mass transport could reach this ward within 45 minutes without pulling a unit off a higher-severity ward.
140.0,2025-09-28T13:20:00Z,REPLAY,current_status,I027:mass_transport:1,I027,mass_transport,w-pc-10,4,No unit able to provide mass transport could reach this ward within 45 minutes without pulling a unit off a higher-severity ward.
140.0,2025-09-28T13:20:00Z,REPLAY,current_status,I029:mass_transport:0,I029,mass_transport,w-pc-13,4,No unit able to provide mass transport could reach this ward within 45 minutes without pulling a unit off a higher-severity ward.
140.0,2025-09-28T13:20:00Z,REPLAY,current_status,I030:mass_transport:0,I030,mass_transport,w-pc-06,4,No unit able to provide mass transport could reach this ward within 45 minutes without pulling a unit off a higher-severity ward.
140.0,2025-09-28T13:20:00Z,REPLAY,current_status,I030:mass_transport:1,I030,mass_transport,w-pc-06,4,No unit able to provide mass transport could reach this ward within 45 minutes without pulling a unit off a higher-severity ward.
150.0,2025-09-28T13:30:00Z,REPLAY,current_status,I001:mass_transport:0,I001,mass_transport,w-pc-11,5,No unit able to provide mass transport could reach this ward within 45 minutes without pulling a unit off a higher-severity ward.
150.0,2025-09-28T13:30:00Z,REPLAY,current_status,I001:mass_transport:1,I001,mass_transport,w-pc-11,5,No unit able to provide mass transport could reach this ward within 45 minutes without pulling a unit off a higher-severity ward.
150.0,2025-09-28T13:30:00Z,REPLAY,current_status,I001:mass_transport:2,I001,mass_transport,w-pc-11,5,No unit able to provide mass transport could reach this ward within 45 minutes without pulling a unit off a higher-severity ward.
150.0,2025-09-28T13:30:00Z,REPLAY,current_status,I002:mass_transport:0,I002,mass_transport,w-pc-11,5,No unit able to provide mass transport could reach this ward within 45 minutes without pulling a unit off a higher-severity ward.
150.0,2025-09-28T13:30:00Z,REPLAY,current_status,I002:mass_transport:1,I002,mass_transport,w-pc-11,5,No unit able to provide mass transport could reach this ward within 45 minutes without pulling a unit off a higher-severity ward.
150.0,2025-09-28T13:30:00Z,REPLAY,current_status,I006:mass_transport:0,I006,mass_transport,w-pc-14,5,No unit able to provide mass transport could reach this ward within 45 minutes without pulling a unit off a higher-severity ward.
150.0,2025-09-28T13:30:00Z,REPLAY,current_status,I006:mass_transport:1,I006,mass_transport,w-pc-14,5,No unit able to provide mass transport could reach this ward within 45 minutes without pulling a unit off a higher-severity ward.
150.0,2025-09-28T13:30:00Z,REPLAY,current_status,I006:mass_transport:2,I006,mass_transport,w-pc-14,5,No unit able to provide mass transport could reach this ward within 45 minutes without pulling a unit off a higher-severity ward.
150.0,2025-09-28T13:30:00Z,REPLAY,current_status,I009:mass_transport:0,I009,mass_transport,w-pc-07,4,No unit able to provide mass transport could reach this ward within 45 minutes without pulling a unit off a higher-severity ward.
150.0,2025-09-28T13:30:00Z,REPLAY,current_status,I009:mass_transport:1,I009,mass_transport,w-pc-07,4,No unit able to provide mass transport could reach this ward within 45 minutes without pulling a unit off a higher-severity ward.
150.0,2025-09-28T13:30:00Z,REPLAY,current_status,I011:mass_transport:0,I011,mass_transport,w-pc-14,4,No unit able to provide mass transport could reach this ward within 45 minutes without pulling a unit off a higher-severity ward.
150.0,2025-09-28T13:30:00Z,REPLAY,current_status,I011:mass_transport:1,I011,mass_transport,w-pc-14,4,No unit able to provide mass transport could reach this ward within 45 minutes without pulling a unit off a higher-severity ward.
150.0,2025-09-28T13:30:00Z,REPLAY,current_status,I015:mass_transport:0,I015,mass_transport,w-pc-11,4,No unit able to provide mass transport could reach this ward within 45 minutes without pulling a unit off a higher-severity ward.
150.0,2025-09-28T13:30:00Z,REPLAY,current_status,I015:mass_transport:1,I015,mass_transport,w-pc-11,4,No unit able to provide mass transport could reach this ward within 45 minutes without pulling a unit off a higher-severity ward.
150.0,2025-09-28T13:30:00Z,REPLAY,current_status,I017:mass_transport:0,I017,mass_transport,w-pc-07,5,No unit able to provide mass transport could reach this ward within 45 minutes without pulling a unit off a higher-severity ward.
150.0,2025-09-28T13:30:00Z,REPLAY,current_status,I017:mass_transport:1,I017,mass_transport,w-pc-07,5,No unit able to provide mass transport could reach this ward within 45 minutes without pulling a unit off a higher-severity ward.
150.0,2025-09-28T13:30:00Z,REPLAY,current_status,I024:mass_transport:0,I024,mass_transport,w-pc-06,4,No unit able to provide mass transport could reach this ward within 45 minutes without pulling a unit off a higher-severity ward.
150.0,2025-09-28T13:30:00Z,REPLAY,current_status,I024:mass_transport:1,I024,mass_transport,w-pc-06,4,No unit able to provide mass transport could reach this ward within 45 minutes without pulling a unit off a higher-severity ward.
150.0,2025-09-28T13:30:00Z,REPLAY,current_status,I027:mass_transport:0,I027,mass_transport,w-pc-10,4,No unit able to provide mass transport could reach this ward within 45 minutes without pulling a unit off a higher-severity ward.
150.0,2025-09-28T13:30:00Z,REPLAY,current_status,I027:mass_transport:1,I027,mass_transport,w-pc-10,4,No unit able to provide mass transport could reach this ward within 45 minutes without pulling a unit off a higher-severity ward.
150.0,2025-09-28T13:30:00Z,REPLAY,current_status,I029:mass_transport:0,I029,mass_transport,w-pc-13,4,No unit able to provide mass transport could reach this ward within 45 minutes without pulling a unit off a higher-severity ward.
150.0,2025-09-28T13:30:00Z,REPLAY,current_status,I030:mass_transport:0,I030,mass_transport,w-pc-06,4,No unit able to provide mass transport could reach this ward within 45 minutes without pulling a unit off a higher-severity ward.
150.0,2025-09-28T13:30:00Z,REPLAY,current_status,I030:mass_transport:1,I030,mass_transport,w-pc-06,4,No unit able to provide mass transport could reach this ward within 45 minutes without pulling a unit off a higher-severity ward.
160.0,2025-09-28T13:40:00Z,REPLAY,current_status,I001:mass_transport:0,I001,mass_transport,w-pc-11,5,No unit able to provide mass transport could reach this ward within 45 minutes without pulling a unit off a higher-severity ward.
160.0,2025-09-28T13:40:00Z,REPLAY,current_status,I001:mass_transport:1,I001,mass_transport,w-pc-11,5,No unit able to provide mass transport could reach this ward within 45 minutes without pulling a unit off a higher-severity ward.
160.0,2025-09-28T13:40:00Z,REPLAY,current_status,I001:mass_transport:2,I001,mass_transport,w-pc-11,5,No unit able to provide mass transport could reach this ward within 45 minutes without pulling a unit off a higher-severity ward.
160.0,2025-09-28T13:40:00Z,REPLAY,current_status,I002:mass_transport:0,I002,mass_transport,w-pc-11,5,No unit able to provide mass transport could reach this ward within 45 minutes without pulling a unit off a higher-severity ward.
160.0,2025-09-28T13:40:00Z,REPLAY,current_status,I002:mass_transport:1,I002,mass_transport,w-pc-11,5,No unit able to provide mass transport could reach this ward within 45 minutes without pulling a unit off a higher-severity ward.
160.0,2025-09-28T13:40:00Z,REPLAY,current_status,I006:mass_transport:0,I006,mass_transport,w-pc-14,5,No unit able to provide mass transport could reach this ward within 45 minutes without pulling a unit off a higher-severity ward.
160.0,2025-09-28T13:40:00Z,REPLAY,current_status,I006:mass_transport:1,I006,mass_transport,w-pc-14,5,No unit able to provide mass transport could reach this ward within 45 minutes without pulling a unit off a higher-severity ward.
160.0,2025-09-28T13:40:00Z,REPLAY,current_status,I006:mass_transport:2,I006,mass_transport,w-pc-14,5,No unit able to provide mass transport could reach this ward within 45 minutes without pulling a unit off a higher-severity ward.
160.0,2025-09-28T13:40:00Z,REPLAY,current_status,I009:mass_transport:0,I009,mass_transport,w-pc-07,4,No unit able to provide mass transport could reach this ward within 45 minutes without pulling a unit off a higher-severity ward.
160.0,2025-09-28T13:40:00Z,REPLAY,current_status,I009:mass_transport:1,I009,mass_transport,w-pc-07,4,No unit able to provide mass transport could reach this ward within 45 minutes without pulling a unit off a higher-severity ward.
160.0,2025-09-28T13:40:00Z,REPLAY,current_status,I011:mass_transport:0,I011,mass_transport,w-pc-14,4,No unit able to provide mass transport could reach this ward within 45 minutes without pulling a unit off a higher-severity ward.
160.0,2025-09-28T13:40:00Z,REPLAY,current_status,I011:mass_transport:1,I011,mass_transport,w-pc-14,4,No unit able to provide mass transport could reach this ward within 45 minutes without pulling a unit off a higher-severity ward.
160.0,2025-09-28T13:40:00Z,REPLAY,current_status,I015:mass_transport:0,I015,mass_transport,w-pc-11,4,No unit able to provide mass transport could reach this ward within 45 minutes without pulling a unit off a higher-severity ward.
160.0,2025-09-28T13:40:00Z,REPLAY,current_status,I015:mass_transport:1,I015,mass_transport,w-pc-11,4,No unit able to provide mass transport could reach this ward within 45 minutes without pulling a unit off a higher-severity ward.
160.0,2025-09-28T13:40:00Z,REPLAY,current_status,I017:mass_transport:0,I017,mass_transport,w-pc-07,5,No unit able to provide mass transport could reach this ward within 45 minutes without pulling a unit off a higher-severity ward.
160.0,2025-09-28T13:40:00Z,REPLAY,current_status,I017:mass_transport:1,I017,mass_transport,w-pc-07,5,No unit able to provide mass transport could reach this ward within 45 minutes without pulling a unit off a higher-severity ward.
160.0,2025-09-28T13:40:00Z,REPLAY,current_status,I024:mass_transport:0,I024,mass_transport,w-pc-06,4,No unit able to provide mass transport could reach this ward within 45 minutes without pulling a unit off a higher-severity ward.
160.0,2025-09-28T13:40:00Z,REPLAY,current_status,I024:mass_transport:1,I024,mass_transport,w-pc-06,4,No unit able to provide mass transport could reach this ward within 45 minutes without pulling a unit off a higher-severity ward.
160.0,2025-09-28T13:40:00Z,REPLAY,current_status,I027:mass_transport:0,I027,mass_transport,w-pc-10,4,No unit able to provide mass transport could reach this ward within 45 minutes without pulling a unit off a higher-severity ward.
160.0,2025-09-28T13:40:00Z,REPLAY,current_status,I027:mass_transport:1,I027,mass_transport,w-pc-10,4,No unit able to provide mass transport could reach this ward within 45 minutes without pulling a unit off a higher-severity ward.
160.0,2025-09-28T13:40:00Z,REPLAY,current_status,I029:mass_transport:0,I029,mass_transport,w-pc-13,4,No unit able to provide mass transport could reach this ward within 45 minutes without pulling a unit off a higher-severity ward.
160.0,2025-09-28T13:40:00Z,REPLAY,current_status,I030:mass_transport:0,I030,mass_transport,w-pc-06,4,No unit able to provide mass transport could reach this ward within 45 minutes without pulling a unit off a higher-severity ward.
160.0,2025-09-28T13:40:00Z,REPLAY,current_status,I030:mass_transport:1,I030,mass_transport,w-pc-06,4,No unit able to provide mass transport could reach this ward within 45 minutes without pulling a unit off a higher-severity ward.
160.0,2025-09-28T13:40:00Z,REPLAY,current_status,I035:mass_transport:0,I035,mass_transport,w-pc-11,5,No unit able to provide mass transport could reach this ward within 45 minutes without pulling a unit off a higher-severity ward.
160.0,2025-09-28T13:40:00Z,REPLAY,current_status,I035:mass_transport:1,I035,mass_transport,w-pc-11,5,No unit able to provide mass transport could reach this ward within 45 minutes without pulling a unit off a higher-severity ward.
160.0,2025-09-28T13:40:00Z,REPLAY,current_status,I035:mass_transport:2,I035,mass_transport,w-pc-11,5,No unit able to provide mass transport could reach this ward within 45 minutes without pulling a unit off a higher-severity ward.
170.0,2025-09-28T13:50:00Z,REPLAY,current_status,I001:mass_transport:0,I001,mass_transport,w-pc-11,5,No unit able to provide mass transport could reach this ward within 45 minutes without pulling a unit off a higher-severity ward.
170.0,2025-09-28T13:50:00Z,REPLAY,current_status,I001:mass_transport:1,I001,mass_transport,w-pc-11,5,No unit able to provide mass transport could reach this ward within 45 minutes without pulling a unit off a higher-severity ward.
170.0,2025-09-28T13:50:00Z,REPLAY,current_status,I001:mass_transport:2,I001,mass_transport,w-pc-11,5,No unit able to provide mass transport could reach this ward within 45 minutes without pulling a unit off a higher-severity ward.
170.0,2025-09-28T13:50:00Z,REPLAY,current_status,I002:mass_transport:1,I002,mass_transport,w-pc-11,5,No unit able to provide mass transport could reach this ward within 45 minutes without pulling a unit off a higher-severity ward.
170.0,2025-09-28T13:50:00Z,REPLAY,current_status,I006:mass_transport:0,I006,mass_transport,w-pc-14,5,No unit able to provide mass transport could reach this ward within 45 minutes without pulling a unit off a higher-severity ward.
170.0,2025-09-28T13:50:00Z,REPLAY,current_status,I006:mass_transport:1,I006,mass_transport,w-pc-14,5,No unit able to provide mass transport could reach this ward within 45 minutes without pulling a unit off a higher-severity ward.
170.0,2025-09-28T13:50:00Z,REPLAY,current_status,I006:mass_transport:2,I006,mass_transport,w-pc-14,5,No unit able to provide mass transport could reach this ward within 45 minutes without pulling a unit off a higher-severity ward.
170.0,2025-09-28T13:50:00Z,REPLAY,current_status,I009:mass_transport:0,I009,mass_transport,w-pc-07,4,No unit able to provide mass transport could reach this ward within 45 minutes without pulling a unit off a higher-severity ward.
170.0,2025-09-28T13:50:00Z,REPLAY,current_status,I009:mass_transport:1,I009,mass_transport,w-pc-07,4,No unit able to provide mass transport could reach this ward within 45 minutes without pulling a unit off a higher-severity ward.
170.0,2025-09-28T13:50:00Z,REPLAY,current_status,I011:mass_transport:0,I011,mass_transport,w-pc-14,4,No unit able to provide mass transport could reach this ward within 45 minutes without pulling a unit off a higher-severity ward.
170.0,2025-09-28T13:50:00Z,REPLAY,current_status,I011:mass_transport:1,I011,mass_transport,w-pc-14,4,No unit able to provide mass transport could reach this ward within 45 minutes without pulling a unit off a higher-severity ward.
170.0,2025-09-28T13:50:00Z,REPLAY,current_status,I015:mass_transport:0,I015,mass_transport,w-pc-11,4,No unit able to provide mass transport could reach this ward within 45 minutes without pulling a unit off a higher-severity ward.
170.0,2025-09-28T13:50:00Z,REPLAY,current_status,I015:mass_transport:1,I015,mass_transport,w-pc-11,4,No unit able to provide mass transport could reach this ward within 45 minutes without pulling a unit off a higher-severity ward.
170.0,2025-09-28T13:50:00Z,REPLAY,current_status,I017:mass_transport:0,I017,mass_transport,w-pc-07,5,No unit able to provide mass transport could reach this ward within 45 minutes without pulling a unit off a higher-severity ward.
170.0,2025-09-28T13:50:00Z,REPLAY,current_status,I017:mass_transport:1,I017,mass_transport,w-pc-07,5,No unit able to provide mass transport could reach this ward within 45 minutes without pulling a unit off a higher-severity ward.
170.0,2025-09-28T13:50:00Z,REPLAY,current_status,I024:mass_transport:0,I024,mass_transport,w-pc-06,4,No unit able to provide mass transport could reach this ward within 45 minutes without pulling a unit off a higher-severity ward.
170.0,2025-09-28T13:50:00Z,REPLAY,current_status,I024:mass_transport:1,I024,mass_transport,w-pc-06,4,No unit able to provide mass transport could reach this ward within 45 minutes without pulling a unit off a higher-severity ward.
170.0,2025-09-28T13:50:00Z,REPLAY,current_status,I027:mass_transport:0,I027,mass_transport,w-pc-10,4,No unit able to provide mass transport could reach this ward within 45 minutes without pulling a unit off a higher-severity ward.
170.0,2025-09-28T13:50:00Z,REPLAY,current_status,I027:mass_transport:1,I027,mass_transport,w-pc-10,4,No unit able to provide mass transport could reach this ward within 45 minutes without pulling a unit off a higher-severity ward.
170.0,2025-09-28T13:50:00Z,REPLAY,current_status,I029:mass_transport:0,I029,mass_transport,w-pc-13,4,No unit able to provide mass transport could reach this ward within 45 minutes without pulling a unit off a higher-severity ward.
170.0,2025-09-28T13:50:00Z,REPLAY,current_status,I030:mass_transport:0,I030,mass_transport,w-pc-06,4,No unit able to provide mass transport could reach this ward within 45 minutes without pulling a unit off a higher-severity ward.
170.0,2025-09-28T13:50:00Z,REPLAY,current_status,I030:mass_transport:1,I030,mass_transport,w-pc-06,4,No unit able to provide mass transport could reach this ward within 45 minutes without pulling a unit off a higher-severity ward.
170.0,2025-09-28T13:50:00Z,REPLAY,current_status,I035:mass_transport:0,I035,mass_transport,w-pc-11,5,No unit able to provide mass transport could reach this ward within 45 minutes without pulling a unit off a higher-severity ward.
170.0,2025-09-28T13:50:00Z,REPLAY,current_status,I035:mass_transport:1,I035,mass_transport,w-pc-11,5,No unit able to provide mass transport could reach this ward within 45 minutes without pulling a unit off a higher-severity ward.
170.0,2025-09-28T13:50:00Z,REPLAY,current_status,I035:mass_transport:2,I035,mass_transport,w-pc-11,5,No unit able to provide mass transport could reach this ward within 45 minutes without pulling a unit off a higher-severity ward.
170.0,2025-09-28T13:50:00Z,REPLAY,current_status,I038:mass_transport:0,I038,mass_transport,w-pc-11,4,No unit able to provide mass transport could reach this ward within 45 minutes without pulling a unit off a higher-severity ward.
170.0,2025-09-28T13:50:00Z,REPLAY,current_status,I038:mass_transport:1,I038,mass_transport,w-pc-11,4,No unit able to provide mass transport could reach this ward within 45 minutes without pulling a unit off a higher-severity ward.
180.0,2025-09-28T14:00:00Z,REPLAY,current_status,I001:mass_transport:0,I001,mass_transport,w-pc-11,5,No unit able to provide mass transport could reach this ward within 45 minutes without pulling a unit off a higher-severity ward.
180.0,2025-09-28T14:00:00Z,REPLAY,current_status,I001:mass_transport:1,I001,mass_transport,w-pc-11,5,No unit able to provide mass transport could reach this ward within 45 minutes without pulling a unit off a higher-severity ward.
180.0,2025-09-28T14:00:00Z,REPLAY,current_status,I001:mass_transport:2,I001,mass_transport,w-pc-11,5,No unit able to provide mass transport could reach this ward within 45 minutes without pulling a unit off a higher-severity ward.
180.0,2025-09-28T14:00:00Z,REPLAY,current_status,I002:mass_transport:1,I002,mass_transport,w-pc-11,5,No unit able to provide mass transport could reach this ward within 45 minutes without pulling a unit off a higher-severity ward.
180.0,2025-09-28T14:00:00Z,REPLAY,current_status,I006:mass_transport:0,I006,mass_transport,w-pc-14,5,No unit able to provide mass transport could reach this ward within 45 minutes without pulling a unit off a higher-severity ward.
180.0,2025-09-28T14:00:00Z,REPLAY,current_status,I006:mass_transport:1,I006,mass_transport,w-pc-14,5,No unit able to provide mass transport could reach this ward within 45 minutes without pulling a unit off a higher-severity ward.
180.0,2025-09-28T14:00:00Z,REPLAY,current_status,I006:mass_transport:2,I006,mass_transport,w-pc-14,5,No unit able to provide mass transport could reach this ward within 45 minutes without pulling a unit off a higher-severity ward.
180.0,2025-09-28T14:00:00Z,REPLAY,current_status,I009:mass_transport:0,I009,mass_transport,w-pc-07,4,No unit able to provide mass transport could reach this ward within 45 minutes without pulling a unit off a higher-severity ward.
180.0,2025-09-28T14:00:00Z,REPLAY,current_status,I009:mass_transport:1,I009,mass_transport,w-pc-07,4,No unit able to provide mass transport could reach this ward within 45 minutes without pulling a unit off a higher-severity ward.
180.0,2025-09-28T14:00:00Z,REPLAY,current_status,I011:mass_transport:0,I011,mass_transport,w-pc-14,4,No unit able to provide mass transport could reach this ward within 45 minutes without pulling a unit off a higher-severity ward.
180.0,2025-09-28T14:00:00Z,REPLAY,current_status,I011:mass_transport:1,I011,mass_transport,w-pc-14,4,No unit able to provide mass transport could reach this ward within 45 minutes without pulling a unit off a higher-severity ward.
180.0,2025-09-28T14:00:00Z,REPLAY,current_status,I015:mass_transport:0,I015,mass_transport,w-pc-11,4,No unit able to provide mass transport could reach this ward within 45 minutes without pulling a unit off a higher-severity ward.
180.0,2025-09-28T14:00:00Z,REPLAY,current_status,I015:mass_transport:1,I015,mass_transport,w-pc-11,4,No unit able to provide mass transport could reach this ward within 45 minutes without pulling a unit off a higher-severity ward.
180.0,2025-09-28T14:00:00Z,REPLAY,current_status,I017:mass_transport:0,I017,mass_transport,w-pc-07,5,No unit able to provide mass transport could reach this ward within 45 minutes without pulling a unit off a higher-severity ward.
180.0,2025-09-28T14:00:00Z,REPLAY,current_status,I017:mass_transport:1,I017,mass_transport,w-pc-07,5,No unit able to provide mass transport could reach this ward within 45 minutes without pulling a unit off a higher-severity ward.
180.0,2025-09-28T14:00:00Z,REPLAY,current_status,I024:mass_transport:0,I024,mass_transport,w-pc-06,4,No unit able to provide mass transport could reach this ward within 45 minutes without pulling a unit off a higher-severity ward.
180.0,2025-09-28T14:00:00Z,REPLAY,current_status,I024:mass_transport:1,I024,mass_transport,w-pc-06,4,No unit able to provide mass transport could reach this ward within 45 minutes without pulling a unit off a higher-severity ward.
180.0,2025-09-28T14:00:00Z,REPLAY,current_status,I027:mass_transport:0,I027,mass_transport,w-pc-10,4,No unit able to provide mass transport could reach this ward within 45 minutes without pulling a unit off a higher-severity ward.
180.0,2025-09-28T14:00:00Z,REPLAY,current_status,I027:mass_transport:1,I027,mass_transport,w-pc-10,4,No unit able to provide mass transport could reach this ward within 45 minutes without pulling a unit off a higher-severity ward.
180.0,2025-09-28T14:00:00Z,REPLAY,current_status,I029:mass_transport:0,I029,mass_transport,w-pc-13,4,No unit able to provide mass transport could reach this ward within 45 minutes without pulling a unit off a higher-severity ward.
180.0,2025-09-28T14:00:00Z,REPLAY,current_status,I030:mass_transport:0,I030,mass_transport,w-pc-06,4,No unit able to provide mass transport could reach this ward within 45 minutes without pulling a unit off a higher-severity ward.
180.0,2025-09-28T14:00:00Z,REPLAY,current_status,I030:mass_transport:1,I030,mass_transport,w-pc-06,4,No unit able to provide mass transport could reach this ward within 45 minutes without pulling a unit off a higher-severity ward.
180.0,2025-09-28T14:00:00Z,REPLAY,current_status,I035:mass_transport:0,I035,mass_transport,w-pc-11,5,No unit able to provide mass transport could reach this ward within 45 minutes without pulling a unit off a higher-severity ward.
180.0,2025-09-28T14:00:00Z,REPLAY,current_status,I035:mass_transport:1,I035,mass_transport,w-pc-11,5,No unit able to provide mass transport could reach this ward within 45 minutes without pulling a unit off a higher-severity ward.
180.0,2025-09-28T14:00:00Z,REPLAY,current_status,I035:mass_transport:2,I035,mass_transport,w-pc-11,5,No unit able to provide mass transport could reach this ward within 45 minutes without pulling a unit off a higher-severity ward.
180.0,2025-09-28T14:00:00Z,REPLAY,current_status,I037:debris_clearance:0,I037,debris_clearance,w-pc-10,3,No unit able to provide debris clearance could reach this ward within 45 minutes without pulling a unit off a higher-severity ward.
180.0,2025-09-28T14:00:00Z,REPLAY,current_status,I038:mass_transport:0,I038,mass_transport,w-pc-11,4,No unit able to provide mass transport could reach this ward within 45 minutes without pulling a unit off a higher-severity ward.
180.0,2025-09-28T14:00:00Z,REPLAY,current_status,I038:mass_transport:1,I038,mass_transport,w-pc-11,4,No unit able to provide mass transport could reach this ward within 45 minutes without pulling a unit off a higher-severity ward.
190.0,2025-09-28T14:10:00Z,REPLAY,current_status,I001:mass_transport:0,I001,mass_transport,w-pc-11,5,No unit able to provide mass transport could reach this ward within 45 minutes without pulling a unit off a higher-severity ward.
190.0,2025-09-28T14:10:00Z,REPLAY,current_status,I001:mass_transport:1,I001,mass_transport,w-pc-11,5,No unit able to provide mass transport could reach this ward within 45 minutes without pulling a unit off a higher-severity ward.
190.0,2025-09-28T14:10:00Z,REPLAY,current_status,I001:mass_transport:2,I001,mass_transport,w-pc-11,5,No unit able to provide mass transport could reach this ward within 45 minutes without pulling a unit off a higher-severity ward.
190.0,2025-09-28T14:10:00Z,REPLAY,current_status,I002:mass_transport:0,I002,mass_transport,w-pc-11,5,No unit able to provide mass transport could reach this ward within 45 minutes without pulling a unit off a higher-severity ward.
190.0,2025-09-28T14:10:00Z,REPLAY,current_status,I006:mass_transport:0,I006,mass_transport,w-pc-14,5,No unit able to provide mass transport could reach this ward within 45 minutes without pulling a unit off a higher-severity ward.
190.0,2025-09-28T14:10:00Z,REPLAY,current_status,I006:mass_transport:1,I006,mass_transport,w-pc-14,5,No unit able to provide mass transport could reach this ward within 45 minutes without pulling a unit off a higher-severity ward.
190.0,2025-09-28T14:10:00Z,REPLAY,current_status,I006:mass_transport:2,I006,mass_transport,w-pc-14,5,No unit able to provide mass transport could reach this ward within 45 minutes without pulling a unit off a higher-severity ward.
190.0,2025-09-28T14:10:00Z,REPLAY,current_status,I009:mass_transport:0,I009,mass_transport,w-pc-07,4,No unit able to provide mass transport could reach this ward within 45 minutes without pulling a unit off a higher-severity ward.
190.0,2025-09-28T14:10:00Z,REPLAY,current_status,I009:mass_transport:1,I009,mass_transport,w-pc-07,4,No unit able to provide mass transport could reach this ward within 45 minutes without pulling a unit off a higher-severity ward.
190.0,2025-09-28T14:10:00Z,REPLAY,current_status,I011:mass_transport:0,I011,mass_transport,w-pc-14,4,No unit able to provide mass transport could reach this ward within 45 minutes without pulling a unit off a higher-severity ward.
190.0,2025-09-28T14:10:00Z,REPLAY,current_status,I011:mass_transport:1,I011,mass_transport,w-pc-14,4,No unit able to provide mass transport could reach this ward within 45 minutes without pulling a unit off a higher-severity ward.
190.0,2025-09-28T14:10:00Z,REPLAY,current_status,I015:mass_transport:0,I015,mass_transport,w-pc-11,4,No unit able to provide mass transport could reach this ward within 45 minutes without pulling a unit off a higher-severity ward.
190.0,2025-09-28T14:10:00Z,REPLAY,current_status,I015:mass_transport:1,I015,mass_transport,w-pc-11,4,No unit able to provide mass transport could reach this ward within 45 minutes without pulling a unit off a higher-severity ward.
190.0,2025-09-28T14:10:00Z,REPLAY,current_status,I017:mass_transport:0,I017,mass_transport,w-pc-07,5,No unit able to provide mass transport could reach this ward within 45 minutes without pulling a unit off a higher-severity ward.
190.0,2025-09-28T14:10:00Z,REPLAY,current_status,I017:mass_transport:1,I017,mass_transport,w-pc-07,5,No unit able to provide mass transport could reach this ward within 45 minutes without pulling a unit off a higher-severity ward.
190.0,2025-09-28T14:10:00Z,REPLAY,current_status,I024:mass_transport:0,I024,mass_transport,w-pc-06,4,No unit able to provide mass transport could reach this ward within 45 minutes without pulling a unit off a higher-severity ward.
190.0,2025-09-28T14:10:00Z,REPLAY,current_status,I024:mass_transport:1,I024,mass_transport,w-pc-06,4,No unit able to provide mass transport could reach this ward within 45 minutes without pulling a unit off a higher-severity ward.
190.0,2025-09-28T14:10:00Z,REPLAY,current_status,I027:mass_transport:0,I027,mass_transport,w-pc-10,4,No unit able to provide mass transport could reach this ward within 45 minutes without pulling a unit off a higher-severity ward.
190.0,2025-09-28T14:10:00Z,REPLAY,current_status,I027:mass_transport:1,I027,mass_transport,w-pc-10,4,No unit able to provide mass transport could reach this ward within 45 minutes without pulling a unit off a higher-severity ward.
190.0,2025-09-28T14:10:00Z,REPLAY,current_status,I029:mass_transport:0,I029,mass_transport,w-pc-13,4,No unit able to provide mass transport could reach this ward within 45 minutes without pulling a unit off a higher-severity ward.
190.0,2025-09-28T14:10:00Z,REPLAY,current_status,I030:mass_transport:0,I030,mass_transport,w-pc-06,4,No unit able to provide mass transport could reach this ward within 45 minutes without pulling a unit off a higher-severity ward.
190.0,2025-09-28T14:10:00Z,REPLAY,current_status,I030:mass_transport:1,I030,mass_transport,w-pc-06,4,No unit able to provide mass transport could reach this ward within 45 minutes without pulling a unit off a higher-severity ward.
190.0,2025-09-28T14:10:00Z,REPLAY,current_status,I035:mass_transport:0,I035,mass_transport,w-pc-11,5,No unit able to provide mass transport could reach this ward within 45 minutes without pulling a unit off a higher-severity ward.
190.0,2025-09-28T14:10:00Z,REPLAY,current_status,I035:mass_transport:1,I035,mass_transport,w-pc-11,5,No unit able to provide mass transport could reach this ward within 45 minutes without pulling a unit off a higher-severity ward.
190.0,2025-09-28T14:10:00Z,REPLAY,current_status,I035:mass_transport:2,I035,mass_transport,w-pc-11,5,No unit able to provide mass transport could reach this ward within 45 minutes without pulling a unit off a higher-severity ward.
190.0,2025-09-28T14:10:00Z,REPLAY,current_status,I037:debris_clearance:0,I037,debris_clearance,w-pc-10,3,No unit able to provide debris clearance could reach this ward within 45 minutes without pulling a unit off a higher-severity ward.
190.0,2025-09-28T14:10:00Z,REPLAY,current_status,I038:mass_transport:0,I038,mass_transport,w-pc-11,4,No unit able to provide mass transport could reach this ward within 45 minutes without pulling a unit off a higher-severity ward.
190.0,2025-09-28T14:10:00Z,REPLAY,current_status,I038:mass_transport:1,I038,mass_transport,w-pc-11,4,No unit able to provide mass transport could reach this ward within 45 minutes without pulling a unit off a higher-severity ward.
190.0,2025-09-28T14:10:00Z,REPLAY,current_status,I039:mass_transport:0,I039,mass_transport,w-pc-13,4,No unit able to provide mass transport could reach this ward within 45 minutes without pulling a unit off a higher-severity ward.
200.0,2025-09-28T14:20:00Z,REPLAY,current_status,I001:mass_transport:0,I001,mass_transport,w-pc-11,5,No unit able to provide mass transport could reach this ward within 45 minutes without pulling a unit off a higher-severity ward.
200.0,2025-09-28T14:20:00Z,REPLAY,current_status,I001:mass_transport:1,I001,mass_transport,w-pc-11,5,No unit able to provide mass transport could reach this ward within 45 minutes without pulling a unit off a higher-severity ward.
200.0,2025-09-28T14:20:00Z,REPLAY,current_status,I001:mass_transport:2,I001,mass_transport,w-pc-11,5,No unit able to provide mass transport could reach this ward within 45 minutes without pulling a unit off a higher-severity ward.
200.0,2025-09-28T14:20:00Z,REPLAY,current_status,I002:mass_transport:0,I002,mass_transport,w-pc-11,5,No unit able to provide mass transport could reach this ward within 45 minutes without pulling a unit off a higher-severity ward.
200.0,2025-09-28T14:20:00Z,REPLAY,current_status,I006:mass_transport:0,I006,mass_transport,w-pc-14,5,No unit able to provide mass transport could reach this ward within 45 minutes without pulling a unit off a higher-severity ward.
200.0,2025-09-28T14:20:00Z,REPLAY,current_status,I006:mass_transport:1,I006,mass_transport,w-pc-14,5,No unit able to provide mass transport could reach this ward within 45 minutes without pulling a unit off a higher-severity ward.
200.0,2025-09-28T14:20:00Z,REPLAY,current_status,I006:mass_transport:2,I006,mass_transport,w-pc-14,5,No unit able to provide mass transport could reach this ward within 45 minutes without pulling a unit off a higher-severity ward.
200.0,2025-09-28T14:20:00Z,REPLAY,current_status,I009:mass_transport:0,I009,mass_transport,w-pc-07,4,No unit able to provide mass transport could reach this ward within 45 minutes without pulling a unit off a higher-severity ward.
200.0,2025-09-28T14:20:00Z,REPLAY,current_status,I009:mass_transport:1,I009,mass_transport,w-pc-07,4,No unit able to provide mass transport could reach this ward within 45 minutes without pulling a unit off a higher-severity ward.
200.0,2025-09-28T14:20:00Z,REPLAY,current_status,I011:mass_transport:0,I011,mass_transport,w-pc-14,4,No unit able to provide mass transport could reach this ward within 45 minutes without pulling a unit off a higher-severity ward.
200.0,2025-09-28T14:20:00Z,REPLAY,current_status,I011:mass_transport:1,I011,mass_transport,w-pc-14,4,No unit able to provide mass transport could reach this ward within 45 minutes without pulling a unit off a higher-severity ward.
200.0,2025-09-28T14:20:00Z,REPLAY,current_status,I015:mass_transport:0,I015,mass_transport,w-pc-11,4,No unit able to provide mass transport could reach this ward within 45 minutes without pulling a unit off a higher-severity ward.
200.0,2025-09-28T14:20:00Z,REPLAY,current_status,I015:mass_transport:1,I015,mass_transport,w-pc-11,4,No unit able to provide mass transport could reach this ward within 45 minutes without pulling a unit off a higher-severity ward.
200.0,2025-09-28T14:20:00Z,REPLAY,current_status,I017:mass_transport:0,I017,mass_transport,w-pc-07,5,No unit able to provide mass transport could reach this ward within 45 minutes without pulling a unit off a higher-severity ward.
200.0,2025-09-28T14:20:00Z,REPLAY,current_status,I017:mass_transport:1,I017,mass_transport,w-pc-07,5,No unit able to provide mass transport could reach this ward within 45 minutes without pulling a unit off a higher-severity ward.
200.0,2025-09-28T14:20:00Z,REPLAY,current_status,I024:mass_transport:0,I024,mass_transport,w-pc-06,4,No unit able to provide mass transport could reach this ward within 45 minutes without pulling a unit off a higher-severity ward.
200.0,2025-09-28T14:20:00Z,REPLAY,current_status,I024:mass_transport:1,I024,mass_transport,w-pc-06,4,No unit able to provide mass transport could reach this ward within 45 minutes without pulling a unit off a higher-severity ward.
200.0,2025-09-28T14:20:00Z,REPLAY,current_status,I027:mass_transport:0,I027,mass_transport,w-pc-10,4,No unit able to provide mass transport could reach this ward within 45 minutes without pulling a unit off a higher-severity ward.
200.0,2025-09-28T14:20:00Z,REPLAY,current_status,I027:mass_transport:1,I027,mass_transport,w-pc-10,4,No unit able to provide mass transport could reach this ward within 45 minutes without pulling a unit off a higher-severity ward.
200.0,2025-09-28T14:20:00Z,REPLAY,current_status,I029:mass_transport:0,I029,mass_transport,w-pc-13,4,No unit able to provide mass transport could reach this ward within 45 minutes without pulling a unit off a higher-severity ward.
200.0,2025-09-28T14:20:00Z,REPLAY,current_status,I030:mass_transport:0,I030,mass_transport,w-pc-06,4,No unit able to provide mass transport could reach this ward within 45 minutes without pulling a unit off a higher-severity ward.
200.0,2025-09-28T14:20:00Z,REPLAY,current_status,I030:mass_transport:1,I030,mass_transport,w-pc-06,4,No unit able to provide mass transport could reach this ward within 45 minutes without pulling a unit off a higher-severity ward.
200.0,2025-09-28T14:20:00Z,REPLAY,current_status,I035:mass_transport:0,I035,mass_transport,w-pc-11,5,No unit able to provide mass transport could reach this ward within 45 minutes without pulling a unit off a higher-severity ward.
200.0,2025-09-28T14:20:00Z,REPLAY,current_status,I035:mass_transport:1,I035,mass_transport,w-pc-11,5,No unit able to provide mass transport could reach this ward within 45 minutes without pulling a unit off a higher-severity ward.
200.0,2025-09-28T14:20:00Z,REPLAY,current_status,I035:mass_transport:2,I035,mass_transport,w-pc-11,5,No unit able to provide mass transport could reach this ward within 45 minutes without pulling a unit off a higher-severity ward.
200.0,2025-09-28T14:20:00Z,REPLAY,current_status,I037:debris_clearance:0,I037,debris_clearance,w-pc-10,3,No unit able to provide debris clearance could reach this ward within 45 minutes without pulling a unit off a higher-severity ward.
200.0,2025-09-28T14:20:00Z,REPLAY,current_status,I038:mass_transport:0,I038,mass_transport,w-pc-11,4,No unit able to provide mass transport could reach this ward within 45 minutes without pulling a unit off a higher-severity ward.
200.0,2025-09-28T14:20:00Z,REPLAY,current_status,I038:mass_transport:1,I038,mass_transport,w-pc-11,4,No unit able to provide mass transport could reach this ward within 45 minutes without pulling a unit off a higher-severity ward.
200.0,2025-09-28T14:20:00Z,REPLAY,current_status,I039:mass_transport:0,I039,mass_transport,w-pc-13,4,No unit able to provide mass transport could reach this ward within 45 minutes without pulling a unit off a higher-severity ward.
210.0,2025-09-28T14:30:00Z,REPLAY,current_status,I001:mass_transport:0,I001,mass_transport,w-pc-11,5,No unit able to provide mass transport could reach this ward within 45 minutes without pulling a unit off a higher-severity ward.
210.0,2025-09-28T14:30:00Z,REPLAY,current_status,I001:mass_transport:1,I001,mass_transport,w-pc-11,5,No unit able to provide mass transport could reach this ward within 45 minutes without pulling a unit off a higher-severity ward.
210.0,2025-09-28T14:30:00Z,REPLAY,current_status,I001:mass_transport:2,I001,mass_transport,w-pc-11,5,No unit able to provide mass transport could reach this ward within 45 minutes without pulling a unit off a higher-severity ward.
210.0,2025-09-28T14:30:00Z,REPLAY,current_status,I002:mass_transport:0,I002,mass_transport,w-pc-11,5,No unit able to provide mass transport could reach this ward within 45 minutes without pulling a unit off a higher-severity ward.
210.0,2025-09-28T14:30:00Z,REPLAY,current_status,I006:mass_transport:0,I006,mass_transport,w-pc-14,5,No unit able to provide mass transport could reach this ward within 45 minutes without pulling a unit off a higher-severity ward.
210.0,2025-09-28T14:30:00Z,REPLAY,current_status,I006:mass_transport:1,I006,mass_transport,w-pc-14,5,No unit able to provide mass transport could reach this ward within 45 minutes without pulling a unit off a higher-severity ward.
210.0,2025-09-28T14:30:00Z,REPLAY,current_status,I006:mass_transport:2,I006,mass_transport,w-pc-14,5,No unit able to provide mass transport could reach this ward within 45 minutes without pulling a unit off a higher-severity ward.
210.0,2025-09-28T14:30:00Z,REPLAY,current_status,I009:mass_transport:0,I009,mass_transport,w-pc-07,4,No unit able to provide mass transport could reach this ward within 45 minutes without pulling a unit off a higher-severity ward.
210.0,2025-09-28T14:30:00Z,REPLAY,current_status,I009:mass_transport:1,I009,mass_transport,w-pc-07,4,No unit able to provide mass transport could reach this ward within 45 minutes without pulling a unit off a higher-severity ward.
210.0,2025-09-28T14:30:00Z,REPLAY,current_status,I011:mass_transport:0,I011,mass_transport,w-pc-14,4,No unit able to provide mass transport could reach this ward within 45 minutes without pulling a unit off a higher-severity ward.
210.0,2025-09-28T14:30:00Z,REPLAY,current_status,I011:mass_transport:1,I011,mass_transport,w-pc-14,4,No unit able to provide mass transport could reach this ward within 45 minutes without pulling a unit off a higher-severity ward.
210.0,2025-09-28T14:30:00Z,REPLAY,current_status,I015:mass_transport:0,I015,mass_transport,w-pc-11,4,No unit able to provide mass transport could reach this ward within 45 minutes without pulling a unit off a higher-severity ward.
210.0,2025-09-28T14:30:00Z,REPLAY,current_status,I015:mass_transport:1,I015,mass_transport,w-pc-11,4,No unit able to provide mass transport could reach this ward within 45 minutes without pulling a unit off a higher-severity ward.
210.0,2025-09-28T14:30:00Z,REPLAY,current_status,I017:mass_transport:0,I017,mass_transport,w-pc-07,5,No unit able to provide mass transport could reach this ward within 45 minutes without pulling a unit off a higher-severity ward.
210.0,2025-09-28T14:30:00Z,REPLAY,current_status,I017:mass_transport:1,I017,mass_transport,w-pc-07,5,No unit able to provide mass transport could reach this ward within 45 minutes without pulling a unit off a higher-severity ward.
210.0,2025-09-28T14:30:00Z,REPLAY,current_status,I024:mass_transport:0,I024,mass_transport,w-pc-06,4,No unit able to provide mass transport could reach this ward within 45 minutes without pulling a unit off a higher-severity ward.
210.0,2025-09-28T14:30:00Z,REPLAY,current_status,I024:mass_transport:1,I024,mass_transport,w-pc-06,4,No unit able to provide mass transport could reach this ward within 45 minutes without pulling a unit off a higher-severity ward.
210.0,2025-09-28T14:30:00Z,REPLAY,current_status,I027:mass_transport:0,I027,mass_transport,w-pc-10,4,No unit able to provide mass transport could reach this ward within 45 minutes without pulling a unit off a higher-severity ward.
210.0,2025-09-28T14:30:00Z,REPLAY,current_status,I027:mass_transport:1,I027,mass_transport,w-pc-10,4,No unit able to provide mass transport could reach this ward within 45 minutes without pulling a unit off a higher-severity ward.
210.0,2025-09-28T14:30:00Z,REPLAY,current_status,I029:mass_transport:0,I029,mass_transport,w-pc-13,4,No unit able to provide mass transport could reach this ward within 45 minutes without pulling a unit off a higher-severity ward.
210.0,2025-09-28T14:30:00Z,REPLAY,current_status,I030:mass_transport:0,I030,mass_transport,w-pc-06,4,No unit able to provide mass transport could reach this ward within 45 minutes without pulling a unit off a higher-severity ward.
210.0,2025-09-28T14:30:00Z,REPLAY,current_status,I030:mass_transport:1,I030,mass_transport,w-pc-06,4,No unit able to provide mass transport could reach this ward within 45 minutes without pulling a unit off a higher-severity ward.
210.0,2025-09-28T14:30:00Z,REPLAY,current_status,I035:mass_transport:0,I035,mass_transport,w-pc-11,5,No unit able to provide mass transport could reach this ward within 45 minutes without pulling a unit off a higher-severity ward.
210.0,2025-09-28T14:30:00Z,REPLAY,current_status,I035:mass_transport:1,I035,mass_transport,w-pc-11,5,No unit able to provide mass transport could reach this ward within 45 minutes without pulling a unit off a higher-severity ward.
210.0,2025-09-28T14:30:00Z,REPLAY,current_status,I035:mass_transport:2,I035,mass_transport,w-pc-11,5,No unit able to provide mass transport could reach this ward within 45 minutes without pulling a unit off a higher-severity ward.
210.0,2025-09-28T14:30:00Z,REPLAY,current_status,I037:debris_clearance:0,I037,debris_clearance,w-pc-10,3,No unit able to provide debris clearance could reach this ward within 45 minutes without pulling a unit off a higher-severity ward.
210.0,2025-09-28T14:30:00Z,REPLAY,current_status,I038:mass_transport:0,I038,mass_transport,w-pc-11,4,No unit able to provide mass transport could reach this ward within 45 minutes without pulling a unit off a higher-severity ward.
210.0,2025-09-28T14:30:00Z,REPLAY,current_status,I038:mass_transport:1,I038,mass_transport,w-pc-11,4,No unit able to provide mass transport could reach this ward within 45 minutes without pulling a unit off a higher-severity ward.
210.0,2025-09-28T14:30:00Z,REPLAY,current_status,I039:mass_transport:0,I039,mass_transport,w-pc-13,4,No unit able to provide mass transport could reach this ward within 45 minutes without pulling a unit off a higher-severity ward.
210.0,2025-09-28T14:30:00Z,REPLAY,current_status,I039:dewatering:0,I039,dewatering,w-pc-13,4,No unit able to provide dewatering could reach this ward within 45 minutes without pulling a unit off a higher-severity ward.
210.0,2025-09-28T14:30:00Z,REPLAY,current_status,I042:mass_transport:0,I042,mass_transport,w-pc-02,4,No unit able to provide mass transport could reach this ward within 45 minutes without pulling a unit off a higher-severity ward.
210.0,2025-09-28T14:30:00Z,REPLAY,current_status,I042:mass_transport:1,I042,mass_transport,w-pc-02,4,No unit able to provide mass transport could reach this ward within 45 minutes without pulling a unit off a higher-severity ward.
220.0,2025-09-28T14:40:00Z,REPLAY,current_status,I001:mass_transport:0,I001,mass_transport,w-pc-11,5,No unit able to provide mass transport could reach this ward within 45 minutes without pulling a unit off a higher-severity ward.
220.0,2025-09-28T14:40:00Z,REPLAY,current_status,I001:mass_transport:1,I001,mass_transport,w-pc-11,5,No unit able to provide mass transport could reach this ward within 45 minutes without pulling a unit off a higher-severity ward.
220.0,2025-09-28T14:40:00Z,REPLAY,current_status,I001:mass_transport:2,I001,mass_transport,w-pc-11,5,No unit able to provide mass transport could reach this ward within 45 minutes without pulling a unit off a higher-severity ward.
220.0,2025-09-28T14:40:00Z,REPLAY,current_status,I002:mass_transport:0,I002,mass_transport,w-pc-11,5,No unit able to provide mass transport could reach this ward within 45 minutes without pulling a unit off a higher-severity ward.
220.0,2025-09-28T14:40:00Z,REPLAY,current_status,I006:mass_transport:0,I006,mass_transport,w-pc-14,5,No unit able to provide mass transport could reach this ward within 45 minutes without pulling a unit off a higher-severity ward.
220.0,2025-09-28T14:40:00Z,REPLAY,current_status,I006:mass_transport:1,I006,mass_transport,w-pc-14,5,No unit able to provide mass transport could reach this ward within 45 minutes without pulling a unit off a higher-severity ward.
220.0,2025-09-28T14:40:00Z,REPLAY,current_status,I006:mass_transport:2,I006,mass_transport,w-pc-14,5,No unit able to provide mass transport could reach this ward within 45 minutes without pulling a unit off a higher-severity ward.
220.0,2025-09-28T14:40:00Z,REPLAY,current_status,I009:mass_transport:0,I009,mass_transport,w-pc-07,4,No unit able to provide mass transport could reach this ward within 45 minutes without pulling a unit off a higher-severity ward.
220.0,2025-09-28T14:40:00Z,REPLAY,current_status,I009:mass_transport:1,I009,mass_transport,w-pc-07,4,No unit able to provide mass transport could reach this ward within 45 minutes without pulling a unit off a higher-severity ward.
220.0,2025-09-28T14:40:00Z,REPLAY,current_status,I011:mass_transport:0,I011,mass_transport,w-pc-14,4,No unit able to provide mass transport could reach this ward within 45 minutes without pulling a unit off a higher-severity ward.
220.0,2025-09-28T14:40:00Z,REPLAY,current_status,I011:mass_transport:1,I011,mass_transport,w-pc-14,4,No unit able to provide mass transport could reach this ward within 45 minutes without pulling a unit off a higher-severity ward.
220.0,2025-09-28T14:40:00Z,REPLAY,current_status,I015:mass_transport:0,I015,mass_transport,w-pc-11,4,No unit able to provide mass transport could reach this ward within 45 minutes without pulling a unit off a higher-severity ward.
220.0,2025-09-28T14:40:00Z,REPLAY,current_status,I015:mass_transport:1,I015,mass_transport,w-pc-11,4,No unit able to provide mass transport could reach this ward within 45 minutes without pulling a unit off a higher-severity ward.
220.0,2025-09-28T14:40:00Z,REPLAY,current_status,I017:mass_transport:0,I017,mass_transport,w-pc-07,5,No unit able to provide mass transport could reach this ward within 45 minutes without pulling a unit off a higher-severity ward.
220.0,2025-09-28T14:40:00Z,REPLAY,current_status,I017:mass_transport:1,I017,mass_transport,w-pc-07,5,No unit able to provide mass transport could reach this ward within 45 minutes without pulling a unit off a higher-severity ward.
220.0,2025-09-28T14:40:00Z,REPLAY,current_status,I024:mass_transport:0,I024,mass_transport,w-pc-06,4,No unit able to provide mass transport could reach this ward within 45 minutes without pulling a unit off a higher-severity ward.
220.0,2025-09-28T14:40:00Z,REPLAY,current_status,I024:mass_transport:1,I024,mass_transport,w-pc-06,4,No unit able to provide mass transport could reach this ward within 45 minutes without pulling a unit off a higher-severity ward.
220.0,2025-09-28T14:40:00Z,REPLAY,current_status,I027:mass_transport:0,I027,mass_transport,w-pc-10,4,No unit able to provide mass transport could reach this ward within 45 minutes without pulling a unit off a higher-severity ward.
220.0,2025-09-28T14:40:00Z,REPLAY,current_status,I027:mass_transport:1,I027,mass_transport,w-pc-10,4,No unit able to provide mass transport could reach this ward within 45 minutes without pulling a unit off a higher-severity ward.
220.0,2025-09-28T14:40:00Z,REPLAY,current_status,I029:mass_transport:0,I029,mass_transport,w-pc-13,4,No unit able to provide mass transport could reach this ward within 45 minutes without pulling a unit off a higher-severity ward.
220.0,2025-09-28T14:40:00Z,REPLAY,current_status,I030:mass_transport:0,I030,mass_transport,w-pc-06,4,No unit able to provide mass transport could reach this ward within 45 minutes without pulling a unit off a higher-severity ward.
220.0,2025-09-28T14:40:00Z,REPLAY,current_status,I030:mass_transport:1,I030,mass_transport,w-pc-06,4,No unit able to provide mass transport could reach this ward within 45 minutes without pulling a unit off a higher-severity ward.
220.0,2025-09-28T14:40:00Z,REPLAY,current_status,I035:mass_transport:0,I035,mass_transport,w-pc-11,5,No unit able to provide mass transport could reach this ward within 45 minutes without pulling a unit off a higher-severity ward.
220.0,2025-09-28T14:40:00Z,REPLAY,current_status,I035:mass_transport:1,I035,mass_transport,w-pc-11,5,No unit able to provide mass transport could reach this ward within 45 minutes without pulling a unit off a higher-severity ward.
220.0,2025-09-28T14:40:00Z,REPLAY,current_status,I035:mass_transport:2,I035,mass_transport,w-pc-11,5,No unit able to provide mass transport could reach this ward within 45 minutes without pulling a unit off a higher-severity ward.
220.0,2025-09-28T14:40:00Z,REPLAY,current_status,I037:debris_clearance:0,I037,debris_clearance,w-pc-10,3,No unit able to provide debris clearance could reach this ward within 45 minutes without pulling a unit off a higher-severity ward.
220.0,2025-09-28T14:40:00Z,REPLAY,current_status,I038:mass_transport:0,I038,mass_transport,w-pc-11,4,No unit able to provide mass transport could reach this ward within 45 minutes without pulling a unit off a higher-severity ward.
220.0,2025-09-28T14:40:00Z,REPLAY,current_status,I038:mass_transport:1,I038,mass_transport,w-pc-11,4,No unit able to provide mass transport could reach this ward within 45 minutes without pulling a unit off a higher-severity ward.
220.0,2025-09-28T14:40:00Z,REPLAY,current_status,I039:mass_transport:0,I039,mass_transport,w-pc-13,4,No unit able to provide mass transport could reach this ward within 45 minutes without pulling a unit off a higher-severity ward.
220.0,2025-09-28T14:40:00Z,REPLAY,current_status,I042:mass_transport:0,I042,mass_transport,w-pc-02,4,No unit able to provide mass transport could reach this ward within 45 minutes without pulling a unit off a higher-severity ward.
220.0,2025-09-28T14:40:00Z,REPLAY,current_status,I042:mass_transport:1,I042,mass_transport,w-pc-02,4,No unit able to provide mass transport could reach this ward within 45 minutes without pulling a unit off a higher-severity ward.
230.0,2025-09-28T14:50:00Z,REPLAY,current_status,I001:mass_transport:0,I001,mass_transport,w-pc-11,5,No unit able to provide mass transport could reach this ward within 45 minutes without pulling a unit off a higher-severity ward.
230.0,2025-09-28T14:50:00Z,REPLAY,current_status,I001:mass_transport:1,I001,mass_transport,w-pc-11,5,No unit able to provide mass transport could reach this ward within 45 minutes without pulling a unit off a higher-severity ward.
230.0,2025-09-28T14:50:00Z,REPLAY,current_status,I001:mass_transport:2,I001,mass_transport,w-pc-11,5,No unit able to provide mass transport could reach this ward within 45 minutes without pulling a unit off a higher-severity ward.
230.0,2025-09-28T14:50:00Z,REPLAY,current_status,I006:mass_transport:0,I006,mass_transport,w-pc-14,5,No unit able to provide mass transport could reach this ward within 45 minutes without pulling a unit off a higher-severity ward.
230.0,2025-09-28T14:50:00Z,REPLAY,current_status,I006:mass_transport:1,I006,mass_transport,w-pc-14,5,No unit able to provide mass transport could reach this ward within 45 minutes without pulling a unit off a higher-severity ward.
230.0,2025-09-28T14:50:00Z,REPLAY,current_status,I006:mass_transport:2,I006,mass_transport,w-pc-14,5,No unit able to provide mass transport could reach this ward within 45 minutes without pulling a unit off a higher-severity ward.
230.0,2025-09-28T14:50:00Z,REPLAY,current_status,I009:mass_transport:0,I009,mass_transport,w-pc-07,4,No unit able to provide mass transport could reach this ward within 45 minutes without pulling a unit off a higher-severity ward.
230.0,2025-09-28T14:50:00Z,REPLAY,current_status,I009:mass_transport:1,I009,mass_transport,w-pc-07,4,No unit able to provide mass transport could reach this ward within 45 minutes without pulling a unit off a higher-severity ward.
230.0,2025-09-28T14:50:00Z,REPLAY,current_status,I011:mass_transport:0,I011,mass_transport,w-pc-14,4,No unit able to provide mass transport could reach this ward within 45 minutes without pulling a unit off a higher-severity ward.
230.0,2025-09-28T14:50:00Z,REPLAY,current_status,I011:mass_transport:1,I011,mass_transport,w-pc-14,4,No unit able to provide mass transport could reach this ward within 45 minutes without pulling a unit off a higher-severity ward.
230.0,2025-09-28T14:50:00Z,REPLAY,current_status,I015:mass_transport:0,I015,mass_transport,w-pc-11,4,No unit able to provide mass transport could reach this ward within 45 minutes without pulling a unit off a higher-severity ward.
230.0,2025-09-28T14:50:00Z,REPLAY,current_status,I015:mass_transport:1,I015,mass_transport,w-pc-11,4,No unit able to provide mass transport could reach this ward within 45 minutes without pulling a unit off a higher-severity ward.
230.0,2025-09-28T14:50:00Z,REPLAY,current_status,I017:mass_transport:0,I017,mass_transport,w-pc-07,5,No unit able to provide mass transport could reach this ward within 45 minutes without pulling a unit off a higher-severity ward.
230.0,2025-09-28T14:50:00Z,REPLAY,current_status,I017:mass_transport:1,I017,mass_transport,w-pc-07,5,No unit able to provide mass transport could reach this ward within 45 minutes without pulling a unit off a higher-severity ward.
230.0,2025-09-28T14:50:00Z,REPLAY,current_status,I024:mass_transport:0,I024,mass_transport,w-pc-06,4,No unit able to provide mass transport could reach this ward within 45 minutes without pulling a unit off a higher-severity ward.
230.0,2025-09-28T14:50:00Z,REPLAY,current_status,I024:mass_transport:1,I024,mass_transport,w-pc-06,4,No unit able to provide mass transport could reach this ward within 45 minutes without pulling a unit off a higher-severity ward.
230.0,2025-09-28T14:50:00Z,REPLAY,current_status,I027:mass_transport:0,I027,mass_transport,w-pc-10,4,No unit able to provide mass transport could reach this ward within 45 minutes without pulling a unit off a higher-severity ward.
230.0,2025-09-28T14:50:00Z,REPLAY,current_status,I027:mass_transport:1,I027,mass_transport,w-pc-10,4,No unit able to provide mass transport could reach this ward within 45 minutes without pulling a unit off a higher-severity ward.
230.0,2025-09-28T14:50:00Z,REPLAY,current_status,I029:mass_transport:0,I029,mass_transport,w-pc-13,4,No unit able to provide mass transport could reach this ward within 45 minutes without pulling a unit off a higher-severity ward.
230.0,2025-09-28T14:50:00Z,REPLAY,current_status,I030:mass_transport:0,I030,mass_transport,w-pc-06,4,No unit able to provide mass transport could reach this ward within 45 minutes without pulling a unit off a higher-severity ward.
230.0,2025-09-28T14:50:00Z,REPLAY,current_status,I030:mass_transport:1,I030,mass_transport,w-pc-06,4,No unit able to provide mass transport could reach this ward within 45 minutes without pulling a unit off a higher-severity ward.
230.0,2025-09-28T14:50:00Z,REPLAY,current_status,I035:mass_transport:0,I035,mass_transport,w-pc-11,5,No unit able to provide mass transport could reach this ward within 45 minutes without pulling a unit off a higher-severity ward.
230.0,2025-09-28T14:50:00Z,REPLAY,current_status,I035:mass_transport:1,I035,mass_transport,w-pc-11,5,No unit able to provide mass transport could reach this ward within 45 minutes without pulling a unit off a higher-severity ward.
230.0,2025-09-28T14:50:00Z,REPLAY,current_status,I035:mass_transport:2,I035,mass_transport,w-pc-11,5,No unit able to provide mass transport could reach this ward within 45 minutes without pulling a unit off a higher-severity ward.
230.0,2025-09-28T14:50:00Z,REPLAY,current_status,I037:debris_clearance:0,I037,debris_clearance,w-pc-10,3,No unit able to provide debris clearance could reach this ward within 45 minutes without pulling a unit off a higher-severity ward.
230.0,2025-09-28T14:50:00Z,REPLAY,current_status,I038:mass_transport:0,I038,mass_transport,w-pc-11,4,No unit able to provide mass transport could reach this ward within 45 minutes without pulling a unit off a higher-severity ward.
230.0,2025-09-28T14:50:00Z,REPLAY,current_status,I038:mass_transport:1,I038,mass_transport,w-pc-11,4,No unit able to provide mass transport could reach this ward within 45 minutes without pulling a unit off a higher-severity ward.
230.0,2025-09-28T14:50:00Z,REPLAY,current_status,I039:mass_transport:0,I039,mass_transport,w-pc-13,4,No unit able to provide mass transport could reach this ward within 45 minutes without pulling a unit off a higher-severity ward.
230.0,2025-09-28T14:50:00Z,REPLAY,current_status,I042:mass_transport:0,I042,mass_transport,w-pc-02,4,No unit able to provide mass transport could reach this ward within 45 minutes without pulling a unit off a higher-severity ward.
230.0,2025-09-28T14:50:00Z,REPLAY,current_status,I042:mass_transport:1,I042,mass_transport,w-pc-02,4,No unit able to provide mass transport could reach this ward within 45 minutes without pulling a unit off a higher-severity ward.
230.0,2025-09-28T14:50:00Z,REPLAY,current_status,I046:mass_transport:0,I046,mass_transport,w-pc-11,5,No unit able to provide mass transport could reach this ward within 45 minutes without pulling a unit off a higher-severity ward.
230.0,2025-09-28T14:50:00Z,REPLAY,current_status,I046:mass_transport:1,I046,mass_transport,w-pc-11,5,No unit able to provide mass transport could reach this ward within 45 minutes without pulling a unit off a higher-severity ward.
230.0,2025-09-28T14:50:00Z,REPLAY,current_status,I046:mass_transport:2,I046,mass_transport,w-pc-11,5,No unit able to provide mass transport could reach this ward within 45 minutes without pulling a unit off a higher-severity ward.
240.0,2025-09-28T15:00:00Z,REPLAY,current_status,I001:mass_transport:0,I001,mass_transport,w-pc-11,5,No unit able to provide mass transport could reach this ward within 45 minutes without pulling a unit off a higher-severity ward.
240.0,2025-09-28T15:00:00Z,REPLAY,current_status,I001:mass_transport:1,I001,mass_transport,w-pc-11,5,No unit able to provide mass transport could reach this ward within 45 minutes without pulling a unit off a higher-severity ward.
240.0,2025-09-28T15:00:00Z,REPLAY,current_status,I001:mass_transport:2,I001,mass_transport,w-pc-11,5,No unit able to provide mass transport could reach this ward within 45 minutes without pulling a unit off a higher-severity ward.
240.0,2025-09-28T15:00:00Z,REPLAY,current_status,I006:mass_transport:0,I006,mass_transport,w-pc-14,5,No unit able to provide mass transport could reach this ward within 45 minutes without pulling a unit off a higher-severity ward.
240.0,2025-09-28T15:00:00Z,REPLAY,current_status,I006:mass_transport:1,I006,mass_transport,w-pc-14,5,No unit able to provide mass transport could reach this ward within 45 minutes without pulling a unit off a higher-severity ward.
240.0,2025-09-28T15:00:00Z,REPLAY,current_status,I006:mass_transport:2,I006,mass_transport,w-pc-14,5,No unit able to provide mass transport could reach this ward within 45 minutes without pulling a unit off a higher-severity ward.
240.0,2025-09-28T15:00:00Z,REPLAY,current_status,I009:mass_transport:0,I009,mass_transport,w-pc-07,4,No unit able to provide mass transport could reach this ward within 45 minutes without pulling a unit off a higher-severity ward.
240.0,2025-09-28T15:00:00Z,REPLAY,current_status,I009:mass_transport:1,I009,mass_transport,w-pc-07,4,No unit able to provide mass transport could reach this ward within 45 minutes without pulling a unit off a higher-severity ward.
240.0,2025-09-28T15:00:00Z,REPLAY,current_status,I011:mass_transport:0,I011,mass_transport,w-pc-14,4,No unit able to provide mass transport could reach this ward within 45 minutes without pulling a unit off a higher-severity ward.
240.0,2025-09-28T15:00:00Z,REPLAY,current_status,I011:mass_transport:1,I011,mass_transport,w-pc-14,4,No unit able to provide mass transport could reach this ward within 45 minutes without pulling a unit off a higher-severity ward.
240.0,2025-09-28T15:00:00Z,REPLAY,current_status,I015:mass_transport:0,I015,mass_transport,w-pc-11,4,No unit able to provide mass transport could reach this ward within 45 minutes without pulling a unit off a higher-severity ward.
240.0,2025-09-28T15:00:00Z,REPLAY,current_status,I015:mass_transport:1,I015,mass_transport,w-pc-11,4,No unit able to provide mass transport could reach this ward within 45 minutes without pulling a unit off a higher-severity ward.
240.0,2025-09-28T15:00:00Z,REPLAY,current_status,I017:mass_transport:1,I017,mass_transport,w-pc-07,5,No unit able to provide mass transport could reach this ward within 45 minutes without pulling a unit off a higher-severity ward.
240.0,2025-09-28T15:00:00Z,REPLAY,current_status,I024:mass_transport:0,I024,mass_transport,w-pc-06,4,No unit able to provide mass transport could reach this ward within 45 minutes without pulling a unit off a higher-severity ward.
240.0,2025-09-28T15:00:00Z,REPLAY,current_status,I024:mass_transport:1,I024,mass_transport,w-pc-06,4,No unit able to provide mass transport could reach this ward within 45 minutes without pulling a unit off a higher-severity ward.
240.0,2025-09-28T15:00:00Z,REPLAY,current_status,I027:mass_transport:0,I027,mass_transport,w-pc-10,4,No unit able to provide mass transport could reach this ward within 45 minutes without pulling a unit off a higher-severity ward.
240.0,2025-09-28T15:00:00Z,REPLAY,current_status,I027:mass_transport:1,I027,mass_transport,w-pc-10,4,No unit able to provide mass transport could reach this ward within 45 minutes without pulling a unit off a higher-severity ward.
240.0,2025-09-28T15:00:00Z,REPLAY,current_status,I029:mass_transport:0,I029,mass_transport,w-pc-13,4,No unit able to provide mass transport could reach this ward within 45 minutes without pulling a unit off a higher-severity ward.
240.0,2025-09-28T15:00:00Z,REPLAY,current_status,I030:mass_transport:0,I030,mass_transport,w-pc-06,4,No unit able to provide mass transport could reach this ward within 45 minutes without pulling a unit off a higher-severity ward.
240.0,2025-09-28T15:00:00Z,REPLAY,current_status,I030:mass_transport:1,I030,mass_transport,w-pc-06,4,No unit able to provide mass transport could reach this ward within 45 minutes without pulling a unit off a higher-severity ward.
240.0,2025-09-28T15:00:00Z,REPLAY,current_status,I035:mass_transport:0,I035,mass_transport,w-pc-11,5,No unit able to provide mass transport could reach this ward within 45 minutes without pulling a unit off a higher-severity ward.
240.0,2025-09-28T15:00:00Z,REPLAY,current_status,I035:mass_transport:1,I035,mass_transport,w-pc-11,5,No unit able to provide mass transport could reach this ward within 45 minutes without pulling a unit off a higher-severity ward.
240.0,2025-09-28T15:00:00Z,REPLAY,current_status,I035:mass_transport:2,I035,mass_transport,w-pc-11,5,No unit able to provide mass transport could reach this ward within 45 minutes without pulling a unit off a higher-severity ward.
240.0,2025-09-28T15:00:00Z,REPLAY,current_status,I038:mass_transport:0,I038,mass_transport,w-pc-11,4,No unit able to provide mass transport could reach this ward within 45 minutes without pulling a unit off a higher-severity ward.
240.0,2025-09-28T15:00:00Z,REPLAY,current_status,I038:mass_transport:1,I038,mass_transport,w-pc-11,4,No unit able to provide mass transport could reach this ward within 45 minutes without pulling a unit off a higher-severity ward.
240.0,2025-09-28T15:00:00Z,REPLAY,current_status,I039:mass_transport:0,I039,mass_transport,w-pc-13,4,No unit able to provide mass transport could reach this ward within 45 minutes without pulling a unit off a higher-severity ward.
240.0,2025-09-28T15:00:00Z,REPLAY,current_status,I042:mass_transport:0,I042,mass_transport,w-pc-02,4,No unit able to provide mass transport could reach this ward within 45 minutes without pulling a unit off a higher-severity ward.
240.0,2025-09-28T15:00:00Z,REPLAY,current_status,I042:mass_transport:1,I042,mass_transport,w-pc-02,4,No unit able to provide mass transport could reach this ward within 45 minutes without pulling a unit off a higher-severity ward.
240.0,2025-09-28T15:00:00Z,REPLAY,current_status,I046:mass_transport:0,I046,mass_transport,w-pc-11,5,No unit able to provide mass transport could reach this ward within 45 minutes without pulling a unit off a higher-severity ward.
240.0,2025-09-28T15:00:00Z,REPLAY,current_status,I046:mass_transport:1,I046,mass_transport,w-pc-11,5,No unit able to provide mass transport could reach this ward within 45 minutes without pulling a unit off a higher-severity ward.
240.0,2025-09-28T15:00:00Z,REPLAY,current_status,I046:mass_transport:2,I046,mass_transport,w-pc-11,5,No unit able to provide mass transport could reach this ward within 45 minutes without pulling a unit off a higher-severity ward.
250.0,2025-09-28T15:10:00Z,REPLAY,current_status,I001:mass_transport:0,I001,mass_transport,w-pc-11,5,No unit able to provide mass transport could reach this ward within 45 minutes without pulling a unit off a higher-severity ward.
250.0,2025-09-28T15:10:00Z,REPLAY,current_status,I001:mass_transport:1,I001,mass_transport,w-pc-11,5,No unit able to provide mass transport could reach this ward within 45 minutes without pulling a unit off a higher-severity ward.
250.0,2025-09-28T15:10:00Z,REPLAY,current_status,I001:mass_transport:2,I001,mass_transport,w-pc-11,5,No unit able to provide mass transport could reach this ward within 45 minutes without pulling a unit off a higher-severity ward.
250.0,2025-09-28T15:10:00Z,REPLAY,current_status,I006:mass_transport:0,I006,mass_transport,w-pc-14,5,No unit able to provide mass transport could reach this ward within 45 minutes without pulling a unit off a higher-severity ward.
250.0,2025-09-28T15:10:00Z,REPLAY,current_status,I006:mass_transport:1,I006,mass_transport,w-pc-14,5,No unit able to provide mass transport could reach this ward within 45 minutes without pulling a unit off a higher-severity ward.
250.0,2025-09-28T15:10:00Z,REPLAY,current_status,I006:mass_transport:2,I006,mass_transport,w-pc-14,5,No unit able to provide mass transport could reach this ward within 45 minutes without pulling a unit off a higher-severity ward.
250.0,2025-09-28T15:10:00Z,REPLAY,current_status,I009:mass_transport:0,I009,mass_transport,w-pc-07,4,No unit able to provide mass transport could reach this ward within 45 minutes without pulling a unit off a higher-severity ward.
250.0,2025-09-28T15:10:00Z,REPLAY,current_status,I009:mass_transport:1,I009,mass_transport,w-pc-07,4,No unit able to provide mass transport could reach this ward within 45 minutes without pulling a unit off a higher-severity ward.
250.0,2025-09-28T15:10:00Z,REPLAY,current_status,I011:mass_transport:0,I011,mass_transport,w-pc-14,4,No unit able to provide mass transport could reach this ward within 45 minutes without pulling a unit off a higher-severity ward.
250.0,2025-09-28T15:10:00Z,REPLAY,current_status,I011:mass_transport:1,I011,mass_transport,w-pc-14,4,No unit able to provide mass transport could reach this ward within 45 minutes without pulling a unit off a higher-severity ward.
250.0,2025-09-28T15:10:00Z,REPLAY,current_status,I015:mass_transport:0,I015,mass_transport,w-pc-11,4,No unit able to provide mass transport could reach this ward within 45 minutes without pulling a unit off a higher-severity ward.
250.0,2025-09-28T15:10:00Z,REPLAY,current_status,I015:mass_transport:1,I015,mass_transport,w-pc-11,4,No unit able to provide mass transport could reach this ward within 45 minutes without pulling a unit off a higher-severity ward.
250.0,2025-09-28T15:10:00Z,REPLAY,current_status,I017:mass_transport:1,I017,mass_transport,w-pc-07,5,No unit able to provide mass transport could reach this ward within 45 minutes without pulling a unit off a higher-severity ward.
250.0,2025-09-28T15:10:00Z,REPLAY,current_status,I024:mass_transport:0,I024,mass_transport,w-pc-06,4,No unit able to provide mass transport could reach this ward within 45 minutes without pulling a unit off a higher-severity ward.
250.0,2025-09-28T15:10:00Z,REPLAY,current_status,I024:mass_transport:1,I024,mass_transport,w-pc-06,4,No unit able to provide mass transport could reach this ward within 45 minutes without pulling a unit off a higher-severity ward.
250.0,2025-09-28T15:10:00Z,REPLAY,current_status,I027:mass_transport:0,I027,mass_transport,w-pc-10,4,No unit able to provide mass transport could reach this ward within 45 minutes without pulling a unit off a higher-severity ward.
250.0,2025-09-28T15:10:00Z,REPLAY,current_status,I027:mass_transport:1,I027,mass_transport,w-pc-10,4,No unit able to provide mass transport could reach this ward within 45 minutes without pulling a unit off a higher-severity ward.
250.0,2025-09-28T15:10:00Z,REPLAY,current_status,I029:mass_transport:0,I029,mass_transport,w-pc-13,4,No unit able to provide mass transport could reach this ward within 45 minutes without pulling a unit off a higher-severity ward.
250.0,2025-09-28T15:10:00Z,REPLAY,current_status,I030:mass_transport:0,I030,mass_transport,w-pc-06,4,No unit able to provide mass transport could reach this ward within 45 minutes without pulling a unit off a higher-severity ward.
250.0,2025-09-28T15:10:00Z,REPLAY,current_status,I030:mass_transport:1,I030,mass_transport,w-pc-06,4,No unit able to provide mass transport could reach this ward within 45 minutes without pulling a unit off a higher-severity ward.
250.0,2025-09-28T15:10:00Z,REPLAY,current_status,I035:mass_transport:0,I035,mass_transport,w-pc-11,5,No unit able to provide mass transport could reach this ward within 45 minutes without pulling a unit off a higher-severity ward.
250.0,2025-09-28T15:10:00Z,REPLAY,current_status,I035:mass_transport:1,I035,mass_transport,w-pc-11,5,No unit able to provide mass transport could reach this ward within 45 minutes without pulling a unit off a higher-severity ward.
250.0,2025-09-28T15:10:00Z,REPLAY,current_status,I035:mass_transport:2,I035,mass_transport,w-pc-11,5,No unit able to provide mass transport could reach this ward within 45 minutes without pulling a unit off a higher-severity ward.
250.0,2025-09-28T15:10:00Z,REPLAY,current_status,I038:mass_transport:0,I038,mass_transport,w-pc-11,4,No unit able to provide mass transport could reach this ward within 45 minutes without pulling a unit off a higher-severity ward.
250.0,2025-09-28T15:10:00Z,REPLAY,current_status,I038:mass_transport:1,I038,mass_transport,w-pc-11,4,No unit able to provide mass transport could reach this ward within 45 minutes without pulling a unit off a higher-severity ward.
250.0,2025-09-28T15:10:00Z,REPLAY,current_status,I039:mass_transport:0,I039,mass_transport,w-pc-13,4,No unit able to provide mass transport could reach this ward within 45 minutes without pulling a unit off a higher-severity ward.
250.0,2025-09-28T15:10:00Z,REPLAY,current_status,I042:mass_transport:0,I042,mass_transport,w-pc-02,4,No unit able to provide mass transport could reach this ward within 45 minutes without pulling a unit off a higher-severity ward.
250.0,2025-09-28T15:10:00Z,REPLAY,current_status,I042:mass_transport:1,I042,mass_transport,w-pc-02,4,No unit able to provide mass transport could reach this ward within 45 minutes without pulling a unit off a higher-severity ward.
250.0,2025-09-28T15:10:00Z,REPLAY,current_status,I046:mass_transport:0,I046,mass_transport,w-pc-11,5,No unit able to provide mass transport could reach this ward within 45 minutes without pulling a unit off a higher-severity ward.
250.0,2025-09-28T15:10:00Z,REPLAY,current_status,I046:mass_transport:1,I046,mass_transport,w-pc-11,5,No unit able to provide mass transport could reach this ward within 45 minutes without pulling a unit off a higher-severity ward.
250.0,2025-09-28T15:10:00Z,REPLAY,current_status,I046:mass_transport:2,I046,mass_transport,w-pc-11,5,No unit able to provide mass transport could reach this ward within 45 minutes without pulling a unit off a higher-severity ward.
250.0,2025-09-28T15:10:00Z,REPLAY,current_status,I048:mass_transport:0,I048,mass_transport,w-pc-07,5,No unit able to provide mass transport could reach this ward within 45 minutes without pulling a unit off a higher-severity ward.
250.0,2025-09-28T15:10:00Z,REPLAY,current_status,I048:mass_transport:1,I048,mass_transport,w-pc-07,5,No unit able to provide mass transport could reach this ward within 45 minutes without pulling a unit off a higher-severity ward.
250.0,2025-09-28T15:10:00Z,REPLAY,current_status,I048:mass_transport:2,I048,mass_transport,w-pc-07,5,No unit able to provide mass transport could reach this ward within 45 minutes without pulling a unit off a higher-severity ward.
250.0,2025-09-28T15:10:00Z,REPLAY,current_status,I053:field_assessment:0,I053,field_assessment,w-pc-07,2,No unit able to provide field assessment could reach this ward within 45 minutes without pulling a unit off a higher-severity ward.
250.0,2025-09-28T15:10:00Z,REPLAY,current_status,I054:water_rescue:0,I054,water_rescue,w-pc-10,5,No unit able to provide water rescue could reach this ward within 45 minutes without pulling a unit off a higher-severity ward.
250.0,2025-09-28T15:10:00Z,REPLAY,current_status,I054:mass_transport:0,I054,mass_transport,w-pc-10,5,No unit able to provide mass transport could reach this ward within 45 minutes without pulling a unit off a higher-severity ward.
250.0,2025-09-28T15:10:00Z,REPLAY,current_status,I054:mass_transport:1,I054,mass_transport,w-pc-10,5,No unit able to provide mass transport could reach this ward within 45 minutes without pulling a unit off a higher-severity ward.
250.0,2025-09-28T15:10:00Z,REPLAY,current_status,I054:mass_transport:2,I054,mass_transport,w-pc-10,5,No unit able to provide mass transport could reach this ward within 45 minutes without pulling a unit off a higher-severity ward.
260.0,2025-09-28T15:20:00Z,REPLAY,current_status,I001:mass_transport:0,I001,mass_transport,w-pc-11,5,No unit able to provide mass transport could reach this ward within 45 minutes without pulling a unit off a higher-severity ward.
260.0,2025-09-28T15:20:00Z,REPLAY,current_status,I001:mass_transport:1,I001,mass_transport,w-pc-11,5,No unit able to provide mass transport could reach this ward within 45 minutes without pulling a unit off a higher-severity ward.
260.0,2025-09-28T15:20:00Z,REPLAY,current_status,I001:mass_transport:2,I001,mass_transport,w-pc-11,5,No unit able to provide mass transport could reach this ward within 45 minutes without pulling a unit off a higher-severity ward.
260.0,2025-09-28T15:20:00Z,REPLAY,current_status,I006:mass_transport:0,I006,mass_transport,w-pc-14,5,No unit able to provide mass transport could reach this ward within 45 minutes without pulling a unit off a higher-severity ward.
260.0,2025-09-28T15:20:00Z,REPLAY,current_status,I006:mass_transport:1,I006,mass_transport,w-pc-14,5,No unit able to provide mass transport could reach this ward within 45 minutes without pulling a unit off a higher-severity ward.
260.0,2025-09-28T15:20:00Z,REPLAY,current_status,I006:mass_transport:2,I006,mass_transport,w-pc-14,5,No unit able to provide mass transport could reach this ward within 45 minutes without pulling a unit off a higher-severity ward.
260.0,2025-09-28T15:20:00Z,REPLAY,current_status,I009:mass_transport:0,I009,mass_transport,w-pc-07,4,No unit able to provide mass transport could reach this ward within 45 minutes without pulling a unit off a higher-severity ward.
260.0,2025-09-28T15:20:00Z,REPLAY,current_status,I009:mass_transport:1,I009,mass_transport,w-pc-07,4,No unit able to provide mass transport could reach this ward within 45 minutes without pulling a unit off a higher-severity ward.
260.0,2025-09-28T15:20:00Z,REPLAY,current_status,I011:mass_transport:0,I011,mass_transport,w-pc-14,4,No unit able to provide mass transport could reach this ward within 45 minutes without pulling a unit off a higher-severity ward.
260.0,2025-09-28T15:20:00Z,REPLAY,current_status,I011:mass_transport:1,I011,mass_transport,w-pc-14,4,No unit able to provide mass transport could reach this ward within 45 minutes without pulling a unit off a higher-severity ward.
260.0,2025-09-28T15:20:00Z,REPLAY,current_status,I015:mass_transport:0,I015,mass_transport,w-pc-11,4,No unit able to provide mass transport could reach this ward within 45 minutes without pulling a unit off a higher-severity ward.
260.0,2025-09-28T15:20:00Z,REPLAY,current_status,I015:mass_transport:1,I015,mass_transport,w-pc-11,4,No unit able to provide mass transport could reach this ward within 45 minutes without pulling a unit off a higher-severity ward.
260.0,2025-09-28T15:20:00Z,REPLAY,current_status,I017:mass_transport:0,I017,mass_transport,w-pc-07,5,No unit able to provide mass transport could reach this ward within 45 minutes without pulling a unit off a higher-severity ward.
260.0,2025-09-28T15:20:00Z,REPLAY,current_status,I024:mass_transport:0,I024,mass_transport,w-pc-06,4,No unit able to provide mass transport could reach this ward within 45 minutes without pulling a unit off a higher-severity ward.
260.0,2025-09-28T15:20:00Z,REPLAY,current_status,I024:mass_transport:1,I024,mass_transport,w-pc-06,4,No unit able to provide mass transport could reach this ward within 45 minutes without pulling a unit off a higher-severity ward.
260.0,2025-09-28T15:20:00Z,REPLAY,current_status,I027:mass_transport:0,I027,mass_transport,w-pc-10,4,No unit able to provide mass transport could reach this ward within 45 minutes without pulling a unit off a higher-severity ward.
260.0,2025-09-28T15:20:00Z,REPLAY,current_status,I027:mass_transport:1,I027,mass_transport,w-pc-10,4,No unit able to provide mass transport could reach this ward within 45 minutes without pulling a unit off a higher-severity ward.
260.0,2025-09-28T15:20:00Z,REPLAY,current_status,I029:mass_transport:0,I029,mass_transport,w-pc-13,4,No unit able to provide mass transport could reach this ward within 45 minutes without pulling a unit off a higher-severity ward.
260.0,2025-09-28T15:20:00Z,REPLAY,current_status,I030:mass_transport:0,I030,mass_transport,w-pc-06,4,No unit able to provide mass transport could reach this ward within 45 minutes without pulling a unit off a higher-severity ward.
260.0,2025-09-28T15:20:00Z,REPLAY,current_status,I030:mass_transport:1,I030,mass_transport,w-pc-06,4,No unit able to provide mass transport could reach this ward within 45 minutes without pulling a unit off a higher-severity ward.
260.0,2025-09-28T15:20:00Z,REPLAY,current_status,I035:mass_transport:0,I035,mass_transport,w-pc-11,5,No unit able to provide mass transport could reach this ward within 45 minutes without pulling a unit off a higher-severity ward.
260.0,2025-09-28T15:20:00Z,REPLAY,current_status,I035:mass_transport:1,I035,mass_transport,w-pc-11,5,No unit able to provide mass transport could reach this ward within 45 minutes without pulling a unit off a higher-severity ward.
260.0,2025-09-28T15:20:00Z,REPLAY,current_status,I035:mass_transport:2,I035,mass_transport,w-pc-11,5,No unit able to provide mass transport could reach this ward within 45 minutes without pulling a unit off a higher-severity ward.
260.0,2025-09-28T15:20:00Z,REPLAY,current_status,I038:mass_transport:0,I038,mass_transport,w-pc-11,4,No unit able to provide mass transport could reach this ward within 45 minutes without pulling a unit off a higher-severity ward.
260.0,2025-09-28T15:20:00Z,REPLAY,current_status,I038:mass_transport:1,I038,mass_transport,w-pc-11,4,No unit able to provide mass transport could reach this ward within 45 minutes without pulling a unit off a higher-severity ward.
260.0,2025-09-28T15:20:00Z,REPLAY,current_status,I039:mass_transport:0,I039,mass_transport,w-pc-13,4,No unit able to provide mass transport could reach this ward within 45 minutes without pulling a unit off a higher-severity ward.
260.0,2025-09-28T15:20:00Z,REPLAY,current_status,I042:mass_transport:0,I042,mass_transport,w-pc-02,4,No unit able to provide mass transport could reach this ward within 45 minutes without pulling a unit off a higher-severity ward.
260.0,2025-09-28T15:20:00Z,REPLAY,current_status,I042:mass_transport:1,I042,mass_transport,w-pc-02,4,No unit able to provide mass transport could reach this ward within 45 minutes without pulling a unit off a higher-severity ward.
260.0,2025-09-28T15:20:00Z,REPLAY,current_status,I046:mass_transport:0,I046,mass_transport,w-pc-11,5,No unit able to provide mass transport could reach this ward within 45 minutes without pulling a unit off a higher-severity ward.
260.0,2025-09-28T15:20:00Z,REPLAY,current_status,I046:mass_transport:1,I046,mass_transport,w-pc-11,5,No unit able to provide mass transport could reach this ward within 45 minutes without pulling a unit off a higher-severity ward.
260.0,2025-09-28T15:20:00Z,REPLAY,current_status,I046:mass_transport:2,I046,mass_transport,w-pc-11,5,No unit able to provide mass transport could reach this ward within 45 minutes without pulling a unit off a higher-severity ward.
260.0,2025-09-28T15:20:00Z,REPLAY,current_status,I048:mass_transport:0,I048,mass_transport,w-pc-07,5,No unit able to provide mass transport could reach this ward within 45 minutes without pulling a unit off a higher-severity ward.
260.0,2025-09-28T15:20:00Z,REPLAY,current_status,I048:mass_transport:1,I048,mass_transport,w-pc-07,5,No unit able to provide mass transport could reach this ward within 45 minutes without pulling a unit off a higher-severity ward.
260.0,2025-09-28T15:20:00Z,REPLAY,current_status,I048:mass_transport:2,I048,mass_transport,w-pc-07,5,No unit able to provide mass transport could reach this ward within 45 minutes without pulling a unit off a higher-severity ward.
260.0,2025-09-28T15:20:00Z,REPLAY,current_status,I050:search_rescue:0,I050,search_rescue,w-pc-09,5,No unit able to provide search rescue could reach this ward within 45 minutes without pulling a unit off a higher-severity ward.
260.0,2025-09-28T15:20:00Z,REPLAY,current_status,I053:field_assessment:0,I053,field_assessment,w-pc-07,2,No unit able to provide field assessment could reach this ward within 45 minutes without pulling a unit off a higher-severity ward.
260.0,2025-09-28T15:20:00Z,REPLAY,current_status,I054:water_rescue:0,I054,water_rescue,w-pc-10,5,No unit able to provide water rescue could reach this ward within 45 minutes without pulling a unit off a higher-severity ward.
260.0,2025-09-28T15:20:00Z,REPLAY,current_status,I054:mass_transport:0,I054,mass_transport,w-pc-10,5,No unit able to provide mass transport could reach this ward within 45 minutes without pulling a unit off a higher-severity ward.
260.0,2025-09-28T15:20:00Z,REPLAY,current_status,I054:mass_transport:1,I054,mass_transport,w-pc-10,5,No unit able to provide mass transport could reach this ward within 45 minutes without pulling a unit off a higher-severity ward.
260.0,2025-09-28T15:20:00Z,REPLAY,current_status,I054:mass_transport:2,I054,mass_transport,w-pc-10,5,No unit able to provide mass transport could reach this ward within 45 minutes without pulling a unit off a higher-severity ward.
270.0,2025-09-28T15:30:00Z,REPLAY,current_status,I001:mass_transport:0,I001,mass_transport,w-pc-11,5,No unit able to provide mass transport could reach this ward within 45 minutes without pulling a unit off a higher-severity ward.
270.0,2025-09-28T15:30:00Z,REPLAY,current_status,I001:mass_transport:1,I001,mass_transport,w-pc-11,5,No unit able to provide mass transport could reach this ward within 45 minutes without pulling a unit off a higher-severity ward.
270.0,2025-09-28T15:30:00Z,REPLAY,current_status,I001:mass_transport:2,I001,mass_transport,w-pc-11,5,No unit able to provide mass transport could reach this ward within 45 minutes without pulling a unit off a higher-severity ward.
270.0,2025-09-28T15:30:00Z,REPLAY,current_status,I006:mass_transport:0,I006,mass_transport,w-pc-14,5,No unit able to provide mass transport could reach this ward within 45 minutes without pulling a unit off a higher-severity ward.
270.0,2025-09-28T15:30:00Z,REPLAY,current_status,I006:mass_transport:1,I006,mass_transport,w-pc-14,5,No unit able to provide mass transport could reach this ward within 45 minutes without pulling a unit off a higher-severity ward.
270.0,2025-09-28T15:30:00Z,REPLAY,current_status,I006:mass_transport:2,I006,mass_transport,w-pc-14,5,No unit able to provide mass transport could reach this ward within 45 minutes without pulling a unit off a higher-severity ward.
270.0,2025-09-28T15:30:00Z,REPLAY,current_status,I009:mass_transport:0,I009,mass_transport,w-pc-07,4,No unit able to provide mass transport could reach this ward within 45 minutes without pulling a unit off a higher-severity ward.
270.0,2025-09-28T15:30:00Z,REPLAY,current_status,I009:mass_transport:1,I009,mass_transport,w-pc-07,4,No unit able to provide mass transport could reach this ward within 45 minutes without pulling a unit off a higher-severity ward.
270.0,2025-09-28T15:30:00Z,REPLAY,current_status,I011:mass_transport:0,I011,mass_transport,w-pc-14,4,No unit able to provide mass transport could reach this ward within 45 minutes without pulling a unit off a higher-severity ward.
270.0,2025-09-28T15:30:00Z,REPLAY,current_status,I011:mass_transport:1,I011,mass_transport,w-pc-14,4,No unit able to provide mass transport could reach this ward within 45 minutes without pulling a unit off a higher-severity ward.
270.0,2025-09-28T15:30:00Z,REPLAY,current_status,I015:mass_transport:0,I015,mass_transport,w-pc-11,4,No unit able to provide mass transport could reach this ward within 45 minutes without pulling a unit off a higher-severity ward.
270.0,2025-09-28T15:30:00Z,REPLAY,current_status,I015:mass_transport:1,I015,mass_transport,w-pc-11,4,No unit able to provide mass transport could reach this ward within 45 minutes without pulling a unit off a higher-severity ward.
270.0,2025-09-28T15:30:00Z,REPLAY,current_status,I017:mass_transport:0,I017,mass_transport,w-pc-07,5,No unit able to provide mass transport could reach this ward within 45 minutes without pulling a unit off a higher-severity ward.
270.0,2025-09-28T15:30:00Z,REPLAY,current_status,I024:mass_transport:0,I024,mass_transport,w-pc-06,4,No unit able to provide mass transport could reach this ward within 45 minutes without pulling a unit off a higher-severity ward.
270.0,2025-09-28T15:30:00Z,REPLAY,current_status,I024:mass_transport:1,I024,mass_transport,w-pc-06,4,No unit able to provide mass transport could reach this ward within 45 minutes without pulling a unit off a higher-severity ward.
270.0,2025-09-28T15:30:00Z,REPLAY,current_status,I027:mass_transport:0,I027,mass_transport,w-pc-10,4,No unit able to provide mass transport could reach this ward within 45 minutes without pulling a unit off a higher-severity ward.
270.0,2025-09-28T15:30:00Z,REPLAY,current_status,I027:mass_transport:1,I027,mass_transport,w-pc-10,4,No unit able to provide mass transport could reach this ward within 45 minutes without pulling a unit off a higher-severity ward.
270.0,2025-09-28T15:30:00Z,REPLAY,current_status,I029:mass_transport:0,I029,mass_transport,w-pc-13,4,No unit able to provide mass transport could reach this ward within 45 minutes without pulling a unit off a higher-severity ward.
270.0,2025-09-28T15:30:00Z,REPLAY,current_status,I030:mass_transport:0,I030,mass_transport,w-pc-06,4,No unit able to provide mass transport could reach this ward within 45 minutes without pulling a unit off a higher-severity ward.
270.0,2025-09-28T15:30:00Z,REPLAY,current_status,I030:mass_transport:1,I030,mass_transport,w-pc-06,4,No unit able to provide mass transport could reach this ward within 45 minutes without pulling a unit off a higher-severity ward.
270.0,2025-09-28T15:30:00Z,REPLAY,current_status,I035:mass_transport:0,I035,mass_transport,w-pc-11,5,No unit able to provide mass transport could reach this ward within 45 minutes without pulling a unit off a higher-severity ward.
270.0,2025-09-28T15:30:00Z,REPLAY,current_status,I035:mass_transport:1,I035,mass_transport,w-pc-11,5,No unit able to provide mass transport could reach this ward within 45 minutes without pulling a unit off a higher-severity ward.
270.0,2025-09-28T15:30:00Z,REPLAY,current_status,I035:mass_transport:2,I035,mass_transport,w-pc-11,5,No unit able to provide mass transport could reach this ward within 45 minutes without pulling a unit off a higher-severity ward.
270.0,2025-09-28T15:30:00Z,REPLAY,current_status,I037:debris_clearance:0,I037,debris_clearance,w-pc-10,3,No unit able to provide debris clearance could reach this ward within 45 minutes without pulling a unit off a higher-severity ward.
270.0,2025-09-28T15:30:00Z,REPLAY,current_status,I038:mass_transport:0,I038,mass_transport,w-pc-11,4,No unit able to provide mass transport could reach this ward within 45 minutes without pulling a unit off a higher-severity ward.
270.0,2025-09-28T15:30:00Z,REPLAY,current_status,I038:mass_transport:1,I038,mass_transport,w-pc-11,4,No unit able to provide mass transport could reach this ward within 45 minutes without pulling a unit off a higher-severity ward.
270.0,2025-09-28T15:30:00Z,REPLAY,current_status,I039:mass_transport:0,I039,mass_transport,w-pc-13,4,No unit able to provide mass transport could reach this ward within 45 minutes without pulling a unit off a higher-severity ward.
270.0,2025-09-28T15:30:00Z,REPLAY,current_status,I042:mass_transport:0,I042,mass_transport,w-pc-02,4,No unit able to provide mass transport could reach this ward within 45 minutes without pulling a unit off a higher-severity ward.
270.0,2025-09-28T15:30:00Z,REPLAY,current_status,I042:mass_transport:1,I042,mass_transport,w-pc-02,4,No unit able to provide mass transport could reach this ward within 45 minutes without pulling a unit off a higher-severity ward.
270.0,2025-09-28T15:30:00Z,REPLAY,current_status,I046:mass_transport:0,I046,mass_transport,w-pc-11,5,No unit able to provide mass transport could reach this ward within 45 minutes without pulling a unit off a higher-severity ward.
270.0,2025-09-28T15:30:00Z,REPLAY,current_status,I046:mass_transport:1,I046,mass_transport,w-pc-11,5,No unit able to provide mass transport could reach this ward within 45 minutes without pulling a unit off a higher-severity ward.
270.0,2025-09-28T15:30:00Z,REPLAY,current_status,I046:mass_transport:2,I046,mass_transport,w-pc-11,5,No unit able to provide mass transport could reach this ward within 45 minutes without pulling a unit off a higher-severity ward.
270.0,2025-09-28T15:30:00Z,REPLAY,current_status,I048:mass_transport:0,I048,mass_transport,w-pc-07,5,No unit able to provide mass transport could reach this ward within 45 minutes without pulling a unit off a higher-severity ward.
270.0,2025-09-28T15:30:00Z,REPLAY,current_status,I048:mass_transport:1,I048,mass_transport,w-pc-07,5,No unit able to provide mass transport could reach this ward within 45 minutes without pulling a unit off a higher-severity ward.
270.0,2025-09-28T15:30:00Z,REPLAY,current_status,I048:mass_transport:2,I048,mass_transport,w-pc-07,5,No unit able to provide mass transport could reach this ward within 45 minutes without pulling a unit off a higher-severity ward.
270.0,2025-09-28T15:30:00Z,REPLAY,current_status,I050:search_rescue:0,I050,search_rescue,w-pc-09,5,No unit able to provide search rescue could reach this ward within 45 minutes without pulling a unit off a higher-severity ward.
270.0,2025-09-28T15:30:00Z,REPLAY,current_status,I054:mass_transport:0,I054,mass_transport,w-pc-10,5,No unit able to provide mass transport could reach this ward within 45 minutes without pulling a unit off a higher-severity ward.
270.0,2025-09-28T15:30:00Z,REPLAY,current_status,I054:mass_transport:1,I054,mass_transport,w-pc-10,5,No unit able to provide mass transport could reach this ward within 45 minutes without pulling a unit off a higher-severity ward.
270.0,2025-09-28T15:30:00Z,REPLAY,current_status,I054:mass_transport:2,I054,mass_transport,w-pc-10,5,No unit able to provide mass transport could reach this ward within 45 minutes without pulling a unit off a higher-severity ward.
270.0,2025-09-28T15:30:00Z,REPLAY,current_status,I058:field_assessment:0,I058,field_assessment,w-pc-11,2,No unit able to provide field assessment could reach this ward within 45 minutes without pulling a unit off a higher-severity ward.
280.0,2025-09-28T15:40:00Z,REPLAY,current_status,I001:mass_transport:0,I001,mass_transport,w-pc-11,5,No unit able to provide mass transport could reach this ward within 45 minutes without pulling a unit off a higher-severity ward.
280.0,2025-09-28T15:40:00Z,REPLAY,current_status,I001:mass_transport:1,I001,mass_transport,w-pc-11,5,No unit able to provide mass transport could reach this ward within 45 minutes without pulling a unit off a higher-severity ward.
280.0,2025-09-28T15:40:00Z,REPLAY,current_status,I001:mass_transport:2,I001,mass_transport,w-pc-11,5,No unit able to provide mass transport could reach this ward within 45 minutes without pulling a unit off a higher-severity ward.
280.0,2025-09-28T15:40:00Z,REPLAY,current_status,I006:mass_transport:0,I006,mass_transport,w-pc-14,5,No unit able to provide mass transport could reach this ward within 45 minutes without pulling a unit off a higher-severity ward.
280.0,2025-09-28T15:40:00Z,REPLAY,current_status,I006:mass_transport:1,I006,mass_transport,w-pc-14,5,No unit able to provide mass transport could reach this ward within 45 minutes without pulling a unit off a higher-severity ward.
280.0,2025-09-28T15:40:00Z,REPLAY,current_status,I006:mass_transport:2,I006,mass_transport,w-pc-14,5,No unit able to provide mass transport could reach this ward within 45 minutes without pulling a unit off a higher-severity ward.
280.0,2025-09-28T15:40:00Z,REPLAY,current_status,I009:mass_transport:0,I009,mass_transport,w-pc-07,4,No unit able to provide mass transport could reach this ward within 45 minutes without pulling a unit off a higher-severity ward.
280.0,2025-09-28T15:40:00Z,REPLAY,current_status,I009:mass_transport:1,I009,mass_transport,w-pc-07,4,No unit able to provide mass transport could reach this ward within 45 minutes without pulling a unit off a higher-severity ward.
280.0,2025-09-28T15:40:00Z,REPLAY,current_status,I011:mass_transport:0,I011,mass_transport,w-pc-14,4,No unit able to provide mass transport could reach this ward within 45 minutes without pulling a unit off a higher-severity ward.
280.0,2025-09-28T15:40:00Z,REPLAY,current_status,I011:mass_transport:1,I011,mass_transport,w-pc-14,4,No unit able to provide mass transport could reach this ward within 45 minutes without pulling a unit off a higher-severity ward.
280.0,2025-09-28T15:40:00Z,REPLAY,current_status,I015:mass_transport:0,I015,mass_transport,w-pc-11,4,No unit able to provide mass transport could reach this ward within 45 minutes without pulling a unit off a higher-severity ward.
280.0,2025-09-28T15:40:00Z,REPLAY,current_status,I015:mass_transport:1,I015,mass_transport,w-pc-11,4,No unit able to provide mass transport could reach this ward within 45 minutes without pulling a unit off a higher-severity ward.
280.0,2025-09-28T15:40:00Z,REPLAY,current_status,I017:mass_transport:0,I017,mass_transport,w-pc-07,5,No unit able to provide mass transport could reach this ward within 45 minutes without pulling a unit off a higher-severity ward.
280.0,2025-09-28T15:40:00Z,REPLAY,current_status,I024:mass_transport:0,I024,mass_transport,w-pc-06,4,No unit able to provide mass transport could reach this ward within 45 minutes without pulling a unit off a higher-severity ward.
280.0,2025-09-28T15:40:00Z,REPLAY,current_status,I024:mass_transport:1,I024,mass_transport,w-pc-06,4,No unit able to provide mass transport could reach this ward within 45 minutes without pulling a unit off a higher-severity ward.
280.0,2025-09-28T15:40:00Z,REPLAY,current_status,I027:mass_transport:0,I027,mass_transport,w-pc-10,4,No unit able to provide mass transport could reach this ward within 45 minutes without pulling a unit off a higher-severity ward.
280.0,2025-09-28T15:40:00Z,REPLAY,current_status,I027:mass_transport:1,I027,mass_transport,w-pc-10,4,No unit able to provide mass transport could reach this ward within 45 minutes without pulling a unit off a higher-severity ward.
280.0,2025-09-28T15:40:00Z,REPLAY,current_status,I029:mass_transport:0,I029,mass_transport,w-pc-13,4,No unit able to provide mass transport could reach this ward within 45 minutes without pulling a unit off a higher-severity ward.
280.0,2025-09-28T15:40:00Z,REPLAY,current_status,I030:mass_transport:0,I030,mass_transport,w-pc-06,4,No unit able to provide mass transport could reach this ward within 45 minutes without pulling a unit off a higher-severity ward.
280.0,2025-09-28T15:40:00Z,REPLAY,current_status,I030:mass_transport:1,I030,mass_transport,w-pc-06,4,No unit able to provide mass transport could reach this ward within 45 minutes without pulling a unit off a higher-severity ward.
280.0,2025-09-28T15:40:00Z,REPLAY,current_status,I035:mass_transport:0,I035,mass_transport,w-pc-11,5,No unit able to provide mass transport could reach this ward within 45 minutes without pulling a unit off a higher-severity ward.
280.0,2025-09-28T15:40:00Z,REPLAY,current_status,I035:mass_transport:1,I035,mass_transport,w-pc-11,5,No unit able to provide mass transport could reach this ward within 45 minutes without pulling a unit off a higher-severity ward.
280.0,2025-09-28T15:40:00Z,REPLAY,current_status,I035:mass_transport:2,I035,mass_transport,w-pc-11,5,No unit able to provide mass transport could reach this ward within 45 minutes without pulling a unit off a higher-severity ward.
280.0,2025-09-28T15:40:00Z,REPLAY,current_status,I037:debris_clearance:0,I037,debris_clearance,w-pc-10,3,No unit able to provide debris clearance could reach this ward within 45 minutes without pulling a unit off a higher-severity ward.
280.0,2025-09-28T15:40:00Z,REPLAY,current_status,I038:mass_transport:0,I038,mass_transport,w-pc-11,4,No unit able to provide mass transport could reach this ward within 45 minutes without pulling a unit off a higher-severity ward.
280.0,2025-09-28T15:40:00Z,REPLAY,current_status,I038:mass_transport:1,I038,mass_transport,w-pc-11,4,No unit able to provide mass transport could reach this ward within 45 minutes without pulling a unit off a higher-severity ward.
280.0,2025-09-28T15:40:00Z,REPLAY,current_status,I039:mass_transport:0,I039,mass_transport,w-pc-13,4,No unit able to provide mass transport could reach this ward within 45 minutes without pulling a unit off a higher-severity ward.
280.0,2025-09-28T15:40:00Z,REPLAY,current_status,I042:mass_transport:0,I042,mass_transport,w-pc-02,4,No unit able to provide mass transport could reach this ward within 45 minutes without pulling a unit off a higher-severity ward.
280.0,2025-09-28T15:40:00Z,REPLAY,current_status,I042:mass_transport:1,I042,mass_transport,w-pc-02,4,No unit able to provide mass transport could reach this ward within 45 minutes without pulling a unit off a higher-severity ward.
280.0,2025-09-28T15:40:00Z,REPLAY,current_status,I046:mass_transport:0,I046,mass_transport,w-pc-11,5,No unit able to provide mass transport could reach this ward within 45 minutes without pulling a unit off a higher-severity ward.
280.0,2025-09-28T15:40:00Z,REPLAY,current_status,I046:mass_transport:1,I046,mass_transport,w-pc-11,5,No unit able to provide mass transport could reach this ward within 45 minutes without pulling a unit off a higher-severity ward.
280.0,2025-09-28T15:40:00Z,REPLAY,current_status,I046:mass_transport:2,I046,mass_transport,w-pc-11,5,No unit able to provide mass transport could reach this ward within 45 minutes without pulling a unit off a higher-severity ward.
280.0,2025-09-28T15:40:00Z,REPLAY,current_status,I048:mass_transport:0,I048,mass_transport,w-pc-07,5,No unit able to provide mass transport could reach this ward within 45 minutes without pulling a unit off a higher-severity ward.
280.0,2025-09-28T15:40:00Z,REPLAY,current_status,I048:mass_transport:1,I048,mass_transport,w-pc-07,5,No unit able to provide mass transport could reach this ward within 45 minutes without pulling a unit off a higher-severity ward.
280.0,2025-09-28T15:40:00Z,REPLAY,current_status,I048:mass_transport:2,I048,mass_transport,w-pc-07,5,No unit able to provide mass transport could reach this ward within 45 minutes without pulling a unit off a higher-severity ward.
280.0,2025-09-28T15:40:00Z,REPLAY,current_status,I050:search_rescue:0,I050,search_rescue,w-pc-09,5,No unit able to provide search rescue could reach this ward within 45 minutes without pulling a unit off a higher-severity ward.
280.0,2025-09-28T15:40:00Z,REPLAY,current_status,I054:mass_transport:0,I054,mass_transport,w-pc-10,5,No unit able to provide mass transport could reach this ward within 45 minutes without pulling a unit off a higher-severity ward.
280.0,2025-09-28T15:40:00Z,REPLAY,current_status,I054:mass_transport:1,I054,mass_transport,w-pc-10,5,No unit able to provide mass transport could reach this ward within 45 minutes without pulling a unit off a higher-severity ward.
280.0,2025-09-28T15:40:00Z,REPLAY,current_status,I054:mass_transport:2,I054,mass_transport,w-pc-10,5,No unit able to provide mass transport could reach this ward within 45 minutes without pulling a unit off a higher-severity ward.
280.0,2025-09-28T15:40:00Z,REPLAY,current_status,I057:mass_transport:0,I057,mass_transport,w-pc-02,4,No unit able to provide mass transport could reach this ward within 45 minutes without pulling a unit off a higher-severity ward.
280.0,2025-09-28T15:40:00Z,REPLAY,current_status,I057:mass_transport:1,I057,mass_transport,w-pc-02,4,No unit able to provide mass transport could reach this ward within 45 minutes without pulling a unit off a higher-severity ward.
280.0,2025-09-28T15:40:00Z,REPLAY,current_status,I058:field_assessment:0,I058,field_assessment,w-pc-11,2,No unit able to provide field assessment could reach this ward within 45 minutes without pulling a unit off a higher-severity ward.
280.0,2025-09-28T15:40:00Z,REPLAY,current_status,I060:field_assessment:0,I060,field_assessment,w-pc-06,2,No unit able to provide field assessment could reach this ward within 45 minutes without pulling a unit off a higher-severity ward.
280.0,2025-09-28T15:40:00Z,REPLAY,current_status,I062:field_assessment:0,I062,field_assessment,w-pc-10,2,No unit able to provide field assessment could reach this ward within 45 minutes without pulling a unit off a higher-severity ward.
290.0,2025-09-28T15:50:00Z,REPLAY,current_status,I001:mass_transport:0,I001,mass_transport,w-pc-11,5,No unit able to provide mass transport could reach this ward within 45 minutes without pulling a unit off a higher-severity ward.
290.0,2025-09-28T15:50:00Z,REPLAY,current_status,I001:mass_transport:1,I001,mass_transport,w-pc-11,5,No unit able to provide mass transport could reach this ward within 45 minutes without pulling a unit off a higher-severity ward.
290.0,2025-09-28T15:50:00Z,REPLAY,current_status,I001:mass_transport:2,I001,mass_transport,w-pc-11,5,No unit able to provide mass transport could reach this ward within 45 minutes without pulling a unit off a higher-severity ward.
290.0,2025-09-28T15:50:00Z,REPLAY,current_status,I006:mass_transport:0,I006,mass_transport,w-pc-14,5,No unit able to provide mass transport could reach this ward within 45 minutes without pulling a unit off a higher-severity ward.
290.0,2025-09-28T15:50:00Z,REPLAY,current_status,I006:mass_transport:1,I006,mass_transport,w-pc-14,5,No unit able to provide mass transport could reach this ward within 45 minutes without pulling a unit off a higher-severity ward.
290.0,2025-09-28T15:50:00Z,REPLAY,current_status,I006:mass_transport:2,I006,mass_transport,w-pc-14,5,No unit able to provide mass transport could reach this ward within 45 minutes without pulling a unit off a higher-severity ward.
290.0,2025-09-28T15:50:00Z,REPLAY,current_status,I009:mass_transport:0,I009,mass_transport,w-pc-07,4,No unit able to provide mass transport could reach this ward within 45 minutes without pulling a unit off a higher-severity ward.
290.0,2025-09-28T15:50:00Z,REPLAY,current_status,I009:mass_transport:1,I009,mass_transport,w-pc-07,4,No unit able to provide mass transport could reach this ward within 45 minutes without pulling a unit off a higher-severity ward.
290.0,2025-09-28T15:50:00Z,REPLAY,current_status,I011:mass_transport:0,I011,mass_transport,w-pc-14,4,No unit able to provide mass transport could reach this ward within 45 minutes without pulling a unit off a higher-severity ward.
290.0,2025-09-28T15:50:00Z,REPLAY,current_status,I011:mass_transport:1,I011,mass_transport,w-pc-14,4,No unit able to provide mass transport could reach this ward within 45 minutes without pulling a unit off a higher-severity ward.
290.0,2025-09-28T15:50:00Z,REPLAY,current_status,I015:mass_transport:0,I015,mass_transport,w-pc-11,4,No unit able to provide mass transport could reach this ward within 45 minutes without pulling a unit off a higher-severity ward.
290.0,2025-09-28T15:50:00Z,REPLAY,current_status,I015:mass_transport:1,I015,mass_transport,w-pc-11,4,No unit able to provide mass transport could reach this ward within 45 minutes without pulling a unit off a higher-severity ward.
290.0,2025-09-28T15:50:00Z,REPLAY,current_status,I017:mass_transport:0,I017,mass_transport,w-pc-07,5,No unit able to provide mass transport could reach this ward within 45 minutes without pulling a unit off a higher-severity ward.
290.0,2025-09-28T15:50:00Z,REPLAY,current_status,I024:mass_transport:0,I024,mass_transport,w-pc-06,4,No unit able to provide mass transport could reach this ward within 45 minutes without pulling a unit off a higher-severity ward.
290.0,2025-09-28T15:50:00Z,REPLAY,current_status,I024:mass_transport:1,I024,mass_transport,w-pc-06,4,No unit able to provide mass transport could reach this ward within 45 minutes without pulling a unit off a higher-severity ward.
290.0,2025-09-28T15:50:00Z,REPLAY,current_status,I027:mass_transport:0,I027,mass_transport,w-pc-10,4,No unit able to provide mass transport could reach this ward within 45 minutes without pulling a unit off a higher-severity ward.
290.0,2025-09-28T15:50:00Z,REPLAY,current_status,I027:mass_transport:1,I027,mass_transport,w-pc-10,4,No unit able to provide mass transport could reach this ward within 45 minutes without pulling a unit off a higher-severity ward.
290.0,2025-09-28T15:50:00Z,REPLAY,current_status,I029:mass_transport:0,I029,mass_transport,w-pc-13,4,No unit able to provide mass transport could reach this ward within 45 minutes without pulling a unit off a higher-severity ward.
290.0,2025-09-28T15:50:00Z,REPLAY,current_status,I030:mass_transport:0,I030,mass_transport,w-pc-06,4,No unit able to provide mass transport could reach this ward within 45 minutes without pulling a unit off a higher-severity ward.
290.0,2025-09-28T15:50:00Z,REPLAY,current_status,I030:mass_transport:1,I030,mass_transport,w-pc-06,4,No unit able to provide mass transport could reach this ward within 45 minutes without pulling a unit off a higher-severity ward.
290.0,2025-09-28T15:50:00Z,REPLAY,current_status,I035:mass_transport:0,I035,mass_transport,w-pc-11,5,No unit able to provide mass transport could reach this ward within 45 minutes without pulling a unit off a higher-severity ward.
290.0,2025-09-28T15:50:00Z,REPLAY,current_status,I035:mass_transport:1,I035,mass_transport,w-pc-11,5,No unit able to provide mass transport could reach this ward within 45 minutes without pulling a unit off a higher-severity ward.
290.0,2025-09-28T15:50:00Z,REPLAY,current_status,I035:mass_transport:2,I035,mass_transport,w-pc-11,5,No unit able to provide mass transport could reach this ward within 45 minutes without pulling a unit off a higher-severity ward.
290.0,2025-09-28T15:50:00Z,REPLAY,current_status,I037:debris_clearance:0,I037,debris_clearance,w-pc-10,3,No unit able to provide debris clearance could reach this ward within 45 minutes without pulling a unit off a higher-severity ward.
290.0,2025-09-28T15:50:00Z,REPLAY,current_status,I038:mass_transport:0,I038,mass_transport,w-pc-11,4,No unit able to provide mass transport could reach this ward within 45 minutes without pulling a unit off a higher-severity ward.
290.0,2025-09-28T15:50:00Z,REPLAY,current_status,I038:mass_transport:1,I038,mass_transport,w-pc-11,4,No unit able to provide mass transport could reach this ward within 45 minutes without pulling a unit off a higher-severity ward.
290.0,2025-09-28T15:50:00Z,REPLAY,current_status,I039:mass_transport:0,I039,mass_transport,w-pc-13,4,No unit able to provide mass transport could reach this ward within 45 minutes without pulling a unit off a higher-severity ward.
290.0,2025-09-28T15:50:00Z,REPLAY,current_status,I042:mass_transport:0,I042,mass_transport,w-pc-02,4,No unit able to provide mass transport could reach this ward within 45 minutes without pulling a unit off a higher-severity ward.
290.0,2025-09-28T15:50:00Z,REPLAY,current_status,I042:mass_transport:1,I042,mass_transport,w-pc-02,4,No unit able to provide mass transport could reach this ward within 45 minutes without pulling a unit off a higher-severity ward.
290.0,2025-09-28T15:50:00Z,REPLAY,current_status,I046:mass_transport:0,I046,mass_transport,w-pc-11,5,No unit able to provide mass transport could reach this ward within 45 minutes without pulling a unit off a higher-severity ward.
290.0,2025-09-28T15:50:00Z,REPLAY,current_status,I046:mass_transport:1,I046,mass_transport,w-pc-11,5,No unit able to provide mass transport could reach this ward within 45 minutes without pulling a unit off a higher-severity ward.
290.0,2025-09-28T15:50:00Z,REPLAY,current_status,I046:mass_transport:2,I046,mass_transport,w-pc-11,5,No unit able to provide mass transport could reach this ward within 45 minutes without pulling a unit off a higher-severity ward.
290.0,2025-09-28T15:50:00Z,REPLAY,current_status,I048:mass_transport:0,I048,mass_transport,w-pc-07,5,No unit able to provide mass transport could reach this ward within 45 minutes without pulling a unit off a higher-severity ward.
290.0,2025-09-28T15:50:00Z,REPLAY,current_status,I048:mass_transport:1,I048,mass_transport,w-pc-07,5,No unit able to provide mass transport could reach this ward within 45 minutes without pulling a unit off a higher-severity ward.
290.0,2025-09-28T15:50:00Z,REPLAY,current_status,I048:mass_transport:2,I048,mass_transport,w-pc-07,5,No unit able to provide mass transport could reach this ward within 45 minutes without pulling a unit off a higher-severity ward.
290.0,2025-09-28T15:50:00Z,REPLAY,current_status,I050:search_rescue:0,I050,search_rescue,w-pc-09,5,No unit able to provide search rescue could reach this ward within 45 minutes without pulling a unit off a higher-severity ward.
290.0,2025-09-28T15:50:00Z,REPLAY,current_status,I054:mass_transport:0,I054,mass_transport,w-pc-10,5,No unit able to provide mass transport could reach this ward within 45 minutes without pulling a unit off a higher-severity ward.
290.0,2025-09-28T15:50:00Z,REPLAY,current_status,I054:mass_transport:1,I054,mass_transport,w-pc-10,5,No unit able to provide mass transport could reach this ward within 45 minutes without pulling a unit off a higher-severity ward.
290.0,2025-09-28T15:50:00Z,REPLAY,current_status,I054:mass_transport:2,I054,mass_transport,w-pc-10,5,No unit able to provide mass transport could reach this ward within 45 minutes without pulling a unit off a higher-severity ward.
290.0,2025-09-28T15:50:00Z,REPLAY,current_status,I057:mass_transport:0,I057,mass_transport,w-pc-02,4,No unit able to provide mass transport could reach this ward within 45 minutes without pulling a unit off a higher-severity ward.
290.0,2025-09-28T15:50:00Z,REPLAY,current_status,I057:mass_transport:1,I057,mass_transport,w-pc-02,4,No unit able to provide mass transport could reach this ward within 45 minutes without pulling a unit off a higher-severity ward.
290.0,2025-09-28T15:50:00Z,REPLAY,current_status,I062:field_assessment:0,I062,field_assessment,w-pc-10,2,No unit able to provide field assessment could reach this ward within 45 minutes without pulling a unit off a higher-severity ward.
290.0,2025-09-28T15:50:00Z,REPLAY,current_status,I063:field_assessment:0,I063,field_assessment,w-pc-13,2,No unit able to provide field assessment could reach this ward within 45 minutes without pulling a unit off a higher-severity ward.
290.0,2025-09-28T15:50:00Z,REPLAY,current_status,I064:field_assessment:0,I064,field_assessment,w-pc-11,2,No unit able to provide field assessment could reach this ward within 45 minutes without pulling a unit off a higher-severity ward.
290.0,2025-09-28T15:50:00Z,REPLAY,current_status,I065:field_assessment:0,I065,field_assessment,w-pc-11,2,No unit able to provide field assessment could reach this ward within 45 minutes without pulling a unit off a higher-severity ward.
300.0,2025-09-28T16:00:00Z,REPLAY,current_status,I001:mass_transport:0,I001,mass_transport,w-pc-11,5,No unit able to provide mass transport could reach this ward within 45 minutes without pulling a unit off a higher-severity ward.
300.0,2025-09-28T16:00:00Z,REPLAY,current_status,I001:mass_transport:1,I001,mass_transport,w-pc-11,5,No unit able to provide mass transport could reach this ward within 45 minutes without pulling a unit off a higher-severity ward.
300.0,2025-09-28T16:00:00Z,REPLAY,current_status,I001:mass_transport:2,I001,mass_transport,w-pc-11,5,No unit able to provide mass transport could reach this ward within 45 minutes without pulling a unit off a higher-severity ward.
300.0,2025-09-28T16:00:00Z,REPLAY,current_status,I006:mass_transport:0,I006,mass_transport,w-pc-14,5,No unit able to provide mass transport could reach this ward within 45 minutes without pulling a unit off a higher-severity ward.
300.0,2025-09-28T16:00:00Z,REPLAY,current_status,I006:mass_transport:1,I006,mass_transport,w-pc-14,5,No unit able to provide mass transport could reach this ward within 45 minutes without pulling a unit off a higher-severity ward.
300.0,2025-09-28T16:00:00Z,REPLAY,current_status,I006:mass_transport:2,I006,mass_transport,w-pc-14,5,No unit able to provide mass transport could reach this ward within 45 minutes without pulling a unit off a higher-severity ward.
300.0,2025-09-28T16:00:00Z,REPLAY,current_status,I009:mass_transport:0,I009,mass_transport,w-pc-07,4,No unit able to provide mass transport could reach this ward within 45 minutes without pulling a unit off a higher-severity ward.
300.0,2025-09-28T16:00:00Z,REPLAY,current_status,I009:mass_transport:1,I009,mass_transport,w-pc-07,4,No unit able to provide mass transport could reach this ward within 45 minutes without pulling a unit off a higher-severity ward.
300.0,2025-09-28T16:00:00Z,REPLAY,current_status,I011:mass_transport:0,I011,mass_transport,w-pc-14,4,No unit able to provide mass transport could reach this ward within 45 minutes without pulling a unit off a higher-severity ward.
300.0,2025-09-28T16:00:00Z,REPLAY,current_status,I011:mass_transport:1,I011,mass_transport,w-pc-14,4,No unit able to provide mass transport could reach this ward within 45 minutes without pulling a unit off a higher-severity ward.
300.0,2025-09-28T16:00:00Z,REPLAY,current_status,I015:mass_transport:0,I015,mass_transport,w-pc-11,4,No unit able to provide mass transport could reach this ward within 45 minutes without pulling a unit off a higher-severity ward.
300.0,2025-09-28T16:00:00Z,REPLAY,current_status,I015:mass_transport:1,I015,mass_transport,w-pc-11,4,No unit able to provide mass transport could reach this ward within 45 minutes without pulling a unit off a higher-severity ward.
300.0,2025-09-28T16:00:00Z,REPLAY,current_status,I017:mass_transport:0,I017,mass_transport,w-pc-07,5,No unit able to provide mass transport could reach this ward within 45 minutes without pulling a unit off a higher-severity ward.
300.0,2025-09-28T16:00:00Z,REPLAY,current_status,I024:mass_transport:0,I024,mass_transport,w-pc-06,4,No unit able to provide mass transport could reach this ward within 45 minutes without pulling a unit off a higher-severity ward.
300.0,2025-09-28T16:00:00Z,REPLAY,current_status,I024:mass_transport:1,I024,mass_transport,w-pc-06,4,No unit able to provide mass transport could reach this ward within 45 minutes without pulling a unit off a higher-severity ward.
300.0,2025-09-28T16:00:00Z,REPLAY,current_status,I027:mass_transport:0,I027,mass_transport,w-pc-10,4,No unit able to provide mass transport could reach this ward within 45 minutes without pulling a unit off a higher-severity ward.
300.0,2025-09-28T16:00:00Z,REPLAY,current_status,I027:mass_transport:1,I027,mass_transport,w-pc-10,4,No unit able to provide mass transport could reach this ward within 45 minutes without pulling a unit off a higher-severity ward.
300.0,2025-09-28T16:00:00Z,REPLAY,current_status,I029:mass_transport:0,I029,mass_transport,w-pc-13,4,No unit able to provide mass transport could reach this ward within 45 minutes without pulling a unit off a higher-severity ward.
300.0,2025-09-28T16:00:00Z,REPLAY,current_status,I030:mass_transport:0,I030,mass_transport,w-pc-06,4,No unit able to provide mass transport could reach this ward within 45 minutes without pulling a unit off a higher-severity ward.
300.0,2025-09-28T16:00:00Z,REPLAY,current_status,I030:mass_transport:1,I030,mass_transport,w-pc-06,4,No unit able to provide mass transport could reach this ward within 45 minutes without pulling a unit off a higher-severity ward.
300.0,2025-09-28T16:00:00Z,REPLAY,current_status,I035:mass_transport:0,I035,mass_transport,w-pc-11,5,No unit able to provide mass transport could reach this ward within 45 minutes without pulling a unit off a higher-severity ward.
300.0,2025-09-28T16:00:00Z,REPLAY,current_status,I035:mass_transport:1,I035,mass_transport,w-pc-11,5,No unit able to provide mass transport could reach this ward within 45 minutes without pulling a unit off a higher-severity ward.
300.0,2025-09-28T16:00:00Z,REPLAY,current_status,I035:mass_transport:2,I035,mass_transport,w-pc-11,5,No unit able to provide mass transport could reach this ward within 45 minutes without pulling a unit off a higher-severity ward.
300.0,2025-09-28T16:00:00Z,REPLAY,current_status,I037:debris_clearance:0,I037,debris_clearance,w-pc-10,3,No unit able to provide debris clearance could reach this ward within 45 minutes without pulling a unit off a higher-severity ward.
300.0,2025-09-28T16:00:00Z,REPLAY,current_status,I038:mass_transport:0,I038,mass_transport,w-pc-11,4,No unit able to provide mass transport could reach this ward within 45 minutes without pulling a unit off a higher-severity ward.
300.0,2025-09-28T16:00:00Z,REPLAY,current_status,I038:mass_transport:1,I038,mass_transport,w-pc-11,4,No unit able to provide mass transport could reach this ward within 45 minutes without pulling a unit off a higher-severity ward.
300.0,2025-09-28T16:00:00Z,REPLAY,current_status,I039:mass_transport:0,I039,mass_transport,w-pc-13,4,No unit able to provide mass transport could reach this ward within 45 minutes without pulling a unit off a higher-severity ward.
300.0,2025-09-28T16:00:00Z,REPLAY,current_status,I042:mass_transport:0,I042,mass_transport,w-pc-02,4,No unit able to provide mass transport could reach this ward within 45 minutes without pulling a unit off a higher-severity ward.
300.0,2025-09-28T16:00:00Z,REPLAY,current_status,I042:mass_transport:1,I042,mass_transport,w-pc-02,4,No unit able to provide mass transport could reach this ward within 45 minutes without pulling a unit off a higher-severity ward.
300.0,2025-09-28T16:00:00Z,REPLAY,current_status,I046:mass_transport:0,I046,mass_transport,w-pc-11,5,No unit able to provide mass transport could reach this ward within 45 minutes without pulling a unit off a higher-severity ward.
300.0,2025-09-28T16:00:00Z,REPLAY,current_status,I046:mass_transport:1,I046,mass_transport,w-pc-11,5,No unit able to provide mass transport could reach this ward within 45 minutes without pulling a unit off a higher-severity ward.
300.0,2025-09-28T16:00:00Z,REPLAY,current_status,I046:mass_transport:2,I046,mass_transport,w-pc-11,5,No unit able to provide mass transport could reach this ward within 45 minutes without pulling a unit off a higher-severity ward.
300.0,2025-09-28T16:00:00Z,REPLAY,current_status,I048:mass_transport:0,I048,mass_transport,w-pc-07,5,No unit able to provide mass transport could reach this ward within 45 minutes without pulling a unit off a higher-severity ward.
300.0,2025-09-28T16:00:00Z,REPLAY,current_status,I048:mass_transport:1,I048,mass_transport,w-pc-07,5,No unit able to provide mass transport could reach this ward within 45 minutes without pulling a unit off a higher-severity ward.
300.0,2025-09-28T16:00:00Z,REPLAY,current_status,I048:mass_transport:2,I048,mass_transport,w-pc-07,5,No unit able to provide mass transport could reach this ward within 45 minutes without pulling a unit off a higher-severity ward.
300.0,2025-09-28T16:00:00Z,REPLAY,current_status,I050:search_rescue:0,I050,search_rescue,w-pc-09,5,No unit able to provide search rescue could reach this ward within 45 minutes without pulling a unit off a higher-severity ward.
300.0,2025-09-28T16:00:00Z,REPLAY,current_status,I054:mass_transport:0,I054,mass_transport,w-pc-10,5,No unit able to provide mass transport could reach this ward within 45 minutes without pulling a unit off a higher-severity ward.
300.0,2025-09-28T16:00:00Z,REPLAY,current_status,I054:mass_transport:1,I054,mass_transport,w-pc-10,5,No unit able to provide mass transport could reach this ward within 45 minutes without pulling a unit off a higher-severity ward.
300.0,2025-09-28T16:00:00Z,REPLAY,current_status,I054:mass_transport:2,I054,mass_transport,w-pc-10,5,No unit able to provide mass transport could reach this ward within 45 minutes without pulling a unit off a higher-severity ward.
300.0,2025-09-28T16:00:00Z,REPLAY,current_status,I057:mass_transport:0,I057,mass_transport,w-pc-02,4,No unit able to provide mass transport could reach this ward within 45 minutes without pulling a unit off a higher-severity ward.
300.0,2025-09-28T16:00:00Z,REPLAY,current_status,I057:mass_transport:1,I057,mass_transport,w-pc-02,4,No unit able to provide mass transport could reach this ward within 45 minutes without pulling a unit off a higher-severity ward.
300.0,2025-09-28T16:00:00Z,REPLAY,current_status,I061:water_rescue:0,I061,water_rescue,w-pc-11,5,No unit able to provide water rescue could reach this ward within 45 minutes without pulling a unit off a higher-severity ward.
300.0,2025-09-28T16:00:00Z,REPLAY,current_status,I061:mass_transport:0,I061,mass_transport,w-pc-11,5,No unit able to provide mass transport could reach this ward within 45 minutes without pulling a unit off a higher-severity ward.
300.0,2025-09-28T16:00:00Z,REPLAY,current_status,I061:mass_transport:1,I061,mass_transport,w-pc-11,5,No unit able to provide mass transport could reach this ward within 45 minutes without pulling a unit off a higher-severity ward.
300.0,2025-09-28T16:00:00Z,REPLAY,current_status,I061:mass_transport:2,I061,mass_transport,w-pc-11,5,No unit able to provide mass transport could reach this ward within 45 minutes without pulling a unit off a higher-severity ward.
300.0,2025-09-28T16:00:00Z,REPLAY,current_status,I065:field_assessment:0,I065,field_assessment,w-pc-11,2,No unit able to provide field assessment could reach this ward within 45 minutes without pulling a unit off a higher-severity ward.
300.0,2025-09-28T16:00:00Z,REPLAY,current_status,I066:field_assessment:0,I066,field_assessment,w-pc-10,2,No unit able to provide field assessment could reach this ward within 45 minutes without pulling a unit off a higher-severity ward.
300.0,2025-09-28T16:00:00Z,REPLAY,current_status,I067:field_assessment:0,I067,field_assessment,w-pc-14,2,No unit able to provide field assessment could reach this ward within 45 minutes without pulling a unit off a higher-severity ward.
300.0,2025-09-28T16:00:00Z,REPLAY,current_status,I068:field_assessment:0,I068,field_assessment,w-pc-10,2,No unit able to provide field assessment could reach this ward within 45 minutes without pulling a unit off a higher-severity ward.
300.0,2025-09-28T16:00:00Z,REPLAY,current_status,I069:field_assessment:0,I069,field_assessment,w-pc-02,2,No unit able to provide field assessment could reach this ward within 45 minutes without pulling a unit off a higher-severity ward.
310.0,2025-09-28T16:10:00Z,REPLAY,current_status,I001:mass_transport:0,I001,mass_transport,w-pc-11,5,No unit able to provide mass transport could reach this ward within 45 minutes without pulling a unit off a higher-severity ward.
310.0,2025-09-28T16:10:00Z,REPLAY,current_status,I001:mass_transport:1,I001,mass_transport,w-pc-11,5,No unit able to provide mass transport could reach this ward within 45 minutes without pulling a unit off a higher-severity ward.
310.0,2025-09-28T16:10:00Z,REPLAY,current_status,I001:mass_transport:2,I001,mass_transport,w-pc-11,5,No unit able to provide mass transport could reach this ward within 45 minutes without pulling a unit off a higher-severity ward.
310.0,2025-09-28T16:10:00Z,REPLAY,current_status,I006:mass_transport:0,I006,mass_transport,w-pc-14,5,No unit able to provide mass transport could reach this ward within 45 minutes without pulling a unit off a higher-severity ward.
310.0,2025-09-28T16:10:00Z,REPLAY,current_status,I006:mass_transport:1,I006,mass_transport,w-pc-14,5,No unit able to provide mass transport could reach this ward within 45 minutes without pulling a unit off a higher-severity ward.
310.0,2025-09-28T16:10:00Z,REPLAY,current_status,I006:mass_transport:2,I006,mass_transport,w-pc-14,5,No unit able to provide mass transport could reach this ward within 45 minutes without pulling a unit off a higher-severity ward.
310.0,2025-09-28T16:10:00Z,REPLAY,current_status,I009:mass_transport:0,I009,mass_transport,w-pc-07,4,No unit able to provide mass transport could reach this ward within 45 minutes without pulling a unit off a higher-severity ward.
310.0,2025-09-28T16:10:00Z,REPLAY,current_status,I009:mass_transport:1,I009,mass_transport,w-pc-07,4,No unit able to provide mass transport could reach this ward within 45 minutes without pulling a unit off a higher-severity ward.
310.0,2025-09-28T16:10:00Z,REPLAY,current_status,I011:mass_transport:0,I011,mass_transport,w-pc-14,4,No unit able to provide mass transport could reach this ward within 45 minutes without pulling a unit off a higher-severity ward.
310.0,2025-09-28T16:10:00Z,REPLAY,current_status,I011:mass_transport:1,I011,mass_transport,w-pc-14,4,No unit able to provide mass transport could reach this ward within 45 minutes without pulling a unit off a higher-severity ward.
310.0,2025-09-28T16:10:00Z,REPLAY,current_status,I015:mass_transport:0,I015,mass_transport,w-pc-11,4,No unit able to provide mass transport could reach this ward within 45 minutes without pulling a unit off a higher-severity ward.
310.0,2025-09-28T16:10:00Z,REPLAY,current_status,I015:mass_transport:1,I015,mass_transport,w-pc-11,4,No unit able to provide mass transport could reach this ward within 45 minutes without pulling a unit off a higher-severity ward.
310.0,2025-09-28T16:10:00Z,REPLAY,current_status,I017:mass_transport:0,I017,mass_transport,w-pc-07,5,No unit able to provide mass transport could reach this ward within 45 minutes without pulling a unit off a higher-severity ward.
310.0,2025-09-28T16:10:00Z,REPLAY,current_status,I024:mass_transport:0,I024,mass_transport,w-pc-06,4,No unit able to provide mass transport could reach this ward within 45 minutes without pulling a unit off a higher-severity ward.
310.0,2025-09-28T16:10:00Z,REPLAY,current_status,I024:mass_transport:1,I024,mass_transport,w-pc-06,4,No unit able to provide mass transport could reach this ward within 45 minutes without pulling a unit off a higher-severity ward.
310.0,2025-09-28T16:10:00Z,REPLAY,current_status,I027:mass_transport:0,I027,mass_transport,w-pc-10,4,No unit able to provide mass transport could reach this ward within 45 minutes without pulling a unit off a higher-severity ward.
310.0,2025-09-28T16:10:00Z,REPLAY,current_status,I027:mass_transport:1,I027,mass_transport,w-pc-10,4,No unit able to provide mass transport could reach this ward within 45 minutes without pulling a unit off a higher-severity ward.
310.0,2025-09-28T16:10:00Z,REPLAY,current_status,I029:mass_transport:0,I029,mass_transport,w-pc-13,4,No unit able to provide mass transport could reach this ward within 45 minutes without pulling a unit off a higher-severity ward.
310.0,2025-09-28T16:10:00Z,REPLAY,current_status,I030:mass_transport:0,I030,mass_transport,w-pc-06,4,No unit able to provide mass transport could reach this ward within 45 minutes without pulling a unit off a higher-severity ward.
310.0,2025-09-28T16:10:00Z,REPLAY,current_status,I030:mass_transport:1,I030,mass_transport,w-pc-06,4,No unit able to provide mass transport could reach this ward within 45 minutes without pulling a unit off a higher-severity ward.
310.0,2025-09-28T16:10:00Z,REPLAY,current_status,I035:mass_transport:0,I035,mass_transport,w-pc-11,5,No unit able to provide mass transport could reach this ward within 45 minutes without pulling a unit off a higher-severity ward.
310.0,2025-09-28T16:10:00Z,REPLAY,current_status,I035:mass_transport:1,I035,mass_transport,w-pc-11,5,No unit able to provide mass transport could reach this ward within 45 minutes without pulling a unit off a higher-severity ward.
310.0,2025-09-28T16:10:00Z,REPLAY,current_status,I035:mass_transport:2,I035,mass_transport,w-pc-11,5,No unit able to provide mass transport could reach this ward within 45 minutes without pulling a unit off a higher-severity ward.
310.0,2025-09-28T16:10:00Z,REPLAY,current_status,I038:mass_transport:0,I038,mass_transport,w-pc-11,4,No unit able to provide mass transport could reach this ward within 45 minutes without pulling a unit off a higher-severity ward.
310.0,2025-09-28T16:10:00Z,REPLAY,current_status,I038:mass_transport:1,I038,mass_transport,w-pc-11,4,No unit able to provide mass transport could reach this ward within 45 minutes without pulling a unit off a higher-severity ward.
310.0,2025-09-28T16:10:00Z,REPLAY,current_status,I039:mass_transport:0,I039,mass_transport,w-pc-13,4,No unit able to provide mass transport could reach this ward within 45 minutes without pulling a unit off a higher-severity ward.
310.0,2025-09-28T16:10:00Z,REPLAY,current_status,I042:mass_transport:0,I042,mass_transport,w-pc-02,4,No unit able to provide mass transport could reach this ward within 45 minutes without pulling a unit off a higher-severity ward.
310.0,2025-09-28T16:10:00Z,REPLAY,current_status,I042:mass_transport:1,I042,mass_transport,w-pc-02,4,No unit able to provide mass transport could reach this ward within 45 minutes without pulling a unit off a higher-severity ward.
310.0,2025-09-28T16:10:00Z,REPLAY,current_status,I046:mass_transport:0,I046,mass_transport,w-pc-11,5,No unit able to provide mass transport could reach this ward within 45 minutes without pulling a unit off a higher-severity ward.
310.0,2025-09-28T16:10:00Z,REPLAY,current_status,I046:mass_transport:1,I046,mass_transport,w-pc-11,5,No unit able to provide mass transport could reach this ward within 45 minutes without pulling a unit off a higher-severity ward.
310.0,2025-09-28T16:10:00Z,REPLAY,current_status,I046:mass_transport:2,I046,mass_transport,w-pc-11,5,No unit able to provide mass transport could reach this ward within 45 minutes without pulling a unit off a higher-severity ward.
310.0,2025-09-28T16:10:00Z,REPLAY,current_status,I048:mass_transport:0,I048,mass_transport,w-pc-07,5,No unit able to provide mass transport could reach this ward within 45 minutes without pulling a unit off a higher-severity ward.
310.0,2025-09-28T16:10:00Z,REPLAY,current_status,I048:mass_transport:1,I048,mass_transport,w-pc-07,5,No unit able to provide mass transport could reach this ward within 45 minutes without pulling a unit off a higher-severity ward.
310.0,2025-09-28T16:10:00Z,REPLAY,current_status,I048:mass_transport:2,I048,mass_transport,w-pc-07,5,No unit able to provide mass transport could reach this ward within 45 minutes without pulling a unit off a higher-severity ward.
310.0,2025-09-28T16:10:00Z,REPLAY,current_status,I050:search_rescue:0,I050,search_rescue,w-pc-09,5,No unit able to provide search rescue could reach this ward within 45 minutes without pulling a unit off a higher-severity ward.
310.0,2025-09-28T16:10:00Z,REPLAY,current_status,I054:mass_transport:0,I054,mass_transport,w-pc-10,5,No unit able to provide mass transport could reach this ward within 45 minutes without pulling a unit off a higher-severity ward.
310.0,2025-09-28T16:10:00Z,REPLAY,current_status,I054:mass_transport:1,I054,mass_transport,w-pc-10,5,No unit able to provide mass transport could reach this ward within 45 minutes without pulling a unit off a higher-severity ward.
310.0,2025-09-28T16:10:00Z,REPLAY,current_status,I054:mass_transport:2,I054,mass_transport,w-pc-10,5,No unit able to provide mass transport could reach this ward within 45 minutes without pulling a unit off a higher-severity ward.
310.0,2025-09-28T16:10:00Z,REPLAY,current_status,I057:mass_transport:0,I057,mass_transport,w-pc-02,4,No unit able to provide mass transport could reach this ward within 45 minutes without pulling a unit off a higher-severity ward.
310.0,2025-09-28T16:10:00Z,REPLAY,current_status,I057:mass_transport:1,I057,mass_transport,w-pc-02,4,No unit able to provide mass transport could reach this ward within 45 minutes without pulling a unit off a higher-severity ward.
310.0,2025-09-28T16:10:00Z,REPLAY,current_status,I061:mass_transport:0,I061,mass_transport,w-pc-11,5,No unit able to provide mass transport could reach this ward within 45 minutes without pulling a unit off a higher-severity ward.
310.0,2025-09-28T16:10:00Z,REPLAY,current_status,I061:mass_transport:1,I061,mass_transport,w-pc-11,5,No unit able to provide mass transport could reach this ward within 45 minutes without pulling a unit off a higher-severity ward.
310.0,2025-09-28T16:10:00Z,REPLAY,current_status,I061:mass_transport:2,I061,mass_transport,w-pc-11,5,No unit able to provide mass transport could reach this ward within 45 minutes without pulling a unit off a higher-severity ward.
310.0,2025-09-28T16:10:00Z,REPLAY,current_status,I064:water_rescue:0,I064,water_rescue,w-pc-11,5,No unit able to provide water rescue could reach this ward within 45 minutes without pulling a unit off a higher-severity ward.
310.0,2025-09-28T16:10:00Z,REPLAY,current_status,I064:mass_transport:0,I064,mass_transport,w-pc-11,5,No unit able to provide mass transport could reach this ward within 45 minutes without pulling a unit off a higher-severity ward.
310.0,2025-09-28T16:10:00Z,REPLAY,current_status,I064:mass_transport:1,I064,mass_transport,w-pc-11,5,No unit able to provide mass transport could reach this ward within 45 minutes without pulling a unit off a higher-severity ward.
310.0,2025-09-28T16:10:00Z,REPLAY,current_status,I064:mass_transport:2,I064,mass_transport,w-pc-11,5,No unit able to provide mass transport could reach this ward within 45 minutes without pulling a unit off a higher-severity ward.
310.0,2025-09-28T16:10:00Z,REPLAY,current_status,I065:field_assessment:0,I065,field_assessment,w-pc-11,2,No unit able to provide field assessment could reach this ward within 45 minutes without pulling a unit off a higher-severity ward.
310.0,2025-09-28T16:10:00Z,REPLAY,current_status,I066:field_assessment:0,I066,field_assessment,w-pc-10,2,No unit able to provide field assessment could reach this ward within 45 minutes without pulling a unit off a higher-severity ward.
310.0,2025-09-28T16:10:00Z,REPLAY,current_status,I067:field_assessment:0,I067,field_assessment,w-pc-14,2,No unit able to provide field assessment could reach this ward within 45 minutes without pulling a unit off a higher-severity ward.
310.0,2025-09-28T16:10:00Z,REPLAY,current_status,I068:field_assessment:0,I068,field_assessment,w-pc-10,2,No unit able to provide field assessment could reach this ward within 45 minutes without pulling a unit off a higher-severity ward.
320.0,2025-09-28T16:20:00Z,REPLAY,current_status,I001:mass_transport:0,I001,mass_transport,w-pc-11,5,No unit able to provide mass transport could reach this ward within 45 minutes without pulling a unit off a higher-severity ward.
320.0,2025-09-28T16:20:00Z,REPLAY,current_status,I001:mass_transport:1,I001,mass_transport,w-pc-11,5,No unit able to provide mass transport could reach this ward within 45 minutes without pulling a unit off a higher-severity ward.
320.0,2025-09-28T16:20:00Z,REPLAY,current_status,I001:mass_transport:2,I001,mass_transport,w-pc-11,5,No unit able to provide mass transport could reach this ward within 45 minutes without pulling a unit off a higher-severity ward.
320.0,2025-09-28T16:20:00Z,REPLAY,current_status,I006:mass_transport:0,I006,mass_transport,w-pc-14,5,No unit able to provide mass transport could reach this ward within 45 minutes without pulling a unit off a higher-severity ward.
320.0,2025-09-28T16:20:00Z,REPLAY,current_status,I006:mass_transport:1,I006,mass_transport,w-pc-14,5,No unit able to provide mass transport could reach this ward within 45 minutes without pulling a unit off a higher-severity ward.
320.0,2025-09-28T16:20:00Z,REPLAY,current_status,I006:mass_transport:2,I006,mass_transport,w-pc-14,5,No unit able to provide mass transport could reach this ward within 45 minutes without pulling a unit off a higher-severity ward.
320.0,2025-09-28T16:20:00Z,REPLAY,current_status,I009:mass_transport:0,I009,mass_transport,w-pc-07,4,No unit able to provide mass transport could reach this ward within 45 minutes without pulling a unit off a higher-severity ward.
320.0,2025-09-28T16:20:00Z,REPLAY,current_status,I009:mass_transport:1,I009,mass_transport,w-pc-07,4,No unit able to provide mass transport could reach this ward within 45 minutes without pulling a unit off a higher-severity ward.
320.0,2025-09-28T16:20:00Z,REPLAY,current_status,I011:mass_transport:0,I011,mass_transport,w-pc-14,4,No unit able to provide mass transport could reach this ward within 45 minutes without pulling a unit off a higher-severity ward.
320.0,2025-09-28T16:20:00Z,REPLAY,current_status,I011:mass_transport:1,I011,mass_transport,w-pc-14,4,No unit able to provide mass transport could reach this ward within 45 minutes without pulling a unit off a higher-severity ward.
320.0,2025-09-28T16:20:00Z,REPLAY,current_status,I015:mass_transport:0,I015,mass_transport,w-pc-11,4,No unit able to provide mass transport could reach this ward within 45 minutes without pulling a unit off a higher-severity ward.
320.0,2025-09-28T16:20:00Z,REPLAY,current_status,I015:mass_transport:1,I015,mass_transport,w-pc-11,4,No unit able to provide mass transport could reach this ward within 45 minutes without pulling a unit off a higher-severity ward.
320.0,2025-09-28T16:20:00Z,REPLAY,current_status,I017:mass_transport:0,I017,mass_transport,w-pc-07,5,No unit able to provide mass transport could reach this ward within 45 minutes without pulling a unit off a higher-severity ward.
320.0,2025-09-28T16:20:00Z,REPLAY,current_status,I024:mass_transport:0,I024,mass_transport,w-pc-06,4,No unit able to provide mass transport could reach this ward within 45 minutes without pulling a unit off a higher-severity ward.
320.0,2025-09-28T16:20:00Z,REPLAY,current_status,I024:mass_transport:1,I024,mass_transport,w-pc-06,4,No unit able to provide mass transport could reach this ward within 45 minutes without pulling a unit off a higher-severity ward.
320.0,2025-09-28T16:20:00Z,REPLAY,current_status,I027:mass_transport:0,I027,mass_transport,w-pc-10,4,No unit able to provide mass transport could reach this ward within 45 minutes without pulling a unit off a higher-severity ward.
320.0,2025-09-28T16:20:00Z,REPLAY,current_status,I027:mass_transport:1,I027,mass_transport,w-pc-10,4,No unit able to provide mass transport could reach this ward within 45 minutes without pulling a unit off a higher-severity ward.
320.0,2025-09-28T16:20:00Z,REPLAY,current_status,I029:mass_transport:0,I029,mass_transport,w-pc-13,4,No unit able to provide mass transport could reach this ward within 45 minutes without pulling a unit off a higher-severity ward.
320.0,2025-09-28T16:20:00Z,REPLAY,current_status,I030:mass_transport:0,I030,mass_transport,w-pc-06,4,No unit able to provide mass transport could reach this ward within 45 minutes without pulling a unit off a higher-severity ward.
320.0,2025-09-28T16:20:00Z,REPLAY,current_status,I030:mass_transport:1,I030,mass_transport,w-pc-06,4,No unit able to provide mass transport could reach this ward within 45 minutes without pulling a unit off a higher-severity ward.
320.0,2025-09-28T16:20:00Z,REPLAY,current_status,I035:mass_transport:0,I035,mass_transport,w-pc-11,5,No unit able to provide mass transport could reach this ward within 45 minutes without pulling a unit off a higher-severity ward.
320.0,2025-09-28T16:20:00Z,REPLAY,current_status,I035:mass_transport:1,I035,mass_transport,w-pc-11,5,No unit able to provide mass transport could reach this ward within 45 minutes without pulling a unit off a higher-severity ward.
320.0,2025-09-28T16:20:00Z,REPLAY,current_status,I035:mass_transport:2,I035,mass_transport,w-pc-11,5,No unit able to provide mass transport could reach this ward within 45 minutes without pulling a unit off a higher-severity ward.
320.0,2025-09-28T16:20:00Z,REPLAY,current_status,I038:mass_transport:0,I038,mass_transport,w-pc-11,4,No unit able to provide mass transport could reach this ward within 45 minutes without pulling a unit off a higher-severity ward.
320.0,2025-09-28T16:20:00Z,REPLAY,current_status,I038:mass_transport:1,I038,mass_transport,w-pc-11,4,No unit able to provide mass transport could reach this ward within 45 minutes without pulling a unit off a higher-severity ward.
320.0,2025-09-28T16:20:00Z,REPLAY,current_status,I039:mass_transport:0,I039,mass_transport,w-pc-13,4,No unit able to provide mass transport could reach this ward within 45 minutes without pulling a unit off a higher-severity ward.
320.0,2025-09-28T16:20:00Z,REPLAY,current_status,I042:mass_transport:0,I042,mass_transport,w-pc-02,4,No unit able to provide mass transport could reach this ward within 45 minutes without pulling a unit off a higher-severity ward.
320.0,2025-09-28T16:20:00Z,REPLAY,current_status,I042:mass_transport:1,I042,mass_transport,w-pc-02,4,No unit able to provide mass transport could reach this ward within 45 minutes without pulling a unit off a higher-severity ward.
320.0,2025-09-28T16:20:00Z,REPLAY,current_status,I046:mass_transport:0,I046,mass_transport,w-pc-11,5,No unit able to provide mass transport could reach this ward within 45 minutes without pulling a unit off a higher-severity ward.
320.0,2025-09-28T16:20:00Z,REPLAY,current_status,I046:mass_transport:1,I046,mass_transport,w-pc-11,5,No unit able to provide mass transport could reach this ward within 45 minutes without pulling a unit off a higher-severity ward.
320.0,2025-09-28T16:20:00Z,REPLAY,current_status,I046:mass_transport:2,I046,mass_transport,w-pc-11,5,No unit able to provide mass transport could reach this ward within 45 minutes without pulling a unit off a higher-severity ward.
320.0,2025-09-28T16:20:00Z,REPLAY,current_status,I048:mass_transport:0,I048,mass_transport,w-pc-07,5,No unit able to provide mass transport could reach this ward within 45 minutes without pulling a unit off a higher-severity ward.
320.0,2025-09-28T16:20:00Z,REPLAY,current_status,I048:mass_transport:1,I048,mass_transport,w-pc-07,5,No unit able to provide mass transport could reach this ward within 45 minutes without pulling a unit off a higher-severity ward.
320.0,2025-09-28T16:20:00Z,REPLAY,current_status,I048:mass_transport:2,I048,mass_transport,w-pc-07,5,No unit able to provide mass transport could reach this ward within 45 minutes without pulling a unit off a higher-severity ward.
320.0,2025-09-28T16:20:00Z,REPLAY,current_status,I050:search_rescue:0,I050,search_rescue,w-pc-09,5,No unit able to provide search rescue could reach this ward within 45 minutes without pulling a unit off a higher-severity ward.
320.0,2025-09-28T16:20:00Z,REPLAY,current_status,I054:mass_transport:0,I054,mass_transport,w-pc-10,5,No unit able to provide mass transport could reach this ward within 45 minutes without pulling a unit off a higher-severity ward.
320.0,2025-09-28T16:20:00Z,REPLAY,current_status,I054:mass_transport:1,I054,mass_transport,w-pc-10,5,No unit able to provide mass transport could reach this ward within 45 minutes without pulling a unit off a higher-severity ward.
320.0,2025-09-28T16:20:00Z,REPLAY,current_status,I054:mass_transport:2,I054,mass_transport,w-pc-10,5,No unit able to provide mass transport could reach this ward within 45 minutes without pulling a unit off a higher-severity ward.
320.0,2025-09-28T16:20:00Z,REPLAY,current_status,I057:mass_transport:0,I057,mass_transport,w-pc-02,4,No unit able to provide mass transport could reach this ward within 45 minutes without pulling a unit off a higher-severity ward.
320.0,2025-09-28T16:20:00Z,REPLAY,current_status,I057:mass_transport:1,I057,mass_transport,w-pc-02,4,No unit able to provide mass transport could reach this ward within 45 minutes without pulling a unit off a higher-severity ward.
320.0,2025-09-28T16:20:00Z,REPLAY,current_status,I060:water_rescue:0,I060,water_rescue,w-pc-06,5,No unit able to provide water rescue could reach this ward within 45 minutes without pulling a unit off a higher-severity ward.
320.0,2025-09-28T16:20:00Z,REPLAY,current_status,I060:mass_transport:0,I060,mass_transport,w-pc-06,5,No unit able to provide mass transport could reach this ward within 45 minutes without pulling a unit off a higher-severity ward.
320.0,2025-09-28T16:20:00Z,REPLAY,current_status,I060:mass_transport:1,I060,mass_transport,w-pc-06,5,No unit able to provide mass transport could reach this ward within 45 minutes without pulling a unit off a higher-severity ward.
320.0,2025-09-28T16:20:00Z,REPLAY,current_status,I060:mass_transport:2,I060,mass_transport,w-pc-06,5,No unit able to provide mass transport could reach this ward within 45 minutes without pulling a unit off a higher-severity ward.
320.0,2025-09-28T16:20:00Z,REPLAY,current_status,I061:mass_transport:0,I061,mass_transport,w-pc-11,5,No unit able to provide mass transport could reach this ward within 45 minutes without pulling a unit off a higher-severity ward.
320.0,2025-09-28T16:20:00Z,REPLAY,current_status,I061:mass_transport:1,I061,mass_transport,w-pc-11,5,No unit able to provide mass transport could reach this ward within 45 minutes without pulling a unit off a higher-severity ward.
320.0,2025-09-28T16:20:00Z,REPLAY,current_status,I061:mass_transport:2,I061,mass_transport,w-pc-11,5,No unit able to provide mass transport could reach this ward within 45 minutes without pulling a unit off a higher-severity ward.
320.0,2025-09-28T16:20:00Z,REPLAY,current_status,I062:mass_transport:0,I062,mass_transport,w-pc-10,4,No unit able to provide mass transport could reach this ward within 45 minutes without pulling a unit off a higher-severity ward.
320.0,2025-09-28T16:20:00Z,REPLAY,current_status,I062:mass_transport:1,I062,mass_transport,w-pc-10,4,No unit able to provide mass transport could reach this ward within 45 minutes without pulling a unit off a higher-severity ward.
320.0,2025-09-28T16:20:00Z,REPLAY,current_status,I062:dewatering:0,I062,dewatering,w-pc-10,4,No unit able to provide dewatering could reach this ward within 45 minutes without pulling a unit off a higher-severity ward.
320.0,2025-09-28T16:20:00Z,REPLAY,current_status,I064:water_rescue:0,I064,water_rescue,w-pc-11,5,No unit able to provide water rescue could reach this ward within 45 minutes without pulling a unit off a higher-severity ward.
320.0,2025-09-28T16:20:00Z,REPLAY,current_status,I064:mass_transport:0,I064,mass_transport,w-pc-11,5,No unit able to provide mass transport could reach this ward within 45 minutes without pulling a unit off a higher-severity ward.
320.0,2025-09-28T16:20:00Z,REPLAY,current_status,I064:mass_transport:1,I064,mass_transport,w-pc-11,5,No unit able to provide mass transport could reach this ward within 45 minutes without pulling a unit off a higher-severity ward.
320.0,2025-09-28T16:20:00Z,REPLAY,current_status,I064:mass_transport:2,I064,mass_transport,w-pc-11,5,No unit able to provide mass transport could reach this ward within 45 minutes without pulling a unit off a higher-severity ward.
320.0,2025-09-28T16:20:00Z,REPLAY,current_status,I065:field_assessment:0,I065,field_assessment,w-pc-11,2,No unit able to provide field assessment could reach this ward within 45 minutes without pulling a unit off a higher-severity ward.
320.0,2025-09-28T16:20:00Z,REPLAY,current_status,I066:field_assessment:0,I066,field_assessment,w-pc-10,2,No unit able to provide field assessment could reach this ward within 45 minutes without pulling a unit off a higher-severity ward.
320.0,2025-09-28T16:20:00Z,REPLAY,current_status,I067:field_assessment:0,I067,field_assessment,w-pc-14,2,No unit able to provide field assessment could reach this ward within 45 minutes without pulling a unit off a higher-severity ward.
320.0,2025-09-28T16:20:00Z,REPLAY,current_status,I068:field_assessment:0,I068,field_assessment,w-pc-10,2,No unit able to provide field assessment could reach this ward within 45 minutes without pulling a unit off a higher-severity ward.
330.0,2025-09-28T16:30:00Z,REPLAY,current_status,I001:mass_transport:0,I001,mass_transport,w-pc-11,5,No unit able to provide mass transport could reach this ward within 45 minutes without pulling a unit off a higher-severity ward.
330.0,2025-09-28T16:30:00Z,REPLAY,current_status,I001:mass_transport:1,I001,mass_transport,w-pc-11,5,No unit able to provide mass transport could reach this ward within 45 minutes without pulling a unit off a higher-severity ward.
330.0,2025-09-28T16:30:00Z,REPLAY,current_status,I001:mass_transport:2,I001,mass_transport,w-pc-11,5,No unit able to provide mass transport could reach this ward within 45 minutes without pulling a unit off a higher-severity ward.
330.0,2025-09-28T16:30:00Z,REPLAY,current_status,I006:mass_transport:0,I006,mass_transport,w-pc-14,5,No unit able to provide mass transport could reach this ward within 45 minutes without pulling a unit off a higher-severity ward.
330.0,2025-09-28T16:30:00Z,REPLAY,current_status,I006:mass_transport:1,I006,mass_transport,w-pc-14,5,No unit able to provide mass transport could reach this ward within 45 minutes without pulling a unit off a higher-severity ward.
330.0,2025-09-28T16:30:00Z,REPLAY,current_status,I006:mass_transport:2,I006,mass_transport,w-pc-14,5,No unit able to provide mass transport could reach this ward within 45 minutes without pulling a unit off a higher-severity ward.
330.0,2025-09-28T16:30:00Z,REPLAY,current_status,I009:mass_transport:0,I009,mass_transport,w-pc-07,4,No unit able to provide mass transport could reach this ward within 45 minutes without pulling a unit off a higher-severity ward.
330.0,2025-09-28T16:30:00Z,REPLAY,current_status,I009:mass_transport:1,I009,mass_transport,w-pc-07,4,No unit able to provide mass transport could reach this ward within 45 minutes without pulling a unit off a higher-severity ward.
330.0,2025-09-28T16:30:00Z,REPLAY,current_status,I011:mass_transport:0,I011,mass_transport,w-pc-14,4,No unit able to provide mass transport could reach this ward within 45 minutes without pulling a unit off a higher-severity ward.
330.0,2025-09-28T16:30:00Z,REPLAY,current_status,I011:mass_transport:1,I011,mass_transport,w-pc-14,4,No unit able to provide mass transport could reach this ward within 45 minutes without pulling a unit off a higher-severity ward.
330.0,2025-09-28T16:30:00Z,REPLAY,current_status,I015:mass_transport:0,I015,mass_transport,w-pc-11,4,No unit able to provide mass transport could reach this ward within 45 minutes without pulling a unit off a higher-severity ward.
330.0,2025-09-28T16:30:00Z,REPLAY,current_status,I015:mass_transport:1,I015,mass_transport,w-pc-11,4,No unit able to provide mass transport could reach this ward within 45 minutes without pulling a unit off a higher-severity ward.
330.0,2025-09-28T16:30:00Z,REPLAY,current_status,I017:mass_transport:0,I017,mass_transport,w-pc-07,5,No unit able to provide mass transport could reach this ward within 45 minutes without pulling a unit off a higher-severity ward.
330.0,2025-09-28T16:30:00Z,REPLAY,current_status,I024:mass_transport:0,I024,mass_transport,w-pc-06,4,No unit able to provide mass transport could reach this ward within 45 minutes without pulling a unit off a higher-severity ward.
330.0,2025-09-28T16:30:00Z,REPLAY,current_status,I024:mass_transport:1,I024,mass_transport,w-pc-06,4,No unit able to provide mass transport could reach this ward within 45 minutes without pulling a unit off a higher-severity ward.
330.0,2025-09-28T16:30:00Z,REPLAY,current_status,I027:mass_transport:0,I027,mass_transport,w-pc-10,4,No unit able to provide mass transport could reach this ward within 45 minutes without pulling a unit off a higher-severity ward.
330.0,2025-09-28T16:30:00Z,REPLAY,current_status,I027:mass_transport:1,I027,mass_transport,w-pc-10,4,No unit able to provide mass transport could reach this ward within 45 minutes without pulling a unit off a higher-severity ward.
330.0,2025-09-28T16:30:00Z,REPLAY,current_status,I029:mass_transport:0,I029,mass_transport,w-pc-13,4,No unit able to provide mass transport could reach this ward within 45 minutes without pulling a unit off a higher-severity ward.
330.0,2025-09-28T16:30:00Z,REPLAY,current_status,I030:mass_transport:0,I030,mass_transport,w-pc-06,4,No unit able to provide mass transport could reach this ward within 45 minutes without pulling a unit off a higher-severity ward.
330.0,2025-09-28T16:30:00Z,REPLAY,current_status,I030:mass_transport:1,I030,mass_transport,w-pc-06,4,No unit able to provide mass transport could reach this ward within 45 minutes without pulling a unit off a higher-severity ward.
330.0,2025-09-28T16:30:00Z,REPLAY,current_status,I035:mass_transport:0,I035,mass_transport,w-pc-11,5,No unit able to provide mass transport could reach this ward within 45 minutes without pulling a unit off a higher-severity ward.
330.0,2025-09-28T16:30:00Z,REPLAY,current_status,I035:mass_transport:1,I035,mass_transport,w-pc-11,5,No unit able to provide mass transport could reach this ward within 45 minutes without pulling a unit off a higher-severity ward.
330.0,2025-09-28T16:30:00Z,REPLAY,current_status,I035:mass_transport:2,I035,mass_transport,w-pc-11,5,No unit able to provide mass transport could reach this ward within 45 minutes without pulling a unit off a higher-severity ward.
330.0,2025-09-28T16:30:00Z,REPLAY,current_status,I038:mass_transport:0,I038,mass_transport,w-pc-11,4,No unit able to provide mass transport could reach this ward within 45 minutes without pulling a unit off a higher-severity ward.
330.0,2025-09-28T16:30:00Z,REPLAY,current_status,I038:mass_transport:1,I038,mass_transport,w-pc-11,4,No unit able to provide mass transport could reach this ward within 45 minutes without pulling a unit off a higher-severity ward.
330.0,2025-09-28T16:30:00Z,REPLAY,current_status,I039:mass_transport:0,I039,mass_transport,w-pc-13,4,No unit able to provide mass transport could reach this ward within 45 minutes without pulling a unit off a higher-severity ward.
330.0,2025-09-28T16:30:00Z,REPLAY,current_status,I042:mass_transport:0,I042,mass_transport,w-pc-02,4,No unit able to provide mass transport could reach this ward within 45 minutes without pulling a unit off a higher-severity ward.
330.0,2025-09-28T16:30:00Z,REPLAY,current_status,I042:mass_transport:1,I042,mass_transport,w-pc-02,4,No unit able to provide mass transport could reach this ward within 45 minutes without pulling a unit off a higher-severity ward.
330.0,2025-09-28T16:30:00Z,REPLAY,current_status,I046:mass_transport:0,I046,mass_transport,w-pc-11,5,No unit able to provide mass transport could reach this ward within 45 minutes without pulling a unit off a higher-severity ward.
330.0,2025-09-28T16:30:00Z,REPLAY,current_status,I046:mass_transport:1,I046,mass_transport,w-pc-11,5,No unit able to provide mass transport could reach this ward within 45 minutes without pulling a unit off a higher-severity ward.
330.0,2025-09-28T16:30:00Z,REPLAY,current_status,I046:mass_transport:2,I046,mass_transport,w-pc-11,5,No unit able to provide mass transport could reach this ward within 45 minutes without pulling a unit off a higher-severity ward.
330.0,2025-09-28T16:30:00Z,REPLAY,current_status,I048:mass_transport:0,I048,mass_transport,w-pc-07,5,No unit able to provide mass transport could reach this ward within 45 minutes without pulling a unit off a higher-severity ward.
330.0,2025-09-28T16:30:00Z,REPLAY,current_status,I048:mass_transport:1,I048,mass_transport,w-pc-07,5,No unit able to provide mass transport could reach this ward within 45 minutes without pulling a unit off a higher-severity ward.
330.0,2025-09-28T16:30:00Z,REPLAY,current_status,I048:mass_transport:2,I048,mass_transport,w-pc-07,5,No unit able to provide mass transport could reach this ward within 45 minutes without pulling a unit off a higher-severity ward.
330.0,2025-09-28T16:30:00Z,REPLAY,current_status,I050:search_rescue:0,I050,search_rescue,w-pc-09,5,No unit able to provide search rescue could reach this ward within 45 minutes without pulling a unit off a higher-severity ward.
330.0,2025-09-28T16:30:00Z,REPLAY,current_status,I054:mass_transport:0,I054,mass_transport,w-pc-10,5,No unit able to provide mass transport could reach this ward within 45 minutes without pulling a unit off a higher-severity ward.
330.0,2025-09-28T16:30:00Z,REPLAY,current_status,I054:mass_transport:1,I054,mass_transport,w-pc-10,5,No unit able to provide mass transport could reach this ward within 45 minutes without pulling a unit off a higher-severity ward.
330.0,2025-09-28T16:30:00Z,REPLAY,current_status,I054:mass_transport:2,I054,mass_transport,w-pc-10,5,No unit able to provide mass transport could reach this ward within 45 minutes without pulling a unit off a higher-severity ward.
330.0,2025-09-28T16:30:00Z,REPLAY,current_status,I057:mass_transport:0,I057,mass_transport,w-pc-02,4,No unit able to provide mass transport could reach this ward within 45 minutes without pulling a unit off a higher-severity ward.
330.0,2025-09-28T16:30:00Z,REPLAY,current_status,I057:mass_transport:1,I057,mass_transport,w-pc-02,4,No unit able to provide mass transport could reach this ward within 45 minutes without pulling a unit off a higher-severity ward.
330.0,2025-09-28T16:30:00Z,REPLAY,current_status,I060:mass_transport:0,I060,mass_transport,w-pc-06,5,No unit able to provide mass transport could reach this ward within 45 minutes without pulling a unit off a higher-severity ward.
330.0,2025-09-28T16:30:00Z,REPLAY,current_status,I060:mass_transport:1,I060,mass_transport,w-pc-06,5,No unit able to provide mass transport could reach this ward within 45 minutes without pulling a unit off a higher-severity ward.
330.0,2025-09-28T16:30:00Z,REPLAY,current_status,I060:mass_transport:2,I060,mass_transport,w-pc-06,5,No unit able to provide mass transport could reach this ward within 45 minutes without pulling a unit off a higher-severity ward.
330.0,2025-09-28T16:30:00Z,REPLAY,current_status,I061:mass_transport:0,I061,mass_transport,w-pc-11,5,No unit able to provide mass transport could reach this ward within 45 minutes without pulling a unit off a higher-severity ward.
330.0,2025-09-28T16:30:00Z,REPLAY,current_status,I061:mass_transport:1,I061,mass_transport,w-pc-11,5,No unit able to provide mass transport could reach this ward within 45 minutes without pulling a unit off a higher-severity ward.
330.0,2025-09-28T16:30:00Z,REPLAY,current_status,I061:mass_transport:2,I061,mass_transport,w-pc-11,5,No unit able to provide mass transport could reach this ward within 45 minutes without pulling a unit off a higher-severity ward.
330.0,2025-09-28T16:30:00Z,REPLAY,current_status,I062:mass_transport:0,I062,mass_transport,w-pc-10,4,No unit able to provide mass transport could reach this ward within 45 minutes without pulling a unit off a higher-severity ward.
330.0,2025-09-28T16:30:00Z,REPLAY,current_status,I062:mass_transport:1,I062,mass_transport,w-pc-10,4,No unit able to provide mass transport could reach this ward within 45 minutes without pulling a unit off a higher-severity ward.
330.0,2025-09-28T16:30:00Z,REPLAY,current_status,I063:water_rescue:0,I063,water_rescue,w-pc-13,5,No unit able to provide water rescue could reach this ward within 45 minutes without pulling a unit off a higher-severity ward.
330.0,2025-09-28T16:30:00Z,REPLAY,current_status,I063:mass_transport:0,I063,mass_transport,w-pc-13,5,No unit able to provide mass transport could reach this ward within 45 minutes without pulling a unit off a higher-severity ward.
330.0,2025-09-28T16:30:00Z,REPLAY,current_status,I063:mass_transport:1,I063,mass_transport,w-pc-13,5,No unit able to provide mass transport could reach this ward within 45 minutes without pulling a unit off a higher-severity ward.
330.0,2025-09-28T16:30:00Z,REPLAY,current_status,I063:mass_transport:2,I063,mass_transport,w-pc-13,5,No unit able to provide mass transport could reach this ward within 45 minutes without pulling a unit off a higher-severity ward.
330.0,2025-09-28T16:30:00Z,REPLAY,current_status,I064:water_rescue:0,I064,water_rescue,w-pc-11,5,No unit able to provide water rescue could reach this ward within 45 minutes without pulling a unit off a higher-severity ward.
330.0,2025-09-28T16:30:00Z,REPLAY,current_status,I064:mass_transport:0,I064,mass_transport,w-pc-11,5,No unit able to provide mass transport could reach this ward within 45 minutes without pulling a unit off a higher-severity ward.
330.0,2025-09-28T16:30:00Z,REPLAY,current_status,I064:mass_transport:1,I064,mass_transport,w-pc-11,5,No unit able to provide mass transport could reach this ward within 45 minutes without pulling a unit off a higher-severity ward.
330.0,2025-09-28T16:30:00Z,REPLAY,current_status,I064:mass_transport:2,I064,mass_transport,w-pc-11,5,No unit able to provide mass transport could reach this ward within 45 minutes without pulling a unit off a higher-severity ward.
330.0,2025-09-28T16:30:00Z,REPLAY,current_status,I066:field_assessment:0,I066,field_assessment,w-pc-10,2,No unit able to provide field assessment could reach this ward within 45 minutes without pulling a unit off a higher-severity ward.
330.0,2025-09-28T16:30:00Z,REPLAY,current_status,I072:mass_transport:0,I072,mass_transport,w-pc-14,4,No unit able to provide mass transport could reach this ward within 45 minutes without pulling a unit off a higher-severity ward.
330.0,2025-09-28T16:30:00Z,REPLAY,current_status,I072:mass_transport:1,I072,mass_transport,w-pc-14,4,No unit able to provide mass transport could reach this ward within 45 minutes without pulling a unit off a higher-severity ward.
330.0,2025-09-28T16:30:00Z,REPLAY,current_status,I072:dewatering:0,I072,dewatering,w-pc-14,4,No unit able to provide dewatering could reach this ward within 45 minutes without pulling a unit off a higher-severity ward.
340.0,2025-09-28T16:40:00Z,REPLAY,current_status,I001:mass_transport:0,I001,mass_transport,w-pc-11,5,No unit able to provide mass transport could reach this ward within 45 minutes without pulling a unit off a higher-severity ward.
340.0,2025-09-28T16:40:00Z,REPLAY,current_status,I001:mass_transport:1,I001,mass_transport,w-pc-11,5,No unit able to provide mass transport could reach this ward within 45 minutes without pulling a unit off a higher-severity ward.
340.0,2025-09-28T16:40:00Z,REPLAY,current_status,I001:mass_transport:2,I001,mass_transport,w-pc-11,5,No unit able to provide mass transport could reach this ward within 45 minutes without pulling a unit off a higher-severity ward.
340.0,2025-09-28T16:40:00Z,REPLAY,current_status,I006:mass_transport:0,I006,mass_transport,w-pc-14,5,No unit able to provide mass transport could reach this ward within 45 minutes without pulling a unit off a higher-severity ward.
340.0,2025-09-28T16:40:00Z,REPLAY,current_status,I006:mass_transport:1,I006,mass_transport,w-pc-14,5,No unit able to provide mass transport could reach this ward within 45 minutes without pulling a unit off a higher-severity ward.
340.0,2025-09-28T16:40:00Z,REPLAY,current_status,I006:mass_transport:2,I006,mass_transport,w-pc-14,5,No unit able to provide mass transport could reach this ward within 45 minutes without pulling a unit off a higher-severity ward.
340.0,2025-09-28T16:40:00Z,REPLAY,current_status,I009:mass_transport:0,I009,mass_transport,w-pc-07,4,No unit able to provide mass transport could reach this ward within 45 minutes without pulling a unit off a higher-severity ward.
340.0,2025-09-28T16:40:00Z,REPLAY,current_status,I009:mass_transport:1,I009,mass_transport,w-pc-07,4,No unit able to provide mass transport could reach this ward within 45 minutes without pulling a unit off a higher-severity ward.
340.0,2025-09-28T16:40:00Z,REPLAY,current_status,I011:mass_transport:0,I011,mass_transport,w-pc-14,4,No unit able to provide mass transport could reach this ward within 45 minutes without pulling a unit off a higher-severity ward.
340.0,2025-09-28T16:40:00Z,REPLAY,current_status,I011:mass_transport:1,I011,mass_transport,w-pc-14,4,No unit able to provide mass transport could reach this ward within 45 minutes without pulling a unit off a higher-severity ward.
340.0,2025-09-28T16:40:00Z,REPLAY,current_status,I015:mass_transport:0,I015,mass_transport,w-pc-11,4,No unit able to provide mass transport could reach this ward within 45 minutes without pulling a unit off a higher-severity ward.
340.0,2025-09-28T16:40:00Z,REPLAY,current_status,I015:mass_transport:1,I015,mass_transport,w-pc-11,4,No unit able to provide mass transport could reach this ward within 45 minutes without pulling a unit off a higher-severity ward.
340.0,2025-09-28T16:40:00Z,REPLAY,current_status,I017:mass_transport:0,I017,mass_transport,w-pc-07,5,No unit able to provide mass transport could reach this ward within 45 minutes without pulling a unit off a higher-severity ward.
340.0,2025-09-28T16:40:00Z,REPLAY,current_status,I024:mass_transport:0,I024,mass_transport,w-pc-06,4,No unit able to provide mass transport could reach this ward within 45 minutes without pulling a unit off a higher-severity ward.
340.0,2025-09-28T16:40:00Z,REPLAY,current_status,I024:mass_transport:1,I024,mass_transport,w-pc-06,4,No unit able to provide mass transport could reach this ward within 45 minutes without pulling a unit off a higher-severity ward.
340.0,2025-09-28T16:40:00Z,REPLAY,current_status,I027:mass_transport:0,I027,mass_transport,w-pc-10,4,No unit able to provide mass transport could reach this ward within 45 minutes without pulling a unit off a higher-severity ward.
340.0,2025-09-28T16:40:00Z,REPLAY,current_status,I027:mass_transport:1,I027,mass_transport,w-pc-10,4,No unit able to provide mass transport could reach this ward within 45 minutes without pulling a unit off a higher-severity ward.
340.0,2025-09-28T16:40:00Z,REPLAY,current_status,I029:mass_transport:0,I029,mass_transport,w-pc-13,4,No unit able to provide mass transport could reach this ward within 45 minutes without pulling a unit off a higher-severity ward.
340.0,2025-09-28T16:40:00Z,REPLAY,current_status,I030:mass_transport:0,I030,mass_transport,w-pc-06,4,No unit able to provide mass transport could reach this ward within 45 minutes without pulling a unit off a higher-severity ward.
340.0,2025-09-28T16:40:00Z,REPLAY,current_status,I030:mass_transport:1,I030,mass_transport,w-pc-06,4,No unit able to provide mass transport could reach this ward within 45 minutes without pulling a unit off a higher-severity ward.
340.0,2025-09-28T16:40:00Z,REPLAY,current_status,I035:mass_transport:0,I035,mass_transport,w-pc-11,5,No unit able to provide mass transport could reach this ward within 45 minutes without pulling a unit off a higher-severity ward.
340.0,2025-09-28T16:40:00Z,REPLAY,current_status,I035:mass_transport:1,I035,mass_transport,w-pc-11,5,No unit able to provide mass transport could reach this ward within 45 minutes without pulling a unit off a higher-severity ward.
340.0,2025-09-28T16:40:00Z,REPLAY,current_status,I035:mass_transport:2,I035,mass_transport,w-pc-11,5,No unit able to provide mass transport could reach this ward within 45 minutes without pulling a unit off a higher-severity ward.
340.0,2025-09-28T16:40:00Z,REPLAY,current_status,I038:mass_transport:0,I038,mass_transport,w-pc-11,4,No unit able to provide mass transport could reach this ward within 45 minutes without pulling a unit off a higher-severity ward.
340.0,2025-09-28T16:40:00Z,REPLAY,current_status,I038:mass_transport:1,I038,mass_transport,w-pc-11,4,No unit able to provide mass transport could reach this ward within 45 minutes without pulling a unit off a higher-severity ward.
340.0,2025-09-28T16:40:00Z,REPLAY,current_status,I039:mass_transport:0,I039,mass_transport,w-pc-13,4,No unit able to provide mass transport could reach this ward within 45 minutes without pulling a unit off a higher-severity ward.
340.0,2025-09-28T16:40:00Z,REPLAY,current_status,I042:mass_transport:0,I042,mass_transport,w-pc-02,4,No unit able to provide mass transport could reach this ward within 45 minutes without pulling a unit off a higher-severity ward.
340.0,2025-09-28T16:40:00Z,REPLAY,current_status,I042:mass_transport:1,I042,mass_transport,w-pc-02,4,No unit able to provide mass transport could reach this ward within 45 minutes without pulling a unit off a higher-severity ward.
340.0,2025-09-28T16:40:00Z,REPLAY,current_status,I046:mass_transport:0,I046,mass_transport,w-pc-11,5,No unit able to provide mass transport could reach this ward within 45 minutes without pulling a unit off a higher-severity ward.
340.0,2025-09-28T16:40:00Z,REPLAY,current_status,I046:mass_transport:1,I046,mass_transport,w-pc-11,5,No unit able to provide mass transport could reach this ward within 45 minutes without pulling a unit off a higher-severity ward.
340.0,2025-09-28T16:40:00Z,REPLAY,current_status,I046:mass_transport:2,I046,mass_transport,w-pc-11,5,No unit able to provide mass transport could reach this ward within 45 minutes without pulling a unit off a higher-severity ward.
340.0,2025-09-28T16:40:00Z,REPLAY,current_status,I048:mass_transport:0,I048,mass_transport,w-pc-07,5,No unit able to provide mass transport could reach this ward within 45 minutes without pulling a unit off a higher-severity ward.
340.0,2025-09-28T16:40:00Z,REPLAY,current_status,I048:mass_transport:1,I048,mass_transport,w-pc-07,5,No unit able to provide mass transport could reach this ward within 45 minutes without pulling a unit off a higher-severity ward.
340.0,2025-09-28T16:40:00Z,REPLAY,current_status,I048:mass_transport:2,I048,mass_transport,w-pc-07,5,No unit able to provide mass transport could reach this ward within 45 minutes without pulling a unit off a higher-severity ward.
340.0,2025-09-28T16:40:00Z,REPLAY,current_status,I050:search_rescue:0,I050,search_rescue,w-pc-09,5,No unit able to provide search rescue could reach this ward within 45 minutes without pulling a unit off a higher-severity ward.
340.0,2025-09-28T16:40:00Z,REPLAY,current_status,I054:mass_transport:0,I054,mass_transport,w-pc-10,5,No unit able to provide mass transport could reach this ward within 45 minutes without pulling a unit off a higher-severity ward.
340.0,2025-09-28T16:40:00Z,REPLAY,current_status,I054:mass_transport:1,I054,mass_transport,w-pc-10,5,No unit able to provide mass transport could reach this ward within 45 minutes without pulling a unit off a higher-severity ward.
340.0,2025-09-28T16:40:00Z,REPLAY,current_status,I054:mass_transport:2,I054,mass_transport,w-pc-10,5,No unit able to provide mass transport could reach this ward within 45 minutes without pulling a unit off a higher-severity ward.
340.0,2025-09-28T16:40:00Z,REPLAY,current_status,I057:mass_transport:0,I057,mass_transport,w-pc-02,4,No unit able to provide mass transport could reach this ward within 45 minutes without pulling a unit off a higher-severity ward.
340.0,2025-09-28T16:40:00Z,REPLAY,current_status,I057:mass_transport:1,I057,mass_transport,w-pc-02,4,No unit able to provide mass transport could reach this ward within 45 minutes without pulling a unit off a higher-severity ward.
340.0,2025-09-28T16:40:00Z,REPLAY,current_status,I060:water_rescue:0,I060,water_rescue,w-pc-06,5,No unit able to provide water rescue could reach this ward within 45 minutes without pulling a unit off a higher-severity ward.
340.0,2025-09-28T16:40:00Z,REPLAY,current_status,I060:mass_transport:0,I060,mass_transport,w-pc-06,5,No unit able to provide mass transport could reach this ward within 45 minutes without pulling a unit off a higher-severity ward.
340.0,2025-09-28T16:40:00Z,REPLAY,current_status,I060:mass_transport:1,I060,mass_transport,w-pc-06,5,No unit able to provide mass transport could reach this ward within 45 minutes without pulling a unit off a higher-severity ward.
340.0,2025-09-28T16:40:00Z,REPLAY,current_status,I060:mass_transport:2,I060,mass_transport,w-pc-06,5,No unit able to provide mass transport could reach this ward within 45 minutes without pulling a unit off a higher-severity ward.
340.0,2025-09-28T16:40:00Z,REPLAY,current_status,I061:mass_transport:0,I061,mass_transport,w-pc-11,5,No unit able to provide mass transport could reach this ward within 45 minutes without pulling a unit off a higher-severity ward.
340.0,2025-09-28T16:40:00Z,REPLAY,current_status,I061:mass_transport:1,I061,mass_transport,w-pc-11,5,No unit able to provide mass transport could reach this ward within 45 minutes without pulling a unit off a higher-severity ward.
340.0,2025-09-28T16:40:00Z,REPLAY,current_status,I061:mass_transport:2,I061,mass_transport,w-pc-11,5,No unit able to provide mass transport could reach this ward within 45 minutes without pulling a unit off a higher-severity ward.
340.0,2025-09-28T16:40:00Z,REPLAY,current_status,I062:mass_transport:0,I062,mass_transport,w-pc-10,4,No unit able to provide mass transport could reach this ward within 45 minutes without pulling a unit off a higher-severity ward.
340.0,2025-09-28T16:40:00Z,REPLAY,current_status,I062:mass_transport:1,I062,mass_transport,w-pc-10,4,No unit able to provide mass transport could reach this ward within 45 minutes without pulling a unit off a higher-severity ward.
340.0,2025-09-28T16:40:00Z,REPLAY,current_status,I063:mass_transport:0,I063,mass_transport,w-pc-13,5,No unit able to provide mass transport could reach this ward within 45 minutes without pulling a unit off a higher-severity ward.
340.0,2025-09-28T16:40:00Z,REPLAY,current_status,I063:mass_transport:1,I063,mass_transport,w-pc-13,5,No unit able to provide mass transport could reach this ward within 45 minutes without pulling a unit off a higher-severity ward.
340.0,2025-09-28T16:40:00Z,REPLAY,current_status,I063:mass_transport:2,I063,mass_transport,w-pc-13,5,No unit able to provide mass transport could reach this ward within 45 minutes without pulling a unit off a higher-severity ward.
340.0,2025-09-28T16:40:00Z,REPLAY,current_status,I064:water_rescue:0,I064,water_rescue,w-pc-11,5,No unit able to provide water rescue could reach this ward within 45 minutes without pulling a unit off a higher-severity ward.
340.0,2025-09-28T16:40:00Z,REPLAY,current_status,I064:mass_transport:0,I064,mass_transport,w-pc-11,5,No unit able to provide mass transport could reach this ward within 45 minutes without pulling a unit off a higher-severity ward.
340.0,2025-09-28T16:40:00Z,REPLAY,current_status,I064:mass_transport:1,I064,mass_transport,w-pc-11,5,No unit able to provide mass transport could reach this ward within 45 minutes without pulling a unit off a higher-severity ward.
340.0,2025-09-28T16:40:00Z,REPLAY,current_status,I064:mass_transport:2,I064,mass_transport,w-pc-11,5,No unit able to provide mass transport could reach this ward within 45 minutes without pulling a unit off a higher-severity ward.
340.0,2025-09-28T16:40:00Z,REPLAY,current_status,I066:field_assessment:0,I066,field_assessment,w-pc-10,2,No unit able to provide field assessment could reach this ward within 45 minutes without pulling a unit off a higher-severity ward.
340.0,2025-09-28T16:40:00Z,REPLAY,current_status,I071:mass_transport:0,I071,mass_transport,w-pc-07,4,No unit able to provide mass transport could reach this ward within 45 minutes without pulling a unit off a higher-severity ward.
340.0,2025-09-28T16:40:00Z,REPLAY,current_status,I071:mass_transport:1,I071,mass_transport,w-pc-07,4,No unit able to provide mass transport could reach this ward within 45 minutes without pulling a unit off a higher-severity ward.
340.0,2025-09-28T16:40:00Z,REPLAY,current_status,I071:dewatering:0,I071,dewatering,w-pc-07,4,No unit able to provide dewatering could reach this ward within 45 minutes without pulling a unit off a higher-severity ward.
340.0,2025-09-28T16:40:00Z,REPLAY,current_status,I072:mass_transport:0,I072,mass_transport,w-pc-14,4,No unit able to provide mass transport could reach this ward within 45 minutes without pulling a unit off a higher-severity ward.
340.0,2025-09-28T16:40:00Z,REPLAY,current_status,I072:mass_transport:1,I072,mass_transport,w-pc-14,4,No unit able to provide mass transport could reach this ward within 45 minutes without pulling a unit off a higher-severity ward.
340.0,2025-09-28T16:40:00Z,REPLAY,current_status,I072:dewatering:0,I072,dewatering,w-pc-14,4,No unit able to provide dewatering could reach this ward within 45 minutes without pulling a unit off a higher-severity ward.
350.0,2025-09-28T16:50:00Z,REPLAY,current_status,I001:mass_transport:0,I001,mass_transport,w-pc-11,5,No unit able to provide mass transport could reach this ward within 45 minutes without pulling a unit off a higher-severity ward.
350.0,2025-09-28T16:50:00Z,REPLAY,current_status,I001:mass_transport:1,I001,mass_transport,w-pc-11,5,No unit able to provide mass transport could reach this ward within 45 minutes without pulling a unit off a higher-severity ward.
350.0,2025-09-28T16:50:00Z,REPLAY,current_status,I001:mass_transport:2,I001,mass_transport,w-pc-11,5,No unit able to provide mass transport could reach this ward within 45 minutes without pulling a unit off a higher-severity ward.
350.0,2025-09-28T16:50:00Z,REPLAY,current_status,I006:mass_transport:0,I006,mass_transport,w-pc-14,5,No unit able to provide mass transport could reach this ward within 45 minutes without pulling a unit off a higher-severity ward.
350.0,2025-09-28T16:50:00Z,REPLAY,current_status,I006:mass_transport:1,I006,mass_transport,w-pc-14,5,No unit able to provide mass transport could reach this ward within 45 minutes without pulling a unit off a higher-severity ward.
350.0,2025-09-28T16:50:00Z,REPLAY,current_status,I006:mass_transport:2,I006,mass_transport,w-pc-14,5,No unit able to provide mass transport could reach this ward within 45 minutes without pulling a unit off a higher-severity ward.
350.0,2025-09-28T16:50:00Z,REPLAY,current_status,I009:mass_transport:0,I009,mass_transport,w-pc-07,4,No unit able to provide mass transport could reach this ward within 45 minutes without pulling a unit off a higher-severity ward.
350.0,2025-09-28T16:50:00Z,REPLAY,current_status,I009:mass_transport:1,I009,mass_transport,w-pc-07,4,No unit able to provide mass transport could reach this ward within 45 minutes without pulling a unit off a higher-severity ward.
350.0,2025-09-28T16:50:00Z,REPLAY,current_status,I011:mass_transport:0,I011,mass_transport,w-pc-14,4,No unit able to provide mass transport could reach this ward within 45 minutes without pulling a unit off a higher-severity ward.
350.0,2025-09-28T16:50:00Z,REPLAY,current_status,I011:mass_transport:1,I011,mass_transport,w-pc-14,4,No unit able to provide mass transport could reach this ward within 45 minutes without pulling a unit off a higher-severity ward.
350.0,2025-09-28T16:50:00Z,REPLAY,current_status,I015:mass_transport:0,I015,mass_transport,w-pc-11,4,No unit able to provide mass transport could reach this ward within 45 minutes without pulling a unit off a higher-severity ward.
350.0,2025-09-28T16:50:00Z,REPLAY,current_status,I015:mass_transport:1,I015,mass_transport,w-pc-11,4,No unit able to provide mass transport could reach this ward within 45 minutes without pulling a unit off a higher-severity ward.
350.0,2025-09-28T16:50:00Z,REPLAY,current_status,I017:mass_transport:0,I017,mass_transport,w-pc-07,5,No unit able to provide mass transport could reach this ward within 45 minutes without pulling a unit off a higher-severity ward.
350.0,2025-09-28T16:50:00Z,REPLAY,current_status,I024:mass_transport:0,I024,mass_transport,w-pc-06,4,No unit able to provide mass transport could reach this ward within 45 minutes without pulling a unit off a higher-severity ward.
350.0,2025-09-28T16:50:00Z,REPLAY,current_status,I024:mass_transport:1,I024,mass_transport,w-pc-06,4,No unit able to provide mass transport could reach this ward within 45 minutes without pulling a unit off a higher-severity ward.
350.0,2025-09-28T16:50:00Z,REPLAY,current_status,I027:mass_transport:0,I027,mass_transport,w-pc-10,4,No unit able to provide mass transport could reach this ward within 45 minutes without pulling a unit off a higher-severity ward.
350.0,2025-09-28T16:50:00Z,REPLAY,current_status,I027:mass_transport:1,I027,mass_transport,w-pc-10,4,No unit able to provide mass transport could reach this ward within 45 minutes without pulling a unit off a higher-severity ward.
350.0,2025-09-28T16:50:00Z,REPLAY,current_status,I029:mass_transport:0,I029,mass_transport,w-pc-13,4,No unit able to provide mass transport could reach this ward within 45 minutes without pulling a unit off a higher-severity ward.
350.0,2025-09-28T16:50:00Z,REPLAY,current_status,I030:mass_transport:0,I030,mass_transport,w-pc-06,4,No unit able to provide mass transport could reach this ward within 45 minutes without pulling a unit off a higher-severity ward.
350.0,2025-09-28T16:50:00Z,REPLAY,current_status,I030:mass_transport:1,I030,mass_transport,w-pc-06,4,No unit able to provide mass transport could reach this ward within 45 minutes without pulling a unit off a higher-severity ward.
350.0,2025-09-28T16:50:00Z,REPLAY,current_status,I035:mass_transport:0,I035,mass_transport,w-pc-11,5,No unit able to provide mass transport could reach this ward within 45 minutes without pulling a unit off a higher-severity ward.
350.0,2025-09-28T16:50:00Z,REPLAY,current_status,I035:mass_transport:1,I035,mass_transport,w-pc-11,5,No unit able to provide mass transport could reach this ward within 45 minutes without pulling a unit off a higher-severity ward.
350.0,2025-09-28T16:50:00Z,REPLAY,current_status,I035:mass_transport:2,I035,mass_transport,w-pc-11,5,No unit able to provide mass transport could reach this ward within 45 minutes without pulling a unit off a higher-severity ward.
350.0,2025-09-28T16:50:00Z,REPLAY,current_status,I038:mass_transport:0,I038,mass_transport,w-pc-11,4,No unit able to provide mass transport could reach this ward within 45 minutes without pulling a unit off a higher-severity ward.
350.0,2025-09-28T16:50:00Z,REPLAY,current_status,I038:mass_transport:1,I038,mass_transport,w-pc-11,4,No unit able to provide mass transport could reach this ward within 45 minutes without pulling a unit off a higher-severity ward.
350.0,2025-09-28T16:50:00Z,REPLAY,current_status,I039:mass_transport:0,I039,mass_transport,w-pc-13,4,No unit able to provide mass transport could reach this ward within 45 minutes without pulling a unit off a higher-severity ward.
350.0,2025-09-28T16:50:00Z,REPLAY,current_status,I042:mass_transport:0,I042,mass_transport,w-pc-02,4,No unit able to provide mass transport could reach this ward within 45 minutes without pulling a unit off a higher-severity ward.
350.0,2025-09-28T16:50:00Z,REPLAY,current_status,I042:mass_transport:1,I042,mass_transport,w-pc-02,4,No unit able to provide mass transport could reach this ward within 45 minutes without pulling a unit off a higher-severity ward.
350.0,2025-09-28T16:50:00Z,REPLAY,current_status,I046:mass_transport:0,I046,mass_transport,w-pc-11,5,No unit able to provide mass transport could reach this ward within 45 minutes without pulling a unit off a higher-severity ward.
350.0,2025-09-28T16:50:00Z,REPLAY,current_status,I046:mass_transport:1,I046,mass_transport,w-pc-11,5,No unit able to provide mass transport could reach this ward within 45 minutes without pulling a unit off a higher-severity ward.
350.0,2025-09-28T16:50:00Z,REPLAY,current_status,I046:mass_transport:2,I046,mass_transport,w-pc-11,5,No unit able to provide mass transport could reach this ward within 45 minutes without pulling a unit off a higher-severity ward.
350.0,2025-09-28T16:50:00Z,REPLAY,current_status,I048:mass_transport:0,I048,mass_transport,w-pc-07,5,No unit able to provide mass transport could reach this ward within 45 minutes without pulling a unit off a higher-severity ward.
350.0,2025-09-28T16:50:00Z,REPLAY,current_status,I048:mass_transport:1,I048,mass_transport,w-pc-07,5,No unit able to provide mass transport could reach this ward within 45 minutes without pulling a unit off a higher-severity ward.
350.0,2025-09-28T16:50:00Z,REPLAY,current_status,I048:mass_transport:2,I048,mass_transport,w-pc-07,5,No unit able to provide mass transport could reach this ward within 45 minutes without pulling a unit off a higher-severity ward.
350.0,2025-09-28T16:50:00Z,REPLAY,current_status,I050:search_rescue:0,I050,search_rescue,w-pc-09,5,No unit able to provide search rescue could reach this ward within 45 minutes without pulling a unit off a higher-severity ward.
350.0,2025-09-28T16:50:00Z,REPLAY,current_status,I054:mass_transport:0,I054,mass_transport,w-pc-10,5,No unit able to provide mass transport could reach this ward within 45 minutes without pulling a unit off a higher-severity ward.
350.0,2025-09-28T16:50:00Z,REPLAY,current_status,I054:mass_transport:1,I054,mass_transport,w-pc-10,5,No unit able to provide mass transport could reach this ward within 45 minutes without pulling a unit off a higher-severity ward.
350.0,2025-09-28T16:50:00Z,REPLAY,current_status,I054:mass_transport:2,I054,mass_transport,w-pc-10,5,No unit able to provide mass transport could reach this ward within 45 minutes without pulling a unit off a higher-severity ward.
350.0,2025-09-28T16:50:00Z,REPLAY,current_status,I057:mass_transport:0,I057,mass_transport,w-pc-02,4,No unit able to provide mass transport could reach this ward within 45 minutes without pulling a unit off a higher-severity ward.
350.0,2025-09-28T16:50:00Z,REPLAY,current_status,I057:mass_transport:1,I057,mass_transport,w-pc-02,4,No unit able to provide mass transport could reach this ward within 45 minutes without pulling a unit off a higher-severity ward.
350.0,2025-09-28T16:50:00Z,REPLAY,current_status,I060:water_rescue:0,I060,water_rescue,w-pc-06,5,No unit able to provide water rescue could reach this ward within 45 minutes without pulling a unit off a higher-severity ward.
350.0,2025-09-28T16:50:00Z,REPLAY,current_status,I060:mass_transport:0,I060,mass_transport,w-pc-06,5,No unit able to provide mass transport could reach this ward within 45 minutes without pulling a unit off a higher-severity ward.
350.0,2025-09-28T16:50:00Z,REPLAY,current_status,I060:mass_transport:1,I060,mass_transport,w-pc-06,5,No unit able to provide mass transport could reach this ward within 45 minutes without pulling a unit off a higher-severity ward.
350.0,2025-09-28T16:50:00Z,REPLAY,current_status,I060:mass_transport:2,I060,mass_transport,w-pc-06,5,No unit able to provide mass transport could reach this ward within 45 minutes without pulling a unit off a higher-severity ward.
350.0,2025-09-28T16:50:00Z,REPLAY,current_status,I061:mass_transport:0,I061,mass_transport,w-pc-11,5,No unit able to provide mass transport could reach this ward within 45 minutes without pulling a unit off a higher-severity ward.
350.0,2025-09-28T16:50:00Z,REPLAY,current_status,I061:mass_transport:1,I061,mass_transport,w-pc-11,5,No unit able to provide mass transport could reach this ward within 45 minutes without pulling a unit off a higher-severity ward.
350.0,2025-09-28T16:50:00Z,REPLAY,current_status,I061:mass_transport:2,I061,mass_transport,w-pc-11,5,No unit able to provide mass transport could reach this ward within 45 minutes without pulling a unit off a higher-severity ward.
350.0,2025-09-28T16:50:00Z,REPLAY,current_status,I062:mass_transport:0,I062,mass_transport,w-pc-10,4,No unit able to provide mass transport could reach this ward within 45 minutes without pulling a unit off a higher-severity ward.
350.0,2025-09-28T16:50:00Z,REPLAY,current_status,I062:mass_transport:1,I062,mass_transport,w-pc-10,4,No unit able to provide mass transport could reach this ward within 45 minutes without pulling a unit off a higher-severity ward.
350.0,2025-09-28T16:50:00Z,REPLAY,current_status,I063:mass_transport:0,I063,mass_transport,w-pc-13,5,No unit able to provide mass transport could reach this ward within 45 minutes without pulling a unit off a higher-severity ward.
350.0,2025-09-28T16:50:00Z,REPLAY,current_status,I063:mass_transport:1,I063,mass_transport,w-pc-13,5,No unit able to provide mass transport could reach this ward within 45 minutes without pulling a unit off a higher-severity ward.
350.0,2025-09-28T16:50:00Z,REPLAY,current_status,I063:mass_transport:2,I063,mass_transport,w-pc-13,5,No unit able to provide mass transport could reach this ward within 45 minutes without pulling a unit off a higher-severity ward.
350.0,2025-09-28T16:50:00Z,REPLAY,current_status,I064:water_rescue:0,I064,water_rescue,w-pc-11,5,No unit able to provide water rescue could reach this ward within 45 minutes without pulling a unit off a higher-severity ward.
350.0,2025-09-28T16:50:00Z,REPLAY,current_status,I064:mass_transport:0,I064,mass_transport,w-pc-11,5,No unit able to provide mass transport could reach this ward within 45 minutes without pulling a unit off a higher-severity ward.
350.0,2025-09-28T16:50:00Z,REPLAY,current_status,I064:mass_transport:1,I064,mass_transport,w-pc-11,5,No unit able to provide mass transport could reach this ward within 45 minutes without pulling a unit off a higher-severity ward.
350.0,2025-09-28T16:50:00Z,REPLAY,current_status,I064:mass_transport:2,I064,mass_transport,w-pc-11,5,No unit able to provide mass transport could reach this ward within 45 minutes without pulling a unit off a higher-severity ward.
350.0,2025-09-28T16:50:00Z,REPLAY,current_status,I065:mass_transport:0,I065,mass_transport,w-pc-11,4,No unit able to provide mass transport could reach this ward within 45 minutes without pulling a unit off a higher-severity ward.
350.0,2025-09-28T16:50:00Z,REPLAY,current_status,I065:mass_transport:1,I065,mass_transport,w-pc-11,4,No unit able to provide mass transport could reach this ward within 45 minutes without pulling a unit off a higher-severity ward.
350.0,2025-09-28T16:50:00Z,REPLAY,current_status,I065:dewatering:0,I065,dewatering,w-pc-11,4,No unit able to provide dewatering could reach this ward within 45 minutes without pulling a unit off a higher-severity ward.
350.0,2025-09-28T16:50:00Z,REPLAY,current_status,I066:field_assessment:0,I066,field_assessment,w-pc-10,2,No unit able to provide field assessment could reach this ward within 45 minutes without pulling a unit off a higher-severity ward.
350.0,2025-09-28T16:50:00Z,REPLAY,current_status,I068:mass_transport:0,I068,mass_transport,w-pc-10,4,No unit able to provide mass transport could reach this ward within 45 minutes without pulling a unit off a higher-severity ward.
350.0,2025-09-28T16:50:00Z,REPLAY,current_status,I068:mass_transport:1,I068,mass_transport,w-pc-10,4,No unit able to provide mass transport could reach this ward within 45 minutes without pulling a unit off a higher-severity ward.
350.0,2025-09-28T16:50:00Z,REPLAY,current_status,I068:dewatering:0,I068,dewatering,w-pc-10,4,No unit able to provide dewatering could reach this ward within 45 minutes without pulling a unit off a higher-severity ward.
350.0,2025-09-28T16:50:00Z,REPLAY,current_status,I071:mass_transport:0,I071,mass_transport,w-pc-07,4,No unit able to provide mass transport could reach this ward within 45 minutes without pulling a unit off a higher-severity ward.
350.0,2025-09-28T16:50:00Z,REPLAY,current_status,I071:mass_transport:1,I071,mass_transport,w-pc-07,4,No unit able to provide mass transport could reach this ward within 45 minutes without pulling a unit off a higher-severity ward.
350.0,2025-09-28T16:50:00Z,REPLAY,current_status,I071:dewatering:0,I071,dewatering,w-pc-07,4,No unit able to provide dewatering could reach this ward within 45 minutes without pulling a unit off a higher-severity ward.
350.0,2025-09-28T16:50:00Z,REPLAY,current_status,I072:mass_transport:0,I072,mass_transport,w-pc-14,4,No unit able to provide mass transport could reach this ward within 45 minutes without pulling a unit off a higher-severity ward.
350.0,2025-09-28T16:50:00Z,REPLAY,current_status,I072:mass_transport:1,I072,mass_transport,w-pc-14,4,No unit able to provide mass transport could reach this ward within 45 minutes without pulling a unit off a higher-severity ward.
350.0,2025-09-28T16:50:00Z,REPLAY,current_status,I072:dewatering:0,I072,dewatering,w-pc-14,4,No unit able to provide dewatering could reach this ward within 45 minutes without pulling a unit off a higher-severity ward.
350.0,2025-09-28T16:50:00Z,REPLAY,current_status,I075:field_assessment:0,I075,field_assessment,w-pc-07,2,No unit able to provide field assessment could reach this ward within 45 minutes without pulling a unit off a higher-severity ward.
350.0,2025-09-28T16:50:00Z,REPLAY,current_status,I077:field_assessment:0,I077,field_assessment,w-pc-13,2,No unit able to provide field assessment could reach this ward within 45 minutes without pulling a unit off a higher-severity ward.
350.0,2025-09-28T16:50:00Z,REPLAY,current_status,I078:field_assessment:0,I078,field_assessment,w-pc-04,2,No unit able to provide field assessment could reach this ward within 45 minutes without pulling a unit off a higher-severity ward.
360.0,2025-09-28T17:00:00Z,REPLAY,current_status,I001:mass_transport:0,I001,mass_transport,w-pc-11,5,No unit able to provide mass transport could reach this ward within 45 minutes without pulling a unit off a higher-severity ward.
360.0,2025-09-28T17:00:00Z,REPLAY,current_status,I001:mass_transport:1,I001,mass_transport,w-pc-11,5,No unit able to provide mass transport could reach this ward within 45 minutes without pulling a unit off a higher-severity ward.
360.0,2025-09-28T17:00:00Z,REPLAY,current_status,I001:mass_transport:2,I001,mass_transport,w-pc-11,5,No unit able to provide mass transport could reach this ward within 45 minutes without pulling a unit off a higher-severity ward.
360.0,2025-09-28T17:00:00Z,REPLAY,current_status,I006:mass_transport:0,I006,mass_transport,w-pc-14,5,No unit able to provide mass transport could reach this ward within 45 minutes without pulling a unit off a higher-severity ward.
360.0,2025-09-28T17:00:00Z,REPLAY,current_status,I006:mass_transport:1,I006,mass_transport,w-pc-14,5,No unit able to provide mass transport could reach this ward within 45 minutes without pulling a unit off a higher-severity ward.
360.0,2025-09-28T17:00:00Z,REPLAY,current_status,I006:mass_transport:2,I006,mass_transport,w-pc-14,5,No unit able to provide mass transport could reach this ward within 45 minutes without pulling a unit off a higher-severity ward.
360.0,2025-09-28T17:00:00Z,REPLAY,current_status,I009:mass_transport:0,I009,mass_transport,w-pc-07,4,No unit able to provide mass transport could reach this ward within 45 minutes without pulling a unit off a higher-severity ward.
360.0,2025-09-28T17:00:00Z,REPLAY,current_status,I009:mass_transport:1,I009,mass_transport,w-pc-07,4,No unit able to provide mass transport could reach this ward within 45 minutes without pulling a unit off a higher-severity ward.
360.0,2025-09-28T17:00:00Z,REPLAY,current_status,I011:mass_transport:0,I011,mass_transport,w-pc-14,4,No unit able to provide mass transport could reach this ward within 45 minutes without pulling a unit off a higher-severity ward.
360.0,2025-09-28T17:00:00Z,REPLAY,current_status,I011:mass_transport:1,I011,mass_transport,w-pc-14,4,No unit able to provide mass transport could reach this ward within 45 minutes without pulling a unit off a higher-severity ward.
360.0,2025-09-28T17:00:00Z,REPLAY,current_status,I015:mass_transport:0,I015,mass_transport,w-pc-11,4,No unit able to provide mass transport could reach this ward within 45 minutes without pulling a unit off a higher-severity ward.
360.0,2025-09-28T17:00:00Z,REPLAY,current_status,I015:mass_transport:1,I015,mass_transport,w-pc-11,4,No unit able to provide mass transport could reach this ward within 45 minutes without pulling a unit off a higher-severity ward.
360.0,2025-09-28T17:00:00Z,REPLAY,current_status,I017:mass_transport:0,I017,mass_transport,w-pc-07,5,No unit able to provide mass transport could reach this ward within 45 minutes without pulling a unit off a higher-severity ward.
360.0,2025-09-28T17:00:00Z,REPLAY,current_status,I024:mass_transport:0,I024,mass_transport,w-pc-06,4,No unit able to provide mass transport could reach this ward within 45 minutes without pulling a unit off a higher-severity ward.
360.0,2025-09-28T17:00:00Z,REPLAY,current_status,I024:mass_transport:1,I024,mass_transport,w-pc-06,4,No unit able to provide mass transport could reach this ward within 45 minutes without pulling a unit off a higher-severity ward.
360.0,2025-09-28T17:00:00Z,REPLAY,current_status,I027:mass_transport:0,I027,mass_transport,w-pc-10,4,No unit able to provide mass transport could reach this ward within 45 minutes without pulling a unit off a higher-severity ward.
360.0,2025-09-28T17:00:00Z,REPLAY,current_status,I027:mass_transport:1,I027,mass_transport,w-pc-10,4,No unit able to provide mass transport could reach this ward within 45 minutes without pulling a unit off a higher-severity ward.
360.0,2025-09-28T17:00:00Z,REPLAY,current_status,I029:mass_transport:0,I029,mass_transport,w-pc-13,4,No unit able to provide mass transport could reach this ward within 45 minutes without pulling a unit off a higher-severity ward.
360.0,2025-09-28T17:00:00Z,REPLAY,current_status,I030:mass_transport:0,I030,mass_transport,w-pc-06,4,No unit able to provide mass transport could reach this ward within 45 minutes without pulling a unit off a higher-severity ward.
360.0,2025-09-28T17:00:00Z,REPLAY,current_status,I030:mass_transport:1,I030,mass_transport,w-pc-06,4,No unit able to provide mass transport could reach this ward within 45 minutes without pulling a unit off a higher-severity ward.
360.0,2025-09-28T17:00:00Z,REPLAY,current_status,I035:mass_transport:0,I035,mass_transport,w-pc-11,5,No unit able to provide mass transport could reach this ward within 45 minutes without pulling a unit off a higher-severity ward.
360.0,2025-09-28T17:00:00Z,REPLAY,current_status,I035:mass_transport:1,I035,mass_transport,w-pc-11,5,No unit able to provide mass transport could reach this ward within 45 minutes without pulling a unit off a higher-severity ward.
360.0,2025-09-28T17:00:00Z,REPLAY,current_status,I035:mass_transport:2,I035,mass_transport,w-pc-11,5,No unit able to provide mass transport could reach this ward within 45 minutes without pulling a unit off a higher-severity ward.
360.0,2025-09-28T17:00:00Z,REPLAY,current_status,I038:mass_transport:0,I038,mass_transport,w-pc-11,4,No unit able to provide mass transport could reach this ward within 45 minutes without pulling a unit off a higher-severity ward.
360.0,2025-09-28T17:00:00Z,REPLAY,current_status,I038:mass_transport:1,I038,mass_transport,w-pc-11,4,No unit able to provide mass transport could reach this ward within 45 minutes without pulling a unit off a higher-severity ward.
360.0,2025-09-28T17:00:00Z,REPLAY,current_status,I039:mass_transport:0,I039,mass_transport,w-pc-13,4,No unit able to provide mass transport could reach this ward within 45 minutes without pulling a unit off a higher-severity ward.
360.0,2025-09-28T17:00:00Z,REPLAY,current_status,I042:mass_transport:0,I042,mass_transport,w-pc-02,4,No unit able to provide mass transport could reach this ward within 45 minutes without pulling a unit off a higher-severity ward.
360.0,2025-09-28T17:00:00Z,REPLAY,current_status,I042:mass_transport:1,I042,mass_transport,w-pc-02,4,No unit able to provide mass transport could reach this ward within 45 minutes without pulling a unit off a higher-severity ward.
360.0,2025-09-28T17:00:00Z,REPLAY,current_status,I046:mass_transport:0,I046,mass_transport,w-pc-11,5,No unit able to provide mass transport could reach this ward within 45 minutes without pulling a unit off a higher-severity ward.
360.0,2025-09-28T17:00:00Z,REPLAY,current_status,I046:mass_transport:1,I046,mass_transport,w-pc-11,5,No unit able to provide mass transport could reach this ward within 45 minutes without pulling a unit off a higher-severity ward.
360.0,2025-09-28T17:00:00Z,REPLAY,current_status,I046:mass_transport:2,I046,mass_transport,w-pc-11,5,No unit able to provide mass transport could reach this ward within 45 minutes without pulling a unit off a higher-severity ward.
360.0,2025-09-28T17:00:00Z,REPLAY,current_status,I048:mass_transport:0,I048,mass_transport,w-pc-07,5,No unit able to provide mass transport could reach this ward within 45 minutes without pulling a unit off a higher-severity ward.
360.0,2025-09-28T17:00:00Z,REPLAY,current_status,I048:mass_transport:1,I048,mass_transport,w-pc-07,5,No unit able to provide mass transport could reach this ward within 45 minutes without pulling a unit off a higher-severity ward.
360.0,2025-09-28T17:00:00Z,REPLAY,current_status,I048:mass_transport:2,I048,mass_transport,w-pc-07,5,No unit able to provide mass transport could reach this ward within 45 minutes without pulling a unit off a higher-severity ward.
360.0,2025-09-28T17:00:00Z,REPLAY,current_status,I050:search_rescue:0,I050,search_rescue,w-pc-09,5,No unit able to provide search rescue could reach this ward within 45 minutes without pulling a unit off a higher-severity ward.
360.0,2025-09-28T17:00:00Z,REPLAY,current_status,I054:mass_transport:0,I054,mass_transport,w-pc-10,5,No unit able to provide mass transport could reach this ward within 45 minutes without pulling a unit off a higher-severity ward.
360.0,2025-09-28T17:00:00Z,REPLAY,current_status,I054:mass_transport:1,I054,mass_transport,w-pc-10,5,No unit able to provide mass transport could reach this ward within 45 minutes without pulling a unit off a higher-severity ward.
360.0,2025-09-28T17:00:00Z,REPLAY,current_status,I054:mass_transport:2,I054,mass_transport,w-pc-10,5,No unit able to provide mass transport could reach this ward within 45 minutes without pulling a unit off a higher-severity ward.
360.0,2025-09-28T17:00:00Z,REPLAY,current_status,I057:mass_transport:0,I057,mass_transport,w-pc-02,4,No unit able to provide mass transport could reach this ward within 45 minutes without pulling a unit off a higher-severity ward.
360.0,2025-09-28T17:00:00Z,REPLAY,current_status,I057:mass_transport:1,I057,mass_transport,w-pc-02,4,No unit able to provide mass transport could reach this ward within 45 minutes without pulling a unit off a higher-severity ward.
360.0,2025-09-28T17:00:00Z,REPLAY,current_status,I060:water_rescue:0,I060,water_rescue,w-pc-06,5,No unit able to provide water rescue could reach this ward within 45 minutes without pulling a unit off a higher-severity ward.
360.0,2025-09-28T17:00:00Z,REPLAY,current_status,I060:mass_transport:0,I060,mass_transport,w-pc-06,5,No unit able to provide mass transport could reach this ward within 45 minutes without pulling a unit off a higher-severity ward.
360.0,2025-09-28T17:00:00Z,REPLAY,current_status,I060:mass_transport:1,I060,mass_transport,w-pc-06,5,No unit able to provide mass transport could reach this ward within 45 minutes without pulling a unit off a higher-severity ward.
360.0,2025-09-28T17:00:00Z,REPLAY,current_status,I060:mass_transport:2,I060,mass_transport,w-pc-06,5,No unit able to provide mass transport could reach this ward within 45 minutes without pulling a unit off a higher-severity ward.
360.0,2025-09-28T17:00:00Z,REPLAY,current_status,I061:mass_transport:0,I061,mass_transport,w-pc-11,5,No unit able to provide mass transport could reach this ward within 45 minutes without pulling a unit off a higher-severity ward.
360.0,2025-09-28T17:00:00Z,REPLAY,current_status,I061:mass_transport:1,I061,mass_transport,w-pc-11,5,No unit able to provide mass transport could reach this ward within 45 minutes without pulling a unit off a higher-severity ward.
360.0,2025-09-28T17:00:00Z,REPLAY,current_status,I061:mass_transport:2,I061,mass_transport,w-pc-11,5,No unit able to provide mass transport could reach this ward within 45 minutes without pulling a unit off a higher-severity ward.
360.0,2025-09-28T17:00:00Z,REPLAY,current_status,I062:mass_transport:0,I062,mass_transport,w-pc-10,4,No unit able to provide mass transport could reach this ward within 45 minutes without pulling a unit off a higher-severity ward.
360.0,2025-09-28T17:00:00Z,REPLAY,current_status,I062:mass_transport:1,I062,mass_transport,w-pc-10,4,No unit able to provide mass transport could reach this ward within 45 minutes without pulling a unit off a higher-severity ward.
360.0,2025-09-28T17:00:00Z,REPLAY,current_status,I063:mass_transport:0,I063,mass_transport,w-pc-13,5,No unit able to provide mass transport could reach this ward within 45 minutes without pulling a unit off a higher-severity ward.
360.0,2025-09-28T17:00:00Z,REPLAY,current_status,I063:mass_transport:1,I063,mass_transport,w-pc-13,5,No unit able to provide mass transport could reach this ward within 45 minutes without pulling a unit off a higher-severity ward.
360.0,2025-09-28T17:00:00Z,REPLAY,current_status,I063:mass_transport:2,I063,mass_transport,w-pc-13,5,No unit able to provide mass transport could reach this ward within 45 minutes without pulling a unit off a higher-severity ward.
360.0,2025-09-28T17:00:00Z,REPLAY,current_status,I064:water_rescue:0,I064,water_rescue,w-pc-11,5,No unit able to provide water rescue could reach this ward within 45 minutes without pulling a unit off a higher-severity ward.
360.0,2025-09-28T17:00:00Z,REPLAY,current_status,I064:mass_transport:0,I064,mass_transport,w-pc-11,5,No unit able to provide mass transport could reach this ward within 45 minutes without pulling a unit off a higher-severity ward.
360.0,2025-09-28T17:00:00Z,REPLAY,current_status,I064:mass_transport:1,I064,mass_transport,w-pc-11,5,No unit able to provide mass transport could reach this ward within 45 minutes without pulling a unit off a higher-severity ward.
360.0,2025-09-28T17:00:00Z,REPLAY,current_status,I064:mass_transport:2,I064,mass_transport,w-pc-11,5,No unit able to provide mass transport could reach this ward within 45 minutes without pulling a unit off a higher-severity ward.
360.0,2025-09-28T17:00:00Z,REPLAY,current_status,I065:mass_transport:0,I065,mass_transport,w-pc-11,4,No unit able to provide mass transport could reach this ward within 45 minutes without pulling a unit off a higher-severity ward.
360.0,2025-09-28T17:00:00Z,REPLAY,current_status,I065:mass_transport:1,I065,mass_transport,w-pc-11,4,No unit able to provide mass transport could reach this ward within 45 minutes without pulling a unit off a higher-severity ward.
360.0,2025-09-28T17:00:00Z,REPLAY,current_status,I065:dewatering:0,I065,dewatering,w-pc-11,4,No unit able to provide dewatering could reach this ward within 45 minutes without pulling a unit off a higher-severity ward.
360.0,2025-09-28T17:00:00Z,REPLAY,current_status,I066:field_assessment:0,I066,field_assessment,w-pc-10,2,No unit able to provide field assessment could reach this ward within 45 minutes without pulling a unit off a higher-severity ward.
360.0,2025-09-28T17:00:00Z,REPLAY,current_status,I068:mass_transport:0,I068,mass_transport,w-pc-10,4,No unit able to provide mass transport could reach this ward within 45 minutes without pulling a unit off a higher-severity ward.
360.0,2025-09-28T17:00:00Z,REPLAY,current_status,I068:mass_transport:1,I068,mass_transport,w-pc-10,4,No unit able to provide mass transport could reach this ward within 45 minutes without pulling a unit off a higher-severity ward.
360.0,2025-09-28T17:00:00Z,REPLAY,current_status,I068:dewatering:0,I068,dewatering,w-pc-10,4,No unit able to provide dewatering could reach this ward within 45 minutes without pulling a unit off a higher-severity ward.
360.0,2025-09-28T17:00:00Z,REPLAY,current_status,I071:mass_transport:0,I071,mass_transport,w-pc-07,4,No unit able to provide mass transport could reach this ward within 45 minutes without pulling a unit off a higher-severity ward.
360.0,2025-09-28T17:00:00Z,REPLAY,current_status,I071:mass_transport:1,I071,mass_transport,w-pc-07,4,No unit able to provide mass transport could reach this ward within 45 minutes without pulling a unit off a higher-severity ward.
360.0,2025-09-28T17:00:00Z,REPLAY,current_status,I072:mass_transport:0,I072,mass_transport,w-pc-14,4,No unit able to provide mass transport could reach this ward within 45 minutes without pulling a unit off a higher-severity ward.
360.0,2025-09-28T17:00:00Z,REPLAY,current_status,I072:mass_transport:1,I072,mass_transport,w-pc-14,4,No unit able to provide mass transport could reach this ward within 45 minutes without pulling a unit off a higher-severity ward.
360.0,2025-09-28T17:00:00Z,REPLAY,current_status,I072:dewatering:0,I072,dewatering,w-pc-14,4,No unit able to provide dewatering could reach this ward within 45 minutes without pulling a unit off a higher-severity ward.
360.0,2025-09-28T17:00:00Z,REPLAY,current_status,I075:field_assessment:0,I075,field_assessment,w-pc-07,2,No unit able to provide field assessment could reach this ward within 45 minutes without pulling a unit off a higher-severity ward.
360.0,2025-09-28T17:00:00Z,REPLAY,current_status,I077:field_assessment:0,I077,field_assessment,w-pc-13,2,No unit able to provide field assessment could reach this ward within 45 minutes without pulling a unit off a higher-severity ward.
360.0,2025-09-28T17:00:00Z,REPLAY,current_status,I078:field_assessment:0,I078,field_assessment,w-pc-04,2,No unit able to provide field assessment could reach this ward within 45 minutes without pulling a unit off a higher-severity ward.
360.0,2025-09-28T17:00:00Z,REPLAY,current_status,I079:field_assessment:0,I079,field_assessment,w-pc-07,2,No unit able to provide field assessment could reach this ward within 45 minutes without pulling a unit off a higher-severity ward.
370.0,2025-09-28T17:10:00Z,REPLAY,current_status,I001:mass_transport:0,I001,mass_transport,w-pc-11,5,No unit able to provide mass transport could reach this ward within 45 minutes without pulling a unit off a higher-severity ward.
370.0,2025-09-28T17:10:00Z,REPLAY,current_status,I001:mass_transport:1,I001,mass_transport,w-pc-11,5,No unit able to provide mass transport could reach this ward within 45 minutes without pulling a unit off a higher-severity ward.
370.0,2025-09-28T17:10:00Z,REPLAY,current_status,I001:mass_transport:2,I001,mass_transport,w-pc-11,5,No unit able to provide mass transport could reach this ward within 45 minutes without pulling a unit off a higher-severity ward.
370.0,2025-09-28T17:10:00Z,REPLAY,current_status,I006:mass_transport:0,I006,mass_transport,w-pc-14,5,No unit able to provide mass transport could reach this ward within 45 minutes without pulling a unit off a higher-severity ward.
370.0,2025-09-28T17:10:00Z,REPLAY,current_status,I006:mass_transport:1,I006,mass_transport,w-pc-14,5,No unit able to provide mass transport could reach this ward within 45 minutes without pulling a unit off a higher-severity ward.
370.0,2025-09-28T17:10:00Z,REPLAY,current_status,I006:mass_transport:2,I006,mass_transport,w-pc-14,5,No unit able to provide mass transport could reach this ward within 45 minutes without pulling a unit off a higher-severity ward.
370.0,2025-09-28T17:10:00Z,REPLAY,current_status,I009:mass_transport:0,I009,mass_transport,w-pc-07,4,No unit able to provide mass transport could reach this ward within 45 minutes without pulling a unit off a higher-severity ward.
370.0,2025-09-28T17:10:00Z,REPLAY,current_status,I009:mass_transport:1,I009,mass_transport,w-pc-07,4,No unit able to provide mass transport could reach this ward within 45 minutes without pulling a unit off a higher-severity ward.
370.0,2025-09-28T17:10:00Z,REPLAY,current_status,I011:mass_transport:0,I011,mass_transport,w-pc-14,4,No unit able to provide mass transport could reach this ward within 45 minutes without pulling a unit off a higher-severity ward.
370.0,2025-09-28T17:10:00Z,REPLAY,current_status,I011:mass_transport:1,I011,mass_transport,w-pc-14,4,No unit able to provide mass transport could reach this ward within 45 minutes without pulling a unit off a higher-severity ward.
370.0,2025-09-28T17:10:00Z,REPLAY,current_status,I015:mass_transport:0,I015,mass_transport,w-pc-11,4,No unit able to provide mass transport could reach this ward within 45 minutes without pulling a unit off a higher-severity ward.
370.0,2025-09-28T17:10:00Z,REPLAY,current_status,I015:mass_transport:1,I015,mass_transport,w-pc-11,4,No unit able to provide mass transport could reach this ward within 45 minutes without pulling a unit off a higher-severity ward.
370.0,2025-09-28T17:10:00Z,REPLAY,current_status,I017:mass_transport:0,I017,mass_transport,w-pc-07,5,No unit able to provide mass transport could reach this ward within 45 minutes without pulling a unit off a higher-severity ward.
370.0,2025-09-28T17:10:00Z,REPLAY,current_status,I024:mass_transport:0,I024,mass_transport,w-pc-06,4,No unit able to provide mass transport could reach this ward within 45 minutes without pulling a unit off a higher-severity ward.
370.0,2025-09-28T17:10:00Z,REPLAY,current_status,I024:mass_transport:1,I024,mass_transport,w-pc-06,4,No unit able to provide mass transport could reach this ward within 45 minutes without pulling a unit off a higher-severity ward.
370.0,2025-09-28T17:10:00Z,REPLAY,current_status,I027:mass_transport:0,I027,mass_transport,w-pc-10,4,No unit able to provide mass transport could reach this ward within 45 minutes without pulling a unit off a higher-severity ward.
370.0,2025-09-28T17:10:00Z,REPLAY,current_status,I027:mass_transport:1,I027,mass_transport,w-pc-10,4,No unit able to provide mass transport could reach this ward within 45 minutes without pulling a unit off a higher-severity ward.
370.0,2025-09-28T17:10:00Z,REPLAY,current_status,I029:mass_transport:0,I029,mass_transport,w-pc-13,4,No unit able to provide mass transport could reach this ward within 45 minutes without pulling a unit off a higher-severity ward.
370.0,2025-09-28T17:10:00Z,REPLAY,current_status,I030:mass_transport:0,I030,mass_transport,w-pc-06,4,No unit able to provide mass transport could reach this ward within 45 minutes without pulling a unit off a higher-severity ward.
370.0,2025-09-28T17:10:00Z,REPLAY,current_status,I030:mass_transport:1,I030,mass_transport,w-pc-06,4,No unit able to provide mass transport could reach this ward within 45 minutes without pulling a unit off a higher-severity ward.
370.0,2025-09-28T17:10:00Z,REPLAY,current_status,I035:mass_transport:0,I035,mass_transport,w-pc-11,5,No unit able to provide mass transport could reach this ward within 45 minutes without pulling a unit off a higher-severity ward.
370.0,2025-09-28T17:10:00Z,REPLAY,current_status,I035:mass_transport:1,I035,mass_transport,w-pc-11,5,No unit able to provide mass transport could reach this ward within 45 minutes without pulling a unit off a higher-severity ward.
370.0,2025-09-28T17:10:00Z,REPLAY,current_status,I035:mass_transport:2,I035,mass_transport,w-pc-11,5,No unit able to provide mass transport could reach this ward within 45 minutes without pulling a unit off a higher-severity ward.
370.0,2025-09-28T17:10:00Z,REPLAY,current_status,I038:mass_transport:0,I038,mass_transport,w-pc-11,4,No unit able to provide mass transport could reach this ward within 45 minutes without pulling a unit off a higher-severity ward.
370.0,2025-09-28T17:10:00Z,REPLAY,current_status,I038:mass_transport:1,I038,mass_transport,w-pc-11,4,No unit able to provide mass transport could reach this ward within 45 minutes without pulling a unit off a higher-severity ward.
370.0,2025-09-28T17:10:00Z,REPLAY,current_status,I039:mass_transport:0,I039,mass_transport,w-pc-13,4,No unit able to provide mass transport could reach this ward within 45 minutes without pulling a unit off a higher-severity ward.
370.0,2025-09-28T17:10:00Z,REPLAY,current_status,I042:mass_transport:0,I042,mass_transport,w-pc-02,4,No unit able to provide mass transport could reach this ward within 45 minutes without pulling a unit off a higher-severity ward.
370.0,2025-09-28T17:10:00Z,REPLAY,current_status,I042:mass_transport:1,I042,mass_transport,w-pc-02,4,No unit able to provide mass transport could reach this ward within 45 minutes without pulling a unit off a higher-severity ward.
370.0,2025-09-28T17:10:00Z,REPLAY,current_status,I046:mass_transport:0,I046,mass_transport,w-pc-11,5,No unit able to provide mass transport could reach this ward within 45 minutes without pulling a unit off a higher-severity ward.
370.0,2025-09-28T17:10:00Z,REPLAY,current_status,I046:mass_transport:1,I046,mass_transport,w-pc-11,5,No unit able to provide mass transport could reach this ward within 45 minutes without pulling a unit off a higher-severity ward.
370.0,2025-09-28T17:10:00Z,REPLAY,current_status,I046:mass_transport:2,I046,mass_transport,w-pc-11,5,No unit able to provide mass transport could reach this ward within 45 minutes without pulling a unit off a higher-severity ward.
370.0,2025-09-28T17:10:00Z,REPLAY,current_status,I048:mass_transport:0,I048,mass_transport,w-pc-07,5,No unit able to provide mass transport could reach this ward within 45 minutes without pulling a unit off a higher-severity ward.
370.0,2025-09-28T17:10:00Z,REPLAY,current_status,I048:mass_transport:1,I048,mass_transport,w-pc-07,5,No unit able to provide mass transport could reach this ward within 45 minutes without pulling a unit off a higher-severity ward.
370.0,2025-09-28T17:10:00Z,REPLAY,current_status,I048:mass_transport:2,I048,mass_transport,w-pc-07,5,No unit able to provide mass transport could reach this ward within 45 minutes without pulling a unit off a higher-severity ward.
370.0,2025-09-28T17:10:00Z,REPLAY,current_status,I050:search_rescue:0,I050,search_rescue,w-pc-09,5,No unit able to provide search rescue could reach this ward within 45 minutes without pulling a unit off a higher-severity ward.
370.0,2025-09-28T17:10:00Z,REPLAY,current_status,I054:mass_transport:0,I054,mass_transport,w-pc-10,5,No unit able to provide mass transport could reach this ward within 45 minutes without pulling a unit off a higher-severity ward.
370.0,2025-09-28T17:10:00Z,REPLAY,current_status,I054:mass_transport:1,I054,mass_transport,w-pc-10,5,No unit able to provide mass transport could reach this ward within 45 minutes without pulling a unit off a higher-severity ward.
370.0,2025-09-28T17:10:00Z,REPLAY,current_status,I054:mass_transport:2,I054,mass_transport,w-pc-10,5,No unit able to provide mass transport could reach this ward within 45 minutes without pulling a unit off a higher-severity ward.
370.0,2025-09-28T17:10:00Z,REPLAY,current_status,I057:mass_transport:0,I057,mass_transport,w-pc-02,4,No unit able to provide mass transport could reach this ward within 45 minutes without pulling a unit off a higher-severity ward.
370.0,2025-09-28T17:10:00Z,REPLAY,current_status,I057:mass_transport:1,I057,mass_transport,w-pc-02,4,No unit able to provide mass transport could reach this ward within 45 minutes without pulling a unit off a higher-severity ward.
370.0,2025-09-28T17:10:00Z,REPLAY,current_status,I060:water_rescue:0,I060,water_rescue,w-pc-06,5,No unit able to provide water rescue could reach this ward within 45 minutes without pulling a unit off a higher-severity ward.
370.0,2025-09-28T17:10:00Z,REPLAY,current_status,I060:mass_transport:0,I060,mass_transport,w-pc-06,5,No unit able to provide mass transport could reach this ward within 45 minutes without pulling a unit off a higher-severity ward.
370.0,2025-09-28T17:10:00Z,REPLAY,current_status,I060:mass_transport:1,I060,mass_transport,w-pc-06,5,No unit able to provide mass transport could reach this ward within 45 minutes without pulling a unit off a higher-severity ward.
370.0,2025-09-28T17:10:00Z,REPLAY,current_status,I060:mass_transport:2,I060,mass_transport,w-pc-06,5,No unit able to provide mass transport could reach this ward within 45 minutes without pulling a unit off a higher-severity ward.
370.0,2025-09-28T17:10:00Z,REPLAY,current_status,I061:mass_transport:0,I061,mass_transport,w-pc-11,5,No unit able to provide mass transport could reach this ward within 45 minutes without pulling a unit off a higher-severity ward.
370.0,2025-09-28T17:10:00Z,REPLAY,current_status,I061:mass_transport:1,I061,mass_transport,w-pc-11,5,No unit able to provide mass transport could reach this ward within 45 minutes without pulling a unit off a higher-severity ward.
370.0,2025-09-28T17:10:00Z,REPLAY,current_status,I061:mass_transport:2,I061,mass_transport,w-pc-11,5,No unit able to provide mass transport could reach this ward within 45 minutes without pulling a unit off a higher-severity ward.
370.0,2025-09-28T17:10:00Z,REPLAY,current_status,I062:mass_transport:0,I062,mass_transport,w-pc-10,4,No unit able to provide mass transport could reach this ward within 45 minutes without pulling a unit off a higher-severity ward.
370.0,2025-09-28T17:10:00Z,REPLAY,current_status,I062:mass_transport:1,I062,mass_transport,w-pc-10,4,No unit able to provide mass transport could reach this ward within 45 minutes without pulling a unit off a higher-severity ward.
370.0,2025-09-28T17:10:00Z,REPLAY,current_status,I063:mass_transport:0,I063,mass_transport,w-pc-13,5,No unit able to provide mass transport could reach this ward within 45 minutes without pulling a unit off a higher-severity ward.
370.0,2025-09-28T17:10:00Z,REPLAY,current_status,I063:mass_transport:1,I063,mass_transport,w-pc-13,5,No unit able to provide mass transport could reach this ward within 45 minutes without pulling a unit off a higher-severity ward.
370.0,2025-09-28T17:10:00Z,REPLAY,current_status,I063:mass_transport:2,I063,mass_transport,w-pc-13,5,No unit able to provide mass transport could reach this ward within 45 minutes without pulling a unit off a higher-severity ward.
370.0,2025-09-28T17:10:00Z,REPLAY,current_status,I064:mass_transport:0,I064,mass_transport,w-pc-11,5,No unit able to provide mass transport could reach this ward within 45 minutes without pulling a unit off a higher-severity ward.
370.0,2025-09-28T17:10:00Z,REPLAY,current_status,I064:mass_transport:1,I064,mass_transport,w-pc-11,5,No unit able to provide mass transport could reach this ward within 45 minutes without pulling a unit off a higher-severity ward.
370.0,2025-09-28T17:10:00Z,REPLAY,current_status,I064:mass_transport:2,I064,mass_transport,w-pc-11,5,No unit able to provide mass transport could reach this ward within 45 minutes without pulling a unit off a higher-severity ward.
370.0,2025-09-28T17:10:00Z,REPLAY,current_status,I065:mass_transport:0,I065,mass_transport,w-pc-11,4,No unit able to provide mass transport could reach this ward within 45 minutes without pulling a unit off a higher-severity ward.
370.0,2025-09-28T17:10:00Z,REPLAY,current_status,I065:mass_transport:1,I065,mass_transport,w-pc-11,4,No unit able to provide mass transport could reach this ward within 45 minutes without pulling a unit off a higher-severity ward.
370.0,2025-09-28T17:10:00Z,REPLAY,current_status,I065:dewatering:0,I065,dewatering,w-pc-11,4,No unit able to provide dewatering could reach this ward within 45 minutes without pulling a unit off a higher-severity ward.
370.0,2025-09-28T17:10:00Z,REPLAY,current_status,I066:field_assessment:0,I066,field_assessment,w-pc-10,2,No unit able to provide field assessment could reach this ward within 45 minutes without pulling a unit off a higher-severity ward.
370.0,2025-09-28T17:10:00Z,REPLAY,current_status,I068:mass_transport:0,I068,mass_transport,w-pc-10,4,No unit able to provide mass transport could reach this ward within 45 minutes without pulling a unit off a higher-severity ward.
370.0,2025-09-28T17:10:00Z,REPLAY,current_status,I068:mass_transport:1,I068,mass_transport,w-pc-10,4,No unit able to provide mass transport could reach this ward within 45 minutes without pulling a unit off a higher-severity ward.
370.0,2025-09-28T17:10:00Z,REPLAY,current_status,I068:dewatering:0,I068,dewatering,w-pc-10,4,No unit able to provide dewatering could reach this ward within 45 minutes without pulling a unit off a higher-severity ward.
370.0,2025-09-28T17:10:00Z,REPLAY,current_status,I071:mass_transport:0,I071,mass_transport,w-pc-07,4,No unit able to provide mass transport could reach this ward within 45 minutes without pulling a unit off a higher-severity ward.
370.0,2025-09-28T17:10:00Z,REPLAY,current_status,I071:mass_transport:1,I071,mass_transport,w-pc-07,4,No unit able to provide mass transport could reach this ward within 45 minutes without pulling a unit off a higher-severity ward.
370.0,2025-09-28T17:10:00Z,REPLAY,current_status,I072:mass_transport:0,I072,mass_transport,w-pc-14,4,No unit able to provide mass transport could reach this ward within 45 minutes without pulling a unit off a higher-severity ward.
370.0,2025-09-28T17:10:00Z,REPLAY,current_status,I072:mass_transport:1,I072,mass_transport,w-pc-14,4,No unit able to provide mass transport could reach this ward within 45 minutes without pulling a unit off a higher-severity ward.
370.0,2025-09-28T17:10:00Z,REPLAY,current_status,I072:dewatering:0,I072,dewatering,w-pc-14,4,No unit able to provide dewatering could reach this ward within 45 minutes without pulling a unit off a higher-severity ward.
370.0,2025-09-28T17:10:00Z,REPLAY,current_status,I073:traffic_control:0,I073,traffic_control,w-pc-11,3,No unit able to provide traffic control could reach this ward within 45 minutes without pulling a unit off a higher-severity ward.
370.0,2025-09-28T17:10:00Z,REPLAY,current_status,I074:field_assessment:0,I074,field_assessment,w-pc-02,2,No unit able to provide field assessment could reach this ward within 45 minutes without pulling a unit off a higher-severity ward.
370.0,2025-09-28T17:10:00Z,REPLAY,current_status,I075:field_assessment:0,I075,field_assessment,w-pc-07,2,No unit able to provide field assessment could reach this ward within 45 minutes without pulling a unit off a higher-severity ward.
370.0,2025-09-28T17:10:00Z,REPLAY,current_status,I077:field_assessment:0,I077,field_assessment,w-pc-13,2,No unit able to provide field assessment could reach this ward within 45 minutes without pulling a unit off a higher-severity ward.
370.0,2025-09-28T17:10:00Z,REPLAY,current_status,I079:field_assessment:0,I079,field_assessment,w-pc-07,2,No unit able to provide field assessment could reach this ward within 45 minutes without pulling a unit off a higher-severity ward.
370.0,2025-09-28T17:10:00Z,REPLAY,current_status,I080:dewatering:0,I080,dewatering,w-pc-07,2,No unit able to provide dewatering could reach this ward within 45 minutes without pulling a unit off a higher-severity ward.
370.0,2025-09-28T17:10:00Z,REPLAY,current_status,I081:field_assessment:0,I081,field_assessment,w-pc-09,2,No unit able to provide field assessment could reach this ward within 45 minutes without pulling a unit off a higher-severity ward.
370.0,2025-09-28T17:10:00Z,REPLAY,current_status,I082:field_assessment:0,I082,field_assessment,w-pc-12,2,No unit able to provide field assessment could reach this ward within 45 minutes without pulling a unit off a higher-severity ward.
380.0,2025-09-28T17:20:00Z,REPLAY,current_status,I001:mass_transport:0,I001,mass_transport,w-pc-11,5,No unit able to provide mass transport could reach this ward within 45 minutes without pulling a unit off a higher-severity ward.
380.0,2025-09-28T17:20:00Z,REPLAY,current_status,I001:mass_transport:1,I001,mass_transport,w-pc-11,5,No unit able to provide mass transport could reach this ward within 45 minutes without pulling a unit off a higher-severity ward.
380.0,2025-09-28T17:20:00Z,REPLAY,current_status,I001:mass_transport:2,I001,mass_transport,w-pc-11,5,No unit able to provide mass transport could reach this ward within 45 minutes without pulling a unit off a higher-severity ward.
380.0,2025-09-28T17:20:00Z,REPLAY,current_status,I006:mass_transport:0,I006,mass_transport,w-pc-14,5,No unit able to provide mass transport could reach this ward within 45 minutes without pulling a unit off a higher-severity ward.
380.0,2025-09-28T17:20:00Z,REPLAY,current_status,I006:mass_transport:1,I006,mass_transport,w-pc-14,5,No unit able to provide mass transport could reach this ward within 45 minutes without pulling a unit off a higher-severity ward.
380.0,2025-09-28T17:20:00Z,REPLAY,current_status,I006:mass_transport:2,I006,mass_transport,w-pc-14,5,No unit able to provide mass transport could reach this ward within 45 minutes without pulling a unit off a higher-severity ward.
380.0,2025-09-28T17:20:00Z,REPLAY,current_status,I009:mass_transport:0,I009,mass_transport,w-pc-07,4,No unit able to provide mass transport could reach this ward within 45 minutes without pulling a unit off a higher-severity ward.
380.0,2025-09-28T17:20:00Z,REPLAY,current_status,I009:mass_transport:1,I009,mass_transport,w-pc-07,4,No unit able to provide mass transport could reach this ward within 45 minutes without pulling a unit off a higher-severity ward.
380.0,2025-09-28T17:20:00Z,REPLAY,current_status,I011:mass_transport:0,I011,mass_transport,w-pc-14,4,No unit able to provide mass transport could reach this ward within 45 minutes without pulling a unit off a higher-severity ward.
380.0,2025-09-28T17:20:00Z,REPLAY,current_status,I011:mass_transport:1,I011,mass_transport,w-pc-14,4,No unit able to provide mass transport could reach this ward within 45 minutes without pulling a unit off a higher-severity ward.
380.0,2025-09-28T17:20:00Z,REPLAY,current_status,I015:mass_transport:0,I015,mass_transport,w-pc-11,4,No unit able to provide mass transport could reach this ward within 45 minutes without pulling a unit off a higher-severity ward.
380.0,2025-09-28T17:20:00Z,REPLAY,current_status,I015:mass_transport:1,I015,mass_transport,w-pc-11,4,No unit able to provide mass transport could reach this ward within 45 minutes without pulling a unit off a higher-severity ward.
380.0,2025-09-28T17:20:00Z,REPLAY,current_status,I017:mass_transport:0,I017,mass_transport,w-pc-07,5,No unit able to provide mass transport could reach this ward within 45 minutes without pulling a unit off a higher-severity ward.
380.0,2025-09-28T17:20:00Z,REPLAY,current_status,I024:mass_transport:0,I024,mass_transport,w-pc-06,4,No unit able to provide mass transport could reach this ward within 45 minutes without pulling a unit off a higher-severity ward.
380.0,2025-09-28T17:20:00Z,REPLAY,current_status,I024:mass_transport:1,I024,mass_transport,w-pc-06,4,No unit able to provide mass transport could reach this ward within 45 minutes without pulling a unit off a higher-severity ward.
380.0,2025-09-28T17:20:00Z,REPLAY,current_status,I027:mass_transport:0,I027,mass_transport,w-pc-10,4,No unit able to provide mass transport could reach this ward within 45 minutes without pulling a unit off a higher-severity ward.
380.0,2025-09-28T17:20:00Z,REPLAY,current_status,I027:mass_transport:1,I027,mass_transport,w-pc-10,4,No unit able to provide mass transport could reach this ward within 45 minutes without pulling a unit off a higher-severity ward.
380.0,2025-09-28T17:20:00Z,REPLAY,current_status,I029:mass_transport:0,I029,mass_transport,w-pc-13,4,No unit able to provide mass transport could reach this ward within 45 minutes without pulling a unit off a higher-severity ward.
380.0,2025-09-28T17:20:00Z,REPLAY,current_status,I030:mass_transport:0,I030,mass_transport,w-pc-06,4,No unit able to provide mass transport could reach this ward within 45 minutes without pulling a unit off a higher-severity ward.
380.0,2025-09-28T17:20:00Z,REPLAY,current_status,I030:mass_transport:1,I030,mass_transport,w-pc-06,4,No unit able to provide mass transport could reach this ward within 45 minutes without pulling a unit off a higher-severity ward.
380.0,2025-09-28T17:20:00Z,REPLAY,current_status,I035:mass_transport:0,I035,mass_transport,w-pc-11,5,No unit able to provide mass transport could reach this ward within 45 minutes without pulling a unit off a higher-severity ward.
380.0,2025-09-28T17:20:00Z,REPLAY,current_status,I035:mass_transport:1,I035,mass_transport,w-pc-11,5,No unit able to provide mass transport could reach this ward within 45 minutes without pulling a unit off a higher-severity ward.
380.0,2025-09-28T17:20:00Z,REPLAY,current_status,I035:mass_transport:2,I035,mass_transport,w-pc-11,5,No unit able to provide mass transport could reach this ward within 45 minutes without pulling a unit off a higher-severity ward.
380.0,2025-09-28T17:20:00Z,REPLAY,current_status,I038:mass_transport:0,I038,mass_transport,w-pc-11,4,No unit able to provide mass transport could reach this ward within 45 minutes without pulling a unit off a higher-severity ward.
380.0,2025-09-28T17:20:00Z,REPLAY,current_status,I038:mass_transport:1,I038,mass_transport,w-pc-11,4,No unit able to provide mass transport could reach this ward within 45 minutes without pulling a unit off a higher-severity ward.
380.0,2025-09-28T17:20:00Z,REPLAY,current_status,I039:mass_transport:0,I039,mass_transport,w-pc-13,4,No unit able to provide mass transport could reach this ward within 45 minutes without pulling a unit off a higher-severity ward.
380.0,2025-09-28T17:20:00Z,REPLAY,current_status,I042:mass_transport:0,I042,mass_transport,w-pc-02,4,No unit able to provide mass transport could reach this ward within 45 minutes without pulling a unit off a higher-severity ward.
380.0,2025-09-28T17:20:00Z,REPLAY,current_status,I042:mass_transport:1,I042,mass_transport,w-pc-02,4,No unit able to provide mass transport could reach this ward within 45 minutes without pulling a unit off a higher-severity ward.
380.0,2025-09-28T17:20:00Z,REPLAY,current_status,I046:mass_transport:0,I046,mass_transport,w-pc-11,5,No unit able to provide mass transport could reach this ward within 45 minutes without pulling a unit off a higher-severity ward.
380.0,2025-09-28T17:20:00Z,REPLAY,current_status,I046:mass_transport:1,I046,mass_transport,w-pc-11,5,No unit able to provide mass transport could reach this ward within 45 minutes without pulling a unit off a higher-severity ward.
380.0,2025-09-28T17:20:00Z,REPLAY,current_status,I046:mass_transport:2,I046,mass_transport,w-pc-11,5,No unit able to provide mass transport could reach this ward within 45 minutes without pulling a unit off a higher-severity ward.
380.0,2025-09-28T17:20:00Z,REPLAY,current_status,I048:mass_transport:0,I048,mass_transport,w-pc-07,5,No unit able to provide mass transport could reach this ward within 45 minutes without pulling a unit off a higher-severity ward.
380.0,2025-09-28T17:20:00Z,REPLAY,current_status,I048:mass_transport:1,I048,mass_transport,w-pc-07,5,No unit able to provide mass transport could reach this ward within 45 minutes without pulling a unit off a higher-severity ward.
380.0,2025-09-28T17:20:00Z,REPLAY,current_status,I048:mass_transport:2,I048,mass_transport,w-pc-07,5,No unit able to provide mass transport could reach this ward within 45 minutes without pulling a unit off a higher-severity ward.
380.0,2025-09-28T17:20:00Z,REPLAY,current_status,I050:search_rescue:0,I050,search_rescue,w-pc-09,5,No unit able to provide search rescue could reach this ward within 45 minutes without pulling a unit off a higher-severity ward.
380.0,2025-09-28T17:20:00Z,REPLAY,current_status,I054:mass_transport:0,I054,mass_transport,w-pc-10,5,No unit able to provide mass transport could reach this ward within 45 minutes without pulling a unit off a higher-severity ward.
380.0,2025-09-28T17:20:00Z,REPLAY,current_status,I054:mass_transport:1,I054,mass_transport,w-pc-10,5,No unit able to provide mass transport could reach this ward within 45 minutes without pulling a unit off a higher-severity ward.
380.0,2025-09-28T17:20:00Z,REPLAY,current_status,I054:mass_transport:2,I054,mass_transport,w-pc-10,5,No unit able to provide mass transport could reach this ward within 45 minutes without pulling a unit off a higher-severity ward.
380.0,2025-09-28T17:20:00Z,REPLAY,current_status,I057:mass_transport:0,I057,mass_transport,w-pc-02,4,No unit able to provide mass transport could reach this ward within 45 minutes without pulling a unit off a higher-severity ward.
380.0,2025-09-28T17:20:00Z,REPLAY,current_status,I057:mass_transport:1,I057,mass_transport,w-pc-02,4,No unit able to provide mass transport could reach this ward within 45 minutes without pulling a unit off a higher-severity ward.
380.0,2025-09-28T17:20:00Z,REPLAY,current_status,I060:water_rescue:0,I060,water_rescue,w-pc-06,5,No unit able to provide water rescue could reach this ward within 45 minutes without pulling a unit off a higher-severity ward.
380.0,2025-09-28T17:20:00Z,REPLAY,current_status,I060:mass_transport:0,I060,mass_transport,w-pc-06,5,No unit able to provide mass transport could reach this ward within 45 minutes without pulling a unit off a higher-severity ward.
380.0,2025-09-28T17:20:00Z,REPLAY,current_status,I060:mass_transport:1,I060,mass_transport,w-pc-06,5,No unit able to provide mass transport could reach this ward within 45 minutes without pulling a unit off a higher-severity ward.
380.0,2025-09-28T17:20:00Z,REPLAY,current_status,I060:mass_transport:2,I060,mass_transport,w-pc-06,5,No unit able to provide mass transport could reach this ward within 45 minutes without pulling a unit off a higher-severity ward.
380.0,2025-09-28T17:20:00Z,REPLAY,current_status,I061:mass_transport:0,I061,mass_transport,w-pc-11,5,No unit able to provide mass transport could reach this ward within 45 minutes without pulling a unit off a higher-severity ward.
380.0,2025-09-28T17:20:00Z,REPLAY,current_status,I061:mass_transport:1,I061,mass_transport,w-pc-11,5,No unit able to provide mass transport could reach this ward within 45 minutes without pulling a unit off a higher-severity ward.
380.0,2025-09-28T17:20:00Z,REPLAY,current_status,I061:mass_transport:2,I061,mass_transport,w-pc-11,5,No unit able to provide mass transport could reach this ward within 45 minutes without pulling a unit off a higher-severity ward.
380.0,2025-09-28T17:20:00Z,REPLAY,current_status,I062:mass_transport:0,I062,mass_transport,w-pc-10,4,No unit able to provide mass transport could reach this ward within 45 minutes without pulling a unit off a higher-severity ward.
380.0,2025-09-28T17:20:00Z,REPLAY,current_status,I062:mass_transport:1,I062,mass_transport,w-pc-10,4,No unit able to provide mass transport could reach this ward within 45 minutes without pulling a unit off a higher-severity ward.
380.0,2025-09-28T17:20:00Z,REPLAY,current_status,I063:mass_transport:0,I063,mass_transport,w-pc-13,5,No unit able to provide mass transport could reach this ward within 45 minutes without pulling a unit off a higher-severity ward.
380.0,2025-09-28T17:20:00Z,REPLAY,current_status,I063:mass_transport:1,I063,mass_transport,w-pc-13,5,No unit able to provide mass transport could reach this ward within 45 minutes without pulling a unit off a higher-severity ward.
380.0,2025-09-28T17:20:00Z,REPLAY,current_status,I063:mass_transport:2,I063,mass_transport,w-pc-13,5,No unit able to provide mass transport could reach this ward within 45 minutes without pulling a unit off a higher-severity ward.
380.0,2025-09-28T17:20:00Z,REPLAY,current_status,I064:mass_transport:0,I064,mass_transport,w-pc-11,5,No unit able to provide mass transport could reach this ward within 45 minutes without pulling a unit off a higher-severity ward.
380.0,2025-09-28T17:20:00Z,REPLAY,current_status,I064:mass_transport:1,I064,mass_transport,w-pc-11,5,No unit able to provide mass transport could reach this ward within 45 minutes without pulling a unit off a higher-severity ward.
380.0,2025-09-28T17:20:00Z,REPLAY,current_status,I064:mass_transport:2,I064,mass_transport,w-pc-11,5,No unit able to provide mass transport could reach this ward within 45 minutes without pulling a unit off a higher-severity ward.
380.0,2025-09-28T17:20:00Z,REPLAY,current_status,I065:mass_transport:0,I065,mass_transport,w-pc-11,4,No unit able to provide mass transport could reach this ward within 45 minutes without pulling a unit off a higher-severity ward.
380.0,2025-09-28T17:20:00Z,REPLAY,current_status,I065:mass_transport:1,I065,mass_transport,w-pc-11,4,No unit able to provide mass transport could reach this ward within 45 minutes without pulling a unit off a higher-severity ward.
380.0,2025-09-28T17:20:00Z,REPLAY,current_status,I065:dewatering:0,I065,dewatering,w-pc-11,4,No unit able to provide dewatering could reach this ward within 45 minutes without pulling a unit off a higher-severity ward.
380.0,2025-09-28T17:20:00Z,REPLAY,current_status,I066:field_assessment:0,I066,field_assessment,w-pc-10,2,No unit able to provide field assessment could reach this ward within 45 minutes without pulling a unit off a higher-severity ward.
380.0,2025-09-28T17:20:00Z,REPLAY,current_status,I068:mass_transport:0,I068,mass_transport,w-pc-10,4,No unit able to provide mass transport could reach this ward within 45 minutes without pulling a unit off a higher-severity ward.
380.0,2025-09-28T17:20:00Z,REPLAY,current_status,I068:mass_transport:1,I068,mass_transport,w-pc-10,4,No unit able to provide mass transport could reach this ward within 45 minutes without pulling a unit off a higher-severity ward.
380.0,2025-09-28T17:20:00Z,REPLAY,current_status,I068:dewatering:0,I068,dewatering,w-pc-10,4,No unit able to provide dewatering could reach this ward within 45 minutes without pulling a unit off a higher-severity ward.
380.0,2025-09-28T17:20:00Z,REPLAY,current_status,I071:mass_transport:0,I071,mass_transport,w-pc-07,4,No unit able to provide mass transport could reach this ward within 45 minutes without pulling a unit off a higher-severity ward.
380.0,2025-09-28T17:20:00Z,REPLAY,current_status,I071:mass_transport:1,I071,mass_transport,w-pc-07,4,No unit able to provide mass transport could reach this ward within 45 minutes without pulling a unit off a higher-severity ward.
380.0,2025-09-28T17:20:00Z,REPLAY,current_status,I072:mass_transport:0,I072,mass_transport,w-pc-14,4,No unit able to provide mass transport could reach this ward within 45 minutes without pulling a unit off a higher-severity ward.
380.0,2025-09-28T17:20:00Z,REPLAY,current_status,I072:mass_transport:1,I072,mass_transport,w-pc-14,4,No unit able to provide mass transport could reach this ward within 45 minutes without pulling a unit off a higher-severity ward.
380.0,2025-09-28T17:20:00Z,REPLAY,current_status,I072:dewatering:0,I072,dewatering,w-pc-14,4,No unit able to provide dewatering could reach this ward within 45 minutes without pulling a unit off a higher-severity ward.
380.0,2025-09-28T17:20:00Z,REPLAY,current_status,I075:field_assessment:0,I075,field_assessment,w-pc-07,2,No unit able to provide field assessment could reach this ward within 45 minutes without pulling a unit off a higher-severity ward.
380.0,2025-09-28T17:20:00Z,REPLAY,current_status,I077:field_assessment:0,I077,field_assessment,w-pc-13,2,No unit able to provide field assessment could reach this ward within 45 minutes without pulling a unit off a higher-severity ward.
380.0,2025-09-28T17:20:00Z,REPLAY,current_status,I078:field_assessment:0,I078,field_assessment,w-pc-04,2,No unit able to provide field assessment could reach this ward within 45 minutes without pulling a unit off a higher-severity ward.
380.0,2025-09-28T17:20:00Z,REPLAY,current_status,I081:field_assessment:0,I081,field_assessment,w-pc-09,2,No unit able to provide field assessment could reach this ward within 45 minutes without pulling a unit off a higher-severity ward.
380.0,2025-09-28T17:20:00Z,REPLAY,current_status,I082:field_assessment:0,I082,field_assessment,w-pc-12,2,No unit able to provide field assessment could reach this ward within 45 minutes without pulling a unit off a higher-severity ward.
380.0,2025-09-28T17:20:00Z,REPLAY,current_status,I084:field_assessment:0,I084,field_assessment,w-pc-11,2,No unit able to provide field assessment could reach this ward within 45 minutes without pulling a unit off a higher-severity ward.
380.0,2025-09-28T17:20:00Z,REPLAY,current_status,I085:field_assessment:0,I085,field_assessment,w-pc-09,2,No unit able to provide field assessment could reach this ward within 45 minutes without pulling a unit off a higher-severity ward.
390.0,2025-09-28T17:30:00Z,REPLAY,current_status,I001:mass_transport:0,I001,mass_transport,w-pc-11,5,No unit able to provide mass transport could reach this ward within 45 minutes without pulling a unit off a higher-severity ward.
390.0,2025-09-28T17:30:00Z,REPLAY,current_status,I001:mass_transport:1,I001,mass_transport,w-pc-11,5,No unit able to provide mass transport could reach this ward within 45 minutes without pulling a unit off a higher-severity ward.
390.0,2025-09-28T17:30:00Z,REPLAY,current_status,I001:mass_transport:2,I001,mass_transport,w-pc-11,5,No unit able to provide mass transport could reach this ward within 45 minutes without pulling a unit off a higher-severity ward.
390.0,2025-09-28T17:30:00Z,REPLAY,current_status,I006:mass_transport:0,I006,mass_transport,w-pc-14,5,No unit able to provide mass transport could reach this ward within 45 minutes without pulling a unit off a higher-severity ward.
390.0,2025-09-28T17:30:00Z,REPLAY,current_status,I006:mass_transport:1,I006,mass_transport,w-pc-14,5,No unit able to provide mass transport could reach this ward within 45 minutes without pulling a unit off a higher-severity ward.
390.0,2025-09-28T17:30:00Z,REPLAY,current_status,I006:mass_transport:2,I006,mass_transport,w-pc-14,5,No unit able to provide mass transport could reach this ward within 45 minutes without pulling a unit off a higher-severity ward.
390.0,2025-09-28T17:30:00Z,REPLAY,current_status,I009:mass_transport:0,I009,mass_transport,w-pc-07,4,No unit able to provide mass transport could reach this ward within 45 minutes without pulling a unit off a higher-severity ward.
390.0,2025-09-28T17:30:00Z,REPLAY,current_status,I009:mass_transport:1,I009,mass_transport,w-pc-07,4,No unit able to provide mass transport could reach this ward within 45 minutes without pulling a unit off a higher-severity ward.
390.0,2025-09-28T17:30:00Z,REPLAY,current_status,I011:mass_transport:0,I011,mass_transport,w-pc-14,4,No unit able to provide mass transport could reach this ward within 45 minutes without pulling a unit off a higher-severity ward.
390.0,2025-09-28T17:30:00Z,REPLAY,current_status,I011:mass_transport:1,I011,mass_transport,w-pc-14,4,No unit able to provide mass transport could reach this ward within 45 minutes without pulling a unit off a higher-severity ward.
390.0,2025-09-28T17:30:00Z,REPLAY,current_status,I015:mass_transport:0,I015,mass_transport,w-pc-11,4,No unit able to provide mass transport could reach this ward within 45 minutes without pulling a unit off a higher-severity ward.
390.0,2025-09-28T17:30:00Z,REPLAY,current_status,I015:mass_transport:1,I015,mass_transport,w-pc-11,4,No unit able to provide mass transport could reach this ward within 45 minutes without pulling a unit off a higher-severity ward.
390.0,2025-09-28T17:30:00Z,REPLAY,current_status,I017:mass_transport:0,I017,mass_transport,w-pc-07,5,No unit able to provide mass transport could reach this ward within 45 minutes without pulling a unit off a higher-severity ward.
390.0,2025-09-28T17:30:00Z,REPLAY,current_status,I024:mass_transport:0,I024,mass_transport,w-pc-06,4,No unit able to provide mass transport could reach this ward within 45 minutes without pulling a unit off a higher-severity ward.
390.0,2025-09-28T17:30:00Z,REPLAY,current_status,I024:mass_transport:1,I024,mass_transport,w-pc-06,4,No unit able to provide mass transport could reach this ward within 45 minutes without pulling a unit off a higher-severity ward.
390.0,2025-09-28T17:30:00Z,REPLAY,current_status,I027:mass_transport:0,I027,mass_transport,w-pc-10,4,No unit able to provide mass transport could reach this ward within 45 minutes without pulling a unit off a higher-severity ward.
390.0,2025-09-28T17:30:00Z,REPLAY,current_status,I027:mass_transport:1,I027,mass_transport,w-pc-10,4,No unit able to provide mass transport could reach this ward within 45 minutes without pulling a unit off a higher-severity ward.
390.0,2025-09-28T17:30:00Z,REPLAY,current_status,I029:mass_transport:0,I029,mass_transport,w-pc-13,4,No unit able to provide mass transport could reach this ward within 45 minutes without pulling a unit off a higher-severity ward.
390.0,2025-09-28T17:30:00Z,REPLAY,current_status,I030:mass_transport:0,I030,mass_transport,w-pc-06,4,No unit able to provide mass transport could reach this ward within 45 minutes without pulling a unit off a higher-severity ward.
390.0,2025-09-28T17:30:00Z,REPLAY,current_status,I030:mass_transport:1,I030,mass_transport,w-pc-06,4,No unit able to provide mass transport could reach this ward within 45 minutes without pulling a unit off a higher-severity ward.
390.0,2025-09-28T17:30:00Z,REPLAY,current_status,I035:mass_transport:0,I035,mass_transport,w-pc-11,5,No unit able to provide mass transport could reach this ward within 45 minutes without pulling a unit off a higher-severity ward.
390.0,2025-09-28T17:30:00Z,REPLAY,current_status,I035:mass_transport:1,I035,mass_transport,w-pc-11,5,No unit able to provide mass transport could reach this ward within 45 minutes without pulling a unit off a higher-severity ward.
390.0,2025-09-28T17:30:00Z,REPLAY,current_status,I035:mass_transport:2,I035,mass_transport,w-pc-11,5,No unit able to provide mass transport could reach this ward within 45 minutes without pulling a unit off a higher-severity ward.
390.0,2025-09-28T17:30:00Z,REPLAY,current_status,I038:mass_transport:0,I038,mass_transport,w-pc-11,4,No unit able to provide mass transport could reach this ward within 45 minutes without pulling a unit off a higher-severity ward.
390.0,2025-09-28T17:30:00Z,REPLAY,current_status,I038:mass_transport:1,I038,mass_transport,w-pc-11,4,No unit able to provide mass transport could reach this ward within 45 minutes without pulling a unit off a higher-severity ward.
390.0,2025-09-28T17:30:00Z,REPLAY,current_status,I039:mass_transport:0,I039,mass_transport,w-pc-13,4,No unit able to provide mass transport could reach this ward within 45 minutes without pulling a unit off a higher-severity ward.
390.0,2025-09-28T17:30:00Z,REPLAY,current_status,I042:mass_transport:0,I042,mass_transport,w-pc-02,4,No unit able to provide mass transport could reach this ward within 45 minutes without pulling a unit off a higher-severity ward.
390.0,2025-09-28T17:30:00Z,REPLAY,current_status,I042:mass_transport:1,I042,mass_transport,w-pc-02,4,No unit able to provide mass transport could reach this ward within 45 minutes without pulling a unit off a higher-severity ward.
390.0,2025-09-28T17:30:00Z,REPLAY,current_status,I046:mass_transport:0,I046,mass_transport,w-pc-11,5,No unit able to provide mass transport could reach this ward within 45 minutes without pulling a unit off a higher-severity ward.
390.0,2025-09-28T17:30:00Z,REPLAY,current_status,I046:mass_transport:1,I046,mass_transport,w-pc-11,5,No unit able to provide mass transport could reach this ward within 45 minutes without pulling a unit off a higher-severity ward.
390.0,2025-09-28T17:30:00Z,REPLAY,current_status,I046:mass_transport:2,I046,mass_transport,w-pc-11,5,No unit able to provide mass transport could reach this ward within 45 minutes without pulling a unit off a higher-severity ward.
390.0,2025-09-28T17:30:00Z,REPLAY,current_status,I048:mass_transport:0,I048,mass_transport,w-pc-07,5,No unit able to provide mass transport could reach this ward within 45 minutes without pulling a unit off a higher-severity ward.
390.0,2025-09-28T17:30:00Z,REPLAY,current_status,I048:mass_transport:1,I048,mass_transport,w-pc-07,5,No unit able to provide mass transport could reach this ward within 45 minutes without pulling a unit off a higher-severity ward.
390.0,2025-09-28T17:30:00Z,REPLAY,current_status,I048:mass_transport:2,I048,mass_transport,w-pc-07,5,No unit able to provide mass transport could reach this ward within 45 minutes without pulling a unit off a higher-severity ward.
390.0,2025-09-28T17:30:00Z,REPLAY,current_status,I050:search_rescue:0,I050,search_rescue,w-pc-09,5,No unit able to provide search rescue could reach this ward within 45 minutes without pulling a unit off a higher-severity ward.
390.0,2025-09-28T17:30:00Z,REPLAY,current_status,I054:mass_transport:0,I054,mass_transport,w-pc-10,5,No unit able to provide mass transport could reach this ward within 45 minutes without pulling a unit off a higher-severity ward.
390.0,2025-09-28T17:30:00Z,REPLAY,current_status,I054:mass_transport:1,I054,mass_transport,w-pc-10,5,No unit able to provide mass transport could reach this ward within 45 minutes without pulling a unit off a higher-severity ward.
390.0,2025-09-28T17:30:00Z,REPLAY,current_status,I054:mass_transport:2,I054,mass_transport,w-pc-10,5,No unit able to provide mass transport could reach this ward within 45 minutes without pulling a unit off a higher-severity ward.
390.0,2025-09-28T17:30:00Z,REPLAY,current_status,I057:mass_transport:0,I057,mass_transport,w-pc-02,4,No unit able to provide mass transport could reach this ward within 45 minutes without pulling a unit off a higher-severity ward.
390.0,2025-09-28T17:30:00Z,REPLAY,current_status,I057:mass_transport:1,I057,mass_transport,w-pc-02,4,No unit able to provide mass transport could reach this ward within 45 minutes without pulling a unit off a higher-severity ward.
390.0,2025-09-28T17:30:00Z,REPLAY,current_status,I060:water_rescue:0,I060,water_rescue,w-pc-06,5,No unit able to provide water rescue could reach this ward within 45 minutes without pulling a unit off a higher-severity ward.
390.0,2025-09-28T17:30:00Z,REPLAY,current_status,I060:mass_transport:0,I060,mass_transport,w-pc-06,5,No unit able to provide mass transport could reach this ward within 45 minutes without pulling a unit off a higher-severity ward.
390.0,2025-09-28T17:30:00Z,REPLAY,current_status,I060:mass_transport:1,I060,mass_transport,w-pc-06,5,No unit able to provide mass transport could reach this ward within 45 minutes without pulling a unit off a higher-severity ward.
390.0,2025-09-28T17:30:00Z,REPLAY,current_status,I060:mass_transport:2,I060,mass_transport,w-pc-06,5,No unit able to provide mass transport could reach this ward within 45 minutes without pulling a unit off a higher-severity ward.
390.0,2025-09-28T17:30:00Z,REPLAY,current_status,I061:mass_transport:0,I061,mass_transport,w-pc-11,5,No unit able to provide mass transport could reach this ward within 45 minutes without pulling a unit off a higher-severity ward.
390.0,2025-09-28T17:30:00Z,REPLAY,current_status,I061:mass_transport:1,I061,mass_transport,w-pc-11,5,No unit able to provide mass transport could reach this ward within 45 minutes without pulling a unit off a higher-severity ward.
390.0,2025-09-28T17:30:00Z,REPLAY,current_status,I061:mass_transport:2,I061,mass_transport,w-pc-11,5,No unit able to provide mass transport could reach this ward within 45 minutes without pulling a unit off a higher-severity ward.
390.0,2025-09-28T17:30:00Z,REPLAY,current_status,I062:mass_transport:0,I062,mass_transport,w-pc-10,4,No unit able to provide mass transport could reach this ward within 45 minutes without pulling a unit off a higher-severity ward.
390.0,2025-09-28T17:30:00Z,REPLAY,current_status,I062:mass_transport:1,I062,mass_transport,w-pc-10,4,No unit able to provide mass transport could reach this ward within 45 minutes without pulling a unit off a higher-severity ward.
390.0,2025-09-28T17:30:00Z,REPLAY,current_status,I063:mass_transport:0,I063,mass_transport,w-pc-13,5,No unit able to provide mass transport could reach this ward within 45 minutes without pulling a unit off a higher-severity ward.
390.0,2025-09-28T17:30:00Z,REPLAY,current_status,I063:mass_transport:1,I063,mass_transport,w-pc-13,5,No unit able to provide mass transport could reach this ward within 45 minutes without pulling a unit off a higher-severity ward.
390.0,2025-09-28T17:30:00Z,REPLAY,current_status,I063:mass_transport:2,I063,mass_transport,w-pc-13,5,No unit able to provide mass transport could reach this ward within 45 minutes without pulling a unit off a higher-severity ward.
390.0,2025-09-28T17:30:00Z,REPLAY,current_status,I064:mass_transport:0,I064,mass_transport,w-pc-11,5,No unit able to provide mass transport could reach this ward within 45 minutes without pulling a unit off a higher-severity ward.
390.0,2025-09-28T17:30:00Z,REPLAY,current_status,I064:mass_transport:1,I064,mass_transport,w-pc-11,5,No unit able to provide mass transport could reach this ward within 45 minutes without pulling a unit off a higher-severity ward.
390.0,2025-09-28T17:30:00Z,REPLAY,current_status,I064:mass_transport:2,I064,mass_transport,w-pc-11,5,No unit able to provide mass transport could reach this ward within 45 minutes without pulling a unit off a higher-severity ward.
390.0,2025-09-28T17:30:00Z,REPLAY,current_status,I065:mass_transport:0,I065,mass_transport,w-pc-11,4,No unit able to provide mass transport could reach this ward within 45 minutes without pulling a unit off a higher-severity ward.
390.0,2025-09-28T17:30:00Z,REPLAY,current_status,I065:mass_transport:1,I065,mass_transport,w-pc-11,4,No unit able to provide mass transport could reach this ward within 45 minutes without pulling a unit off a higher-severity ward.
390.0,2025-09-28T17:30:00Z,REPLAY,current_status,I068:mass_transport:0,I068,mass_transport,w-pc-10,4,No unit able to provide mass transport could reach this ward within 45 minutes without pulling a unit off a higher-severity ward.
390.0,2025-09-28T17:30:00Z,REPLAY,current_status,I068:mass_transport:1,I068,mass_transport,w-pc-10,4,No unit able to provide mass transport could reach this ward within 45 minutes without pulling a unit off a higher-severity ward.
390.0,2025-09-28T17:30:00Z,REPLAY,current_status,I068:dewatering:0,I068,dewatering,w-pc-10,4,No unit able to provide dewatering could reach this ward within 45 minutes without pulling a unit off a higher-severity ward.
390.0,2025-09-28T17:30:00Z,REPLAY,current_status,I071:mass_transport:0,I071,mass_transport,w-pc-07,4,No unit able to provide mass transport could reach this ward within 45 minutes without pulling a unit off a higher-severity ward.
390.0,2025-09-28T17:30:00Z,REPLAY,current_status,I071:mass_transport:1,I071,mass_transport,w-pc-07,4,No unit able to provide mass transport could reach this ward within 45 minutes without pulling a unit off a higher-severity ward.
390.0,2025-09-28T17:30:00Z,REPLAY,current_status,I072:mass_transport:0,I072,mass_transport,w-pc-14,4,No unit able to provide mass transport could reach this ward within 45 minutes without pulling a unit off a higher-severity ward.
390.0,2025-09-28T17:30:00Z,REPLAY,current_status,I072:mass_transport:1,I072,mass_transport,w-pc-14,4,No unit able to provide mass transport could reach this ward within 45 minutes without pulling a unit off a higher-severity ward.
390.0,2025-09-28T17:30:00Z,REPLAY,current_status,I072:dewatering:0,I072,dewatering,w-pc-14,4,No unit able to provide dewatering could reach this ward within 45 minutes without pulling a unit off a higher-severity ward.
390.0,2025-09-28T17:30:00Z,REPLAY,current_status,I074:mass_transport:0,I074,mass_transport,w-pc-02,4,No unit able to provide mass transport could reach this ward within 45 minutes without pulling a unit off a higher-severity ward.
390.0,2025-09-28T17:30:00Z,REPLAY,current_status,I074:mass_transport:1,I074,mass_transport,w-pc-02,4,No unit able to provide mass transport could reach this ward within 45 minutes without pulling a unit off a higher-severity ward.
390.0,2025-09-28T17:30:00Z,REPLAY,current_status,I074:dewatering:0,I074,dewatering,w-pc-02,4,No unit able to provide dewatering could reach this ward within 45 minutes without pulling a unit off a higher-severity ward.
390.0,2025-09-28T17:30:00Z,REPLAY,current_status,I077:field_assessment:0,I077,field_assessment,w-pc-13,2,No unit able to provide field assessment could reach this ward within 45 minutes without pulling a unit off a higher-severity ward.
390.0,2025-09-28T17:30:00Z,REPLAY,current_status,I078:field_assessment:0,I078,field_assessment,w-pc-04,2,No unit able to provide field assessment could reach this ward within 45 minutes without pulling a unit off a higher-severity ward.
390.0,2025-09-28T17:30:00Z,REPLAY,current_status,I079:mass_transport:0,I079,mass_transport,w-pc-07,4,No unit able to provide mass transport could reach this ward within 45 minutes without pulling a unit off a higher-severity ward.
390.0,2025-09-28T17:30:00Z,REPLAY,current_status,I079:mass_transport:1,I079,mass_transport,w-pc-07,4,No unit able to provide mass transport could reach this ward within 45 minutes without pulling a unit off a higher-severity ward.
390.0,2025-09-28T17:30:00Z,REPLAY,current_status,I079:dewatering:0,I079,dewatering,w-pc-07,4,No unit able to provide dewatering could reach this ward within 45 minutes without pulling a unit off a higher-severity ward.
390.0,2025-09-28T17:30:00Z,REPLAY,current_status,I081:field_assessment:0,I081,field_assessment,w-pc-09,2,No unit able to provide field assessment could reach this ward within 45 minutes without pulling a unit off a higher-severity ward.
390.0,2025-09-28T17:30:00Z,REPLAY,current_status,I082:field_assessment:0,I082,field_assessment,w-pc-12,2,No unit able to provide field assessment could reach this ward within 45 minutes without pulling a unit off a higher-severity ward.
390.0,2025-09-28T17:30:00Z,REPLAY,current_status,I084:field_assessment:0,I084,field_assessment,w-pc-11,2,No unit able to provide field assessment could reach this ward within 45 minutes without pulling a unit off a higher-severity ward.
390.0,2025-09-28T17:30:00Z,REPLAY,current_status,I085:field_assessment:0,I085,field_assessment,w-pc-09,2,No unit able to provide field assessment could reach this ward within 45 minutes without pulling a unit off a higher-severity ward.
390.0,2025-09-28T17:30:00Z,REPLAY,current_status,I086:field_assessment:0,I086,field_assessment,w-pc-13,2,No unit able to provide field assessment could reach this ward within 45 minutes without pulling a unit off a higher-severity ward.
390.0,2025-09-28T17:30:00Z,REPLAY,current_status,I087:field_assessment:0,I087,field_assessment,w-pc-08,2,No unit able to provide field assessment could reach this ward within 45 minutes without pulling a unit off a higher-severity ward.
400.0,2025-09-28T17:40:00Z,REPLAY,current_status,I001:mass_transport:0,I001,mass_transport,w-pc-11,5,No unit able to provide mass transport could reach this ward within 45 minutes without pulling a unit off a higher-severity ward.
400.0,2025-09-28T17:40:00Z,REPLAY,current_status,I001:mass_transport:1,I001,mass_transport,w-pc-11,5,No unit able to provide mass transport could reach this ward within 45 minutes without pulling a unit off a higher-severity ward.
400.0,2025-09-28T17:40:00Z,REPLAY,current_status,I001:mass_transport:2,I001,mass_transport,w-pc-11,5,No unit able to provide mass transport could reach this ward within 45 minutes without pulling a unit off a higher-severity ward.
400.0,2025-09-28T17:40:00Z,REPLAY,current_status,I006:mass_transport:0,I006,mass_transport,w-pc-14,5,No unit able to provide mass transport could reach this ward within 45 minutes without pulling a unit off a higher-severity ward.
400.0,2025-09-28T17:40:00Z,REPLAY,current_status,I006:mass_transport:1,I006,mass_transport,w-pc-14,5,No unit able to provide mass transport could reach this ward within 45 minutes without pulling a unit off a higher-severity ward.
400.0,2025-09-28T17:40:00Z,REPLAY,current_status,I006:mass_transport:2,I006,mass_transport,w-pc-14,5,No unit able to provide mass transport could reach this ward within 45 minutes without pulling a unit off a higher-severity ward.
400.0,2025-09-28T17:40:00Z,REPLAY,current_status,I009:mass_transport:0,I009,mass_transport,w-pc-07,4,No unit able to provide mass transport could reach this ward within 45 minutes without pulling a unit off a higher-severity ward.
400.0,2025-09-28T17:40:00Z,REPLAY,current_status,I009:mass_transport:1,I009,mass_transport,w-pc-07,4,No unit able to provide mass transport could reach this ward within 45 minutes without pulling a unit off a higher-severity ward.
400.0,2025-09-28T17:40:00Z,REPLAY,current_status,I011:mass_transport:0,I011,mass_transport,w-pc-14,4,No unit able to provide mass transport could reach this ward within 45 minutes without pulling a unit off a higher-severity ward.
400.0,2025-09-28T17:40:00Z,REPLAY,current_status,I011:mass_transport:1,I011,mass_transport,w-pc-14,4,No unit able to provide mass transport could reach this ward within 45 minutes without pulling a unit off a higher-severity ward.
400.0,2025-09-28T17:40:00Z,REPLAY,current_status,I015:mass_transport:0,I015,mass_transport,w-pc-11,4,No unit able to provide mass transport could reach this ward within 45 minutes without pulling a unit off a higher-severity ward.
400.0,2025-09-28T17:40:00Z,REPLAY,current_status,I015:mass_transport:1,I015,mass_transport,w-pc-11,4,No unit able to provide mass transport could reach this ward within 45 minutes without pulling a unit off a higher-severity ward.
400.0,2025-09-28T17:40:00Z,REPLAY,current_status,I017:mass_transport:0,I017,mass_transport,w-pc-07,5,No unit able to provide mass transport could reach this ward within 45 minutes without pulling a unit off a higher-severity ward.
400.0,2025-09-28T17:40:00Z,REPLAY,current_status,I024:mass_transport:0,I024,mass_transport,w-pc-06,4,No unit able to provide mass transport could reach this ward within 45 minutes without pulling a unit off a higher-severity ward.
400.0,2025-09-28T17:40:00Z,REPLAY,current_status,I024:mass_transport:1,I024,mass_transport,w-pc-06,4,No unit able to provide mass transport could reach this ward within 45 minutes without pulling a unit off a higher-severity ward.
400.0,2025-09-28T17:40:00Z,REPLAY,current_status,I027:mass_transport:0,I027,mass_transport,w-pc-10,4,No unit able to provide mass transport could reach this ward within 45 minutes without pulling a unit off a higher-severity ward.
400.0,2025-09-28T17:40:00Z,REPLAY,current_status,I027:mass_transport:1,I027,mass_transport,w-pc-10,4,No unit able to provide mass transport could reach this ward within 45 minutes without pulling a unit off a higher-severity ward.
400.0,2025-09-28T17:40:00Z,REPLAY,current_status,I029:mass_transport:0,I029,mass_transport,w-pc-13,4,No unit able to provide mass transport could reach this ward within 45 minutes without pulling a unit off a higher-severity ward.
400.0,2025-09-28T17:40:00Z,REPLAY,current_status,I030:mass_transport:0,I030,mass_transport,w-pc-06,4,No unit able to provide mass transport could reach this ward within 45 minutes without pulling a unit off a higher-severity ward.
400.0,2025-09-28T17:40:00Z,REPLAY,current_status,I030:mass_transport:1,I030,mass_transport,w-pc-06,4,No unit able to provide mass transport could reach this ward within 45 minutes without pulling a unit off a higher-severity ward.
400.0,2025-09-28T17:40:00Z,REPLAY,current_status,I035:mass_transport:0,I035,mass_transport,w-pc-11,5,No unit able to provide mass transport could reach this ward within 45 minutes without pulling a unit off a higher-severity ward.
400.0,2025-09-28T17:40:00Z,REPLAY,current_status,I035:mass_transport:1,I035,mass_transport,w-pc-11,5,No unit able to provide mass transport could reach this ward within 45 minutes without pulling a unit off a higher-severity ward.
400.0,2025-09-28T17:40:00Z,REPLAY,current_status,I035:mass_transport:2,I035,mass_transport,w-pc-11,5,No unit able to provide mass transport could reach this ward within 45 minutes without pulling a unit off a higher-severity ward.
400.0,2025-09-28T17:40:00Z,REPLAY,current_status,I038:mass_transport:0,I038,mass_transport,w-pc-11,4,No unit able to provide mass transport could reach this ward within 45 minutes without pulling a unit off a higher-severity ward.
400.0,2025-09-28T17:40:00Z,REPLAY,current_status,I038:mass_transport:1,I038,mass_transport,w-pc-11,4,No unit able to provide mass transport could reach this ward within 45 minutes without pulling a unit off a higher-severity ward.
400.0,2025-09-28T17:40:00Z,REPLAY,current_status,I039:mass_transport:0,I039,mass_transport,w-pc-13,4,No unit able to provide mass transport could reach this ward within 45 minutes without pulling a unit off a higher-severity ward.
400.0,2025-09-28T17:40:00Z,REPLAY,current_status,I042:mass_transport:0,I042,mass_transport,w-pc-02,4,No unit able to provide mass transport could reach this ward within 45 minutes without pulling a unit off a higher-severity ward.
400.0,2025-09-28T17:40:00Z,REPLAY,current_status,I042:mass_transport:1,I042,mass_transport,w-pc-02,4,No unit able to provide mass transport could reach this ward within 45 minutes without pulling a unit off a higher-severity ward.
400.0,2025-09-28T17:40:00Z,REPLAY,current_status,I046:mass_transport:0,I046,mass_transport,w-pc-11,5,No unit able to provide mass transport could reach this ward within 45 minutes without pulling a unit off a higher-severity ward.
400.0,2025-09-28T17:40:00Z,REPLAY,current_status,I046:mass_transport:1,I046,mass_transport,w-pc-11,5,No unit able to provide mass transport could reach this ward within 45 minutes without pulling a unit off a higher-severity ward.
400.0,2025-09-28T17:40:00Z,REPLAY,current_status,I046:mass_transport:2,I046,mass_transport,w-pc-11,5,No unit able to provide mass transport could reach this ward within 45 minutes without pulling a unit off a higher-severity ward.
400.0,2025-09-28T17:40:00Z,REPLAY,current_status,I048:mass_transport:0,I048,mass_transport,w-pc-07,5,No unit able to provide mass transport could reach this ward within 45 minutes without pulling a unit off a higher-severity ward.
400.0,2025-09-28T17:40:00Z,REPLAY,current_status,I048:mass_transport:1,I048,mass_transport,w-pc-07,5,No unit able to provide mass transport could reach this ward within 45 minutes without pulling a unit off a higher-severity ward.
400.0,2025-09-28T17:40:00Z,REPLAY,current_status,I048:mass_transport:2,I048,mass_transport,w-pc-07,5,No unit able to provide mass transport could reach this ward within 45 minutes without pulling a unit off a higher-severity ward.
400.0,2025-09-28T17:40:00Z,REPLAY,current_status,I054:mass_transport:0,I054,mass_transport,w-pc-10,5,No unit able to provide mass transport could reach this ward within 45 minutes without pulling a unit off a higher-severity ward.
400.0,2025-09-28T17:40:00Z,REPLAY,current_status,I054:mass_transport:1,I054,mass_transport,w-pc-10,5,No unit able to provide mass transport could reach this ward within 45 minutes without pulling a unit off a higher-severity ward.
400.0,2025-09-28T17:40:00Z,REPLAY,current_status,I054:mass_transport:2,I054,mass_transport,w-pc-10,5,No unit able to provide mass transport could reach this ward within 45 minutes without pulling a unit off a higher-severity ward.
400.0,2025-09-28T17:40:00Z,REPLAY,current_status,I057:mass_transport:0,I057,mass_transport,w-pc-02,4,No unit able to provide mass transport could reach this ward within 45 minutes without pulling a unit off a higher-severity ward.
400.0,2025-09-28T17:40:00Z,REPLAY,current_status,I057:mass_transport:1,I057,mass_transport,w-pc-02,4,No unit able to provide mass transport could reach this ward within 45 minutes without pulling a unit off a higher-severity ward.
400.0,2025-09-28T17:40:00Z,REPLAY,current_status,I060:mass_transport:0,I060,mass_transport,w-pc-06,5,No unit able to provide mass transport could reach this ward within 45 minutes without pulling a unit off a higher-severity ward.
400.0,2025-09-28T17:40:00Z,REPLAY,current_status,I060:mass_transport:1,I060,mass_transport,w-pc-06,5,No unit able to provide mass transport could reach this ward within 45 minutes without pulling a unit off a higher-severity ward.
400.0,2025-09-28T17:40:00Z,REPLAY,current_status,I060:mass_transport:2,I060,mass_transport,w-pc-06,5,No unit able to provide mass transport could reach this ward within 45 minutes without pulling a unit off a higher-severity ward.
400.0,2025-09-28T17:40:00Z,REPLAY,current_status,I061:mass_transport:0,I061,mass_transport,w-pc-11,5,No unit able to provide mass transport could reach this ward within 45 minutes without pulling a unit off a higher-severity ward.
400.0,2025-09-28T17:40:00Z,REPLAY,current_status,I061:mass_transport:1,I061,mass_transport,w-pc-11,5,No unit able to provide mass transport could reach this ward within 45 minutes without pulling a unit off a higher-severity ward.
400.0,2025-09-28T17:40:00Z,REPLAY,current_status,I061:mass_transport:2,I061,mass_transport,w-pc-11,5,No unit able to provide mass transport could reach this ward within 45 minutes without pulling a unit off a higher-severity ward.
400.0,2025-09-28T17:40:00Z,REPLAY,current_status,I062:mass_transport:0,I062,mass_transport,w-pc-10,4,No unit able to provide mass transport could reach this ward within 45 minutes without pulling a unit off a higher-severity ward.
400.0,2025-09-28T17:40:00Z,REPLAY,current_status,I062:mass_transport:1,I062,mass_transport,w-pc-10,4,No unit able to provide mass transport could reach this ward within 45 minutes without pulling a unit off a higher-severity ward.
400.0,2025-09-28T17:40:00Z,REPLAY,current_status,I063:mass_transport:0,I063,mass_transport,w-pc-13,5,No unit able to provide mass transport could reach this ward within 45 minutes without pulling a unit off a higher-severity ward.
400.0,2025-09-28T17:40:00Z,REPLAY,current_status,I063:mass_transport:1,I063,mass_transport,w-pc-13,5,No unit able to provide mass transport could reach this ward within 45 minutes without pulling a unit off a higher-severity ward.
400.0,2025-09-28T17:40:00Z,REPLAY,current_status,I063:mass_transport:2,I063,mass_transport,w-pc-13,5,No unit able to provide mass transport could reach this ward within 45 minutes without pulling a unit off a higher-severity ward.
400.0,2025-09-28T17:40:00Z,REPLAY,current_status,I064:mass_transport:0,I064,mass_transport,w-pc-11,5,No unit able to provide mass transport could reach this ward within 45 minutes without pulling a unit off a higher-severity ward.
400.0,2025-09-28T17:40:00Z,REPLAY,current_status,I064:mass_transport:1,I064,mass_transport,w-pc-11,5,No unit able to provide mass transport could reach this ward within 45 minutes without pulling a unit off a higher-severity ward.
400.0,2025-09-28T17:40:00Z,REPLAY,current_status,I064:mass_transport:2,I064,mass_transport,w-pc-11,5,No unit able to provide mass transport could reach this ward within 45 minutes without pulling a unit off a higher-severity ward.
400.0,2025-09-28T17:40:00Z,REPLAY,current_status,I065:mass_transport:0,I065,mass_transport,w-pc-11,4,No unit able to provide mass transport could reach this ward within 45 minutes without pulling a unit off a higher-severity ward.
400.0,2025-09-28T17:40:00Z,REPLAY,current_status,I065:mass_transport:1,I065,mass_transport,w-pc-11,4,No unit able to provide mass transport could reach this ward within 45 minutes without pulling a unit off a higher-severity ward.
400.0,2025-09-28T17:40:00Z,REPLAY,current_status,I068:mass_transport:0,I068,mass_transport,w-pc-10,4,No unit able to provide mass transport could reach this ward within 45 minutes without pulling a unit off a higher-severity ward.
400.0,2025-09-28T17:40:00Z,REPLAY,current_status,I068:mass_transport:1,I068,mass_transport,w-pc-10,4,No unit able to provide mass transport could reach this ward within 45 minutes without pulling a unit off a higher-severity ward.
400.0,2025-09-28T17:40:00Z,REPLAY,current_status,I068:dewatering:0,I068,dewatering,w-pc-10,4,No unit able to provide dewatering could reach this ward within 45 minutes without pulling a unit off a higher-severity ward.
400.0,2025-09-28T17:40:00Z,REPLAY,current_status,I071:mass_transport:0,I071,mass_transport,w-pc-07,4,No unit able to provide mass transport could reach this ward within 45 minutes without pulling a unit off a higher-severity ward.
400.0,2025-09-28T17:40:00Z,REPLAY,current_status,I071:mass_transport:1,I071,mass_transport,w-pc-07,4,No unit able to provide mass transport could reach this ward within 45 minutes without pulling a unit off a higher-severity ward.
400.0,2025-09-28T17:40:00Z,REPLAY,current_status,I072:mass_transport:0,I072,mass_transport,w-pc-14,4,No unit able to provide mass transport could reach this ward within 45 minutes without pulling a unit off a higher-severity ward.
400.0,2025-09-28T17:40:00Z,REPLAY,current_status,I072:mass_transport:1,I072,mass_transport,w-pc-14,4,No unit able to provide mass transport could reach this ward within 45 minutes without pulling a unit off a higher-severity ward.
400.0,2025-09-28T17:40:00Z,REPLAY,current_status,I072:dewatering:0,I072,dewatering,w-pc-14,4,No unit able to provide dewatering could reach this ward within 45 minutes without pulling a unit off a higher-severity ward.
400.0,2025-09-28T17:40:00Z,REPLAY,current_status,I074:mass_transport:0,I074,mass_transport,w-pc-02,4,No unit able to provide mass transport could reach this ward within 45 minutes without pulling a unit off a higher-severity ward.
400.0,2025-09-28T17:40:00Z,REPLAY,current_status,I074:mass_transport:1,I074,mass_transport,w-pc-02,4,No unit able to provide mass transport could reach this ward within 45 minutes without pulling a unit off a higher-severity ward.
400.0,2025-09-28T17:40:00Z,REPLAY,current_status,I074:dewatering:0,I074,dewatering,w-pc-02,4,No unit able to provide dewatering could reach this ward within 45 minutes without pulling a unit off a higher-severity ward.
400.0,2025-09-28T17:40:00Z,REPLAY,current_status,I075:field_assessment:0,I075,field_assessment,w-pc-07,2,No unit able to provide field assessment could reach this ward within 45 minutes without pulling a unit off a higher-severity ward.
400.0,2025-09-28T17:40:00Z,REPLAY,current_status,I077:field_assessment:0,I077,field_assessment,w-pc-13,2,No unit able to provide field assessment could reach this ward within 45 minutes without pulling a unit off a higher-severity ward.
400.0,2025-09-28T17:40:00Z,REPLAY,current_status,I078:field_assessment:0,I078,field_assessment,w-pc-04,2,No unit able to provide field assessment could reach this ward within 45 minutes without pulling a unit off a higher-severity ward.
400.0,2025-09-28T17:40:00Z,REPLAY,current_status,I079:mass_transport:0,I079,mass_transport,w-pc-07,4,No unit able to provide mass transport could reach this ward within 45 minutes without pulling a unit off a higher-severity ward.
400.0,2025-09-28T17:40:00Z,REPLAY,current_status,I079:mass_transport:1,I079,mass_transport,w-pc-07,4,No unit able to provide mass transport could reach this ward within 45 minutes without pulling a unit off a higher-severity ward.
400.0,2025-09-28T17:40:00Z,REPLAY,current_status,I079:dewatering:0,I079,dewatering,w-pc-07,4,No unit able to provide dewatering could reach this ward within 45 minutes without pulling a unit off a higher-severity ward.
400.0,2025-09-28T17:40:00Z,REPLAY,current_status,I080:dewatering:0,I080,dewatering,w-pc-07,2,No unit able to provide dewatering could reach this ward within 45 minutes without pulling a unit off a higher-severity ward.
400.0,2025-09-28T17:40:00Z,REPLAY,current_status,I082:debris_clearance:0,I082,debris_clearance,w-pc-12,3,No unit able to provide debris clearance could reach this ward within 45 minutes without pulling a unit off a higher-severity ward.
400.0,2025-09-28T17:40:00Z,REPLAY,current_status,I085:field_assessment:0,I085,field_assessment,w-pc-09,2,No unit able to provide field assessment could reach this ward within 45 minutes without pulling a unit off a higher-severity ward.
400.0,2025-09-28T17:40:00Z,REPLAY,current_status,I086:field_assessment:0,I086,field_assessment,w-pc-13,2,No unit able to provide field assessment could reach this ward within 45 minutes without pulling a unit off a higher-severity ward.
400.0,2025-09-28T17:40:00Z,REPLAY,current_status,I087:field_assessment:0,I087,field_assessment,w-pc-08,2,No unit able to provide field assessment could reach this ward within 45 minutes without pulling a unit off a higher-severity ward.
400.0,2025-09-28T17:40:00Z,REPLAY,current_status,I089:field_assessment:0,I089,field_assessment,w-pc-08,2,No unit able to provide field assessment could reach this ward within 45 minutes without pulling a unit off a higher-severity ward.
410.0,2025-09-28T17:50:00Z,REPLAY,current_status,I001:mass_transport:0,I001,mass_transport,w-pc-11,5,No unit able to provide mass transport could reach this ward within 45 minutes without pulling a unit off a higher-severity ward.
410.0,2025-09-28T17:50:00Z,REPLAY,current_status,I001:mass_transport:1,I001,mass_transport,w-pc-11,5,No unit able to provide mass transport could reach this ward within 45 minutes without pulling a unit off a higher-severity ward.
410.0,2025-09-28T17:50:00Z,REPLAY,current_status,I001:mass_transport:2,I001,mass_transport,w-pc-11,5,No unit able to provide mass transport could reach this ward within 45 minutes without pulling a unit off a higher-severity ward.
410.0,2025-09-28T17:50:00Z,REPLAY,current_status,I006:mass_transport:0,I006,mass_transport,w-pc-14,5,No unit able to provide mass transport could reach this ward within 45 minutes without pulling a unit off a higher-severity ward.
410.0,2025-09-28T17:50:00Z,REPLAY,current_status,I006:mass_transport:1,I006,mass_transport,w-pc-14,5,No unit able to provide mass transport could reach this ward within 45 minutes without pulling a unit off a higher-severity ward.
410.0,2025-09-28T17:50:00Z,REPLAY,current_status,I006:mass_transport:2,I006,mass_transport,w-pc-14,5,No unit able to provide mass transport could reach this ward within 45 minutes without pulling a unit off a higher-severity ward.
410.0,2025-09-28T17:50:00Z,REPLAY,current_status,I009:mass_transport:0,I009,mass_transport,w-pc-07,4,No unit able to provide mass transport could reach this ward within 45 minutes without pulling a unit off a higher-severity ward.
410.0,2025-09-28T17:50:00Z,REPLAY,current_status,I009:mass_transport:1,I009,mass_transport,w-pc-07,4,No unit able to provide mass transport could reach this ward within 45 minutes without pulling a unit off a higher-severity ward.
410.0,2025-09-28T17:50:00Z,REPLAY,current_status,I011:mass_transport:0,I011,mass_transport,w-pc-14,4,No unit able to provide mass transport could reach this ward within 45 minutes without pulling a unit off a higher-severity ward.
410.0,2025-09-28T17:50:00Z,REPLAY,current_status,I011:mass_transport:1,I011,mass_transport,w-pc-14,4,No unit able to provide mass transport could reach this ward within 45 minutes without pulling a unit off a higher-severity ward.
410.0,2025-09-28T17:50:00Z,REPLAY,current_status,I015:mass_transport:0,I015,mass_transport,w-pc-11,4,No unit able to provide mass transport could reach this ward within 45 minutes without pulling a unit off a higher-severity ward.
410.0,2025-09-28T17:50:00Z,REPLAY,current_status,I015:mass_transport:1,I015,mass_transport,w-pc-11,4,No unit able to provide mass transport could reach this ward within 45 minutes without pulling a unit off a higher-severity ward.
410.0,2025-09-28T17:50:00Z,REPLAY,current_status,I017:mass_transport:0,I017,mass_transport,w-pc-07,5,No unit able to provide mass transport could reach this ward within 45 minutes without pulling a unit off a higher-severity ward.
410.0,2025-09-28T17:50:00Z,REPLAY,current_status,I024:mass_transport:0,I024,mass_transport,w-pc-06,4,No unit able to provide mass transport could reach this ward within 45 minutes without pulling a unit off a higher-severity ward.
410.0,2025-09-28T17:50:00Z,REPLAY,current_status,I024:mass_transport:1,I024,mass_transport,w-pc-06,4,No unit able to provide mass transport could reach this ward within 45 minutes without pulling a unit off a higher-severity ward.
410.0,2025-09-28T17:50:00Z,REPLAY,current_status,I027:mass_transport:0,I027,mass_transport,w-pc-10,4,No unit able to provide mass transport could reach this ward within 45 minutes without pulling a unit off a higher-severity ward.
410.0,2025-09-28T17:50:00Z,REPLAY,current_status,I027:mass_transport:1,I027,mass_transport,w-pc-10,4,No unit able to provide mass transport could reach this ward within 45 minutes without pulling a unit off a higher-severity ward.
410.0,2025-09-28T17:50:00Z,REPLAY,current_status,I029:mass_transport:0,I029,mass_transport,w-pc-13,4,No unit able to provide mass transport could reach this ward within 45 minutes without pulling a unit off a higher-severity ward.
410.0,2025-09-28T17:50:00Z,REPLAY,current_status,I030:mass_transport:0,I030,mass_transport,w-pc-06,4,No unit able to provide mass transport could reach this ward within 45 minutes without pulling a unit off a higher-severity ward.
410.0,2025-09-28T17:50:00Z,REPLAY,current_status,I030:mass_transport:1,I030,mass_transport,w-pc-06,4,No unit able to provide mass transport could reach this ward within 45 minutes without pulling a unit off a higher-severity ward.
410.0,2025-09-28T17:50:00Z,REPLAY,current_status,I035:mass_transport:0,I035,mass_transport,w-pc-11,5,No unit able to provide mass transport could reach this ward within 45 minutes without pulling a unit off a higher-severity ward.
410.0,2025-09-28T17:50:00Z,REPLAY,current_status,I035:mass_transport:1,I035,mass_transport,w-pc-11,5,No unit able to provide mass transport could reach this ward within 45 minutes without pulling a unit off a higher-severity ward.
410.0,2025-09-28T17:50:00Z,REPLAY,current_status,I035:mass_transport:2,I035,mass_transport,w-pc-11,5,No unit able to provide mass transport could reach this ward within 45 minutes without pulling a unit off a higher-severity ward.
410.0,2025-09-28T17:50:00Z,REPLAY,current_status,I038:mass_transport:0,I038,mass_transport,w-pc-11,4,No unit able to provide mass transport could reach this ward within 45 minutes without pulling a unit off a higher-severity ward.
410.0,2025-09-28T17:50:00Z,REPLAY,current_status,I038:mass_transport:1,I038,mass_transport,w-pc-11,4,No unit able to provide mass transport could reach this ward within 45 minutes without pulling a unit off a higher-severity ward.
410.0,2025-09-28T17:50:00Z,REPLAY,current_status,I039:mass_transport:0,I039,mass_transport,w-pc-13,4,No unit able to provide mass transport could reach this ward within 45 minutes without pulling a unit off a higher-severity ward.
410.0,2025-09-28T17:50:00Z,REPLAY,current_status,I042:mass_transport:0,I042,mass_transport,w-pc-02,4,No unit able to provide mass transport could reach this ward within 45 minutes without pulling a unit off a higher-severity ward.
410.0,2025-09-28T17:50:00Z,REPLAY,current_status,I042:mass_transport:1,I042,mass_transport,w-pc-02,4,No unit able to provide mass transport could reach this ward within 45 minutes without pulling a unit off a higher-severity ward.
410.0,2025-09-28T17:50:00Z,REPLAY,current_status,I046:mass_transport:0,I046,mass_transport,w-pc-11,5,No unit able to provide mass transport could reach this ward within 45 minutes without pulling a unit off a higher-severity ward.
410.0,2025-09-28T17:50:00Z,REPLAY,current_status,I046:mass_transport:1,I046,mass_transport,w-pc-11,5,No unit able to provide mass transport could reach this ward within 45 minutes without pulling a unit off a higher-severity ward.
410.0,2025-09-28T17:50:00Z,REPLAY,current_status,I046:mass_transport:2,I046,mass_transport,w-pc-11,5,No unit able to provide mass transport could reach this ward within 45 minutes without pulling a unit off a higher-severity ward.
410.0,2025-09-28T17:50:00Z,REPLAY,current_status,I048:mass_transport:0,I048,mass_transport,w-pc-07,5,No unit able to provide mass transport could reach this ward within 45 minutes without pulling a unit off a higher-severity ward.
410.0,2025-09-28T17:50:00Z,REPLAY,current_status,I048:mass_transport:1,I048,mass_transport,w-pc-07,5,No unit able to provide mass transport could reach this ward within 45 minutes without pulling a unit off a higher-severity ward.
410.0,2025-09-28T17:50:00Z,REPLAY,current_status,I048:mass_transport:2,I048,mass_transport,w-pc-07,5,No unit able to provide mass transport could reach this ward within 45 minutes without pulling a unit off a higher-severity ward.
410.0,2025-09-28T17:50:00Z,REPLAY,current_status,I050:search_rescue:0,I050,search_rescue,w-pc-09,5,No unit able to provide search rescue could reach this ward within 45 minutes without pulling a unit off a higher-severity ward.
410.0,2025-09-28T17:50:00Z,REPLAY,current_status,I054:mass_transport:0,I054,mass_transport,w-pc-10,5,No unit able to provide mass transport could reach this ward within 45 minutes without pulling a unit off a higher-severity ward.
410.0,2025-09-28T17:50:00Z,REPLAY,current_status,I054:mass_transport:1,I054,mass_transport,w-pc-10,5,No unit able to provide mass transport could reach this ward within 45 minutes without pulling a unit off a higher-severity ward.
410.0,2025-09-28T17:50:00Z,REPLAY,current_status,I054:mass_transport:2,I054,mass_transport,w-pc-10,5,No unit able to provide mass transport could reach this ward within 45 minutes without pulling a unit off a higher-severity ward.
410.0,2025-09-28T17:50:00Z,REPLAY,current_status,I057:mass_transport:0,I057,mass_transport,w-pc-02,4,No unit able to provide mass transport could reach this ward within 45 minutes without pulling a unit off a higher-severity ward.
410.0,2025-09-28T17:50:00Z,REPLAY,current_status,I057:mass_transport:1,I057,mass_transport,w-pc-02,4,No unit able to provide mass transport could reach this ward within 45 minutes without pulling a unit off a higher-severity ward.
410.0,2025-09-28T17:50:00Z,REPLAY,current_status,I060:mass_transport:0,I060,mass_transport,w-pc-06,5,No unit able to provide mass transport could reach this ward within 45 minutes without pulling a unit off a higher-severity ward.
410.0,2025-09-28T17:50:00Z,REPLAY,current_status,I060:mass_transport:1,I060,mass_transport,w-pc-06,5,No unit able to provide mass transport could reach this ward within 45 minutes without pulling a unit off a higher-severity ward.
410.0,2025-09-28T17:50:00Z,REPLAY,current_status,I060:mass_transport:2,I060,mass_transport,w-pc-06,5,No unit able to provide mass transport could reach this ward within 45 minutes without pulling a unit off a higher-severity ward.
410.0,2025-09-28T17:50:00Z,REPLAY,current_status,I061:mass_transport:0,I061,mass_transport,w-pc-11,5,No unit able to provide mass transport could reach this ward within 45 minutes without pulling a unit off a higher-severity ward.
410.0,2025-09-28T17:50:00Z,REPLAY,current_status,I061:mass_transport:1,I061,mass_transport,w-pc-11,5,No unit able to provide mass transport could reach this ward within 45 minutes without pulling a unit off a higher-severity ward.
410.0,2025-09-28T17:50:00Z,REPLAY,current_status,I061:mass_transport:2,I061,mass_transport,w-pc-11,5,No unit able to provide mass transport could reach this ward within 45 minutes without pulling a unit off a higher-severity ward.
410.0,2025-09-28T17:50:00Z,REPLAY,current_status,I062:mass_transport:0,I062,mass_transport,w-pc-10,4,No unit able to provide mass transport could reach this ward within 45 minutes without pulling a unit off a higher-severity ward.
410.0,2025-09-28T17:50:00Z,REPLAY,current_status,I062:mass_transport:1,I062,mass_transport,w-pc-10,4,No unit able to provide mass transport could reach this ward within 45 minutes without pulling a unit off a higher-severity ward.
410.0,2025-09-28T17:50:00Z,REPLAY,current_status,I063:mass_transport:0,I063,mass_transport,w-pc-13,5,No unit able to provide mass transport could reach this ward within 45 minutes without pulling a unit off a higher-severity ward.
410.0,2025-09-28T17:50:00Z,REPLAY,current_status,I063:mass_transport:1,I063,mass_transport,w-pc-13,5,No unit able to provide mass transport could reach this ward within 45 minutes without pulling a unit off a higher-severity ward.
410.0,2025-09-28T17:50:00Z,REPLAY,current_status,I063:mass_transport:2,I063,mass_transport,w-pc-13,5,No unit able to provide mass transport could reach this ward within 45 minutes without pulling a unit off a higher-severity ward.
410.0,2025-09-28T17:50:00Z,REPLAY,current_status,I064:mass_transport:0,I064,mass_transport,w-pc-11,5,No unit able to provide mass transport could reach this ward within 45 minutes without pulling a unit off a higher-severity ward.
410.0,2025-09-28T17:50:00Z,REPLAY,current_status,I064:mass_transport:1,I064,mass_transport,w-pc-11,5,No unit able to provide mass transport could reach this ward within 45 minutes without pulling a unit off a higher-severity ward.
410.0,2025-09-28T17:50:00Z,REPLAY,current_status,I064:mass_transport:2,I064,mass_transport,w-pc-11,5,No unit able to provide mass transport could reach this ward within 45 minutes without pulling a unit off a higher-severity ward.
410.0,2025-09-28T17:50:00Z,REPLAY,current_status,I065:mass_transport:0,I065,mass_transport,w-pc-11,4,No unit able to provide mass transport could reach this ward within 45 minutes without pulling a unit off a higher-severity ward.
410.0,2025-09-28T17:50:00Z,REPLAY,current_status,I065:mass_transport:1,I065,mass_transport,w-pc-11,4,No unit able to provide mass transport could reach this ward within 45 minutes without pulling a unit off a higher-severity ward.
410.0,2025-09-28T17:50:00Z,REPLAY,current_status,I068:mass_transport:0,I068,mass_transport,w-pc-10,4,No unit able to provide mass transport could reach this ward within 45 minutes without pulling a unit off a higher-severity ward.
410.0,2025-09-28T17:50:00Z,REPLAY,current_status,I068:mass_transport:1,I068,mass_transport,w-pc-10,4,No unit able to provide mass transport could reach this ward within 45 minutes without pulling a unit off a higher-severity ward.
410.0,2025-09-28T17:50:00Z,REPLAY,current_status,I068:dewatering:0,I068,dewatering,w-pc-10,4,No unit able to provide dewatering could reach this ward within 45 minutes without pulling a unit off a higher-severity ward.
410.0,2025-09-28T17:50:00Z,REPLAY,current_status,I071:mass_transport:0,I071,mass_transport,w-pc-07,4,No unit able to provide mass transport could reach this ward within 45 minutes without pulling a unit off a higher-severity ward.
410.0,2025-09-28T17:50:00Z,REPLAY,current_status,I071:mass_transport:1,I071,mass_transport,w-pc-07,4,No unit able to provide mass transport could reach this ward within 45 minutes without pulling a unit off a higher-severity ward.
410.0,2025-09-28T17:50:00Z,REPLAY,current_status,I072:mass_transport:0,I072,mass_transport,w-pc-14,4,No unit able to provide mass transport could reach this ward within 45 minutes without pulling a unit off a higher-severity ward.
410.0,2025-09-28T17:50:00Z,REPLAY,current_status,I072:mass_transport:1,I072,mass_transport,w-pc-14,4,No unit able to provide mass transport could reach this ward within 45 minutes without pulling a unit off a higher-severity ward.
410.0,2025-09-28T17:50:00Z,REPLAY,current_status,I072:dewatering:0,I072,dewatering,w-pc-14,4,No unit able to provide dewatering could reach this ward within 45 minutes without pulling a unit off a higher-severity ward.
410.0,2025-09-28T17:50:00Z,REPLAY,current_status,I074:mass_transport:0,I074,mass_transport,w-pc-02,4,No unit able to provide mass transport could reach this ward within 45 minutes without pulling a unit off a higher-severity ward.
410.0,2025-09-28T17:50:00Z,REPLAY,current_status,I074:mass_transport:1,I074,mass_transport,w-pc-02,4,No unit able to provide mass transport could reach this ward within 45 minutes without pulling a unit off a higher-severity ward.
410.0,2025-09-28T17:50:00Z,REPLAY,current_status,I074:dewatering:0,I074,dewatering,w-pc-02,4,No unit able to provide dewatering could reach this ward within 45 minutes without pulling a unit off a higher-severity ward.
410.0,2025-09-28T17:50:00Z,REPLAY,current_status,I077:field_assessment:0,I077,field_assessment,w-pc-13,2,No unit able to provide field assessment could reach this ward within 45 minutes without pulling a unit off a higher-severity ward.
410.0,2025-09-28T17:50:00Z,REPLAY,current_status,I078:field_assessment:0,I078,field_assessment,w-pc-04,2,No unit able to provide field assessment could reach this ward within 45 minutes without pulling a unit off a higher-severity ward.
410.0,2025-09-28T17:50:00Z,REPLAY,current_status,I079:mass_transport:0,I079,mass_transport,w-pc-07,4,No unit able to provide mass transport could reach this ward within 45 minutes without pulling a unit off a higher-severity ward.
410.0,2025-09-28T17:50:00Z,REPLAY,current_status,I079:mass_transport:1,I079,mass_transport,w-pc-07,4,No unit able to provide mass transport could reach this ward within 45 minutes without pulling a unit off a higher-severity ward.
410.0,2025-09-28T17:50:00Z,REPLAY,current_status,I079:dewatering:0,I079,dewatering,w-pc-07,4,No unit able to provide dewatering could reach this ward within 45 minutes without pulling a unit off a higher-severity ward.
410.0,2025-09-28T17:50:00Z,REPLAY,current_status,I080:dewatering:0,I080,dewatering,w-pc-07,2,No unit able to provide dewatering could reach this ward within 45 minutes without pulling a unit off a higher-severity ward.
410.0,2025-09-28T17:50:00Z,REPLAY,current_status,I082:debris_clearance:0,I082,debris_clearance,w-pc-12,3,No unit able to provide debris clearance could reach this ward within 45 minutes without pulling a unit off a higher-severity ward.
410.0,2025-09-28T17:50:00Z,REPLAY,current_status,I085:field_assessment:0,I085,field_assessment,w-pc-09,2,No unit able to provide field assessment could reach this ward within 45 minutes without pulling a unit off a higher-severity ward.
410.0,2025-09-28T17:50:00Z,REPLAY,current_status,I086:field_assessment:0,I086,field_assessment,w-pc-13,2,No unit able to provide field assessment could reach this ward within 45 minutes without pulling a unit off a higher-severity ward.
410.0,2025-09-28T17:50:00Z,REPLAY,current_status,I087:field_assessment:0,I087,field_assessment,w-pc-08,2,No unit able to provide field assessment could reach this ward within 45 minutes without pulling a unit off a higher-severity ward.
410.0,2025-09-28T17:50:00Z,REPLAY,current_status,I088:mass_transport:0,I088,mass_transport,w-pc-13,4,No unit able to provide mass transport could reach this ward within 45 minutes without pulling a unit off a higher-severity ward.
410.0,2025-09-28T17:50:00Z,REPLAY,current_status,I088:dewatering:0,I088,dewatering,w-pc-13,4,No unit able to provide dewatering could reach this ward within 45 minutes without pulling a unit off a higher-severity ward.
410.0,2025-09-28T17:50:00Z,REPLAY,current_status,I089:field_assessment:0,I089,field_assessment,w-pc-08,2,No unit able to provide field assessment could reach this ward within 45 minutes without pulling a unit off a higher-severity ward.
410.0,2025-09-28T17:50:00Z,REPLAY,current_status,I090:field_assessment:0,I090,field_assessment,w-pc-11,2,No unit able to provide field assessment could reach this ward within 45 minutes without pulling a unit off a higher-severity ward.
420.0,2025-09-28T18:00:00Z,REPLAY,current_status,I001:mass_transport:0,I001,mass_transport,w-pc-11,5,No unit able to provide mass transport could reach this ward within 45 minutes without pulling a unit off a higher-severity ward.
420.0,2025-09-28T18:00:00Z,REPLAY,current_status,I001:mass_transport:1,I001,mass_transport,w-pc-11,5,No unit able to provide mass transport could reach this ward within 45 minutes without pulling a unit off a higher-severity ward.
420.0,2025-09-28T18:00:00Z,REPLAY,current_status,I001:mass_transport:2,I001,mass_transport,w-pc-11,5,No unit able to provide mass transport could reach this ward within 45 minutes without pulling a unit off a higher-severity ward.
420.0,2025-09-28T18:00:00Z,REPLAY,current_status,I006:mass_transport:0,I006,mass_transport,w-pc-14,5,No unit able to provide mass transport could reach this ward within 45 minutes without pulling a unit off a higher-severity ward.
420.0,2025-09-28T18:00:00Z,REPLAY,current_status,I006:mass_transport:1,I006,mass_transport,w-pc-14,5,No unit able to provide mass transport could reach this ward within 45 minutes without pulling a unit off a higher-severity ward.
420.0,2025-09-28T18:00:00Z,REPLAY,current_status,I006:mass_transport:2,I006,mass_transport,w-pc-14,5,No unit able to provide mass transport could reach this ward within 45 minutes without pulling a unit off a higher-severity ward.
420.0,2025-09-28T18:00:00Z,REPLAY,current_status,I009:mass_transport:0,I009,mass_transport,w-pc-07,4,No unit able to provide mass transport could reach this ward within 45 minutes without pulling a unit off a higher-severity ward.
420.0,2025-09-28T18:00:00Z,REPLAY,current_status,I009:mass_transport:1,I009,mass_transport,w-pc-07,4,No unit able to provide mass transport could reach this ward within 45 minutes without pulling a unit off a higher-severity ward.
420.0,2025-09-28T18:00:00Z,REPLAY,current_status,I011:mass_transport:0,I011,mass_transport,w-pc-14,4,No unit able to provide mass transport could reach this ward within 45 minutes without pulling a unit off a higher-severity ward.
420.0,2025-09-28T18:00:00Z,REPLAY,current_status,I011:mass_transport:1,I011,mass_transport,w-pc-14,4,No unit able to provide mass transport could reach this ward within 45 minutes without pulling a unit off a higher-severity ward.
420.0,2025-09-28T18:00:00Z,REPLAY,current_status,I015:mass_transport:0,I015,mass_transport,w-pc-11,4,No unit able to provide mass transport could reach this ward within 45 minutes without pulling a unit off a higher-severity ward.
420.0,2025-09-28T18:00:00Z,REPLAY,current_status,I015:mass_transport:1,I015,mass_transport,w-pc-11,4,No unit able to provide mass transport could reach this ward within 45 minutes without pulling a unit off a higher-severity ward.
420.0,2025-09-28T18:00:00Z,REPLAY,current_status,I017:mass_transport:0,I017,mass_transport,w-pc-07,5,No unit able to provide mass transport could reach this ward within 45 minutes without pulling a unit off a higher-severity ward.
420.0,2025-09-28T18:00:00Z,REPLAY,current_status,I024:mass_transport:0,I024,mass_transport,w-pc-06,4,No unit able to provide mass transport could reach this ward within 45 minutes without pulling a unit off a higher-severity ward.
420.0,2025-09-28T18:00:00Z,REPLAY,current_status,I024:mass_transport:1,I024,mass_transport,w-pc-06,4,No unit able to provide mass transport could reach this ward within 45 minutes without pulling a unit off a higher-severity ward.
420.0,2025-09-28T18:00:00Z,REPLAY,current_status,I027:mass_transport:0,I027,mass_transport,w-pc-10,4,No unit able to provide mass transport could reach this ward within 45 minutes without pulling a unit off a higher-severity ward.
420.0,2025-09-28T18:00:00Z,REPLAY,current_status,I027:mass_transport:1,I027,mass_transport,w-pc-10,4,No unit able to provide mass transport could reach this ward within 45 minutes without pulling a unit off a higher-severity ward.
420.0,2025-09-28T18:00:00Z,REPLAY,current_status,I029:mass_transport:0,I029,mass_transport,w-pc-13,4,No unit able to provide mass transport could reach this ward within 45 minutes without pulling a unit off a higher-severity ward.
420.0,2025-09-28T18:00:00Z,REPLAY,current_status,I030:mass_transport:0,I030,mass_transport,w-pc-06,4,No unit able to provide mass transport could reach this ward within 45 minutes without pulling a unit off a higher-severity ward.
420.0,2025-09-28T18:00:00Z,REPLAY,current_status,I030:mass_transport:1,I030,mass_transport,w-pc-06,4,No unit able to provide mass transport could reach this ward within 45 minutes without pulling a unit off a higher-severity ward.
420.0,2025-09-28T18:00:00Z,REPLAY,current_status,I035:mass_transport:0,I035,mass_transport,w-pc-11,5,No unit able to provide mass transport could reach this ward within 45 minutes without pulling a unit off a higher-severity ward.
420.0,2025-09-28T18:00:00Z,REPLAY,current_status,I035:mass_transport:1,I035,mass_transport,w-pc-11,5,No unit able to provide mass transport could reach this ward within 45 minutes without pulling a unit off a higher-severity ward.
420.0,2025-09-28T18:00:00Z,REPLAY,current_status,I035:mass_transport:2,I035,mass_transport,w-pc-11,5,No unit able to provide mass transport could reach this ward within 45 minutes without pulling a unit off a higher-severity ward.
420.0,2025-09-28T18:00:00Z,REPLAY,current_status,I038:mass_transport:0,I038,mass_transport,w-pc-11,4,No unit able to provide mass transport could reach this ward within 45 minutes without pulling a unit off a higher-severity ward.
420.0,2025-09-28T18:00:00Z,REPLAY,current_status,I038:mass_transport:1,I038,mass_transport,w-pc-11,4,No unit able to provide mass transport could reach this ward within 45 minutes without pulling a unit off a higher-severity ward.
420.0,2025-09-28T18:00:00Z,REPLAY,current_status,I039:mass_transport:0,I039,mass_transport,w-pc-13,4,No unit able to provide mass transport could reach this ward within 45 minutes without pulling a unit off a higher-severity ward.
420.0,2025-09-28T18:00:00Z,REPLAY,current_status,I042:mass_transport:0,I042,mass_transport,w-pc-02,4,No unit able to provide mass transport could reach this ward within 45 minutes without pulling a unit off a higher-severity ward.
420.0,2025-09-28T18:00:00Z,REPLAY,current_status,I042:mass_transport:1,I042,mass_transport,w-pc-02,4,No unit able to provide mass transport could reach this ward within 45 minutes without pulling a unit off a higher-severity ward.
420.0,2025-09-28T18:00:00Z,REPLAY,current_status,I046:mass_transport:0,I046,mass_transport,w-pc-11,5,No unit able to provide mass transport could reach this ward within 45 minutes without pulling a unit off a higher-severity ward.
420.0,2025-09-28T18:00:00Z,REPLAY,current_status,I046:mass_transport:1,I046,mass_transport,w-pc-11,5,No unit able to provide mass transport could reach this ward within 45 minutes without pulling a unit off a higher-severity ward.
420.0,2025-09-28T18:00:00Z,REPLAY,current_status,I046:mass_transport:2,I046,mass_transport,w-pc-11,5,No unit able to provide mass transport could reach this ward within 45 minutes without pulling a unit off a higher-severity ward.
420.0,2025-09-28T18:00:00Z,REPLAY,current_status,I048:mass_transport:0,I048,mass_transport,w-pc-07,5,No unit able to provide mass transport could reach this ward within 45 minutes without pulling a unit off a higher-severity ward.
420.0,2025-09-28T18:00:00Z,REPLAY,current_status,I048:mass_transport:1,I048,mass_transport,w-pc-07,5,No unit able to provide mass transport could reach this ward within 45 minutes without pulling a unit off a higher-severity ward.
420.0,2025-09-28T18:00:00Z,REPLAY,current_status,I048:mass_transport:2,I048,mass_transport,w-pc-07,5,No unit able to provide mass transport could reach this ward within 45 minutes without pulling a unit off a higher-severity ward.
420.0,2025-09-28T18:00:00Z,REPLAY,current_status,I050:search_rescue:0,I050,search_rescue,w-pc-09,5,No unit able to provide search rescue could reach this ward within 45 minutes without pulling a unit off a higher-severity ward.
420.0,2025-09-28T18:00:00Z,REPLAY,current_status,I054:mass_transport:0,I054,mass_transport,w-pc-10,5,No unit able to provide mass transport could reach this ward within 45 minutes without pulling a unit off a higher-severity ward.
420.0,2025-09-28T18:00:00Z,REPLAY,current_status,I054:mass_transport:1,I054,mass_transport,w-pc-10,5,No unit able to provide mass transport could reach this ward within 45 minutes without pulling a unit off a higher-severity ward.
420.0,2025-09-28T18:00:00Z,REPLAY,current_status,I054:mass_transport:2,I054,mass_transport,w-pc-10,5,No unit able to provide mass transport could reach this ward within 45 minutes without pulling a unit off a higher-severity ward.
420.0,2025-09-28T18:00:00Z,REPLAY,current_status,I057:mass_transport:0,I057,mass_transport,w-pc-02,4,No unit able to provide mass transport could reach this ward within 45 minutes without pulling a unit off a higher-severity ward.
420.0,2025-09-28T18:00:00Z,REPLAY,current_status,I057:mass_transport:1,I057,mass_transport,w-pc-02,4,No unit able to provide mass transport could reach this ward within 45 minutes without pulling a unit off a higher-severity ward.
420.0,2025-09-28T18:00:00Z,REPLAY,current_status,I060:mass_transport:0,I060,mass_transport,w-pc-06,5,No unit able to provide mass transport could reach this ward within 45 minutes without pulling a unit off a higher-severity ward.
420.0,2025-09-28T18:00:00Z,REPLAY,current_status,I060:mass_transport:1,I060,mass_transport,w-pc-06,5,No unit able to provide mass transport could reach this ward within 45 minutes without pulling a unit off a higher-severity ward.
420.0,2025-09-28T18:00:00Z,REPLAY,current_status,I060:mass_transport:2,I060,mass_transport,w-pc-06,5,No unit able to provide mass transport could reach this ward within 45 minutes without pulling a unit off a higher-severity ward.
420.0,2025-09-28T18:00:00Z,REPLAY,current_status,I061:mass_transport:0,I061,mass_transport,w-pc-11,5,No unit able to provide mass transport could reach this ward within 45 minutes without pulling a unit off a higher-severity ward.
420.0,2025-09-28T18:00:00Z,REPLAY,current_status,I061:mass_transport:1,I061,mass_transport,w-pc-11,5,No unit able to provide mass transport could reach this ward within 45 minutes without pulling a unit off a higher-severity ward.
420.0,2025-09-28T18:00:00Z,REPLAY,current_status,I061:mass_transport:2,I061,mass_transport,w-pc-11,5,No unit able to provide mass transport could reach this ward within 45 minutes without pulling a unit off a higher-severity ward.
420.0,2025-09-28T18:00:00Z,REPLAY,current_status,I062:mass_transport:0,I062,mass_transport,w-pc-10,4,No unit able to provide mass transport could reach this ward within 45 minutes without pulling a unit off a higher-severity ward.
420.0,2025-09-28T18:00:00Z,REPLAY,current_status,I062:mass_transport:1,I062,mass_transport,w-pc-10,4,No unit able to provide mass transport could reach this ward within 45 minutes without pulling a unit off a higher-severity ward.
420.0,2025-09-28T18:00:00Z,REPLAY,current_status,I063:mass_transport:0,I063,mass_transport,w-pc-13,5,No unit able to provide mass transport could reach this ward within 45 minutes without pulling a unit off a higher-severity ward.
420.0,2025-09-28T18:00:00Z,REPLAY,current_status,I063:mass_transport:1,I063,mass_transport,w-pc-13,5,No unit able to provide mass transport could reach this ward within 45 minutes without pulling a unit off a higher-severity ward.
420.0,2025-09-28T18:00:00Z,REPLAY,current_status,I063:mass_transport:2,I063,mass_transport,w-pc-13,5,No unit able to provide mass transport could reach this ward within 45 minutes without pulling a unit off a higher-severity ward.
420.0,2025-09-28T18:00:00Z,REPLAY,current_status,I064:mass_transport:0,I064,mass_transport,w-pc-11,5,No unit able to provide mass transport could reach this ward within 45 minutes without pulling a unit off a higher-severity ward.
420.0,2025-09-28T18:00:00Z,REPLAY,current_status,I064:mass_transport:1,I064,mass_transport,w-pc-11,5,No unit able to provide mass transport could reach this ward within 45 minutes without pulling a unit off a higher-severity ward.
420.0,2025-09-28T18:00:00Z,REPLAY,current_status,I064:mass_transport:2,I064,mass_transport,w-pc-11,5,No unit able to provide mass transport could reach this ward within 45 minutes without pulling a unit off a higher-severity ward.
420.0,2025-09-28T18:00:00Z,REPLAY,current_status,I065:mass_transport:0,I065,mass_transport,w-pc-11,4,No unit able to provide mass transport could reach this ward within 45 minutes without pulling a unit off a higher-severity ward.
420.0,2025-09-28T18:00:00Z,REPLAY,current_status,I065:mass_transport:1,I065,mass_transport,w-pc-11,4,No unit able to provide mass transport could reach this ward within 45 minutes without pulling a unit off a higher-severity ward.
420.0,2025-09-28T18:00:00Z,REPLAY,current_status,I068:mass_transport:0,I068,mass_transport,w-pc-10,4,No unit able to provide mass transport could reach this ward within 45 minutes without pulling a unit off a higher-severity ward.
420.0,2025-09-28T18:00:00Z,REPLAY,current_status,I068:mass_transport:1,I068,mass_transport,w-pc-10,4,No unit able to provide mass transport could reach this ward within 45 minutes without pulling a unit off a higher-severity ward.
420.0,2025-09-28T18:00:00Z,REPLAY,current_status,I068:dewatering:0,I068,dewatering,w-pc-10,4,No unit able to provide dewatering could reach this ward within 45 minutes without pulling a unit off a higher-severity ward.
420.0,2025-09-28T18:00:00Z,REPLAY,current_status,I071:mass_transport:0,I071,mass_transport,w-pc-07,4,No unit able to provide mass transport could reach this ward within 45 minutes without pulling a unit off a higher-severity ward.
420.0,2025-09-28T18:00:00Z,REPLAY,current_status,I071:mass_transport:1,I071,mass_transport,w-pc-07,4,No unit able to provide mass transport could reach this ward within 45 minutes without pulling a unit off a higher-severity ward.
420.0,2025-09-28T18:00:00Z,REPLAY,current_status,I072:mass_transport:0,I072,mass_transport,w-pc-14,4,No unit able to provide mass transport could reach this ward within 45 minutes without pulling a unit off a higher-severity ward.
420.0,2025-09-28T18:00:00Z,REPLAY,current_status,I072:mass_transport:1,I072,mass_transport,w-pc-14,4,No unit able to provide mass transport could reach this ward within 45 minutes without pulling a unit off a higher-severity ward.
420.0,2025-09-28T18:00:00Z,REPLAY,current_status,I072:dewatering:0,I072,dewatering,w-pc-14,4,No unit able to provide dewatering could reach this ward within 45 minutes without pulling a unit off a higher-severity ward.
420.0,2025-09-28T18:00:00Z,REPLAY,current_status,I074:mass_transport:0,I074,mass_transport,w-pc-02,4,No unit able to provide mass transport could reach this ward within 45 minutes without pulling a unit off a higher-severity ward.
420.0,2025-09-28T18:00:00Z,REPLAY,current_status,I074:mass_transport:1,I074,mass_transport,w-pc-02,4,No unit able to provide mass transport could reach this ward within 45 minutes without pulling a unit off a higher-severity ward.
420.0,2025-09-28T18:00:00Z,REPLAY,current_status,I074:dewatering:0,I074,dewatering,w-pc-02,4,No unit able to provide dewatering could reach this ward within 45 minutes without pulling a unit off a higher-severity ward.
420.0,2025-09-28T18:00:00Z,REPLAY,current_status,I077:field_assessment:0,I077,field_assessment,w-pc-13,2,No unit able to provide field assessment could reach this ward within 45 minutes without pulling a unit off a higher-severity ward.
420.0,2025-09-28T18:00:00Z,REPLAY,current_status,I078:field_assessment:0,I078,field_assessment,w-pc-04,2,No unit able to provide field assessment could reach this ward within 45 minutes without pulling a unit off a higher-severity ward.
420.0,2025-09-28T18:00:00Z,REPLAY,current_status,I079:mass_transport:0,I079,mass_transport,w-pc-07,4,No unit able to provide mass transport could reach this ward within 45 minutes without pulling a unit off a higher-severity ward.
420.0,2025-09-28T18:00:00Z,REPLAY,current_status,I079:mass_transport:1,I079,mass_transport,w-pc-07,4,No unit able to provide mass transport could reach this ward within 45 minutes without pulling a unit off a higher-severity ward.
420.0,2025-09-28T18:00:00Z,REPLAY,current_status,I079:dewatering:0,I079,dewatering,w-pc-07,4,No unit able to provide dewatering could reach this ward within 45 minutes without pulling a unit off a higher-severity ward.
420.0,2025-09-28T18:00:00Z,REPLAY,current_status,I080:dewatering:0,I080,dewatering,w-pc-07,2,No unit able to provide dewatering could reach this ward within 45 minutes without pulling a unit off a higher-severity ward.
420.0,2025-09-28T18:00:00Z,REPLAY,current_status,I081:field_assessment:0,I081,field_assessment,w-pc-09,2,No unit able to provide field assessment could reach this ward within 45 minutes without pulling a unit off a higher-severity ward.
420.0,2025-09-28T18:00:00Z,REPLAY,current_status,I082:debris_clearance:0,I082,debris_clearance,w-pc-12,3,No unit able to provide debris clearance could reach this ward within 45 minutes without pulling a unit off a higher-severity ward.
420.0,2025-09-28T18:00:00Z,REPLAY,current_status,I086:field_assessment:0,I086,field_assessment,w-pc-13,2,No unit able to provide field assessment could reach this ward within 45 minutes without pulling a unit off a higher-severity ward.
420.0,2025-09-28T18:00:00Z,REPLAY,current_status,I087:field_assessment:0,I087,field_assessment,w-pc-08,2,No unit able to provide field assessment could reach this ward within 45 minutes without pulling a unit off a higher-severity ward.
420.0,2025-09-28T18:00:00Z,REPLAY,current_status,I088:mass_transport:0,I088,mass_transport,w-pc-13,4,No unit able to provide mass transport could reach this ward within 45 minutes without pulling a unit off a higher-severity ward.
420.0,2025-09-28T18:00:00Z,REPLAY,current_status,I088:dewatering:0,I088,dewatering,w-pc-13,4,No unit able to provide dewatering could reach this ward within 45 minutes without pulling a unit off a higher-severity ward.
420.0,2025-09-28T18:00:00Z,REPLAY,current_status,I089:field_assessment:0,I089,field_assessment,w-pc-08,2,No unit able to provide field assessment could reach this ward within 45 minutes without pulling a unit off a higher-severity ward.
420.0,2025-09-28T18:00:00Z,REPLAY,current_status,I090:field_assessment:0,I090,field_assessment,w-pc-11,2,No unit able to provide field assessment could reach this ward within 45 minutes without pulling a unit off a higher-severity ward.
420.0,2025-09-28T18:00:00Z,REPLAY,current_status,I091:field_assessment:0,I091,field_assessment,w-pc-11,2,No unit able to provide field assessment could reach this ward within 45 minutes without pulling a unit off a higher-severity ward.
420.0,2025-09-28T18:00:00Z,REPLAY,current_status,I092:field_assessment:0,I092,field_assessment,w-pc-11,2,No unit able to provide field assessment could reach this ward within 45 minutes without pulling a unit off a higher-severity ward.
420.0,2025-09-28T18:00:00Z,REPLAY,current_status,I093:field_assessment:0,I093,field_assessment,w-pc-07,2,No unit able to provide field assessment could reach this ward within 45 minutes without pulling a unit off a higher-severity ward.
430.0,2025-09-28T18:10:00Z,REPLAY,current_status,I001:mass_transport:0,I001,mass_transport,w-pc-11,5,No unit able to provide mass transport could reach this ward within 45 minutes without pulling a unit off a higher-severity ward.
430.0,2025-09-28T18:10:00Z,REPLAY,current_status,I001:mass_transport:1,I001,mass_transport,w-pc-11,5,No unit able to provide mass transport could reach this ward within 45 minutes without pulling a unit off a higher-severity ward.
430.0,2025-09-28T18:10:00Z,REPLAY,current_status,I001:mass_transport:2,I001,mass_transport,w-pc-11,5,No unit able to provide mass transport could reach this ward within 45 minutes without pulling a unit off a higher-severity ward.
430.0,2025-09-28T18:10:00Z,REPLAY,current_status,I006:mass_transport:0,I006,mass_transport,w-pc-14,5,No unit able to provide mass transport could reach this ward within 45 minutes without pulling a unit off a higher-severity ward.
430.0,2025-09-28T18:10:00Z,REPLAY,current_status,I006:mass_transport:1,I006,mass_transport,w-pc-14,5,No unit able to provide mass transport could reach this ward within 45 minutes without pulling a unit off a higher-severity ward.
430.0,2025-09-28T18:10:00Z,REPLAY,current_status,I006:mass_transport:2,I006,mass_transport,w-pc-14,5,No unit able to provide mass transport could reach this ward within 45 minutes without pulling a unit off a higher-severity ward.
430.0,2025-09-28T18:10:00Z,REPLAY,current_status,I009:mass_transport:0,I009,mass_transport,w-pc-07,4,No unit able to provide mass transport could reach this ward within 45 minutes without pulling a unit off a higher-severity ward.
430.0,2025-09-28T18:10:00Z,REPLAY,current_status,I009:mass_transport:1,I009,mass_transport,w-pc-07,4,No unit able to provide mass transport could reach this ward within 45 minutes without pulling a unit off a higher-severity ward.
430.0,2025-09-28T18:10:00Z,REPLAY,current_status,I011:mass_transport:0,I011,mass_transport,w-pc-14,4,No unit able to provide mass transport could reach this ward within 45 minutes without pulling a unit off a higher-severity ward.
430.0,2025-09-28T18:10:00Z,REPLAY,current_status,I011:mass_transport:1,I011,mass_transport,w-pc-14,4,No unit able to provide mass transport could reach this ward within 45 minutes without pulling a unit off a higher-severity ward.
430.0,2025-09-28T18:10:00Z,REPLAY,current_status,I015:mass_transport:0,I015,mass_transport,w-pc-11,4,No unit able to provide mass transport could reach this ward within 45 minutes without pulling a unit off a higher-severity ward.
430.0,2025-09-28T18:10:00Z,REPLAY,current_status,I015:mass_transport:1,I015,mass_transport,w-pc-11,4,No unit able to provide mass transport could reach this ward within 45 minutes without pulling a unit off a higher-severity ward.
430.0,2025-09-28T18:10:00Z,REPLAY,current_status,I017:mass_transport:0,I017,mass_transport,w-pc-07,5,No unit able to provide mass transport could reach this ward within 45 minutes without pulling a unit off a higher-severity ward.
430.0,2025-09-28T18:10:00Z,REPLAY,current_status,I024:mass_transport:0,I024,mass_transport,w-pc-06,4,No unit able to provide mass transport could reach this ward within 45 minutes without pulling a unit off a higher-severity ward.
430.0,2025-09-28T18:10:00Z,REPLAY,current_status,I024:mass_transport:1,I024,mass_transport,w-pc-06,4,No unit able to provide mass transport could reach this ward within 45 minutes without pulling a unit off a higher-severity ward.
430.0,2025-09-28T18:10:00Z,REPLAY,current_status,I027:mass_transport:0,I027,mass_transport,w-pc-10,4,No unit able to provide mass transport could reach this ward within 45 minutes without pulling a unit off a higher-severity ward.
430.0,2025-09-28T18:10:00Z,REPLAY,current_status,I027:mass_transport:1,I027,mass_transport,w-pc-10,4,No unit able to provide mass transport could reach this ward within 45 minutes without pulling a unit off a higher-severity ward.
430.0,2025-09-28T18:10:00Z,REPLAY,current_status,I029:mass_transport:0,I029,mass_transport,w-pc-13,4,No unit able to provide mass transport could reach this ward within 45 minutes without pulling a unit off a higher-severity ward.
430.0,2025-09-28T18:10:00Z,REPLAY,current_status,I030:mass_transport:0,I030,mass_transport,w-pc-06,4,No unit able to provide mass transport could reach this ward within 45 minutes without pulling a unit off a higher-severity ward.
430.0,2025-09-28T18:10:00Z,REPLAY,current_status,I030:mass_transport:1,I030,mass_transport,w-pc-06,4,No unit able to provide mass transport could reach this ward within 45 minutes without pulling a unit off a higher-severity ward.
430.0,2025-09-28T18:10:00Z,REPLAY,current_status,I035:mass_transport:0,I035,mass_transport,w-pc-11,5,No unit able to provide mass transport could reach this ward within 45 minutes without pulling a unit off a higher-severity ward.
430.0,2025-09-28T18:10:00Z,REPLAY,current_status,I035:mass_transport:1,I035,mass_transport,w-pc-11,5,No unit able to provide mass transport could reach this ward within 45 minutes without pulling a unit off a higher-severity ward.
430.0,2025-09-28T18:10:00Z,REPLAY,current_status,I035:mass_transport:2,I035,mass_transport,w-pc-11,5,No unit able to provide mass transport could reach this ward within 45 minutes without pulling a unit off a higher-severity ward.
430.0,2025-09-28T18:10:00Z,REPLAY,current_status,I038:mass_transport:0,I038,mass_transport,w-pc-11,4,No unit able to provide mass transport could reach this ward within 45 minutes without pulling a unit off a higher-severity ward.
430.0,2025-09-28T18:10:00Z,REPLAY,current_status,I038:mass_transport:1,I038,mass_transport,w-pc-11,4,No unit able to provide mass transport could reach this ward within 45 minutes without pulling a unit off a higher-severity ward.
430.0,2025-09-28T18:10:00Z,REPLAY,current_status,I039:mass_transport:0,I039,mass_transport,w-pc-13,4,No unit able to provide mass transport could reach this ward within 45 minutes without pulling a unit off a higher-severity ward.
430.0,2025-09-28T18:10:00Z,REPLAY,current_status,I042:mass_transport:0,I042,mass_transport,w-pc-02,4,No unit able to provide mass transport could reach this ward within 45 minutes without pulling a unit off a higher-severity ward.
430.0,2025-09-28T18:10:00Z,REPLAY,current_status,I042:mass_transport:1,I042,mass_transport,w-pc-02,4,No unit able to provide mass transport could reach this ward within 45 minutes without pulling a unit off a higher-severity ward.
430.0,2025-09-28T18:10:00Z,REPLAY,current_status,I046:mass_transport:0,I046,mass_transport,w-pc-11,5,No unit able to provide mass transport could reach this ward within 45 minutes without pulling a unit off a higher-severity ward.
430.0,2025-09-28T18:10:00Z,REPLAY,current_status,I046:mass_transport:1,I046,mass_transport,w-pc-11,5,No unit able to provide mass transport could reach this ward within 45 minutes without pulling a unit off a higher-severity ward.
430.0,2025-09-28T18:10:00Z,REPLAY,current_status,I046:mass_transport:2,I046,mass_transport,w-pc-11,5,No unit able to provide mass transport could reach this ward within 45 minutes without pulling a unit off a higher-severity ward.
430.0,2025-09-28T18:10:00Z,REPLAY,current_status,I048:mass_transport:0,I048,mass_transport,w-pc-07,5,No unit able to provide mass transport could reach this ward within 45 minutes without pulling a unit off a higher-severity ward.
430.0,2025-09-28T18:10:00Z,REPLAY,current_status,I048:mass_transport:1,I048,mass_transport,w-pc-07,5,No unit able to provide mass transport could reach this ward within 45 minutes without pulling a unit off a higher-severity ward.
430.0,2025-09-28T18:10:00Z,REPLAY,current_status,I048:mass_transport:2,I048,mass_transport,w-pc-07,5,No unit able to provide mass transport could reach this ward within 45 minutes without pulling a unit off a higher-severity ward.
430.0,2025-09-28T18:10:00Z,REPLAY,current_status,I050:search_rescue:0,I050,search_rescue,w-pc-09,5,No unit able to provide search rescue could reach this ward within 45 minutes without pulling a unit off a higher-severity ward.
430.0,2025-09-28T18:10:00Z,REPLAY,current_status,I054:mass_transport:0,I054,mass_transport,w-pc-10,5,No unit able to provide mass transport could reach this ward within 45 minutes without pulling a unit off a higher-severity ward.
430.0,2025-09-28T18:10:00Z,REPLAY,current_status,I054:mass_transport:1,I054,mass_transport,w-pc-10,5,No unit able to provide mass transport could reach this ward within 45 minutes without pulling a unit off a higher-severity ward.
430.0,2025-09-28T18:10:00Z,REPLAY,current_status,I054:mass_transport:2,I054,mass_transport,w-pc-10,5,No unit able to provide mass transport could reach this ward within 45 minutes without pulling a unit off a higher-severity ward.
430.0,2025-09-28T18:10:00Z,REPLAY,current_status,I057:mass_transport:0,I057,mass_transport,w-pc-02,4,No unit able to provide mass transport could reach this ward within 45 minutes without pulling a unit off a higher-severity ward.
430.0,2025-09-28T18:10:00Z,REPLAY,current_status,I057:mass_transport:1,I057,mass_transport,w-pc-02,4,No unit able to provide mass transport could reach this ward within 45 minutes without pulling a unit off a higher-severity ward.
430.0,2025-09-28T18:10:00Z,REPLAY,current_status,I060:mass_transport:0,I060,mass_transport,w-pc-06,5,No unit able to provide mass transport could reach this ward within 45 minutes without pulling a unit off a higher-severity ward.
430.0,2025-09-28T18:10:00Z,REPLAY,current_status,I060:mass_transport:1,I060,mass_transport,w-pc-06,5,No unit able to provide mass transport could reach this ward within 45 minutes without pulling a unit off a higher-severity ward.
430.0,2025-09-28T18:10:00Z,REPLAY,current_status,I060:mass_transport:2,I060,mass_transport,w-pc-06,5,No unit able to provide mass transport could reach this ward within 45 minutes without pulling a unit off a higher-severity ward.
430.0,2025-09-28T18:10:00Z,REPLAY,current_status,I061:mass_transport:0,I061,mass_transport,w-pc-11,5,No unit able to provide mass transport could reach this ward within 45 minutes without pulling a unit off a higher-severity ward.
430.0,2025-09-28T18:10:00Z,REPLAY,current_status,I061:mass_transport:1,I061,mass_transport,w-pc-11,5,No unit able to provide mass transport could reach this ward within 45 minutes without pulling a unit off a higher-severity ward.
430.0,2025-09-28T18:10:00Z,REPLAY,current_status,I061:mass_transport:2,I061,mass_transport,w-pc-11,5,No unit able to provide mass transport could reach this ward within 45 minutes without pulling a unit off a higher-severity ward.
430.0,2025-09-28T18:10:00Z,REPLAY,current_status,I062:mass_transport:0,I062,mass_transport,w-pc-10,4,No unit able to provide mass transport could reach this ward within 45 minutes without pulling a unit off a higher-severity ward.
430.0,2025-09-28T18:10:00Z,REPLAY,current_status,I062:mass_transport:1,I062,mass_transport,w-pc-10,4,No unit able to provide mass transport could reach this ward within 45 minutes without pulling a unit off a higher-severity ward.
430.0,2025-09-28T18:10:00Z,REPLAY,current_status,I063:mass_transport:0,I063,mass_transport,w-pc-13,5,No unit able to provide mass transport could reach this ward within 45 minutes without pulling a unit off a higher-severity ward.
430.0,2025-09-28T18:10:00Z,REPLAY,current_status,I063:mass_transport:1,I063,mass_transport,w-pc-13,5,No unit able to provide mass transport could reach this ward within 45 minutes without pulling a unit off a higher-severity ward.
430.0,2025-09-28T18:10:00Z,REPLAY,current_status,I063:mass_transport:2,I063,mass_transport,w-pc-13,5,No unit able to provide mass transport could reach this ward within 45 minutes without pulling a unit off a higher-severity ward.
430.0,2025-09-28T18:10:00Z,REPLAY,current_status,I064:mass_transport:0,I064,mass_transport,w-pc-11,5,No unit able to provide mass transport could reach this ward within 45 minutes without pulling a unit off a higher-severity ward.
430.0,2025-09-28T18:10:00Z,REPLAY,current_status,I064:mass_transport:1,I064,mass_transport,w-pc-11,5,No unit able to provide mass transport could reach this ward within 45 minutes without pulling a unit off a higher-severity ward.
430.0,2025-09-28T18:10:00Z,REPLAY,current_status,I064:mass_transport:2,I064,mass_transport,w-pc-11,5,No unit able to provide mass transport could reach this ward within 45 minutes without pulling a unit off a higher-severity ward.
430.0,2025-09-28T18:10:00Z,REPLAY,current_status,I065:mass_transport:0,I065,mass_transport,w-pc-11,4,No unit able to provide mass transport could reach this ward within 45 minutes without pulling a unit off a higher-severity ward.
430.0,2025-09-28T18:10:00Z,REPLAY,current_status,I065:mass_transport:1,I065,mass_transport,w-pc-11,4,No unit able to provide mass transport could reach this ward within 45 minutes without pulling a unit off a higher-severity ward.
430.0,2025-09-28T18:10:00Z,REPLAY,current_status,I068:mass_transport:0,I068,mass_transport,w-pc-10,4,No unit able to provide mass transport could reach this ward within 45 minutes without pulling a unit off a higher-severity ward.
430.0,2025-09-28T18:10:00Z,REPLAY,current_status,I068:mass_transport:1,I068,mass_transport,w-pc-10,4,No unit able to provide mass transport could reach this ward within 45 minutes without pulling a unit off a higher-severity ward.
430.0,2025-09-28T18:10:00Z,REPLAY,current_status,I068:dewatering:0,I068,dewatering,w-pc-10,4,No unit able to provide dewatering could reach this ward within 45 minutes without pulling a unit off a higher-severity ward.
430.0,2025-09-28T18:10:00Z,REPLAY,current_status,I071:mass_transport:0,I071,mass_transport,w-pc-07,4,No unit able to provide mass transport could reach this ward within 45 minutes without pulling a unit off a higher-severity ward.
430.0,2025-09-28T18:10:00Z,REPLAY,current_status,I071:mass_transport:1,I071,mass_transport,w-pc-07,4,No unit able to provide mass transport could reach this ward within 45 minutes without pulling a unit off a higher-severity ward.
430.0,2025-09-28T18:10:00Z,REPLAY,current_status,I072:mass_transport:0,I072,mass_transport,w-pc-14,4,No unit able to provide mass transport could reach this ward within 45 minutes without pulling a unit off a higher-severity ward.
430.0,2025-09-28T18:10:00Z,REPLAY,current_status,I072:mass_transport:1,I072,mass_transport,w-pc-14,4,No unit able to provide mass transport could reach this ward within 45 minutes without pulling a unit off a higher-severity ward.
430.0,2025-09-28T18:10:00Z,REPLAY,current_status,I072:dewatering:0,I072,dewatering,w-pc-14,4,No unit able to provide dewatering could reach this ward within 45 minutes without pulling a unit off a higher-severity ward.
430.0,2025-09-28T18:10:00Z,REPLAY,current_status,I074:mass_transport:0,I074,mass_transport,w-pc-02,4,No unit able to provide mass transport could reach this ward within 45 minutes without pulling a unit off a higher-severity ward.
430.0,2025-09-28T18:10:00Z,REPLAY,current_status,I074:mass_transport:1,I074,mass_transport,w-pc-02,4,No unit able to provide mass transport could reach this ward within 45 minutes without pulling a unit off a higher-severity ward.
430.0,2025-09-28T18:10:00Z,REPLAY,current_status,I074:dewatering:0,I074,dewatering,w-pc-02,4,No unit able to provide dewatering could reach this ward within 45 minutes without pulling a unit off a higher-severity ward.
430.0,2025-09-28T18:10:00Z,REPLAY,current_status,I077:field_assessment:0,I077,field_assessment,w-pc-13,2,No unit able to provide field assessment could reach this ward within 45 minutes without pulling a unit off a higher-severity ward.
430.0,2025-09-28T18:10:00Z,REPLAY,current_status,I079:mass_transport:0,I079,mass_transport,w-pc-07,4,No unit able to provide mass transport could reach this ward within 45 minutes without pulling a unit off a higher-severity ward.
430.0,2025-09-28T18:10:00Z,REPLAY,current_status,I079:mass_transport:1,I079,mass_transport,w-pc-07,4,No unit able to provide mass transport could reach this ward within 45 minutes without pulling a unit off a higher-severity ward.
430.0,2025-09-28T18:10:00Z,REPLAY,current_status,I079:dewatering:0,I079,dewatering,w-pc-07,4,No unit able to provide dewatering could reach this ward within 45 minutes without pulling a unit off a higher-severity ward.
430.0,2025-09-28T18:10:00Z,REPLAY,current_status,I080:dewatering:0,I080,dewatering,w-pc-07,2,No unit able to provide dewatering could reach this ward within 45 minutes without pulling a unit off a higher-severity ward.
430.0,2025-09-28T18:10:00Z,REPLAY,current_status,I081:field_assessment:0,I081,field_assessment,w-pc-09,2,No unit able to provide field assessment could reach this ward within 45 minutes without pulling a unit off a higher-severity ward.
430.0,2025-09-28T18:10:00Z,REPLAY,current_status,I082:debris_clearance:0,I082,debris_clearance,w-pc-12,3,No unit able to provide debris clearance could reach this ward within 45 minutes without pulling a unit off a higher-severity ward.
430.0,2025-09-28T18:10:00Z,REPLAY,current_status,I085:mass_transport:0,I085,mass_transport,w-pc-09,4,No unit able to provide mass transport could reach this ward within 45 minutes without pulling a unit off a higher-severity ward.
430.0,2025-09-28T18:10:00Z,REPLAY,current_status,I085:mass_transport:1,I085,mass_transport,w-pc-09,4,No unit able to provide mass transport could reach this ward within 45 minutes without pulling a unit off a higher-severity ward.
430.0,2025-09-28T18:10:00Z,REPLAY,current_status,I085:dewatering:0,I085,dewatering,w-pc-09,4,No unit able to provide dewatering could reach this ward within 45 minutes without pulling a unit off a higher-severity ward.
430.0,2025-09-28T18:10:00Z,REPLAY,current_status,I086:field_assessment:0,I086,field_assessment,w-pc-13,2,No unit able to provide field assessment could reach this ward within 45 minutes without pulling a unit off a higher-severity ward.
430.0,2025-09-28T18:10:00Z,REPLAY,current_status,I087:field_assessment:0,I087,field_assessment,w-pc-08,2,No unit able to provide field assessment could reach this ward within 45 minutes without pulling a unit off a higher-severity ward.
430.0,2025-09-28T18:10:00Z,REPLAY,current_status,I088:mass_transport:0,I088,mass_transport,w-pc-13,4,No unit able to provide mass transport could reach this ward within 45 minutes without pulling a unit off a higher-severity ward.
430.0,2025-09-28T18:10:00Z,REPLAY,current_status,I088:dewatering:0,I088,dewatering,w-pc-13,4,No unit able to provide dewatering could reach this ward within 45 minutes without pulling a unit off a higher-severity ward.
430.0,2025-09-28T18:10:00Z,REPLAY,current_status,I089:field_assessment:0,I089,field_assessment,w-pc-08,2,No unit able to provide field assessment could reach this ward within 45 minutes without pulling a unit off a higher-severity ward.
430.0,2025-09-28T18:10:00Z,REPLAY,current_status,I091:field_assessment:0,I091,field_assessment,w-pc-11,2,No unit able to provide field assessment could reach this ward within 45 minutes without pulling a unit off a higher-severity ward.
430.0,2025-09-28T18:10:00Z,REPLAY,current_status,I092:field_assessment:0,I092,field_assessment,w-pc-11,2,No unit able to provide field assessment could reach this ward within 45 minutes without pulling a unit off a higher-severity ward.
430.0,2025-09-28T18:10:00Z,REPLAY,current_status,I093:field_assessment:0,I093,field_assessment,w-pc-07,2,No unit able to provide field assessment could reach this ward within 45 minutes without pulling a unit off a higher-severity ward.
440.0,2025-09-28T18:20:00Z,REPLAY,current_status,I001:mass_transport:0,I001,mass_transport,w-pc-11,5,No unit able to provide mass transport could reach this ward within 45 minutes without pulling a unit off a higher-severity ward.
440.0,2025-09-28T18:20:00Z,REPLAY,current_status,I001:mass_transport:1,I001,mass_transport,w-pc-11,5,No unit able to provide mass transport could reach this ward within 45 minutes without pulling a unit off a higher-severity ward.
440.0,2025-09-28T18:20:00Z,REPLAY,current_status,I001:mass_transport:2,I001,mass_transport,w-pc-11,5,No unit able to provide mass transport could reach this ward within 45 minutes without pulling a unit off a higher-severity ward.
440.0,2025-09-28T18:20:00Z,REPLAY,current_status,I006:mass_transport:0,I006,mass_transport,w-pc-14,5,No unit able to provide mass transport could reach this ward within 45 minutes without pulling a unit off a higher-severity ward.
440.0,2025-09-28T18:20:00Z,REPLAY,current_status,I006:mass_transport:1,I006,mass_transport,w-pc-14,5,No unit able to provide mass transport could reach this ward within 45 minutes without pulling a unit off a higher-severity ward.
440.0,2025-09-28T18:20:00Z,REPLAY,current_status,I006:mass_transport:2,I006,mass_transport,w-pc-14,5,No unit able to provide mass transport could reach this ward within 45 minutes without pulling a unit off a higher-severity ward.
440.0,2025-09-28T18:20:00Z,REPLAY,current_status,I009:mass_transport:0,I009,mass_transport,w-pc-07,4,No unit able to provide mass transport could reach this ward within 45 minutes without pulling a unit off a higher-severity ward.
440.0,2025-09-28T18:20:00Z,REPLAY,current_status,I009:mass_transport:1,I009,mass_transport,w-pc-07,4,No unit able to provide mass transport could reach this ward within 45 minutes without pulling a unit off a higher-severity ward.
440.0,2025-09-28T18:20:00Z,REPLAY,current_status,I011:mass_transport:0,I011,mass_transport,w-pc-14,4,No unit able to provide mass transport could reach this ward within 45 minutes without pulling a unit off a higher-severity ward.
440.0,2025-09-28T18:20:00Z,REPLAY,current_status,I011:mass_transport:1,I011,mass_transport,w-pc-14,4,No unit able to provide mass transport could reach this ward within 45 minutes without pulling a unit off a higher-severity ward.
440.0,2025-09-28T18:20:00Z,REPLAY,current_status,I015:mass_transport:0,I015,mass_transport,w-pc-11,4,No unit able to provide mass transport could reach this ward within 45 minutes without pulling a unit off a higher-severity ward.
440.0,2025-09-28T18:20:00Z,REPLAY,current_status,I015:mass_transport:1,I015,mass_transport,w-pc-11,4,No unit able to provide mass transport could reach this ward within 45 minutes without pulling a unit off a higher-severity ward.
440.0,2025-09-28T18:20:00Z,REPLAY,current_status,I017:mass_transport:0,I017,mass_transport,w-pc-07,5,No unit able to provide mass transport could reach this ward within 45 minutes without pulling a unit off a higher-severity ward.
440.0,2025-09-28T18:20:00Z,REPLAY,current_status,I024:mass_transport:0,I024,mass_transport,w-pc-06,4,No unit able to provide mass transport could reach this ward within 45 minutes without pulling a unit off a higher-severity ward.
440.0,2025-09-28T18:20:00Z,REPLAY,current_status,I024:mass_transport:1,I024,mass_transport,w-pc-06,4,No unit able to provide mass transport could reach this ward within 45 minutes without pulling a unit off a higher-severity ward.
440.0,2025-09-28T18:20:00Z,REPLAY,current_status,I027:mass_transport:0,I027,mass_transport,w-pc-10,4,No unit able to provide mass transport could reach this ward within 45 minutes without pulling a unit off a higher-severity ward.
440.0,2025-09-28T18:20:00Z,REPLAY,current_status,I027:mass_transport:1,I027,mass_transport,w-pc-10,4,No unit able to provide mass transport could reach this ward within 45 minutes without pulling a unit off a higher-severity ward.
440.0,2025-09-28T18:20:00Z,REPLAY,current_status,I029:mass_transport:0,I029,mass_transport,w-pc-13,4,No unit able to provide mass transport could reach this ward within 45 minutes without pulling a unit off a higher-severity ward.
440.0,2025-09-28T18:20:00Z,REPLAY,current_status,I030:mass_transport:0,I030,mass_transport,w-pc-06,4,No unit able to provide mass transport could reach this ward within 45 minutes without pulling a unit off a higher-severity ward.
440.0,2025-09-28T18:20:00Z,REPLAY,current_status,I030:mass_transport:1,I030,mass_transport,w-pc-06,4,No unit able to provide mass transport could reach this ward within 45 minutes without pulling a unit off a higher-severity ward.
440.0,2025-09-28T18:20:00Z,REPLAY,current_status,I035:mass_transport:0,I035,mass_transport,w-pc-11,5,No unit able to provide mass transport could reach this ward within 45 minutes without pulling a unit off a higher-severity ward.
440.0,2025-09-28T18:20:00Z,REPLAY,current_status,I035:mass_transport:1,I035,mass_transport,w-pc-11,5,No unit able to provide mass transport could reach this ward within 45 minutes without pulling a unit off a higher-severity ward.
440.0,2025-09-28T18:20:00Z,REPLAY,current_status,I035:mass_transport:2,I035,mass_transport,w-pc-11,5,No unit able to provide mass transport could reach this ward within 45 minutes without pulling a unit off a higher-severity ward.
440.0,2025-09-28T18:20:00Z,REPLAY,current_status,I038:mass_transport:0,I038,mass_transport,w-pc-11,4,No unit able to provide mass transport could reach this ward within 45 minutes without pulling a unit off a higher-severity ward.
440.0,2025-09-28T18:20:00Z,REPLAY,current_status,I038:mass_transport:1,I038,mass_transport,w-pc-11,4,No unit able to provide mass transport could reach this ward within 45 minutes without pulling a unit off a higher-severity ward.
440.0,2025-09-28T18:20:00Z,REPLAY,current_status,I039:mass_transport:0,I039,mass_transport,w-pc-13,4,No unit able to provide mass transport could reach this ward within 45 minutes without pulling a unit off a higher-severity ward.
440.0,2025-09-28T18:20:00Z,REPLAY,current_status,I042:mass_transport:0,I042,mass_transport,w-pc-02,4,No unit able to provide mass transport could reach this ward within 45 minutes without pulling a unit off a higher-severity ward.
440.0,2025-09-28T18:20:00Z,REPLAY,current_status,I042:mass_transport:1,I042,mass_transport,w-pc-02,4,No unit able to provide mass transport could reach this ward within 45 minutes without pulling a unit off a higher-severity ward.
440.0,2025-09-28T18:20:00Z,REPLAY,current_status,I046:mass_transport:0,I046,mass_transport,w-pc-11,5,No unit able to provide mass transport could reach this ward within 45 minutes without pulling a unit off a higher-severity ward.
440.0,2025-09-28T18:20:00Z,REPLAY,current_status,I046:mass_transport:1,I046,mass_transport,w-pc-11,5,No unit able to provide mass transport could reach this ward within 45 minutes without pulling a unit off a higher-severity ward.
440.0,2025-09-28T18:20:00Z,REPLAY,current_status,I046:mass_transport:2,I046,mass_transport,w-pc-11,5,No unit able to provide mass transport could reach this ward within 45 minutes without pulling a unit off a higher-severity ward.
440.0,2025-09-28T18:20:00Z,REPLAY,current_status,I048:mass_transport:0,I048,mass_transport,w-pc-07,5,No unit able to provide mass transport could reach this ward within 45 minutes without pulling a unit off a higher-severity ward.
440.0,2025-09-28T18:20:00Z,REPLAY,current_status,I048:mass_transport:1,I048,mass_transport,w-pc-07,5,No unit able to provide mass transport could reach this ward within 45 minutes without pulling a unit off a higher-severity ward.
440.0,2025-09-28T18:20:00Z,REPLAY,current_status,I048:mass_transport:2,I048,mass_transport,w-pc-07,5,No unit able to provide mass transport could reach this ward within 45 minutes without pulling a unit off a higher-severity ward.
440.0,2025-09-28T18:20:00Z,REPLAY,current_status,I050:search_rescue:0,I050,search_rescue,w-pc-09,5,No unit able to provide search rescue could reach this ward within 45 minutes without pulling a unit off a higher-severity ward.
440.0,2025-09-28T18:20:00Z,REPLAY,current_status,I054:mass_transport:0,I054,mass_transport,w-pc-10,5,No unit able to provide mass transport could reach this ward within 45 minutes without pulling a unit off a higher-severity ward.
440.0,2025-09-28T18:20:00Z,REPLAY,current_status,I054:mass_transport:1,I054,mass_transport,w-pc-10,5,No unit able to provide mass transport could reach this ward within 45 minutes without pulling a unit off a higher-severity ward.
440.0,2025-09-28T18:20:00Z,REPLAY,current_status,I054:mass_transport:2,I054,mass_transport,w-pc-10,5,No unit able to provide mass transport could reach this ward within 45 minutes without pulling a unit off a higher-severity ward.
440.0,2025-09-28T18:20:00Z,REPLAY,current_status,I057:mass_transport:0,I057,mass_transport,w-pc-02,4,No unit able to provide mass transport could reach this ward within 45 minutes without pulling a unit off a higher-severity ward.
440.0,2025-09-28T18:20:00Z,REPLAY,current_status,I057:mass_transport:1,I057,mass_transport,w-pc-02,4,No unit able to provide mass transport could reach this ward within 45 minutes without pulling a unit off a higher-severity ward.
440.0,2025-09-28T18:20:00Z,REPLAY,current_status,I060:mass_transport:0,I060,mass_transport,w-pc-06,5,No unit able to provide mass transport could reach this ward within 45 minutes without pulling a unit off a higher-severity ward.
440.0,2025-09-28T18:20:00Z,REPLAY,current_status,I060:mass_transport:1,I060,mass_transport,w-pc-06,5,No unit able to provide mass transport could reach this ward within 45 minutes without pulling a unit off a higher-severity ward.
440.0,2025-09-28T18:20:00Z,REPLAY,current_status,I060:mass_transport:2,I060,mass_transport,w-pc-06,5,No unit able to provide mass transport could reach this ward within 45 minutes without pulling a unit off a higher-severity ward.
440.0,2025-09-28T18:20:00Z,REPLAY,current_status,I061:mass_transport:0,I061,mass_transport,w-pc-11,5,No unit able to provide mass transport could reach this ward within 45 minutes without pulling a unit off a higher-severity ward.
440.0,2025-09-28T18:20:00Z,REPLAY,current_status,I061:mass_transport:1,I061,mass_transport,w-pc-11,5,No unit able to provide mass transport could reach this ward within 45 minutes without pulling a unit off a higher-severity ward.
440.0,2025-09-28T18:20:00Z,REPLAY,current_status,I061:mass_transport:2,I061,mass_transport,w-pc-11,5,No unit able to provide mass transport could reach this ward within 45 minutes without pulling a unit off a higher-severity ward.
440.0,2025-09-28T18:20:00Z,REPLAY,current_status,I062:mass_transport:0,I062,mass_transport,w-pc-10,4,No unit able to provide mass transport could reach this ward within 45 minutes without pulling a unit off a higher-severity ward.
440.0,2025-09-28T18:20:00Z,REPLAY,current_status,I062:mass_transport:1,I062,mass_transport,w-pc-10,4,No unit able to provide mass transport could reach this ward within 45 minutes without pulling a unit off a higher-severity ward.
440.0,2025-09-28T18:20:00Z,REPLAY,current_status,I063:mass_transport:0,I063,mass_transport,w-pc-13,5,No unit able to provide mass transport could reach this ward within 45 minutes without pulling a unit off a higher-severity ward.
440.0,2025-09-28T18:20:00Z,REPLAY,current_status,I063:mass_transport:1,I063,mass_transport,w-pc-13,5,No unit able to provide mass transport could reach this ward within 45 minutes without pulling a unit off a higher-severity ward.
440.0,2025-09-28T18:20:00Z,REPLAY,current_status,I063:mass_transport:2,I063,mass_transport,w-pc-13,5,No unit able to provide mass transport could reach this ward within 45 minutes without pulling a unit off a higher-severity ward.
440.0,2025-09-28T18:20:00Z,REPLAY,current_status,I064:mass_transport:0,I064,mass_transport,w-pc-11,5,No unit able to provide mass transport could reach this ward within 45 minutes without pulling a unit off a higher-severity ward.
440.0,2025-09-28T18:20:00Z,REPLAY,current_status,I064:mass_transport:1,I064,mass_transport,w-pc-11,5,No unit able to provide mass transport could reach this ward within 45 minutes without pulling a unit off a higher-severity ward.
440.0,2025-09-28T18:20:00Z,REPLAY,current_status,I064:mass_transport:2,I064,mass_transport,w-pc-11,5,No unit able to provide mass transport could reach this ward within 45 minutes without pulling a unit off a higher-severity ward.
440.0,2025-09-28T18:20:00Z,REPLAY,current_status,I065:mass_transport:0,I065,mass_transport,w-pc-11,4,No unit able to provide mass transport could reach this ward within 45 minutes without pulling a unit off a higher-severity ward.
440.0,2025-09-28T18:20:00Z,REPLAY,current_status,I065:mass_transport:1,I065,mass_transport,w-pc-11,4,No unit able to provide mass transport could reach this ward within 45 minutes without pulling a unit off a higher-severity ward.
440.0,2025-09-28T18:20:00Z,REPLAY,current_status,I068:mass_transport:0,I068,mass_transport,w-pc-10,4,No unit able to provide mass transport could reach this ward within 45 minutes without pulling a unit off a higher-severity ward.
440.0,2025-09-28T18:20:00Z,REPLAY,current_status,I068:mass_transport:1,I068,mass_transport,w-pc-10,4,No unit able to provide mass transport could reach this ward within 45 minutes without pulling a unit off a higher-severity ward.
440.0,2025-09-28T18:20:00Z,REPLAY,current_status,I068:dewatering:0,I068,dewatering,w-pc-10,4,No unit able to provide dewatering could reach this ward within 45 minutes without pulling a unit off a higher-severity ward.
440.0,2025-09-28T18:20:00Z,REPLAY,current_status,I071:mass_transport:0,I071,mass_transport,w-pc-07,4,No unit able to provide mass transport could reach this ward within 45 minutes without pulling a unit off a higher-severity ward.
440.0,2025-09-28T18:20:00Z,REPLAY,current_status,I071:mass_transport:1,I071,mass_transport,w-pc-07,4,No unit able to provide mass transport could reach this ward within 45 minutes without pulling a unit off a higher-severity ward.
440.0,2025-09-28T18:20:00Z,REPLAY,current_status,I072:mass_transport:0,I072,mass_transport,w-pc-14,4,No unit able to provide mass transport could reach this ward within 45 minutes without pulling a unit off a higher-severity ward.
440.0,2025-09-28T18:20:00Z,REPLAY,current_status,I072:mass_transport:1,I072,mass_transport,w-pc-14,4,No unit able to provide mass transport could reach this ward within 45 minutes without pulling a unit off a higher-severity ward.
440.0,2025-09-28T18:20:00Z,REPLAY,current_status,I072:dewatering:0,I072,dewatering,w-pc-14,4,No unit able to provide dewatering could reach this ward within 45 minutes without pulling a unit off a higher-severity ward.
440.0,2025-09-28T18:20:00Z,REPLAY,current_status,I074:mass_transport:0,I074,mass_transport,w-pc-02,4,No unit able to provide mass transport could reach this ward within 45 minutes without pulling a unit off a higher-severity ward.
440.0,2025-09-28T18:20:00Z,REPLAY,current_status,I074:mass_transport:1,I074,mass_transport,w-pc-02,4,No unit able to provide mass transport could reach this ward within 45 minutes without pulling a unit off a higher-severity ward.
440.0,2025-09-28T18:20:00Z,REPLAY,current_status,I074:dewatering:0,I074,dewatering,w-pc-02,4,No unit able to provide dewatering could reach this ward within 45 minutes without pulling a unit off a higher-severity ward.
440.0,2025-09-28T18:20:00Z,REPLAY,current_status,I077:field_assessment:0,I077,field_assessment,w-pc-13,2,No unit able to provide field assessment could reach this ward within 45 minutes without pulling a unit off a higher-severity ward.
440.0,2025-09-28T18:20:00Z,REPLAY,current_status,I079:mass_transport:0,I079,mass_transport,w-pc-07,4,No unit able to provide mass transport could reach this ward within 45 minutes without pulling a unit off a higher-severity ward.
440.0,2025-09-28T18:20:00Z,REPLAY,current_status,I079:mass_transport:1,I079,mass_transport,w-pc-07,4,No unit able to provide mass transport could reach this ward within 45 minutes without pulling a unit off a higher-severity ward.
440.0,2025-09-28T18:20:00Z,REPLAY,current_status,I079:dewatering:0,I079,dewatering,w-pc-07,4,No unit able to provide dewatering could reach this ward within 45 minutes without pulling a unit off a higher-severity ward.
440.0,2025-09-28T18:20:00Z,REPLAY,current_status,I080:dewatering:0,I080,dewatering,w-pc-07,2,No unit able to provide dewatering could reach this ward within 45 minutes without pulling a unit off a higher-severity ward.
440.0,2025-09-28T18:20:00Z,REPLAY,current_status,I081:field_assessment:0,I081,field_assessment,w-pc-09,2,No unit able to provide field assessment could reach this ward within 45 minutes without pulling a unit off a higher-severity ward.
440.0,2025-09-28T18:20:00Z,REPLAY,current_status,I082:debris_clearance:0,I082,debris_clearance,w-pc-12,3,No unit able to provide debris clearance could reach this ward within 45 minutes without pulling a unit off a higher-severity ward.
440.0,2025-09-28T18:20:00Z,REPLAY,current_status,I085:mass_transport:0,I085,mass_transport,w-pc-09,4,No unit able to provide mass transport could reach this ward within 45 minutes without pulling a unit off a higher-severity ward.
440.0,2025-09-28T18:20:00Z,REPLAY,current_status,I085:mass_transport:1,I085,mass_transport,w-pc-09,4,No unit able to provide mass transport could reach this ward within 45 minutes without pulling a unit off a higher-severity ward.
440.0,2025-09-28T18:20:00Z,REPLAY,current_status,I085:dewatering:0,I085,dewatering,w-pc-09,4,No unit able to provide dewatering could reach this ward within 45 minutes without pulling a unit off a higher-severity ward.
440.0,2025-09-28T18:20:00Z,REPLAY,current_status,I086:field_assessment:0,I086,field_assessment,w-pc-13,2,No unit able to provide field assessment could reach this ward within 45 minutes without pulling a unit off a higher-severity ward.
440.0,2025-09-28T18:20:00Z,REPLAY,current_status,I088:mass_transport:0,I088,mass_transport,w-pc-13,4,No unit able to provide mass transport could reach this ward within 45 minutes without pulling a unit off a higher-severity ward.
440.0,2025-09-28T18:20:00Z,REPLAY,current_status,I088:dewatering:0,I088,dewatering,w-pc-13,4,No unit able to provide dewatering could reach this ward within 45 minutes without pulling a unit off a higher-severity ward.
440.0,2025-09-28T18:20:00Z,REPLAY,current_status,I089:field_assessment:0,I089,field_assessment,w-pc-08,2,No unit able to provide field assessment could reach this ward within 45 minutes without pulling a unit off a higher-severity ward.
440.0,2025-09-28T18:20:00Z,REPLAY,current_status,I090:field_assessment:0,I090,field_assessment,w-pc-11,2,No unit able to provide field assessment could reach this ward within 45 minutes without pulling a unit off a higher-severity ward.
440.0,2025-09-28T18:20:00Z,REPLAY,current_status,I091:field_assessment:0,I091,field_assessment,w-pc-11,2,No unit able to provide field assessment could reach this ward within 45 minutes without pulling a unit off a higher-severity ward.
440.0,2025-09-28T18:20:00Z,REPLAY,current_status,I092:field_assessment:0,I092,field_assessment,w-pc-11,2,No unit able to provide field assessment could reach this ward within 45 minutes without pulling a unit off a higher-severity ward.
440.0,2025-09-28T18:20:00Z,REPLAY,current_status,I093:field_assessment:0,I093,field_assessment,w-pc-07,2,No unit able to provide field assessment could reach this ward within 45 minutes without pulling a unit off a higher-severity ward.
440.0,2025-09-28T18:20:00Z,REPLAY,current_status,I094:field_assessment:0,I094,field_assessment,w-pc-03,2,No unit able to provide field assessment could reach this ward within 45 minutes without pulling a unit off a higher-severity ward.
440.0,2025-09-28T18:20:00Z,REPLAY,current_status,I095:field_assessment:0,I095,field_assessment,w-pc-10,2,No unit able to provide field assessment could reach this ward within 45 minutes without pulling a unit off a higher-severity ward.
450.0,2025-09-28T18:30:00Z,REPLAY,current_status,I001:mass_transport:0,I001,mass_transport,w-pc-11,5,No unit able to provide mass transport could reach this ward within 45 minutes without pulling a unit off a higher-severity ward.
450.0,2025-09-28T18:30:00Z,REPLAY,current_status,I001:mass_transport:1,I001,mass_transport,w-pc-11,5,No unit able to provide mass transport could reach this ward within 45 minutes without pulling a unit off a higher-severity ward.
450.0,2025-09-28T18:30:00Z,REPLAY,current_status,I001:mass_transport:2,I001,mass_transport,w-pc-11,5,No unit able to provide mass transport could reach this ward within 45 minutes without pulling a unit off a higher-severity ward.
450.0,2025-09-28T18:30:00Z,REPLAY,current_status,I006:mass_transport:0,I006,mass_transport,w-pc-14,5,No unit able to provide mass transport could reach this ward within 45 minutes without pulling a unit off a higher-severity ward.
450.0,2025-09-28T18:30:00Z,REPLAY,current_status,I006:mass_transport:1,I006,mass_transport,w-pc-14,5,No unit able to provide mass transport could reach this ward within 45 minutes without pulling a unit off a higher-severity ward.
450.0,2025-09-28T18:30:00Z,REPLAY,current_status,I006:mass_transport:2,I006,mass_transport,w-pc-14,5,No unit able to provide mass transport could reach this ward within 45 minutes without pulling a unit off a higher-severity ward.
450.0,2025-09-28T18:30:00Z,REPLAY,current_status,I009:mass_transport:0,I009,mass_transport,w-pc-07,4,No unit able to provide mass transport could reach this ward within 45 minutes without pulling a unit off a higher-severity ward.
450.0,2025-09-28T18:30:00Z,REPLAY,current_status,I009:mass_transport:1,I009,mass_transport,w-pc-07,4,No unit able to provide mass transport could reach this ward within 45 minutes without pulling a unit off a higher-severity ward.
450.0,2025-09-28T18:30:00Z,REPLAY,current_status,I011:mass_transport:0,I011,mass_transport,w-pc-14,4,No unit able to provide mass transport could reach this ward within 45 minutes without pulling a unit off a higher-severity ward.
450.0,2025-09-28T18:30:00Z,REPLAY,current_status,I011:mass_transport:1,I011,mass_transport,w-pc-14,4,No unit able to provide mass transport could reach this ward within 45 minutes without pulling a unit off a higher-severity ward.
450.0,2025-09-28T18:30:00Z,REPLAY,current_status,I015:mass_transport:0,I015,mass_transport,w-pc-11,4,No unit able to provide mass transport could reach this ward within 45 minutes without pulling a unit off a higher-severity ward.
450.0,2025-09-28T18:30:00Z,REPLAY,current_status,I015:mass_transport:1,I015,mass_transport,w-pc-11,4,No unit able to provide mass transport could reach this ward within 45 minutes without pulling a unit off a higher-severity ward.
450.0,2025-09-28T18:30:00Z,REPLAY,current_status,I017:mass_transport:0,I017,mass_transport,w-pc-07,5,No unit able to provide mass transport could reach this ward within 45 minutes without pulling a unit off a higher-severity ward.
450.0,2025-09-28T18:30:00Z,REPLAY,current_status,I024:mass_transport:0,I024,mass_transport,w-pc-06,4,No unit able to provide mass transport could reach this ward within 45 minutes without pulling a unit off a higher-severity ward.
450.0,2025-09-28T18:30:00Z,REPLAY,current_status,I024:mass_transport:1,I024,mass_transport,w-pc-06,4,No unit able to provide mass transport could reach this ward within 45 minutes without pulling a unit off a higher-severity ward.
450.0,2025-09-28T18:30:00Z,REPLAY,current_status,I027:mass_transport:0,I027,mass_transport,w-pc-10,4,No unit able to provide mass transport could reach this ward within 45 minutes without pulling a unit off a higher-severity ward.
450.0,2025-09-28T18:30:00Z,REPLAY,current_status,I027:mass_transport:1,I027,mass_transport,w-pc-10,4,No unit able to provide mass transport could reach this ward within 45 minutes without pulling a unit off a higher-severity ward.
450.0,2025-09-28T18:30:00Z,REPLAY,current_status,I029:mass_transport:0,I029,mass_transport,w-pc-13,4,No unit able to provide mass transport could reach this ward within 45 minutes without pulling a unit off a higher-severity ward.
450.0,2025-09-28T18:30:00Z,REPLAY,current_status,I030:mass_transport:0,I030,mass_transport,w-pc-06,4,No unit able to provide mass transport could reach this ward within 45 minutes without pulling a unit off a higher-severity ward.
450.0,2025-09-28T18:30:00Z,REPLAY,current_status,I030:mass_transport:1,I030,mass_transport,w-pc-06,4,No unit able to provide mass transport could reach this ward within 45 minutes without pulling a unit off a higher-severity ward.
450.0,2025-09-28T18:30:00Z,REPLAY,current_status,I035:mass_transport:0,I035,mass_transport,w-pc-11,5,No unit able to provide mass transport could reach this ward within 45 minutes without pulling a unit off a higher-severity ward.
450.0,2025-09-28T18:30:00Z,REPLAY,current_status,I035:mass_transport:1,I035,mass_transport,w-pc-11,5,No unit able to provide mass transport could reach this ward within 45 minutes without pulling a unit off a higher-severity ward.
450.0,2025-09-28T18:30:00Z,REPLAY,current_status,I035:mass_transport:2,I035,mass_transport,w-pc-11,5,No unit able to provide mass transport could reach this ward within 45 minutes without pulling a unit off a higher-severity ward.
450.0,2025-09-28T18:30:00Z,REPLAY,current_status,I038:mass_transport:0,I038,mass_transport,w-pc-11,4,No unit able to provide mass transport could reach this ward within 45 minutes without pulling a unit off a higher-severity ward.
450.0,2025-09-28T18:30:00Z,REPLAY,current_status,I038:mass_transport:1,I038,mass_transport,w-pc-11,4,No unit able to provide mass transport could reach this ward within 45 minutes without pulling a unit off a higher-severity ward.
450.0,2025-09-28T18:30:00Z,REPLAY,current_status,I039:mass_transport:0,I039,mass_transport,w-pc-13,4,No unit able to provide mass transport could reach this ward within 45 minutes without pulling a unit off a higher-severity ward.
450.0,2025-09-28T18:30:00Z,REPLAY,current_status,I042:mass_transport:0,I042,mass_transport,w-pc-02,4,No unit able to provide mass transport could reach this ward within 45 minutes without pulling a unit off a higher-severity ward.
450.0,2025-09-28T18:30:00Z,REPLAY,current_status,I042:mass_transport:1,I042,mass_transport,w-pc-02,4,No unit able to provide mass transport could reach this ward within 45 minutes without pulling a unit off a higher-severity ward.
450.0,2025-09-28T18:30:00Z,REPLAY,current_status,I046:mass_transport:0,I046,mass_transport,w-pc-11,5,No unit able to provide mass transport could reach this ward within 45 minutes without pulling a unit off a higher-severity ward.
450.0,2025-09-28T18:30:00Z,REPLAY,current_status,I046:mass_transport:1,I046,mass_transport,w-pc-11,5,No unit able to provide mass transport could reach this ward within 45 minutes without pulling a unit off a higher-severity ward.
450.0,2025-09-28T18:30:00Z,REPLAY,current_status,I046:mass_transport:2,I046,mass_transport,w-pc-11,5,No unit able to provide mass transport could reach this ward within 45 minutes without pulling a unit off a higher-severity ward.
450.0,2025-09-28T18:30:00Z,REPLAY,current_status,I048:mass_transport:0,I048,mass_transport,w-pc-07,5,No unit able to provide mass transport could reach this ward within 45 minutes without pulling a unit off a higher-severity ward.
450.0,2025-09-28T18:30:00Z,REPLAY,current_status,I048:mass_transport:1,I048,mass_transport,w-pc-07,5,No unit able to provide mass transport could reach this ward within 45 minutes without pulling a unit off a higher-severity ward.
450.0,2025-09-28T18:30:00Z,REPLAY,current_status,I048:mass_transport:2,I048,mass_transport,w-pc-07,5,No unit able to provide mass transport could reach this ward within 45 minutes without pulling a unit off a higher-severity ward.
450.0,2025-09-28T18:30:00Z,REPLAY,current_status,I050:search_rescue:0,I050,search_rescue,w-pc-09,5,No unit able to provide search rescue could reach this ward within 45 minutes without pulling a unit off a higher-severity ward.
450.0,2025-09-28T18:30:00Z,REPLAY,current_status,I054:mass_transport:0,I054,mass_transport,w-pc-10,5,No unit able to provide mass transport could reach this ward within 45 minutes without pulling a unit off a higher-severity ward.
450.0,2025-09-28T18:30:00Z,REPLAY,current_status,I054:mass_transport:1,I054,mass_transport,w-pc-10,5,No unit able to provide mass transport could reach this ward within 45 minutes without pulling a unit off a higher-severity ward.
450.0,2025-09-28T18:30:00Z,REPLAY,current_status,I054:mass_transport:2,I054,mass_transport,w-pc-10,5,No unit able to provide mass transport could reach this ward within 45 minutes without pulling a unit off a higher-severity ward.
450.0,2025-09-28T18:30:00Z,REPLAY,current_status,I057:mass_transport:0,I057,mass_transport,w-pc-02,4,No unit able to provide mass transport could reach this ward within 45 minutes without pulling a unit off a higher-severity ward.
450.0,2025-09-28T18:30:00Z,REPLAY,current_status,I057:mass_transport:1,I057,mass_transport,w-pc-02,4,No unit able to provide mass transport could reach this ward within 45 minutes without pulling a unit off a higher-severity ward.
450.0,2025-09-28T18:30:00Z,REPLAY,current_status,I060:mass_transport:0,I060,mass_transport,w-pc-06,5,No unit able to provide mass transport could reach this ward within 45 minutes without pulling a unit off a higher-severity ward.
450.0,2025-09-28T18:30:00Z,REPLAY,current_status,I060:mass_transport:1,I060,mass_transport,w-pc-06,5,No unit able to provide mass transport could reach this ward within 45 minutes without pulling a unit off a higher-severity ward.
450.0,2025-09-28T18:30:00Z,REPLAY,current_status,I060:mass_transport:2,I060,mass_transport,w-pc-06,5,No unit able to provide mass transport could reach this ward within 45 minutes without pulling a unit off a higher-severity ward.
450.0,2025-09-28T18:30:00Z,REPLAY,current_status,I061:mass_transport:0,I061,mass_transport,w-pc-11,5,No unit able to provide mass transport could reach this ward within 45 minutes without pulling a unit off a higher-severity ward.
450.0,2025-09-28T18:30:00Z,REPLAY,current_status,I061:mass_transport:1,I061,mass_transport,w-pc-11,5,No unit able to provide mass transport could reach this ward within 45 minutes without pulling a unit off a higher-severity ward.
450.0,2025-09-28T18:30:00Z,REPLAY,current_status,I061:mass_transport:2,I061,mass_transport,w-pc-11,5,No unit able to provide mass transport could reach this ward within 45 minutes without pulling a unit off a higher-severity ward.
450.0,2025-09-28T18:30:00Z,REPLAY,current_status,I062:mass_transport:0,I062,mass_transport,w-pc-10,4,No unit able to provide mass transport could reach this ward within 45 minutes without pulling a unit off a higher-severity ward.
450.0,2025-09-28T18:30:00Z,REPLAY,current_status,I062:mass_transport:1,I062,mass_transport,w-pc-10,4,No unit able to provide mass transport could reach this ward within 45 minutes without pulling a unit off a higher-severity ward.
450.0,2025-09-28T18:30:00Z,REPLAY,current_status,I063:mass_transport:0,I063,mass_transport,w-pc-13,5,No unit able to provide mass transport could reach this ward within 45 minutes without pulling a unit off a higher-severity ward.
450.0,2025-09-28T18:30:00Z,REPLAY,current_status,I063:mass_transport:1,I063,mass_transport,w-pc-13,5,No unit able to provide mass transport could reach this ward within 45 minutes without pulling a unit off a higher-severity ward.
450.0,2025-09-28T18:30:00Z,REPLAY,current_status,I063:mass_transport:2,I063,mass_transport,w-pc-13,5,No unit able to provide mass transport could reach this ward within 45 minutes without pulling a unit off a higher-severity ward.
450.0,2025-09-28T18:30:00Z,REPLAY,current_status,I064:mass_transport:0,I064,mass_transport,w-pc-11,5,No unit able to provide mass transport could reach this ward within 45 minutes without pulling a unit off a higher-severity ward.
450.0,2025-09-28T18:30:00Z,REPLAY,current_status,I064:mass_transport:1,I064,mass_transport,w-pc-11,5,No unit able to provide mass transport could reach this ward within 45 minutes without pulling a unit off a higher-severity ward.
450.0,2025-09-28T18:30:00Z,REPLAY,current_status,I064:mass_transport:2,I064,mass_transport,w-pc-11,5,No unit able to provide mass transport could reach this ward within 45 minutes without pulling a unit off a higher-severity ward.
450.0,2025-09-28T18:30:00Z,REPLAY,current_status,I065:mass_transport:0,I065,mass_transport,w-pc-11,4,No unit able to provide mass transport could reach this ward within 45 minutes without pulling a unit off a higher-severity ward.
450.0,2025-09-28T18:30:00Z,REPLAY,current_status,I065:mass_transport:1,I065,mass_transport,w-pc-11,4,No unit able to provide mass transport could reach this ward within 45 minutes without pulling a unit off a higher-severity ward.
450.0,2025-09-28T18:30:00Z,REPLAY,current_status,I068:mass_transport:0,I068,mass_transport,w-pc-10,4,No unit able to provide mass transport could reach this ward within 45 minutes without pulling a unit off a higher-severity ward.
450.0,2025-09-28T18:30:00Z,REPLAY,current_status,I068:mass_transport:1,I068,mass_transport,w-pc-10,4,No unit able to provide mass transport could reach this ward within 45 minutes without pulling a unit off a higher-severity ward.
450.0,2025-09-28T18:30:00Z,REPLAY,current_status,I071:mass_transport:0,I071,mass_transport,w-pc-07,4,No unit able to provide mass transport could reach this ward within 45 minutes without pulling a unit off a higher-severity ward.
450.0,2025-09-28T18:30:00Z,REPLAY,current_status,I071:mass_transport:1,I071,mass_transport,w-pc-07,4,No unit able to provide mass transport could reach this ward within 45 minutes without pulling a unit off a higher-severity ward.
450.0,2025-09-28T18:30:00Z,REPLAY,current_status,I072:mass_transport:0,I072,mass_transport,w-pc-14,4,No unit able to provide mass transport could reach this ward within 45 minutes without pulling a unit off a higher-severity ward.
450.0,2025-09-28T18:30:00Z,REPLAY,current_status,I072:mass_transport:1,I072,mass_transport,w-pc-14,4,No unit able to provide mass transport could reach this ward within 45 minutes without pulling a unit off a higher-severity ward.
450.0,2025-09-28T18:30:00Z,REPLAY,current_status,I072:dewatering:0,I072,dewatering,w-pc-14,4,No unit able to provide dewatering could reach this ward within 45 minutes without pulling a unit off a higher-severity ward.
450.0,2025-09-28T18:30:00Z,REPLAY,current_status,I074:mass_transport:0,I074,mass_transport,w-pc-02,4,No unit able to provide mass transport could reach this ward within 45 minutes without pulling a unit off a higher-severity ward.
450.0,2025-09-28T18:30:00Z,REPLAY,current_status,I074:mass_transport:1,I074,mass_transport,w-pc-02,4,No unit able to provide mass transport could reach this ward within 45 minutes without pulling a unit off a higher-severity ward.
450.0,2025-09-28T18:30:00Z,REPLAY,current_status,I074:dewatering:0,I074,dewatering,w-pc-02,4,No unit able to provide dewatering could reach this ward within 45 minutes without pulling a unit off a higher-severity ward.
450.0,2025-09-28T18:30:00Z,REPLAY,current_status,I077:field_assessment:0,I077,field_assessment,w-pc-13,2,No unit able to provide field assessment could reach this ward within 45 minutes without pulling a unit off a higher-severity ward.
450.0,2025-09-28T18:30:00Z,REPLAY,current_status,I078:mass_transport:0,I078,mass_transport,w-pc-04,4,No unit able to provide mass transport could reach this ward within 45 minutes without pulling a unit off a higher-severity ward.
450.0,2025-09-28T18:30:00Z,REPLAY,current_status,I078:mass_transport:1,I078,mass_transport,w-pc-04,4,No unit able to provide mass transport could reach this ward within 45 minutes without pulling a unit off a higher-severity ward.
450.0,2025-09-28T18:30:00Z,REPLAY,current_status,I078:dewatering:0,I078,dewatering,w-pc-04,4,No unit able to provide dewatering could reach this ward within 45 minutes without pulling a unit off a higher-severity ward.
450.0,2025-09-28T18:30:00Z,REPLAY,current_status,I079:mass_transport:0,I079,mass_transport,w-pc-07,4,No unit able to provide mass transport could reach this ward within 45 minutes without pulling a unit off a higher-severity ward.
450.0,2025-09-28T18:30:00Z,REPLAY,current_status,I079:mass_transport:1,I079,mass_transport,w-pc-07,4,No unit able to provide mass transport could reach this ward within 45 minutes without pulling a unit off a higher-severity ward.
450.0,2025-09-28T18:30:00Z,REPLAY,current_status,I080:dewatering:0,I080,dewatering,w-pc-07,2,No unit able to provide dewatering could reach this ward within 45 minutes without pulling a unit off a higher-severity ward.
450.0,2025-09-28T18:30:00Z,REPLAY,current_status,I081:field_assessment:0,I081,field_assessment,w-pc-09,2,No unit able to provide field assessment could reach this ward within 45 minutes without pulling a unit off a higher-severity ward.
450.0,2025-09-28T18:30:00Z,REPLAY,current_status,I082:debris_clearance:0,I082,debris_clearance,w-pc-12,3,No unit able to provide debris clearance could reach this ward within 45 minutes without pulling a unit off a higher-severity ward.
450.0,2025-09-28T18:30:00Z,REPLAY,current_status,I085:mass_transport:0,I085,mass_transport,w-pc-09,4,No unit able to provide mass transport could reach this ward within 45 minutes without pulling a unit off a higher-severity ward.
450.0,2025-09-28T18:30:00Z,REPLAY,current_status,I085:mass_transport:1,I085,mass_transport,w-pc-09,4,No unit able to provide mass transport could reach this ward within 45 minutes without pulling a unit off a higher-severity ward.
450.0,2025-09-28T18:30:00Z,REPLAY,current_status,I085:dewatering:0,I085,dewatering,w-pc-09,4,No unit able to provide dewatering could reach this ward within 45 minutes without pulling a unit off a higher-severity ward.
450.0,2025-09-28T18:30:00Z,REPLAY,current_status,I086:field_assessment:0,I086,field_assessment,w-pc-13,2,No unit able to provide field assessment could reach this ward within 45 minutes without pulling a unit off a higher-severity ward.
450.0,2025-09-28T18:30:00Z,REPLAY,current_status,I087:field_assessment:0,I087,field_assessment,w-pc-08,2,No unit able to provide field assessment could reach this ward within 45 minutes without pulling a unit off a higher-severity ward.
450.0,2025-09-28T18:30:00Z,REPLAY,current_status,I088:mass_transport:0,I088,mass_transport,w-pc-13,4,No unit able to provide mass transport could reach this ward within 45 minutes without pulling a unit off a higher-severity ward.
450.0,2025-09-28T18:30:00Z,REPLAY,current_status,I088:dewatering:0,I088,dewatering,w-pc-13,4,No unit able to provide dewatering could reach this ward within 45 minutes without pulling a unit off a higher-severity ward.
450.0,2025-09-28T18:30:00Z,REPLAY,current_status,I089:field_assessment:0,I089,field_assessment,w-pc-08,2,No unit able to provide field assessment could reach this ward within 45 minutes without pulling a unit off a higher-severity ward.
450.0,2025-09-28T18:30:00Z,REPLAY,current_status,I090:field_assessment:0,I090,field_assessment,w-pc-11,2,No unit able to provide field assessment could reach this ward within 45 minutes without pulling a unit off a higher-severity ward.
450.0,2025-09-28T18:30:00Z,REPLAY,current_status,I091:field_assessment:0,I091,field_assessment,w-pc-11,2,No unit able to provide field assessment could reach this ward within 45 minutes without pulling a unit off a higher-severity ward.
450.0,2025-09-28T18:30:00Z,REPLAY,current_status,I092:field_assessment:0,I092,field_assessment,w-pc-11,2,No unit able to provide field assessment could reach this ward within 45 minutes without pulling a unit off a higher-severity ward.
450.0,2025-09-28T18:30:00Z,REPLAY,current_status,I093:field_assessment:0,I093,field_assessment,w-pc-07,2,No unit able to provide field assessment could reach this ward within 45 minutes without pulling a unit off a higher-severity ward.
450.0,2025-09-28T18:30:00Z,REPLAY,current_status,I094:field_assessment:0,I094,field_assessment,w-pc-03,2,No unit able to provide field assessment could reach this ward within 45 minutes without pulling a unit off a higher-severity ward.
450.0,2025-09-28T18:30:00Z,REPLAY,current_status,I095:field_assessment:0,I095,field_assessment,w-pc-10,2,No unit able to provide field assessment could reach this ward within 45 minutes without pulling a unit off a higher-severity ward.
450.0,2025-09-28T18:30:00Z,REPLAY,current_status,I096:water_rescue:0,I096,water_rescue,w-pc-11,5,No unit able to provide water rescue could reach this ward within 45 minutes without pulling a unit off a higher-severity ward.
450.0,2025-09-28T18:30:00Z,REPLAY,current_status,I096:mass_transport:0,I096,mass_transport,w-pc-11,5,No unit able to provide mass transport could reach this ward within 45 minutes without pulling a unit off a higher-severity ward.
450.0,2025-09-28T18:30:00Z,REPLAY,current_status,I096:mass_transport:1,I096,mass_transport,w-pc-11,5,No unit able to provide mass transport could reach this ward within 45 minutes without pulling a unit off a higher-severity ward.
450.0,2025-09-28T18:30:00Z,REPLAY,current_status,I096:mass_transport:2,I096,mass_transport,w-pc-11,5,No unit able to provide mass transport could reach this ward within 45 minutes without pulling a unit off a higher-severity ward.
450.0,2025-09-28T18:30:00Z,REPLAY,current_status,I098:field_assessment:0,I098,field_assessment,w-pc-10,2,No unit able to provide field assessment could reach this ward within 45 minutes without pulling a unit off a higher-severity ward.
460.0,2025-09-28T18:40:00Z,REPLAY,current_status,I001:mass_transport:0,I001,mass_transport,w-pc-11,5,No unit able to provide mass transport could reach this ward within 45 minutes without pulling a unit off a higher-severity ward.
460.0,2025-09-28T18:40:00Z,REPLAY,current_status,I001:mass_transport:1,I001,mass_transport,w-pc-11,5,No unit able to provide mass transport could reach this ward within 45 minutes without pulling a unit off a higher-severity ward.
460.0,2025-09-28T18:40:00Z,REPLAY,current_status,I001:mass_transport:2,I001,mass_transport,w-pc-11,5,No unit able to provide mass transport could reach this ward within 45 minutes without pulling a unit off a higher-severity ward.
460.0,2025-09-28T18:40:00Z,REPLAY,current_status,I006:mass_transport:0,I006,mass_transport,w-pc-14,5,No unit able to provide mass transport could reach this ward within 45 minutes without pulling a unit off a higher-severity ward.
460.0,2025-09-28T18:40:00Z,REPLAY,current_status,I006:mass_transport:1,I006,mass_transport,w-pc-14,5,No unit able to provide mass transport could reach this ward within 45 minutes without pulling a unit off a higher-severity ward.
460.0,2025-09-28T18:40:00Z,REPLAY,current_status,I006:mass_transport:2,I006,mass_transport,w-pc-14,5,No unit able to provide mass transport could reach this ward within 45 minutes without pulling a unit off a higher-severity ward.
460.0,2025-09-28T18:40:00Z,REPLAY,current_status,I009:mass_transport:0,I009,mass_transport,w-pc-07,4,No unit able to provide mass transport could reach this ward within 45 minutes without pulling a unit off a higher-severity ward.
460.0,2025-09-28T18:40:00Z,REPLAY,current_status,I009:mass_transport:1,I009,mass_transport,w-pc-07,4,No unit able to provide mass transport could reach this ward within 45 minutes without pulling a unit off a higher-severity ward.
460.0,2025-09-28T18:40:00Z,REPLAY,current_status,I011:mass_transport:0,I011,mass_transport,w-pc-14,4,No unit able to provide mass transport could reach this ward within 45 minutes without pulling a unit off a higher-severity ward.
460.0,2025-09-28T18:40:00Z,REPLAY,current_status,I011:mass_transport:1,I011,mass_transport,w-pc-14,4,No unit able to provide mass transport could reach this ward within 45 minutes without pulling a unit off a higher-severity ward.
460.0,2025-09-28T18:40:00Z,REPLAY,current_status,I015:mass_transport:0,I015,mass_transport,w-pc-11,4,No unit able to provide mass transport could reach this ward within 45 minutes without pulling a unit off a higher-severity ward.
460.0,2025-09-28T18:40:00Z,REPLAY,current_status,I015:mass_transport:1,I015,mass_transport,w-pc-11,4,No unit able to provide mass transport could reach this ward within 45 minutes without pulling a unit off a higher-severity ward.
460.0,2025-09-28T18:40:00Z,REPLAY,current_status,I017:mass_transport:0,I017,mass_transport,w-pc-07,5,No unit able to provide mass transport could reach this ward within 45 minutes without pulling a unit off a higher-severity ward.
460.0,2025-09-28T18:40:00Z,REPLAY,current_status,I024:mass_transport:0,I024,mass_transport,w-pc-06,4,No unit able to provide mass transport could reach this ward within 45 minutes without pulling a unit off a higher-severity ward.
460.0,2025-09-28T18:40:00Z,REPLAY,current_status,I024:mass_transport:1,I024,mass_transport,w-pc-06,4,No unit able to provide mass transport could reach this ward within 45 minutes without pulling a unit off a higher-severity ward.
460.0,2025-09-28T18:40:00Z,REPLAY,current_status,I027:mass_transport:0,I027,mass_transport,w-pc-10,4,No unit able to provide mass transport could reach this ward within 45 minutes without pulling a unit off a higher-severity ward.
460.0,2025-09-28T18:40:00Z,REPLAY,current_status,I027:mass_transport:1,I027,mass_transport,w-pc-10,4,No unit able to provide mass transport could reach this ward within 45 minutes without pulling a unit off a higher-severity ward.
460.0,2025-09-28T18:40:00Z,REPLAY,current_status,I029:mass_transport:0,I029,mass_transport,w-pc-13,4,No unit able to provide mass transport could reach this ward within 45 minutes without pulling a unit off a higher-severity ward.
460.0,2025-09-28T18:40:00Z,REPLAY,current_status,I030:mass_transport:0,I030,mass_transport,w-pc-06,4,No unit able to provide mass transport could reach this ward within 45 minutes without pulling a unit off a higher-severity ward.
460.0,2025-09-28T18:40:00Z,REPLAY,current_status,I030:mass_transport:1,I030,mass_transport,w-pc-06,4,No unit able to provide mass transport could reach this ward within 45 minutes without pulling a unit off a higher-severity ward.
460.0,2025-09-28T18:40:00Z,REPLAY,current_status,I035:mass_transport:0,I035,mass_transport,w-pc-11,5,No unit able to provide mass transport could reach this ward within 45 minutes without pulling a unit off a higher-severity ward.
460.0,2025-09-28T18:40:00Z,REPLAY,current_status,I035:mass_transport:1,I035,mass_transport,w-pc-11,5,No unit able to provide mass transport could reach this ward within 45 minutes without pulling a unit off a higher-severity ward.
460.0,2025-09-28T18:40:00Z,REPLAY,current_status,I035:mass_transport:2,I035,mass_transport,w-pc-11,5,No unit able to provide mass transport could reach this ward within 45 minutes without pulling a unit off a higher-severity ward.
460.0,2025-09-28T18:40:00Z,REPLAY,current_status,I038:mass_transport:0,I038,mass_transport,w-pc-11,4,No unit able to provide mass transport could reach this ward within 45 minutes without pulling a unit off a higher-severity ward.
460.0,2025-09-28T18:40:00Z,REPLAY,current_status,I038:mass_transport:1,I038,mass_transport,w-pc-11,4,No unit able to provide mass transport could reach this ward within 45 minutes without pulling a unit off a higher-severity ward.
460.0,2025-09-28T18:40:00Z,REPLAY,current_status,I039:mass_transport:0,I039,mass_transport,w-pc-13,4,No unit able to provide mass transport could reach this ward within 45 minutes without pulling a unit off a higher-severity ward.
460.0,2025-09-28T18:40:00Z,REPLAY,current_status,I042:mass_transport:0,I042,mass_transport,w-pc-02,4,No unit able to provide mass transport could reach this ward within 45 minutes without pulling a unit off a higher-severity ward.
460.0,2025-09-28T18:40:00Z,REPLAY,current_status,I042:mass_transport:1,I042,mass_transport,w-pc-02,4,No unit able to provide mass transport could reach this ward within 45 minutes without pulling a unit off a higher-severity ward.
460.0,2025-09-28T18:40:00Z,REPLAY,current_status,I046:mass_transport:0,I046,mass_transport,w-pc-11,5,No unit able to provide mass transport could reach this ward within 45 minutes without pulling a unit off a higher-severity ward.
460.0,2025-09-28T18:40:00Z,REPLAY,current_status,I046:mass_transport:1,I046,mass_transport,w-pc-11,5,No unit able to provide mass transport could reach this ward within 45 minutes without pulling a unit off a higher-severity ward.
460.0,2025-09-28T18:40:00Z,REPLAY,current_status,I046:mass_transport:2,I046,mass_transport,w-pc-11,5,No unit able to provide mass transport could reach this ward within 45 minutes without pulling a unit off a higher-severity ward.
460.0,2025-09-28T18:40:00Z,REPLAY,current_status,I048:mass_transport:0,I048,mass_transport,w-pc-07,5,No unit able to provide mass transport could reach this ward within 45 minutes without pulling a unit off a higher-severity ward.
460.0,2025-09-28T18:40:00Z,REPLAY,current_status,I048:mass_transport:1,I048,mass_transport,w-pc-07,5,No unit able to provide mass transport could reach this ward within 45 minutes without pulling a unit off a higher-severity ward.
460.0,2025-09-28T18:40:00Z,REPLAY,current_status,I048:mass_transport:2,I048,mass_transport,w-pc-07,5,No unit able to provide mass transport could reach this ward within 45 minutes without pulling a unit off a higher-severity ward.
460.0,2025-09-28T18:40:00Z,REPLAY,current_status,I050:search_rescue:0,I050,search_rescue,w-pc-09,5,No unit able to provide search rescue could reach this ward within 45 minutes without pulling a unit off a higher-severity ward.
460.0,2025-09-28T18:40:00Z,REPLAY,current_status,I054:mass_transport:0,I054,mass_transport,w-pc-10,5,No unit able to provide mass transport could reach this ward within 45 minutes without pulling a unit off a higher-severity ward.
460.0,2025-09-28T18:40:00Z,REPLAY,current_status,I054:mass_transport:1,I054,mass_transport,w-pc-10,5,No unit able to provide mass transport could reach this ward within 45 minutes without pulling a unit off a higher-severity ward.
460.0,2025-09-28T18:40:00Z,REPLAY,current_status,I054:mass_transport:2,I054,mass_transport,w-pc-10,5,No unit able to provide mass transport could reach this ward within 45 minutes without pulling a unit off a higher-severity ward.
460.0,2025-09-28T18:40:00Z,REPLAY,current_status,I057:mass_transport:0,I057,mass_transport,w-pc-02,4,No unit able to provide mass transport could reach this ward within 45 minutes without pulling a unit off a higher-severity ward.
460.0,2025-09-28T18:40:00Z,REPLAY,current_status,I057:mass_transport:1,I057,mass_transport,w-pc-02,4,No unit able to provide mass transport could reach this ward within 45 minutes without pulling a unit off a higher-severity ward.
460.0,2025-09-28T18:40:00Z,REPLAY,current_status,I060:mass_transport:0,I060,mass_transport,w-pc-06,5,No unit able to provide mass transport could reach this ward within 45 minutes without pulling a unit off a higher-severity ward.
460.0,2025-09-28T18:40:00Z,REPLAY,current_status,I060:mass_transport:1,I060,mass_transport,w-pc-06,5,No unit able to provide mass transport could reach this ward within 45 minutes without pulling a unit off a higher-severity ward.
460.0,2025-09-28T18:40:00Z,REPLAY,current_status,I060:mass_transport:2,I060,mass_transport,w-pc-06,5,No unit able to provide mass transport could reach this ward within 45 minutes without pulling a unit off a higher-severity ward.
460.0,2025-09-28T18:40:00Z,REPLAY,current_status,I061:mass_transport:0,I061,mass_transport,w-pc-11,5,No unit able to provide mass transport could reach this ward within 45 minutes without pulling a unit off a higher-severity ward.
460.0,2025-09-28T18:40:00Z,REPLAY,current_status,I061:mass_transport:1,I061,mass_transport,w-pc-11,5,No unit able to provide mass transport could reach this ward within 45 minutes without pulling a unit off a higher-severity ward.
460.0,2025-09-28T18:40:00Z,REPLAY,current_status,I061:mass_transport:2,I061,mass_transport,w-pc-11,5,No unit able to provide mass transport could reach this ward within 45 minutes without pulling a unit off a higher-severity ward.
460.0,2025-09-28T18:40:00Z,REPLAY,current_status,I062:mass_transport:0,I062,mass_transport,w-pc-10,4,No unit able to provide mass transport could reach this ward within 45 minutes without pulling a unit off a higher-severity ward.
460.0,2025-09-28T18:40:00Z,REPLAY,current_status,I062:mass_transport:1,I062,mass_transport,w-pc-10,4,No unit able to provide mass transport could reach this ward within 45 minutes without pulling a unit off a higher-severity ward.
460.0,2025-09-28T18:40:00Z,REPLAY,current_status,I063:mass_transport:0,I063,mass_transport,w-pc-13,5,No unit able to provide mass transport could reach this ward within 45 minutes without pulling a unit off a higher-severity ward.
460.0,2025-09-28T18:40:00Z,REPLAY,current_status,I063:mass_transport:1,I063,mass_transport,w-pc-13,5,No unit able to provide mass transport could reach this ward within 45 minutes without pulling a unit off a higher-severity ward.
460.0,2025-09-28T18:40:00Z,REPLAY,current_status,I063:mass_transport:2,I063,mass_transport,w-pc-13,5,No unit able to provide mass transport could reach this ward within 45 minutes without pulling a unit off a higher-severity ward.
460.0,2025-09-28T18:40:00Z,REPLAY,current_status,I064:mass_transport:0,I064,mass_transport,w-pc-11,5,No unit able to provide mass transport could reach this ward within 45 minutes without pulling a unit off a higher-severity ward.
460.0,2025-09-28T18:40:00Z,REPLAY,current_status,I064:mass_transport:1,I064,mass_transport,w-pc-11,5,No unit able to provide mass transport could reach this ward within 45 minutes without pulling a unit off a higher-severity ward.
460.0,2025-09-28T18:40:00Z,REPLAY,current_status,I064:mass_transport:2,I064,mass_transport,w-pc-11,5,No unit able to provide mass transport could reach this ward within 45 minutes without pulling a unit off a higher-severity ward.
460.0,2025-09-28T18:40:00Z,REPLAY,current_status,I065:mass_transport:0,I065,mass_transport,w-pc-11,4,No unit able to provide mass transport could reach this ward within 45 minutes without pulling a unit off a higher-severity ward.
460.0,2025-09-28T18:40:00Z,REPLAY,current_status,I065:mass_transport:1,I065,mass_transport,w-pc-11,4,No unit able to provide mass transport could reach this ward within 45 minutes without pulling a unit off a higher-severity ward.
460.0,2025-09-28T18:40:00Z,REPLAY,current_status,I068:mass_transport:0,I068,mass_transport,w-pc-10,4,No unit able to provide mass transport could reach this ward within 45 minutes without pulling a unit off a higher-severity ward.
460.0,2025-09-28T18:40:00Z,REPLAY,current_status,I068:mass_transport:1,I068,mass_transport,w-pc-10,4,No unit able to provide mass transport could reach this ward within 45 minutes without pulling a unit off a higher-severity ward.
460.0,2025-09-28T18:40:00Z,REPLAY,current_status,I071:mass_transport:0,I071,mass_transport,w-pc-07,4,No unit able to provide mass transport could reach this ward within 45 minutes without pulling a unit off a higher-severity ward.
460.0,2025-09-28T18:40:00Z,REPLAY,current_status,I071:mass_transport:1,I071,mass_transport,w-pc-07,4,No unit able to provide mass transport could reach this ward within 45 minutes without pulling a unit off a higher-severity ward.
460.0,2025-09-28T18:40:00Z,REPLAY,current_status,I072:mass_transport:0,I072,mass_transport,w-pc-14,4,No unit able to provide mass transport could reach this ward within 45 minutes without pulling a unit off a higher-severity ward.
460.0,2025-09-28T18:40:00Z,REPLAY,current_status,I072:mass_transport:1,I072,mass_transport,w-pc-14,4,No unit able to provide mass transport could reach this ward within 45 minutes without pulling a unit off a higher-severity ward.
460.0,2025-09-28T18:40:00Z,REPLAY,current_status,I072:dewatering:0,I072,dewatering,w-pc-14,4,No unit able to provide dewatering could reach this ward within 45 minutes without pulling a unit off a higher-severity ward.
460.0,2025-09-28T18:40:00Z,REPLAY,current_status,I074:mass_transport:0,I074,mass_transport,w-pc-02,4,No unit able to provide mass transport could reach this ward within 45 minutes without pulling a unit off a higher-severity ward.
460.0,2025-09-28T18:40:00Z,REPLAY,current_status,I074:mass_transport:1,I074,mass_transport,w-pc-02,4,No unit able to provide mass transport could reach this ward within 45 minutes without pulling a unit off a higher-severity ward.
460.0,2025-09-28T18:40:00Z,REPLAY,current_status,I074:dewatering:0,I074,dewatering,w-pc-02,4,No unit able to provide dewatering could reach this ward within 45 minutes without pulling a unit off a higher-severity ward.
460.0,2025-09-28T18:40:00Z,REPLAY,current_status,I078:mass_transport:0,I078,mass_transport,w-pc-04,4,No unit able to provide mass transport could reach this ward within 45 minutes without pulling a unit off a higher-severity ward.
460.0,2025-09-28T18:40:00Z,REPLAY,current_status,I078:mass_transport:1,I078,mass_transport,w-pc-04,4,No unit able to provide mass transport could reach this ward within 45 minutes without pulling a unit off a higher-severity ward.
460.0,2025-09-28T18:40:00Z,REPLAY,current_status,I078:dewatering:0,I078,dewatering,w-pc-04,4,No unit able to provide dewatering could reach this ward within 45 minutes without pulling a unit off a higher-severity ward.
460.0,2025-09-28T18:40:00Z,REPLAY,current_status,I079:mass_transport:0,I079,mass_transport,w-pc-07,4,No unit able to provide mass transport could reach this ward within 45 minutes without pulling a unit off a higher-severity ward.
460.0,2025-09-28T18:40:00Z,REPLAY,current_status,I079:mass_transport:1,I079,mass_transport,w-pc-07,4,No unit able to provide mass transport could reach this ward within 45 minutes without pulling a unit off a higher-severity ward.
460.0,2025-09-28T18:40:00Z,REPLAY,current_status,I080:dewatering:0,I080,dewatering,w-pc-07,2,No unit able to provide dewatering could reach this ward within 45 minutes without pulling a unit off a higher-severity ward.
460.0,2025-09-28T18:40:00Z,REPLAY,current_status,I081:field_assessment:0,I081,field_assessment,w-pc-09,2,No unit able to provide field assessment could reach this ward within 45 minutes without pulling a unit off a higher-severity ward.
460.0,2025-09-28T18:40:00Z,REPLAY,current_status,I082:debris_clearance:0,I082,debris_clearance,w-pc-12,3,No unit able to provide debris clearance could reach this ward within 45 minutes without pulling a unit off a higher-severity ward.
460.0,2025-09-28T18:40:00Z,REPLAY,current_status,I085:mass_transport:0,I085,mass_transport,w-pc-09,4,No unit able to provide mass transport could reach this ward within 45 minutes without pulling a unit off a higher-severity ward.
460.0,2025-09-28T18:40:00Z,REPLAY,current_status,I085:mass_transport:1,I085,mass_transport,w-pc-09,4,No unit able to provide mass transport could reach this ward within 45 minutes without pulling a unit off a higher-severity ward.
460.0,2025-09-28T18:40:00Z,REPLAY,current_status,I085:dewatering:0,I085,dewatering,w-pc-09,4,No unit able to provide dewatering could reach this ward within 45 minutes without pulling a unit off a higher-severity ward.
460.0,2025-09-28T18:40:00Z,REPLAY,current_status,I086:field_assessment:0,I086,field_assessment,w-pc-13,2,No unit able to provide field assessment could reach this ward within 45 minutes without pulling a unit off a higher-severity ward.
460.0,2025-09-28T18:40:00Z,REPLAY,current_status,I087:field_assessment:0,I087,field_assessment,w-pc-08,2,No unit able to provide field assessment could reach this ward within 45 minutes without pulling a unit off a higher-severity ward.
460.0,2025-09-28T18:40:00Z,REPLAY,current_status,I088:mass_transport:0,I088,mass_transport,w-pc-13,4,No unit able to provide mass transport could reach this ward within 45 minutes without pulling a unit off a higher-severity ward.
460.0,2025-09-28T18:40:00Z,REPLAY,current_status,I088:dewatering:0,I088,dewatering,w-pc-13,4,No unit able to provide dewatering could reach this ward within 45 minutes without pulling a unit off a higher-severity ward.
460.0,2025-09-28T18:40:00Z,REPLAY,current_status,I090:field_assessment:0,I090,field_assessment,w-pc-11,2,No unit able to provide field assessment could reach this ward within 45 minutes without pulling a unit off a higher-severity ward.
460.0,2025-09-28T18:40:00Z,REPLAY,current_status,I091:field_assessment:0,I091,field_assessment,w-pc-11,2,No unit able to provide field assessment could reach this ward within 45 minutes without pulling a unit off a higher-severity ward.
460.0,2025-09-28T18:40:00Z,REPLAY,current_status,I092:field_assessment:0,I092,field_assessment,w-pc-11,2,No unit able to provide field assessment could reach this ward within 45 minutes without pulling a unit off a higher-severity ward.
460.0,2025-09-28T18:40:00Z,REPLAY,current_status,I093:field_assessment:0,I093,field_assessment,w-pc-07,2,No unit able to provide field assessment could reach this ward within 45 minutes without pulling a unit off a higher-severity ward.
460.0,2025-09-28T18:40:00Z,REPLAY,current_status,I094:field_assessment:0,I094,field_assessment,w-pc-03,2,No unit able to provide field assessment could reach this ward within 45 minutes without pulling a unit off a higher-severity ward.
460.0,2025-09-28T18:40:00Z,REPLAY,current_status,I095:field_assessment:0,I095,field_assessment,w-pc-10,2,No unit able to provide field assessment could reach this ward within 45 minutes without pulling a unit off a higher-severity ward.
460.0,2025-09-28T18:40:00Z,REPLAY,current_status,I096:water_rescue:0,I096,water_rescue,w-pc-11,5,No unit able to provide water rescue could reach this ward within 45 minutes without pulling a unit off a higher-severity ward.
460.0,2025-09-28T18:40:00Z,REPLAY,current_status,I096:mass_transport:0,I096,mass_transport,w-pc-11,5,No unit able to provide mass transport could reach this ward within 45 minutes without pulling a unit off a higher-severity ward.
460.0,2025-09-28T18:40:00Z,REPLAY,current_status,I096:mass_transport:1,I096,mass_transport,w-pc-11,5,No unit able to provide mass transport could reach this ward within 45 minutes without pulling a unit off a higher-severity ward.
460.0,2025-09-28T18:40:00Z,REPLAY,current_status,I096:mass_transport:2,I096,mass_transport,w-pc-11,5,No unit able to provide mass transport could reach this ward within 45 minutes without pulling a unit off a higher-severity ward.
460.0,2025-09-28T18:40:00Z,REPLAY,current_status,I099:mass_transport:0,I099,mass_transport,w-pc-06,4,No unit able to provide mass transport could reach this ward within 45 minutes without pulling a unit off a higher-severity ward.
460.0,2025-09-28T18:40:00Z,REPLAY,current_status,I099:mass_transport:1,I099,mass_transport,w-pc-06,4,No unit able to provide mass transport could reach this ward within 45 minutes without pulling a unit off a higher-severity ward.
460.0,2025-09-28T18:40:00Z,REPLAY,current_status,I099:dewatering:0,I099,dewatering,w-pc-06,4,No unit able to provide dewatering could reach this ward within 45 minutes without pulling a unit off a higher-severity ward.
460.0,2025-09-28T18:40:00Z,REPLAY,current_status,I100:field_assessment:0,I100,field_assessment,w-pc-02,2,No unit able to provide field assessment could reach this ward within 45 minutes without pulling a unit off a higher-severity ward.
470.0,2025-09-28T18:50:00Z,REPLAY,current_status,I001:mass_transport:0,I001,mass_transport,w-pc-11,5,No unit able to provide mass transport could reach this ward within 45 minutes without pulling a unit off a higher-severity ward.
470.0,2025-09-28T18:50:00Z,REPLAY,current_status,I001:mass_transport:1,I001,mass_transport,w-pc-11,5,No unit able to provide mass transport could reach this ward within 45 minutes without pulling a unit off a higher-severity ward.
470.0,2025-09-28T18:50:00Z,REPLAY,current_status,I001:mass_transport:2,I001,mass_transport,w-pc-11,5,No unit able to provide mass transport could reach this ward within 45 minutes without pulling a unit off a higher-severity ward.
470.0,2025-09-28T18:50:00Z,REPLAY,current_status,I006:mass_transport:0,I006,mass_transport,w-pc-14,5,No unit able to provide mass transport could reach this ward within 45 minutes without pulling a unit off a higher-severity ward.
470.0,2025-09-28T18:50:00Z,REPLAY,current_status,I006:mass_transport:1,I006,mass_transport,w-pc-14,5,No unit able to provide mass transport could reach this ward within 45 minutes without pulling a unit off a higher-severity ward.
470.0,2025-09-28T18:50:00Z,REPLAY,current_status,I006:mass_transport:2,I006,mass_transport,w-pc-14,5,No unit able to provide mass transport could reach this ward within 45 minutes without pulling a unit off a higher-severity ward.
470.0,2025-09-28T18:50:00Z,REPLAY,current_status,I009:mass_transport:0,I009,mass_transport,w-pc-07,4,No unit able to provide mass transport could reach this ward within 45 minutes without pulling a unit off a higher-severity ward.
470.0,2025-09-28T18:50:00Z,REPLAY,current_status,I009:mass_transport:1,I009,mass_transport,w-pc-07,4,No unit able to provide mass transport could reach this ward within 45 minutes without pulling a unit off a higher-severity ward.
470.0,2025-09-28T18:50:00Z,REPLAY,current_status,I011:mass_transport:0,I011,mass_transport,w-pc-14,4,No unit able to provide mass transport could reach this ward within 45 minutes without pulling a unit off a higher-severity ward.
470.0,2025-09-28T18:50:00Z,REPLAY,current_status,I011:mass_transport:1,I011,mass_transport,w-pc-14,4,No unit able to provide mass transport could reach this ward within 45 minutes without pulling a unit off a higher-severity ward.
470.0,2025-09-28T18:50:00Z,REPLAY,current_status,I015:mass_transport:0,I015,mass_transport,w-pc-11,4,No unit able to provide mass transport could reach this ward within 45 minutes without pulling a unit off a higher-severity ward.
470.0,2025-09-28T18:50:00Z,REPLAY,current_status,I015:mass_transport:1,I015,mass_transport,w-pc-11,4,No unit able to provide mass transport could reach this ward within 45 minutes without pulling a unit off a higher-severity ward.
470.0,2025-09-28T18:50:00Z,REPLAY,current_status,I017:mass_transport:0,I017,mass_transport,w-pc-07,5,No unit able to provide mass transport could reach this ward within 45 minutes without pulling a unit off a higher-severity ward.
470.0,2025-09-28T18:50:00Z,REPLAY,current_status,I024:mass_transport:0,I024,mass_transport,w-pc-06,4,No unit able to provide mass transport could reach this ward within 45 minutes without pulling a unit off a higher-severity ward.
470.0,2025-09-28T18:50:00Z,REPLAY,current_status,I024:mass_transport:1,I024,mass_transport,w-pc-06,4,No unit able to provide mass transport could reach this ward within 45 minutes without pulling a unit off a higher-severity ward.
470.0,2025-09-28T18:50:00Z,REPLAY,current_status,I027:mass_transport:0,I027,mass_transport,w-pc-10,4,No unit able to provide mass transport could reach this ward within 45 minutes without pulling a unit off a higher-severity ward.
470.0,2025-09-28T18:50:00Z,REPLAY,current_status,I027:mass_transport:1,I027,mass_transport,w-pc-10,4,No unit able to provide mass transport could reach this ward within 45 minutes without pulling a unit off a higher-severity ward.
470.0,2025-09-28T18:50:00Z,REPLAY,current_status,I029:mass_transport:0,I029,mass_transport,w-pc-13,4,No unit able to provide mass transport could reach this ward within 45 minutes without pulling a unit off a higher-severity ward.
470.0,2025-09-28T18:50:00Z,REPLAY,current_status,I030:mass_transport:0,I030,mass_transport,w-pc-06,4,No unit able to provide mass transport could reach this ward within 45 minutes without pulling a unit off a higher-severity ward.
470.0,2025-09-28T18:50:00Z,REPLAY,current_status,I030:mass_transport:1,I030,mass_transport,w-pc-06,4,No unit able to provide mass transport could reach this ward within 45 minutes without pulling a unit off a higher-severity ward.
470.0,2025-09-28T18:50:00Z,REPLAY,current_status,I035:mass_transport:0,I035,mass_transport,w-pc-11,5,No unit able to provide mass transport could reach this ward within 45 minutes without pulling a unit off a higher-severity ward.
470.0,2025-09-28T18:50:00Z,REPLAY,current_status,I035:mass_transport:1,I035,mass_transport,w-pc-11,5,No unit able to provide mass transport could reach this ward within 45 minutes without pulling a unit off a higher-severity ward.
470.0,2025-09-28T18:50:00Z,REPLAY,current_status,I035:mass_transport:2,I035,mass_transport,w-pc-11,5,No unit able to provide mass transport could reach this ward within 45 minutes without pulling a unit off a higher-severity ward.
470.0,2025-09-28T18:50:00Z,REPLAY,current_status,I038:mass_transport:0,I038,mass_transport,w-pc-11,4,No unit able to provide mass transport could reach this ward within 45 minutes without pulling a unit off a higher-severity ward.
470.0,2025-09-28T18:50:00Z,REPLAY,current_status,I038:mass_transport:1,I038,mass_transport,w-pc-11,4,No unit able to provide mass transport could reach this ward within 45 minutes without pulling a unit off a higher-severity ward.
470.0,2025-09-28T18:50:00Z,REPLAY,current_status,I039:mass_transport:0,I039,mass_transport,w-pc-13,4,No unit able to provide mass transport could reach this ward within 45 minutes without pulling a unit off a higher-severity ward.
470.0,2025-09-28T18:50:00Z,REPLAY,current_status,I042:mass_transport:0,I042,mass_transport,w-pc-02,4,No unit able to provide mass transport could reach this ward within 45 minutes without pulling a unit off a higher-severity ward.
470.0,2025-09-28T18:50:00Z,REPLAY,current_status,I042:mass_transport:1,I042,mass_transport,w-pc-02,4,No unit able to provide mass transport could reach this ward within 45 minutes without pulling a unit off a higher-severity ward.
470.0,2025-09-28T18:50:00Z,REPLAY,current_status,I046:mass_transport:0,I046,mass_transport,w-pc-11,5,No unit able to provide mass transport could reach this ward within 45 minutes without pulling a unit off a higher-severity ward.
470.0,2025-09-28T18:50:00Z,REPLAY,current_status,I046:mass_transport:1,I046,mass_transport,w-pc-11,5,No unit able to provide mass transport could reach this ward within 45 minutes without pulling a unit off a higher-severity ward.
470.0,2025-09-28T18:50:00Z,REPLAY,current_status,I046:mass_transport:2,I046,mass_transport,w-pc-11,5,No unit able to provide mass transport could reach this ward within 45 minutes without pulling a unit off a higher-severity ward.
470.0,2025-09-28T18:50:00Z,REPLAY,current_status,I048:mass_transport:0,I048,mass_transport,w-pc-07,5,No unit able to provide mass transport could reach this ward within 45 minutes without pulling a unit off a higher-severity ward.
470.0,2025-09-28T18:50:00Z,REPLAY,current_status,I048:mass_transport:1,I048,mass_transport,w-pc-07,5,No unit able to provide mass transport could reach this ward within 45 minutes without pulling a unit off a higher-severity ward.
470.0,2025-09-28T18:50:00Z,REPLAY,current_status,I048:mass_transport:2,I048,mass_transport,w-pc-07,5,No unit able to provide mass transport could reach this ward within 45 minutes without pulling a unit off a higher-severity ward.
470.0,2025-09-28T18:50:00Z,REPLAY,current_status,I050:search_rescue:0,I050,search_rescue,w-pc-09,5,No unit able to provide search rescue could reach this ward within 45 minutes without pulling a unit off a higher-severity ward.
470.0,2025-09-28T18:50:00Z,REPLAY,current_status,I054:mass_transport:0,I054,mass_transport,w-pc-10,5,No unit able to provide mass transport could reach this ward within 45 minutes without pulling a unit off a higher-severity ward.
470.0,2025-09-28T18:50:00Z,REPLAY,current_status,I054:mass_transport:1,I054,mass_transport,w-pc-10,5,No unit able to provide mass transport could reach this ward within 45 minutes without pulling a unit off a higher-severity ward.
470.0,2025-09-28T18:50:00Z,REPLAY,current_status,I054:mass_transport:2,I054,mass_transport,w-pc-10,5,No unit able to provide mass transport could reach this ward within 45 minutes without pulling a unit off a higher-severity ward.
470.0,2025-09-28T18:50:00Z,REPLAY,current_status,I057:mass_transport:0,I057,mass_transport,w-pc-02,4,No unit able to provide mass transport could reach this ward within 45 minutes without pulling a unit off a higher-severity ward.
470.0,2025-09-28T18:50:00Z,REPLAY,current_status,I057:mass_transport:1,I057,mass_transport,w-pc-02,4,No unit able to provide mass transport could reach this ward within 45 minutes without pulling a unit off a higher-severity ward.
470.0,2025-09-28T18:50:00Z,REPLAY,current_status,I060:mass_transport:0,I060,mass_transport,w-pc-06,5,No unit able to provide mass transport could reach this ward within 45 minutes without pulling a unit off a higher-severity ward.
470.0,2025-09-28T18:50:00Z,REPLAY,current_status,I060:mass_transport:1,I060,mass_transport,w-pc-06,5,No unit able to provide mass transport could reach this ward within 45 minutes without pulling a unit off a higher-severity ward.
470.0,2025-09-28T18:50:00Z,REPLAY,current_status,I060:mass_transport:2,I060,mass_transport,w-pc-06,5,No unit able to provide mass transport could reach this ward within 45 minutes without pulling a unit off a higher-severity ward.
470.0,2025-09-28T18:50:00Z,REPLAY,current_status,I061:mass_transport:0,I061,mass_transport,w-pc-11,5,No unit able to provide mass transport could reach this ward within 45 minutes without pulling a unit off a higher-severity ward.
470.0,2025-09-28T18:50:00Z,REPLAY,current_status,I061:mass_transport:1,I061,mass_transport,w-pc-11,5,No unit able to provide mass transport could reach this ward within 45 minutes without pulling a unit off a higher-severity ward.
470.0,2025-09-28T18:50:00Z,REPLAY,current_status,I061:mass_transport:2,I061,mass_transport,w-pc-11,5,No unit able to provide mass transport could reach this ward within 45 minutes without pulling a unit off a higher-severity ward.
470.0,2025-09-28T18:50:00Z,REPLAY,current_status,I062:mass_transport:0,I062,mass_transport,w-pc-10,4,No unit able to provide mass transport could reach this ward within 45 minutes without pulling a unit off a higher-severity ward.
470.0,2025-09-28T18:50:00Z,REPLAY,current_status,I062:mass_transport:1,I062,mass_transport,w-pc-10,4,No unit able to provide mass transport could reach this ward within 45 minutes without pulling a unit off a higher-severity ward.
470.0,2025-09-28T18:50:00Z,REPLAY,current_status,I063:mass_transport:0,I063,mass_transport,w-pc-13,5,No unit able to provide mass transport could reach this ward within 45 minutes without pulling a unit off a higher-severity ward.
470.0,2025-09-28T18:50:00Z,REPLAY,current_status,I063:mass_transport:1,I063,mass_transport,w-pc-13,5,No unit able to provide mass transport could reach this ward within 45 minutes without pulling a unit off a higher-severity ward.
470.0,2025-09-28T18:50:00Z,REPLAY,current_status,I063:mass_transport:2,I063,mass_transport,w-pc-13,5,No unit able to provide mass transport could reach this ward within 45 minutes without pulling a unit off a higher-severity ward.
470.0,2025-09-28T18:50:00Z,REPLAY,current_status,I064:mass_transport:0,I064,mass_transport,w-pc-11,5,No unit able to provide mass transport could reach this ward within 45 minutes without pulling a unit off a higher-severity ward.
470.0,2025-09-28T18:50:00Z,REPLAY,current_status,I064:mass_transport:1,I064,mass_transport,w-pc-11,5,No unit able to provide mass transport could reach this ward within 45 minutes without pulling a unit off a higher-severity ward.
470.0,2025-09-28T18:50:00Z,REPLAY,current_status,I064:mass_transport:2,I064,mass_transport,w-pc-11,5,No unit able to provide mass transport could reach this ward within 45 minutes without pulling a unit off a higher-severity ward.
470.0,2025-09-28T18:50:00Z,REPLAY,current_status,I065:mass_transport:0,I065,mass_transport,w-pc-11,4,No unit able to provide mass transport could reach this ward within 45 minutes without pulling a unit off a higher-severity ward.
470.0,2025-09-28T18:50:00Z,REPLAY,current_status,I065:mass_transport:1,I065,mass_transport,w-pc-11,4,No unit able to provide mass transport could reach this ward within 45 minutes without pulling a unit off a higher-severity ward.
470.0,2025-09-28T18:50:00Z,REPLAY,current_status,I068:mass_transport:0,I068,mass_transport,w-pc-10,4,No unit able to provide mass transport could reach this ward within 45 minutes without pulling a unit off a higher-severity ward.
470.0,2025-09-28T18:50:00Z,REPLAY,current_status,I068:mass_transport:1,I068,mass_transport,w-pc-10,4,No unit able to provide mass transport could reach this ward within 45 minutes without pulling a unit off a higher-severity ward.
470.0,2025-09-28T18:50:00Z,REPLAY,current_status,I071:mass_transport:0,I071,mass_transport,w-pc-07,4,No unit able to provide mass transport could reach this ward within 45 minutes without pulling a unit off a higher-severity ward.
470.0,2025-09-28T18:50:00Z,REPLAY,current_status,I071:mass_transport:1,I071,mass_transport,w-pc-07,4,No unit able to provide mass transport could reach this ward within 45 minutes without pulling a unit off a higher-severity ward.
470.0,2025-09-28T18:50:00Z,REPLAY,current_status,I072:mass_transport:0,I072,mass_transport,w-pc-14,4,No unit able to provide mass transport could reach this ward within 45 minutes without pulling a unit off a higher-severity ward.
470.0,2025-09-28T18:50:00Z,REPLAY,current_status,I072:mass_transport:1,I072,mass_transport,w-pc-14,4,No unit able to provide mass transport could reach this ward within 45 minutes without pulling a unit off a higher-severity ward.
470.0,2025-09-28T18:50:00Z,REPLAY,current_status,I072:dewatering:0,I072,dewatering,w-pc-14,4,No unit able to provide dewatering could reach this ward within 45 minutes without pulling a unit off a higher-severity ward.
470.0,2025-09-28T18:50:00Z,REPLAY,current_status,I074:mass_transport:0,I074,mass_transport,w-pc-02,4,No unit able to provide mass transport could reach this ward within 45 minutes without pulling a unit off a higher-severity ward.
470.0,2025-09-28T18:50:00Z,REPLAY,current_status,I074:mass_transport:1,I074,mass_transport,w-pc-02,4,No unit able to provide mass transport could reach this ward within 45 minutes without pulling a unit off a higher-severity ward.
470.0,2025-09-28T18:50:00Z,REPLAY,current_status,I074:dewatering:0,I074,dewatering,w-pc-02,4,No unit able to provide dewatering could reach this ward within 45 minutes without pulling a unit off a higher-severity ward.
470.0,2025-09-28T18:50:00Z,REPLAY,current_status,I078:mass_transport:0,I078,mass_transport,w-pc-04,4,No unit able to provide mass transport could reach this ward within 45 minutes without pulling a unit off a higher-severity ward.
470.0,2025-09-28T18:50:00Z,REPLAY,current_status,I078:mass_transport:1,I078,mass_transport,w-pc-04,4,No unit able to provide mass transport could reach this ward within 45 minutes without pulling a unit off a higher-severity ward.
470.0,2025-09-28T18:50:00Z,REPLAY,current_status,I078:dewatering:0,I078,dewatering,w-pc-04,4,No unit able to provide dewatering could reach this ward within 45 minutes without pulling a unit off a higher-severity ward.
470.0,2025-09-28T18:50:00Z,REPLAY,current_status,I079:mass_transport:0,I079,mass_transport,w-pc-07,4,No unit able to provide mass transport could reach this ward within 45 minutes without pulling a unit off a higher-severity ward.
470.0,2025-09-28T18:50:00Z,REPLAY,current_status,I079:mass_transport:1,I079,mass_transport,w-pc-07,4,No unit able to provide mass transport could reach this ward within 45 minutes without pulling a unit off a higher-severity ward.
470.0,2025-09-28T18:50:00Z,REPLAY,current_status,I081:field_assessment:0,I081,field_assessment,w-pc-09,2,No unit able to provide field assessment could reach this ward within 45 minutes without pulling a unit off a higher-severity ward.
470.0,2025-09-28T18:50:00Z,REPLAY,current_status,I082:debris_clearance:0,I082,debris_clearance,w-pc-12,3,No unit able to provide debris clearance could reach this ward within 45 minutes without pulling a unit off a higher-severity ward.
470.0,2025-09-28T18:50:00Z,REPLAY,current_status,I085:mass_transport:0,I085,mass_transport,w-pc-09,4,No unit able to provide mass transport could reach this ward within 45 minutes without pulling a unit off a higher-severity ward.
470.0,2025-09-28T18:50:00Z,REPLAY,current_status,I085:mass_transport:1,I085,mass_transport,w-pc-09,4,No unit able to provide mass transport could reach this ward within 45 minutes without pulling a unit off a higher-severity ward.
470.0,2025-09-28T18:50:00Z,REPLAY,current_status,I085:dewatering:0,I085,dewatering,w-pc-09,4,No unit able to provide dewatering could reach this ward within 45 minutes without pulling a unit off a higher-severity ward.
470.0,2025-09-28T18:50:00Z,REPLAY,current_status,I086:field_assessment:0,I086,field_assessment,w-pc-13,2,No unit able to provide field assessment could reach this ward within 45 minutes without pulling a unit off a higher-severity ward.
470.0,2025-09-28T18:50:00Z,REPLAY,current_status,I087:field_assessment:0,I087,field_assessment,w-pc-08,2,No unit able to provide field assessment could reach this ward within 45 minutes without pulling a unit off a higher-severity ward.
470.0,2025-09-28T18:50:00Z,REPLAY,current_status,I088:mass_transport:0,I088,mass_transport,w-pc-13,4,No unit able to provide mass transport could reach this ward within 45 minutes without pulling a unit off a higher-severity ward.
470.0,2025-09-28T18:50:00Z,REPLAY,current_status,I088:dewatering:0,I088,dewatering,w-pc-13,4,No unit able to provide dewatering could reach this ward within 45 minutes without pulling a unit off a higher-severity ward.
470.0,2025-09-28T18:50:00Z,REPLAY,current_status,I089:field_assessment:0,I089,field_assessment,w-pc-08,2,No unit able to provide field assessment could reach this ward within 45 minutes without pulling a unit off a higher-severity ward.
470.0,2025-09-28T18:50:00Z,REPLAY,current_status,I091:field_assessment:0,I091,field_assessment,w-pc-11,2,No unit able to provide field assessment could reach this ward within 45 minutes without pulling a unit off a higher-severity ward.
470.0,2025-09-28T18:50:00Z,REPLAY,current_status,I092:field_assessment:0,I092,field_assessment,w-pc-11,2,No unit able to provide field assessment could reach this ward within 45 minutes without pulling a unit off a higher-severity ward.
470.0,2025-09-28T18:50:00Z,REPLAY,current_status,I093:field_assessment:0,I093,field_assessment,w-pc-07,2,No unit able to provide field assessment could reach this ward within 45 minutes without pulling a unit off a higher-severity ward.
470.0,2025-09-28T18:50:00Z,REPLAY,current_status,I094:field_assessment:0,I094,field_assessment,w-pc-03,2,No unit able to provide field assessment could reach this ward within 45 minutes without pulling a unit off a higher-severity ward.
470.0,2025-09-28T18:50:00Z,REPLAY,current_status,I095:field_assessment:0,I095,field_assessment,w-pc-10,2,No unit able to provide field assessment could reach this ward within 45 minutes without pulling a unit off a higher-severity ward.
470.0,2025-09-28T18:50:00Z,REPLAY,current_status,I096:water_rescue:0,I096,water_rescue,w-pc-11,5,No unit able to provide water rescue could reach this ward within 45 minutes without pulling a unit off a higher-severity ward.
470.0,2025-09-28T18:50:00Z,REPLAY,current_status,I096:mass_transport:0,I096,mass_transport,w-pc-11,5,No unit able to provide mass transport could reach this ward within 45 minutes without pulling a unit off a higher-severity ward.
470.0,2025-09-28T18:50:00Z,REPLAY,current_status,I096:mass_transport:1,I096,mass_transport,w-pc-11,5,No unit able to provide mass transport could reach this ward within 45 minutes without pulling a unit off a higher-severity ward.
470.0,2025-09-28T18:50:00Z,REPLAY,current_status,I096:mass_transport:2,I096,mass_transport,w-pc-11,5,No unit able to provide mass transport could reach this ward within 45 minutes without pulling a unit off a higher-severity ward.
470.0,2025-09-28T18:50:00Z,REPLAY,current_status,I097:field_assessment:0,I097,field_assessment,w-pc-14,2,No unit able to provide field assessment could reach this ward within 45 minutes without pulling a unit off a higher-severity ward.
470.0,2025-09-28T18:50:00Z,REPLAY,current_status,I099:mass_transport:0,I099,mass_transport,w-pc-06,4,No unit able to provide mass transport could reach this ward within 45 minutes without pulling a unit off a higher-severity ward.
470.0,2025-09-28T18:50:00Z,REPLAY,current_status,I099:mass_transport:1,I099,mass_transport,w-pc-06,4,No unit able to provide mass transport could reach this ward within 45 minutes without pulling a unit off a higher-severity ward.
470.0,2025-09-28T18:50:00Z,REPLAY,current_status,I101:field_assessment:0,I101,field_assessment,w-pc-06,2,No unit able to provide field assessment could reach this ward within 45 minutes without pulling a unit off a higher-severity ward.
470.0,2025-09-28T18:50:00Z,REPLAY,current_status,I102:field_assessment:0,I102,field_assessment,w-pc-09,2,No unit able to provide field assessment could reach this ward within 45 minutes without pulling a unit off a higher-severity ward.
480.0,2025-09-28T19:00:00Z,REPLAY,current_status,I001:mass_transport:0,I001,mass_transport,w-pc-11,5,No unit able to provide mass transport could reach this ward within 45 minutes without pulling a unit off a higher-severity ward.
480.0,2025-09-28T19:00:00Z,REPLAY,current_status,I001:mass_transport:1,I001,mass_transport,w-pc-11,5,No unit able to provide mass transport could reach this ward within 45 minutes without pulling a unit off a higher-severity ward.
480.0,2025-09-28T19:00:00Z,REPLAY,current_status,I001:mass_transport:2,I001,mass_transport,w-pc-11,5,No unit able to provide mass transport could reach this ward within 45 minutes without pulling a unit off a higher-severity ward.
480.0,2025-09-28T19:00:00Z,REPLAY,current_status,I006:mass_transport:0,I006,mass_transport,w-pc-14,5,No unit able to provide mass transport could reach this ward within 45 minutes without pulling a unit off a higher-severity ward.
480.0,2025-09-28T19:00:00Z,REPLAY,current_status,I006:mass_transport:1,I006,mass_transport,w-pc-14,5,No unit able to provide mass transport could reach this ward within 45 minutes without pulling a unit off a higher-severity ward.
480.0,2025-09-28T19:00:00Z,REPLAY,current_status,I006:mass_transport:2,I006,mass_transport,w-pc-14,5,No unit able to provide mass transport could reach this ward within 45 minutes without pulling a unit off a higher-severity ward.
480.0,2025-09-28T19:00:00Z,REPLAY,current_status,I009:mass_transport:0,I009,mass_transport,w-pc-07,4,No unit able to provide mass transport could reach this ward within 45 minutes without pulling a unit off a higher-severity ward.
480.0,2025-09-28T19:00:00Z,REPLAY,current_status,I009:mass_transport:1,I009,mass_transport,w-pc-07,4,No unit able to provide mass transport could reach this ward within 45 minutes without pulling a unit off a higher-severity ward.
480.0,2025-09-28T19:00:00Z,REPLAY,current_status,I011:mass_transport:0,I011,mass_transport,w-pc-14,4,No unit able to provide mass transport could reach this ward within 45 minutes without pulling a unit off a higher-severity ward.
480.0,2025-09-28T19:00:00Z,REPLAY,current_status,I011:mass_transport:1,I011,mass_transport,w-pc-14,4,No unit able to provide mass transport could reach this ward within 45 minutes without pulling a unit off a higher-severity ward.
480.0,2025-09-28T19:00:00Z,REPLAY,current_status,I015:mass_transport:0,I015,mass_transport,w-pc-11,4,No unit able to provide mass transport could reach this ward within 45 minutes without pulling a unit off a higher-severity ward.
480.0,2025-09-28T19:00:00Z,REPLAY,current_status,I015:mass_transport:1,I015,mass_transport,w-pc-11,4,No unit able to provide mass transport could reach this ward within 45 minutes without pulling a unit off a higher-severity ward.
480.0,2025-09-28T19:00:00Z,REPLAY,current_status,I017:mass_transport:0,I017,mass_transport,w-pc-07,5,No unit able to provide mass transport could reach this ward within 45 minutes without pulling a unit off a higher-severity ward.
480.0,2025-09-28T19:00:00Z,REPLAY,current_status,I024:mass_transport:0,I024,mass_transport,w-pc-06,4,No unit able to provide mass transport could reach this ward within 45 minutes without pulling a unit off a higher-severity ward.
480.0,2025-09-28T19:00:00Z,REPLAY,current_status,I024:mass_transport:1,I024,mass_transport,w-pc-06,4,No unit able to provide mass transport could reach this ward within 45 minutes without pulling a unit off a higher-severity ward.
480.0,2025-09-28T19:00:00Z,REPLAY,current_status,I027:mass_transport:0,I027,mass_transport,w-pc-10,4,No unit able to provide mass transport could reach this ward within 45 minutes without pulling a unit off a higher-severity ward.
480.0,2025-09-28T19:00:00Z,REPLAY,current_status,I027:mass_transport:1,I027,mass_transport,w-pc-10,4,No unit able to provide mass transport could reach this ward within 45 minutes without pulling a unit off a higher-severity ward.
480.0,2025-09-28T19:00:00Z,REPLAY,current_status,I029:mass_transport:0,I029,mass_transport,w-pc-13,4,No unit able to provide mass transport could reach this ward within 45 minutes without pulling a unit off a higher-severity ward.
480.0,2025-09-28T19:00:00Z,REPLAY,current_status,I030:mass_transport:0,I030,mass_transport,w-pc-06,4,No unit able to provide mass transport could reach this ward within 45 minutes without pulling a unit off a higher-severity ward.
480.0,2025-09-28T19:00:00Z,REPLAY,current_status,I030:mass_transport:1,I030,mass_transport,w-pc-06,4,No unit able to provide mass transport could reach this ward within 45 minutes without pulling a unit off a higher-severity ward.
480.0,2025-09-28T19:00:00Z,REPLAY,current_status,I035:mass_transport:0,I035,mass_transport,w-pc-11,5,No unit able to provide mass transport could reach this ward within 45 minutes without pulling a unit off a higher-severity ward.
480.0,2025-09-28T19:00:00Z,REPLAY,current_status,I035:mass_transport:1,I035,mass_transport,w-pc-11,5,No unit able to provide mass transport could reach this ward within 45 minutes without pulling a unit off a higher-severity ward.
480.0,2025-09-28T19:00:00Z,REPLAY,current_status,I035:mass_transport:2,I035,mass_transport,w-pc-11,5,No unit able to provide mass transport could reach this ward within 45 minutes without pulling a unit off a higher-severity ward.
480.0,2025-09-28T19:00:00Z,REPLAY,current_status,I038:mass_transport:0,I038,mass_transport,w-pc-11,4,No unit able to provide mass transport could reach this ward within 45 minutes without pulling a unit off a higher-severity ward.
480.0,2025-09-28T19:00:00Z,REPLAY,current_status,I038:mass_transport:1,I038,mass_transport,w-pc-11,4,No unit able to provide mass transport could reach this ward within 45 minutes without pulling a unit off a higher-severity ward.
480.0,2025-09-28T19:00:00Z,REPLAY,current_status,I039:mass_transport:0,I039,mass_transport,w-pc-13,4,No unit able to provide mass transport could reach this ward within 45 minutes without pulling a unit off a higher-severity ward.
480.0,2025-09-28T19:00:00Z,REPLAY,current_status,I042:mass_transport:0,I042,mass_transport,w-pc-02,4,No unit able to provide mass transport could reach this ward within 45 minutes without pulling a unit off a higher-severity ward.
480.0,2025-09-28T19:00:00Z,REPLAY,current_status,I042:mass_transport:1,I042,mass_transport,w-pc-02,4,No unit able to provide mass transport could reach this ward within 45 minutes without pulling a unit off a higher-severity ward.
480.0,2025-09-28T19:00:00Z,REPLAY,current_status,I046:mass_transport:0,I046,mass_transport,w-pc-11,5,No unit able to provide mass transport could reach this ward within 45 minutes without pulling a unit off a higher-severity ward.
480.0,2025-09-28T19:00:00Z,REPLAY,current_status,I046:mass_transport:1,I046,mass_transport,w-pc-11,5,No unit able to provide mass transport could reach this ward within 45 minutes without pulling a unit off a higher-severity ward.
480.0,2025-09-28T19:00:00Z,REPLAY,current_status,I046:mass_transport:2,I046,mass_transport,w-pc-11,5,No unit able to provide mass transport could reach this ward within 45 minutes without pulling a unit off a higher-severity ward.
480.0,2025-09-28T19:00:00Z,REPLAY,current_status,I048:mass_transport:0,I048,mass_transport,w-pc-07,5,No unit able to provide mass transport could reach this ward within 45 minutes without pulling a unit off a higher-severity ward.
480.0,2025-09-28T19:00:00Z,REPLAY,current_status,I048:mass_transport:1,I048,mass_transport,w-pc-07,5,No unit able to provide mass transport could reach this ward within 45 minutes without pulling a unit off a higher-severity ward.
480.0,2025-09-28T19:00:00Z,REPLAY,current_status,I048:mass_transport:2,I048,mass_transport,w-pc-07,5,No unit able to provide mass transport could reach this ward within 45 minutes without pulling a unit off a higher-severity ward.
480.0,2025-09-28T19:00:00Z,REPLAY,current_status,I050:search_rescue:0,I050,search_rescue,w-pc-09,5,No unit able to provide search rescue could reach this ward within 45 minutes without pulling a unit off a higher-severity ward.
480.0,2025-09-28T19:00:00Z,REPLAY,current_status,I054:mass_transport:0,I054,mass_transport,w-pc-10,5,No unit able to provide mass transport could reach this ward within 45 minutes without pulling a unit off a higher-severity ward.
480.0,2025-09-28T19:00:00Z,REPLAY,current_status,I054:mass_transport:1,I054,mass_transport,w-pc-10,5,No unit able to provide mass transport could reach this ward within 45 minutes without pulling a unit off a higher-severity ward.
480.0,2025-09-28T19:00:00Z,REPLAY,current_status,I054:mass_transport:2,I054,mass_transport,w-pc-10,5,No unit able to provide mass transport could reach this ward within 45 minutes without pulling a unit off a higher-severity ward.
480.0,2025-09-28T19:00:00Z,REPLAY,current_status,I057:mass_transport:0,I057,mass_transport,w-pc-02,4,No unit able to provide mass transport could reach this ward within 45 minutes without pulling a unit off a higher-severity ward.
480.0,2025-09-28T19:00:00Z,REPLAY,current_status,I057:mass_transport:1,I057,mass_transport,w-pc-02,4,No unit able to provide mass transport could reach this ward within 45 minutes without pulling a unit off a higher-severity ward.
480.0,2025-09-28T19:00:00Z,REPLAY,current_status,I060:mass_transport:0,I060,mass_transport,w-pc-06,5,No unit able to provide mass transport could reach this ward within 45 minutes without pulling a unit off a higher-severity ward.
480.0,2025-09-28T19:00:00Z,REPLAY,current_status,I060:mass_transport:1,I060,mass_transport,w-pc-06,5,No unit able to provide mass transport could reach this ward within 45 minutes without pulling a unit off a higher-severity ward.
480.0,2025-09-28T19:00:00Z,REPLAY,current_status,I060:mass_transport:2,I060,mass_transport,w-pc-06,5,No unit able to provide mass transport could reach this ward within 45 minutes without pulling a unit off a higher-severity ward.
480.0,2025-09-28T19:00:00Z,REPLAY,current_status,I061:mass_transport:0,I061,mass_transport,w-pc-11,5,No unit able to provide mass transport could reach this ward within 45 minutes without pulling a unit off a higher-severity ward.
480.0,2025-09-28T19:00:00Z,REPLAY,current_status,I061:mass_transport:1,I061,mass_transport,w-pc-11,5,No unit able to provide mass transport could reach this ward within 45 minutes without pulling a unit off a higher-severity ward.
480.0,2025-09-28T19:00:00Z,REPLAY,current_status,I061:mass_transport:2,I061,mass_transport,w-pc-11,5,No unit able to provide mass transport could reach this ward within 45 minutes without pulling a unit off a higher-severity ward.
480.0,2025-09-28T19:00:00Z,REPLAY,current_status,I062:mass_transport:0,I062,mass_transport,w-pc-10,4,No unit able to provide mass transport could reach this ward within 45 minutes without pulling a unit off a higher-severity ward.
480.0,2025-09-28T19:00:00Z,REPLAY,current_status,I062:mass_transport:1,I062,mass_transport,w-pc-10,4,No unit able to provide mass transport could reach this ward within 45 minutes without pulling a unit off a higher-severity ward.
480.0,2025-09-28T19:00:00Z,REPLAY,current_status,I063:mass_transport:0,I063,mass_transport,w-pc-13,5,No unit able to provide mass transport could reach this ward within 45 minutes without pulling a unit off a higher-severity ward.
480.0,2025-09-28T19:00:00Z,REPLAY,current_status,I063:mass_transport:1,I063,mass_transport,w-pc-13,5,No unit able to provide mass transport could reach this ward within 45 minutes without pulling a unit off a higher-severity ward.
480.0,2025-09-28T19:00:00Z,REPLAY,current_status,I063:mass_transport:2,I063,mass_transport,w-pc-13,5,No unit able to provide mass transport could reach this ward within 45 minutes without pulling a unit off a higher-severity ward.
480.0,2025-09-28T19:00:00Z,REPLAY,current_status,I064:mass_transport:0,I064,mass_transport,w-pc-11,5,No unit able to provide mass transport could reach this ward within 45 minutes without pulling a unit off a higher-severity ward.
480.0,2025-09-28T19:00:00Z,REPLAY,current_status,I064:mass_transport:1,I064,mass_transport,w-pc-11,5,No unit able to provide mass transport could reach this ward within 45 minutes without pulling a unit off a higher-severity ward.
480.0,2025-09-28T19:00:00Z,REPLAY,current_status,I064:mass_transport:2,I064,mass_transport,w-pc-11,5,No unit able to provide mass transport could reach this ward within 45 minutes without pulling a unit off a higher-severity ward.
480.0,2025-09-28T19:00:00Z,REPLAY,current_status,I065:mass_transport:0,I065,mass_transport,w-pc-11,4,No unit able to provide mass transport could reach this ward within 45 minutes without pulling a unit off a higher-severity ward.
480.0,2025-09-28T19:00:00Z,REPLAY,current_status,I065:mass_transport:1,I065,mass_transport,w-pc-11,4,No unit able to provide mass transport could reach this ward within 45 minutes without pulling a unit off a higher-severity ward.
480.0,2025-09-28T19:00:00Z,REPLAY,current_status,I068:mass_transport:0,I068,mass_transport,w-pc-10,4,No unit able to provide mass transport could reach this ward within 45 minutes without pulling a unit off a higher-severity ward.
480.0,2025-09-28T19:00:00Z,REPLAY,current_status,I068:mass_transport:1,I068,mass_transport,w-pc-10,4,No unit able to provide mass transport could reach this ward within 45 minutes without pulling a unit off a higher-severity ward.
480.0,2025-09-28T19:00:00Z,REPLAY,current_status,I071:mass_transport:0,I071,mass_transport,w-pc-07,4,No unit able to provide mass transport could reach this ward within 45 minutes without pulling a unit off a higher-severity ward.
480.0,2025-09-28T19:00:00Z,REPLAY,current_status,I071:mass_transport:1,I071,mass_transport,w-pc-07,4,No unit able to provide mass transport could reach this ward within 45 minutes without pulling a unit off a higher-severity ward.
480.0,2025-09-28T19:00:00Z,REPLAY,current_status,I072:mass_transport:0,I072,mass_transport,w-pc-14,4,No unit able to provide mass transport could reach this ward within 45 minutes without pulling a unit off a higher-severity ward.
480.0,2025-09-28T19:00:00Z,REPLAY,current_status,I072:mass_transport:1,I072,mass_transport,w-pc-14,4,No unit able to provide mass transport could reach this ward within 45 minutes without pulling a unit off a higher-severity ward.
480.0,2025-09-28T19:00:00Z,REPLAY,current_status,I072:dewatering:0,I072,dewatering,w-pc-14,4,No unit able to provide dewatering could reach this ward within 45 minutes without pulling a unit off a higher-severity ward.
480.0,2025-09-28T19:00:00Z,REPLAY,current_status,I074:mass_transport:0,I074,mass_transport,w-pc-02,4,No unit able to provide mass transport could reach this ward within 45 minutes without pulling a unit off a higher-severity ward.
480.0,2025-09-28T19:00:00Z,REPLAY,current_status,I074:mass_transport:1,I074,mass_transport,w-pc-02,4,No unit able to provide mass transport could reach this ward within 45 minutes without pulling a unit off a higher-severity ward.
480.0,2025-09-28T19:00:00Z,REPLAY,current_status,I074:dewatering:0,I074,dewatering,w-pc-02,4,No unit able to provide dewatering could reach this ward within 45 minutes without pulling a unit off a higher-severity ward.
480.0,2025-09-28T19:00:00Z,REPLAY,current_status,I078:mass_transport:0,I078,mass_transport,w-pc-04,4,No unit able to provide mass transport could reach this ward within 45 minutes without pulling a unit off a higher-severity ward.
480.0,2025-09-28T19:00:00Z,REPLAY,current_status,I078:mass_transport:1,I078,mass_transport,w-pc-04,4,No unit able to provide mass transport could reach this ward within 45 minutes without pulling a unit off a higher-severity ward.
480.0,2025-09-28T19:00:00Z,REPLAY,current_status,I078:dewatering:0,I078,dewatering,w-pc-04,4,No unit able to provide dewatering could reach this ward within 45 minutes without pulling a unit off a higher-severity ward.
480.0,2025-09-28T19:00:00Z,REPLAY,current_status,I079:mass_transport:0,I079,mass_transport,w-pc-07,4,No unit able to provide mass transport could reach this ward within 45 minutes without pulling a unit off a higher-severity ward.
480.0,2025-09-28T19:00:00Z,REPLAY,current_status,I079:mass_transport:1,I079,mass_transport,w-pc-07,4,No unit able to provide mass transport could reach this ward within 45 minutes without pulling a unit off a higher-severity ward.
480.0,2025-09-28T19:00:00Z,REPLAY,current_status,I081:field_assessment:0,I081,field_assessment,w-pc-09,2,No unit able to provide field assessment could reach this ward within 45 minutes without pulling a unit off a higher-severity ward.
480.0,2025-09-28T19:00:00Z,REPLAY,current_status,I082:debris_clearance:0,I082,debris_clearance,w-pc-12,3,No unit able to provide debris clearance could reach this ward within 45 minutes without pulling a unit off a higher-severity ward.
480.0,2025-09-28T19:00:00Z,REPLAY,current_status,I085:mass_transport:0,I085,mass_transport,w-pc-09,4,No unit able to provide mass transport could reach this ward within 45 minutes without pulling a unit off a higher-severity ward.
480.0,2025-09-28T19:00:00Z,REPLAY,current_status,I085:mass_transport:1,I085,mass_transport,w-pc-09,4,No unit able to provide mass transport could reach this ward within 45 minutes without pulling a unit off a higher-severity ward.
480.0,2025-09-28T19:00:00Z,REPLAY,current_status,I085:dewatering:0,I085,dewatering,w-pc-09,4,No unit able to provide dewatering could reach this ward within 45 minutes without pulling a unit off a higher-severity ward.
480.0,2025-09-28T19:00:00Z,REPLAY,current_status,I086:field_assessment:0,I086,field_assessment,w-pc-13,2,No unit able to provide field assessment could reach this ward within 45 minutes without pulling a unit off a higher-severity ward.
480.0,2025-09-28T19:00:00Z,REPLAY,current_status,I087:field_assessment:0,I087,field_assessment,w-pc-08,2,No unit able to provide field assessment could reach this ward within 45 minutes without pulling a unit off a higher-severity ward.
480.0,2025-09-28T19:00:00Z,REPLAY,current_status,I088:mass_transport:0,I088,mass_transport,w-pc-13,4,No unit able to provide mass transport could reach this ward within 45 minutes without pulling a unit off a higher-severity ward.
480.0,2025-09-28T19:00:00Z,REPLAY,current_status,I090:mass_transport:0,I090,mass_transport,w-pc-11,5,No unit able to provide mass transport could reach this ward within 45 minutes without pulling a unit off a higher-severity ward.
480.0,2025-09-28T19:00:00Z,REPLAY,current_status,I090:mass_transport:1,I090,mass_transport,w-pc-11,5,No unit able to provide mass transport could reach this ward within 45 minutes without pulling a unit off a higher-severity ward.
480.0,2025-09-28T19:00:00Z,REPLAY,current_status,I090:mass_transport:2,I090,mass_transport,w-pc-11,5,No unit able to provide mass transport could reach this ward within 45 minutes without pulling a unit off a higher-severity ward.
480.0,2025-09-28T19:00:00Z,REPLAY,current_status,I091:field_assessment:0,I091,field_assessment,w-pc-11,2,No unit able to provide field assessment could reach this ward within 45 minutes without pulling a unit off a higher-severity ward.
480.0,2025-09-28T19:00:00Z,REPLAY,current_status,I092:field_assessment:0,I092,field_assessment,w-pc-11,2,No unit able to provide field assessment could reach this ward within 45 minutes without pulling a unit off a higher-severity ward.
480.0,2025-09-28T19:00:00Z,REPLAY,current_status,I093:field_assessment:0,I093,field_assessment,w-pc-07,2,No unit able to provide field assessment could reach this ward within 45 minutes without pulling a unit off a higher-severity ward.
480.0,2025-09-28T19:00:00Z,REPLAY,current_status,I094:field_assessment:0,I094,field_assessment,w-pc-03,2,No unit able to provide field assessment could reach this ward within 45 minutes without pulling a unit off a higher-severity ward.
480.0,2025-09-28T19:00:00Z,REPLAY,current_status,I095:field_assessment:0,I095,field_assessment,w-pc-10,2,No unit able to provide field assessment could reach this ward within 45 minutes without pulling a unit off a higher-severity ward.
480.0,2025-09-28T19:00:00Z,REPLAY,current_status,I096:water_rescue:0,I096,water_rescue,w-pc-11,5,No unit able to provide water rescue could reach this ward within 45 minutes without pulling a unit off a higher-severity ward.
480.0,2025-09-28T19:00:00Z,REPLAY,current_status,I096:mass_transport:0,I096,mass_transport,w-pc-11,5,No unit able to provide mass transport could reach this ward within 45 minutes without pulling a unit off a higher-severity ward.
480.0,2025-09-28T19:00:00Z,REPLAY,current_status,I096:mass_transport:1,I096,mass_transport,w-pc-11,5,No unit able to provide mass transport could reach this ward within 45 minutes without pulling a unit off a higher-severity ward.
480.0,2025-09-28T19:00:00Z,REPLAY,current_status,I096:mass_transport:2,I096,mass_transport,w-pc-11,5,No unit able to provide mass transport could reach this ward within 45 minutes without pulling a unit off a higher-severity ward.
480.0,2025-09-28T19:00:00Z,REPLAY,current_status,I099:mass_transport:0,I099,mass_transport,w-pc-06,4,No unit able to provide mass transport could reach this ward within 45 minutes without pulling a unit off a higher-severity ward.
480.0,2025-09-28T19:00:00Z,REPLAY,current_status,I099:mass_transport:1,I099,mass_transport,w-pc-06,4,No unit able to provide mass transport could reach this ward within 45 minutes without pulling a unit off a higher-severity ward.
480.0,2025-09-28T19:00:00Z,REPLAY,current_status,I100:field_assessment:0,I100,field_assessment,w-pc-02,2,No unit able to provide field assessment could reach this ward within 45 minutes without pulling a unit off a higher-severity ward.
480.0,2025-09-28T19:00:00Z,REPLAY,current_status,I101:field_assessment:0,I101,field_assessment,w-pc-06,2,No unit able to provide field assessment could reach this ward within 45 minutes without pulling a unit off a higher-severity ward.
480.0,2025-09-28T19:00:00Z,REPLAY,current_status,I102:medical_transport:0,I102,medical_transport,w-pc-09,4,No unit able to provide medical transport could reach this ward within 45 minutes without pulling a unit off a higher-severity ward.
480.0,2025-09-28T19:00:00Z,REPLAY,current_status,I102:traffic_control:0,I102,traffic_control,w-pc-09,4,No unit able to provide traffic control could reach this ward within 45 minutes without pulling a unit off a higher-severity ward.
490.0,2025-09-28T19:10:00Z,REPLAY,current_status,I001:mass_transport:0,I001,mass_transport,w-pc-11,5,No unit able to provide mass transport could reach this ward within 45 minutes without pulling a unit off a higher-severity ward.
490.0,2025-09-28T19:10:00Z,REPLAY,current_status,I001:mass_transport:1,I001,mass_transport,w-pc-11,5,No unit able to provide mass transport could reach this ward within 45 minutes without pulling a unit off a higher-severity ward.
490.0,2025-09-28T19:10:00Z,REPLAY,current_status,I001:mass_transport:2,I001,mass_transport,w-pc-11,5,No unit able to provide mass transport could reach this ward within 45 minutes without pulling a unit off a higher-severity ward.
490.0,2025-09-28T19:10:00Z,REPLAY,current_status,I006:mass_transport:0,I006,mass_transport,w-pc-14,5,No unit able to provide mass transport could reach this ward within 45 minutes without pulling a unit off a higher-severity ward.
490.0,2025-09-28T19:10:00Z,REPLAY,current_status,I006:mass_transport:1,I006,mass_transport,w-pc-14,5,No unit able to provide mass transport could reach this ward within 45 minutes without pulling a unit off a higher-severity ward.
490.0,2025-09-28T19:10:00Z,REPLAY,current_status,I006:mass_transport:2,I006,mass_transport,w-pc-14,5,No unit able to provide mass transport could reach this ward within 45 minutes without pulling a unit off a higher-severity ward.
490.0,2025-09-28T19:10:00Z,REPLAY,current_status,I009:mass_transport:0,I009,mass_transport,w-pc-07,4,No unit able to provide mass transport could reach this ward within 45 minutes without pulling a unit off a higher-severity ward.
490.0,2025-09-28T19:10:00Z,REPLAY,current_status,I009:mass_transport:1,I009,mass_transport,w-pc-07,4,No unit able to provide mass transport could reach this ward within 45 minutes without pulling a unit off a higher-severity ward.
490.0,2025-09-28T19:10:00Z,REPLAY,current_status,I011:mass_transport:0,I011,mass_transport,w-pc-14,4,No unit able to provide mass transport could reach this ward within 45 minutes without pulling a unit off a higher-severity ward.
490.0,2025-09-28T19:10:00Z,REPLAY,current_status,I011:mass_transport:1,I011,mass_transport,w-pc-14,4,No unit able to provide mass transport could reach this ward within 45 minutes without pulling a unit off a higher-severity ward.
490.0,2025-09-28T19:10:00Z,REPLAY,current_status,I015:mass_transport:0,I015,mass_transport,w-pc-11,4,No unit able to provide mass transport could reach this ward within 45 minutes without pulling a unit off a higher-severity ward.
490.0,2025-09-28T19:10:00Z,REPLAY,current_status,I015:mass_transport:1,I015,mass_transport,w-pc-11,4,No unit able to provide mass transport could reach this ward within 45 minutes without pulling a unit off a higher-severity ward.
490.0,2025-09-28T19:10:00Z,REPLAY,current_status,I017:mass_transport:0,I017,mass_transport,w-pc-07,5,No unit able to provide mass transport could reach this ward within 45 minutes without pulling a unit off a higher-severity ward.
490.0,2025-09-28T19:10:00Z,REPLAY,current_status,I024:mass_transport:0,I024,mass_transport,w-pc-06,4,No unit able to provide mass transport could reach this ward within 45 minutes without pulling a unit off a higher-severity ward.
490.0,2025-09-28T19:10:00Z,REPLAY,current_status,I024:mass_transport:1,I024,mass_transport,w-pc-06,4,No unit able to provide mass transport could reach this ward within 45 minutes without pulling a unit off a higher-severity ward.
490.0,2025-09-28T19:10:00Z,REPLAY,current_status,I027:mass_transport:0,I027,mass_transport,w-pc-10,4,No unit able to provide mass transport could reach this ward within 45 minutes without pulling a unit off a higher-severity ward.
490.0,2025-09-28T19:10:00Z,REPLAY,current_status,I027:mass_transport:1,I027,mass_transport,w-pc-10,4,No unit able to provide mass transport could reach this ward within 45 minutes without pulling a unit off a higher-severity ward.
490.0,2025-09-28T19:10:00Z,REPLAY,current_status,I029:mass_transport:0,I029,mass_transport,w-pc-13,4,No unit able to provide mass transport could reach this ward within 45 minutes without pulling a unit off a higher-severity ward.
490.0,2025-09-28T19:10:00Z,REPLAY,current_status,I030:mass_transport:0,I030,mass_transport,w-pc-06,4,No unit able to provide mass transport could reach this ward within 45 minutes without pulling a unit off a higher-severity ward.
490.0,2025-09-28T19:10:00Z,REPLAY,current_status,I030:mass_transport:1,I030,mass_transport,w-pc-06,4,No unit able to provide mass transport could reach this ward within 45 minutes without pulling a unit off a higher-severity ward.
490.0,2025-09-28T19:10:00Z,REPLAY,current_status,I035:mass_transport:0,I035,mass_transport,w-pc-11,5,No unit able to provide mass transport could reach this ward within 45 minutes without pulling a unit off a higher-severity ward.
490.0,2025-09-28T19:10:00Z,REPLAY,current_status,I035:mass_transport:1,I035,mass_transport,w-pc-11,5,No unit able to provide mass transport could reach this ward within 45 minutes without pulling a unit off a higher-severity ward.
490.0,2025-09-28T19:10:00Z,REPLAY,current_status,I035:mass_transport:2,I035,mass_transport,w-pc-11,5,No unit able to provide mass transport could reach this ward within 45 minutes without pulling a unit off a higher-severity ward.
490.0,2025-09-28T19:10:00Z,REPLAY,current_status,I038:mass_transport:0,I038,mass_transport,w-pc-11,4,No unit able to provide mass transport could reach this ward within 45 minutes without pulling a unit off a higher-severity ward.
490.0,2025-09-28T19:10:00Z,REPLAY,current_status,I038:mass_transport:1,I038,mass_transport,w-pc-11,4,No unit able to provide mass transport could reach this ward within 45 minutes without pulling a unit off a higher-severity ward.
490.0,2025-09-28T19:10:00Z,REPLAY,current_status,I039:mass_transport:0,I039,mass_transport,w-pc-13,4,No unit able to provide mass transport could reach this ward within 45 minutes without pulling a unit off a higher-severity ward.
490.0,2025-09-28T19:10:00Z,REPLAY,current_status,I042:mass_transport:0,I042,mass_transport,w-pc-02,4,No unit able to provide mass transport could reach this ward within 45 minutes without pulling a unit off a higher-severity ward.
490.0,2025-09-28T19:10:00Z,REPLAY,current_status,I042:mass_transport:1,I042,mass_transport,w-pc-02,4,No unit able to provide mass transport could reach this ward within 45 minutes without pulling a unit off a higher-severity ward.
490.0,2025-09-28T19:10:00Z,REPLAY,current_status,I046:mass_transport:0,I046,mass_transport,w-pc-11,5,No unit able to provide mass transport could reach this ward within 45 minutes without pulling a unit off a higher-severity ward.
490.0,2025-09-28T19:10:00Z,REPLAY,current_status,I046:mass_transport:1,I046,mass_transport,w-pc-11,5,No unit able to provide mass transport could reach this ward within 45 minutes without pulling a unit off a higher-severity ward.
490.0,2025-09-28T19:10:00Z,REPLAY,current_status,I046:mass_transport:2,I046,mass_transport,w-pc-11,5,No unit able to provide mass transport could reach this ward within 45 minutes without pulling a unit off a higher-severity ward.
490.0,2025-09-28T19:10:00Z,REPLAY,current_status,I048:mass_transport:0,I048,mass_transport,w-pc-07,5,No unit able to provide mass transport could reach this ward within 45 minutes without pulling a unit off a higher-severity ward.
490.0,2025-09-28T19:10:00Z,REPLAY,current_status,I048:mass_transport:1,I048,mass_transport,w-pc-07,5,No unit able to provide mass transport could reach this ward within 45 minutes without pulling a unit off a higher-severity ward.
490.0,2025-09-28T19:10:00Z,REPLAY,current_status,I048:mass_transport:2,I048,mass_transport,w-pc-07,5,No unit able to provide mass transport could reach this ward within 45 minutes without pulling a unit off a higher-severity ward.
490.0,2025-09-28T19:10:00Z,REPLAY,current_status,I054:mass_transport:0,I054,mass_transport,w-pc-10,5,No unit able to provide mass transport could reach this ward within 45 minutes without pulling a unit off a higher-severity ward.
490.0,2025-09-28T19:10:00Z,REPLAY,current_status,I054:mass_transport:1,I054,mass_transport,w-pc-10,5,No unit able to provide mass transport could reach this ward within 45 minutes without pulling a unit off a higher-severity ward.
490.0,2025-09-28T19:10:00Z,REPLAY,current_status,I054:mass_transport:2,I054,mass_transport,w-pc-10,5,No unit able to provide mass transport could reach this ward within 45 minutes without pulling a unit off a higher-severity ward.
490.0,2025-09-28T19:10:00Z,REPLAY,current_status,I057:mass_transport:0,I057,mass_transport,w-pc-02,4,No unit able to provide mass transport could reach this ward within 45 minutes without pulling a unit off a higher-severity ward.
490.0,2025-09-28T19:10:00Z,REPLAY,current_status,I057:mass_transport:1,I057,mass_transport,w-pc-02,4,No unit able to provide mass transport could reach this ward within 45 minutes without pulling a unit off a higher-severity ward.
490.0,2025-09-28T19:10:00Z,REPLAY,current_status,I060:mass_transport:0,I060,mass_transport,w-pc-06,5,No unit able to provide mass transport could reach this ward within 45 minutes without pulling a unit off a higher-severity ward.
490.0,2025-09-28T19:10:00Z,REPLAY,current_status,I060:mass_transport:1,I060,mass_transport,w-pc-06,5,No unit able to provide mass transport could reach this ward within 45 minutes without pulling a unit off a higher-severity ward.
490.0,2025-09-28T19:10:00Z,REPLAY,current_status,I060:mass_transport:2,I060,mass_transport,w-pc-06,5,No unit able to provide mass transport could reach this ward within 45 minutes without pulling a unit off a higher-severity ward.
490.0,2025-09-28T19:10:00Z,REPLAY,current_status,I061:mass_transport:0,I061,mass_transport,w-pc-11,5,No unit able to provide mass transport could reach this ward within 45 minutes without pulling a unit off a higher-severity ward.
490.0,2025-09-28T19:10:00Z,REPLAY,current_status,I061:mass_transport:1,I061,mass_transport,w-pc-11,5,No unit able to provide mass transport could reach this ward within 45 minutes without pulling a unit off a higher-severity ward.
490.0,2025-09-28T19:10:00Z,REPLAY,current_status,I061:mass_transport:2,I061,mass_transport,w-pc-11,5,No unit able to provide mass transport could reach this ward within 45 minutes without pulling a unit off a higher-severity ward.
490.0,2025-09-28T19:10:00Z,REPLAY,current_status,I062:mass_transport:0,I062,mass_transport,w-pc-10,4,No unit able to provide mass transport could reach this ward within 45 minutes without pulling a unit off a higher-severity ward.
490.0,2025-09-28T19:10:00Z,REPLAY,current_status,I062:mass_transport:1,I062,mass_transport,w-pc-10,4,No unit able to provide mass transport could reach this ward within 45 minutes without pulling a unit off a higher-severity ward.
490.0,2025-09-28T19:10:00Z,REPLAY,current_status,I063:mass_transport:0,I063,mass_transport,w-pc-13,5,No unit able to provide mass transport could reach this ward within 45 minutes without pulling a unit off a higher-severity ward.
490.0,2025-09-28T19:10:00Z,REPLAY,current_status,I063:mass_transport:1,I063,mass_transport,w-pc-13,5,No unit able to provide mass transport could reach this ward within 45 minutes without pulling a unit off a higher-severity ward.
490.0,2025-09-28T19:10:00Z,REPLAY,current_status,I063:mass_transport:2,I063,mass_transport,w-pc-13,5,No unit able to provide mass transport could reach this ward within 45 minutes without pulling a unit off a higher-severity ward.
490.0,2025-09-28T19:10:00Z,REPLAY,current_status,I064:mass_transport:0,I064,mass_transport,w-pc-11,5,No unit able to provide mass transport could reach this ward within 45 minutes without pulling a unit off a higher-severity ward.
490.0,2025-09-28T19:10:00Z,REPLAY,current_status,I064:mass_transport:1,I064,mass_transport,w-pc-11,5,No unit able to provide mass transport could reach this ward within 45 minutes without pulling a unit off a higher-severity ward.
490.0,2025-09-28T19:10:00Z,REPLAY,current_status,I064:mass_transport:2,I064,mass_transport,w-pc-11,5,No unit able to provide mass transport could reach this ward within 45 minutes without pulling a unit off a higher-severity ward.
490.0,2025-09-28T19:10:00Z,REPLAY,current_status,I065:mass_transport:0,I065,mass_transport,w-pc-11,4,No unit able to provide mass transport could reach this ward within 45 minutes without pulling a unit off a higher-severity ward.
490.0,2025-09-28T19:10:00Z,REPLAY,current_status,I065:mass_transport:1,I065,mass_transport,w-pc-11,4,No unit able to provide mass transport could reach this ward within 45 minutes without pulling a unit off a higher-severity ward.
490.0,2025-09-28T19:10:00Z,REPLAY,current_status,I068:mass_transport:0,I068,mass_transport,w-pc-10,4,No unit able to provide mass transport could reach this ward within 45 minutes without pulling a unit off a higher-severity ward.
490.0,2025-09-28T19:10:00Z,REPLAY,current_status,I068:mass_transport:1,I068,mass_transport,w-pc-10,4,No unit able to provide mass transport could reach this ward within 45 minutes without pulling a unit off a higher-severity ward.
490.0,2025-09-28T19:10:00Z,REPLAY,current_status,I071:mass_transport:0,I071,mass_transport,w-pc-07,4,No unit able to provide mass transport could reach this ward within 45 minutes without pulling a unit off a higher-severity ward.
490.0,2025-09-28T19:10:00Z,REPLAY,current_status,I071:mass_transport:1,I071,mass_transport,w-pc-07,4,No unit able to provide mass transport could reach this ward within 45 minutes without pulling a unit off a higher-severity ward.
490.0,2025-09-28T19:10:00Z,REPLAY,current_status,I072:mass_transport:0,I072,mass_transport,w-pc-14,4,No unit able to provide mass transport could reach this ward within 45 minutes without pulling a unit off a higher-severity ward.
490.0,2025-09-28T19:10:00Z,REPLAY,current_status,I072:mass_transport:1,I072,mass_transport,w-pc-14,4,No unit able to provide mass transport could reach this ward within 45 minutes without pulling a unit off a higher-severity ward.
490.0,2025-09-28T19:10:00Z,REPLAY,current_status,I072:dewatering:0,I072,dewatering,w-pc-14,4,No unit able to provide dewatering could reach this ward within 45 minutes without pulling a unit off a higher-severity ward.
490.0,2025-09-28T19:10:00Z,REPLAY,current_status,I074:mass_transport:0,I074,mass_transport,w-pc-02,4,No unit able to provide mass transport could reach this ward within 45 minutes without pulling a unit off a higher-severity ward.
490.0,2025-09-28T19:10:00Z,REPLAY,current_status,I074:mass_transport:1,I074,mass_transport,w-pc-02,4,No unit able to provide mass transport could reach this ward within 45 minutes without pulling a unit off a higher-severity ward.
490.0,2025-09-28T19:10:00Z,REPLAY,current_status,I074:dewatering:0,I074,dewatering,w-pc-02,4,No unit able to provide dewatering could reach this ward within 45 minutes without pulling a unit off a higher-severity ward.
490.0,2025-09-28T19:10:00Z,REPLAY,current_status,I078:mass_transport:0,I078,mass_transport,w-pc-04,4,No unit able to provide mass transport could reach this ward within 45 minutes without pulling a unit off a higher-severity ward.
490.0,2025-09-28T19:10:00Z,REPLAY,current_status,I078:mass_transport:1,I078,mass_transport,w-pc-04,4,No unit able to provide mass transport could reach this ward within 45 minutes without pulling a unit off a higher-severity ward.
490.0,2025-09-28T19:10:00Z,REPLAY,current_status,I078:dewatering:0,I078,dewatering,w-pc-04,4,No unit able to provide dewatering could reach this ward within 45 minutes without pulling a unit off a higher-severity ward.
490.0,2025-09-28T19:10:00Z,REPLAY,current_status,I079:mass_transport:0,I079,mass_transport,w-pc-07,4,No unit able to provide mass transport could reach this ward within 45 minutes without pulling a unit off a higher-severity ward.
490.0,2025-09-28T19:10:00Z,REPLAY,current_status,I079:mass_transport:1,I079,mass_transport,w-pc-07,4,No unit able to provide mass transport could reach this ward within 45 minutes without pulling a unit off a higher-severity ward.
490.0,2025-09-28T19:10:00Z,REPLAY,current_status,I082:debris_clearance:0,I082,debris_clearance,w-pc-12,3,No unit able to provide debris clearance could reach this ward within 45 minutes without pulling a unit off a higher-severity ward.
490.0,2025-09-28T19:10:00Z,REPLAY,current_status,I085:mass_transport:0,I085,mass_transport,w-pc-09,4,No unit able to provide mass transport could reach this ward within 45 minutes without pulling a unit off a higher-severity ward.
490.0,2025-09-28T19:10:00Z,REPLAY,current_status,I085:mass_transport:1,I085,mass_transport,w-pc-09,4,No unit able to provide mass transport could reach this ward within 45 minutes without pulling a unit off a higher-severity ward.
490.0,2025-09-28T19:10:00Z,REPLAY,current_status,I085:dewatering:0,I085,dewatering,w-pc-09,4,No unit able to provide dewatering could reach this ward within 45 minutes without pulling a unit off a higher-severity ward.
490.0,2025-09-28T19:10:00Z,REPLAY,current_status,I086:field_assessment:0,I086,field_assessment,w-pc-13,2,No unit able to provide field assessment could reach this ward within 45 minutes without pulling a unit off a higher-severity ward.
490.0,2025-09-28T19:10:00Z,REPLAY,current_status,I087:field_assessment:0,I087,field_assessment,w-pc-08,2,No unit able to provide field assessment could reach this ward within 45 minutes without pulling a unit off a higher-severity ward.
490.0,2025-09-28T19:10:00Z,REPLAY,current_status,I088:mass_transport:0,I088,mass_transport,w-pc-13,4,No unit able to provide mass transport could reach this ward within 45 minutes without pulling a unit off a higher-severity ward.
490.0,2025-09-28T19:10:00Z,REPLAY,current_status,I089:field_assessment:0,I089,field_assessment,w-pc-08,2,No unit able to provide field assessment could reach this ward within 45 minutes without pulling a unit off a higher-severity ward.
490.0,2025-09-28T19:10:00Z,REPLAY,current_status,I090:mass_transport:0,I090,mass_transport,w-pc-11,5,No unit able to provide mass transport could reach this ward within 45 minutes without pulling a unit off a higher-severity ward.
490.0,2025-09-28T19:10:00Z,REPLAY,current_status,I090:mass_transport:1,I090,mass_transport,w-pc-11,5,No unit able to provide mass transport could reach this ward within 45 minutes without pulling a unit off a higher-severity ward.
490.0,2025-09-28T19:10:00Z,REPLAY,current_status,I090:mass_transport:2,I090,mass_transport,w-pc-11,5,No unit able to provide mass transport could reach this ward within 45 minutes without pulling a unit off a higher-severity ward.
490.0,2025-09-28T19:10:00Z,REPLAY,current_status,I091:field_assessment:0,I091,field_assessment,w-pc-11,2,No unit able to provide field assessment could reach this ward within 45 minutes without pulling a unit off a higher-severity ward.
490.0,2025-09-28T19:10:00Z,REPLAY,current_status,I093:field_assessment:0,I093,field_assessment,w-pc-07,2,No unit able to provide field assessment could reach this ward within 45 minutes without pulling a unit off a higher-severity ward.
490.0,2025-09-28T19:10:00Z,REPLAY,current_status,I094:field_assessment:0,I094,field_assessment,w-pc-03,2,No unit able to provide field assessment could reach this ward within 45 minutes without pulling a unit off a higher-severity ward.
490.0,2025-09-28T19:10:00Z,REPLAY,current_status,I095:field_assessment:0,I095,field_assessment,w-pc-10,2,No unit able to provide field assessment could reach this ward within 45 minutes without pulling a unit off a higher-severity ward.
490.0,2025-09-28T19:10:00Z,REPLAY,current_status,I096:water_rescue:0,I096,water_rescue,w-pc-11,5,No unit able to provide water rescue could reach this ward within 45 minutes without pulling a unit off a higher-severity ward.
490.0,2025-09-28T19:10:00Z,REPLAY,current_status,I096:mass_transport:0,I096,mass_transport,w-pc-11,5,No unit able to provide mass transport could reach this ward within 45 minutes without pulling a unit off a higher-severity ward.
490.0,2025-09-28T19:10:00Z,REPLAY,current_status,I096:mass_transport:1,I096,mass_transport,w-pc-11,5,No unit able to provide mass transport could reach this ward within 45 minutes without pulling a unit off a higher-severity ward.
490.0,2025-09-28T19:10:00Z,REPLAY,current_status,I096:mass_transport:2,I096,mass_transport,w-pc-11,5,No unit able to provide mass transport could reach this ward within 45 minutes without pulling a unit off a higher-severity ward.
490.0,2025-09-28T19:10:00Z,REPLAY,current_status,I097:field_assessment:0,I097,field_assessment,w-pc-14,2,No unit able to provide field assessment could reach this ward within 45 minutes without pulling a unit off a higher-severity ward.
490.0,2025-09-28T19:10:00Z,REPLAY,current_status,I099:mass_transport:0,I099,mass_transport,w-pc-06,4,No unit able to provide mass transport could reach this ward within 45 minutes without pulling a unit off a higher-severity ward.
490.0,2025-09-28T19:10:00Z,REPLAY,current_status,I099:mass_transport:1,I099,mass_transport,w-pc-06,4,No unit able to provide mass transport could reach this ward within 45 minutes without pulling a unit off a higher-severity ward.
490.0,2025-09-28T19:10:00Z,REPLAY,current_status,I100:field_assessment:0,I100,field_assessment,w-pc-02,2,No unit able to provide field assessment could reach this ward within 45 minutes without pulling a unit off a higher-severity ward.
490.0,2025-09-28T19:10:00Z,REPLAY,current_status,I101:field_assessment:0,I101,field_assessment,w-pc-06,2,No unit able to provide field assessment could reach this ward within 45 minutes without pulling a unit off a higher-severity ward.
490.0,2025-09-28T19:10:00Z,REPLAY,current_status,I102:medical_transport:0,I102,medical_transport,w-pc-09,4,No unit able to provide medical transport could reach this ward within 45 minutes without pulling a unit off a higher-severity ward.
490.0,2025-09-28T19:10:00Z,REPLAY,current_status,I103:water_rescue:0,I103,water_rescue,w-pc-11,5,No unit able to provide water rescue could reach this ward within 45 minutes without pulling a unit off a higher-severity ward.
490.0,2025-09-28T19:10:00Z,REPLAY,current_status,I103:mass_transport:0,I103,mass_transport,w-pc-11,5,No unit able to provide mass transport could reach this ward within 45 minutes without pulling a unit off a higher-severity ward.
490.0,2025-09-28T19:10:00Z,REPLAY,current_status,I103:mass_transport:1,I103,mass_transport,w-pc-11,5,No unit able to provide mass transport could reach this ward within 45 minutes without pulling a unit off a higher-severity ward.
490.0,2025-09-28T19:10:00Z,REPLAY,current_status,I103:mass_transport:2,I103,mass_transport,w-pc-11,5,No unit able to provide mass transport could reach this ward within 45 minutes without pulling a unit off a higher-severity ward.
490.0,2025-09-28T19:10:00Z,REPLAY,current_status,I105:field_assessment:0,I105,field_assessment,w-pc-02,2,No unit able to provide field assessment could reach this ward within 45 minutes without pulling a unit off a higher-severity ward.
500.0,2025-09-28T19:20:00Z,REPLAY,current_status,I001:mass_transport:0,I001,mass_transport,w-pc-11,5,No unit able to provide mass transport could reach this ward within 45 minutes without pulling a unit off a higher-severity ward.
500.0,2025-09-28T19:20:00Z,REPLAY,current_status,I001:mass_transport:1,I001,mass_transport,w-pc-11,5,No unit able to provide mass transport could reach this ward within 45 minutes without pulling a unit off a higher-severity ward.
500.0,2025-09-28T19:20:00Z,REPLAY,current_status,I001:mass_transport:2,I001,mass_transport,w-pc-11,5,No unit able to provide mass transport could reach this ward within 45 minutes without pulling a unit off a higher-severity ward.
500.0,2025-09-28T19:20:00Z,REPLAY,current_status,I006:mass_transport:0,I006,mass_transport,w-pc-14,5,No unit able to provide mass transport could reach this ward within 45 minutes without pulling a unit off a higher-severity ward.
500.0,2025-09-28T19:20:00Z,REPLAY,current_status,I006:mass_transport:1,I006,mass_transport,w-pc-14,5,No unit able to provide mass transport could reach this ward within 45 minutes without pulling a unit off a higher-severity ward.
500.0,2025-09-28T19:20:00Z,REPLAY,current_status,I006:mass_transport:2,I006,mass_transport,w-pc-14,5,No unit able to provide mass transport could reach this ward within 45 minutes without pulling a unit off a higher-severity ward.
500.0,2025-09-28T19:20:00Z,REPLAY,current_status,I009:mass_transport:0,I009,mass_transport,w-pc-07,4,No unit able to provide mass transport could reach this ward within 45 minutes without pulling a unit off a higher-severity ward.
500.0,2025-09-28T19:20:00Z,REPLAY,current_status,I009:mass_transport:1,I009,mass_transport,w-pc-07,4,No unit able to provide mass transport could reach this ward within 45 minutes without pulling a unit off a higher-severity ward.
500.0,2025-09-28T19:20:00Z,REPLAY,current_status,I011:mass_transport:0,I011,mass_transport,w-pc-14,4,No unit able to provide mass transport could reach this ward within 45 minutes without pulling a unit off a higher-severity ward.
500.0,2025-09-28T19:20:00Z,REPLAY,current_status,I011:mass_transport:1,I011,mass_transport,w-pc-14,4,No unit able to provide mass transport could reach this ward within 45 minutes without pulling a unit off a higher-severity ward.
500.0,2025-09-28T19:20:00Z,REPLAY,current_status,I015:mass_transport:0,I015,mass_transport,w-pc-11,4,No unit able to provide mass transport could reach this ward within 45 minutes without pulling a unit off a higher-severity ward.
500.0,2025-09-28T19:20:00Z,REPLAY,current_status,I015:mass_transport:1,I015,mass_transport,w-pc-11,4,No unit able to provide mass transport could reach this ward within 45 minutes without pulling a unit off a higher-severity ward.
500.0,2025-09-28T19:20:00Z,REPLAY,current_status,I017:mass_transport:0,I017,mass_transport,w-pc-07,5,No unit able to provide mass transport could reach this ward within 45 minutes without pulling a unit off a higher-severity ward.
500.0,2025-09-28T19:20:00Z,REPLAY,current_status,I024:mass_transport:0,I024,mass_transport,w-pc-06,4,No unit able to provide mass transport could reach this ward within 45 minutes without pulling a unit off a higher-severity ward.
500.0,2025-09-28T19:20:00Z,REPLAY,current_status,I024:mass_transport:1,I024,mass_transport,w-pc-06,4,No unit able to provide mass transport could reach this ward within 45 minutes without pulling a unit off a higher-severity ward.
500.0,2025-09-28T19:20:00Z,REPLAY,current_status,I027:mass_transport:0,I027,mass_transport,w-pc-10,4,No unit able to provide mass transport could reach this ward within 45 minutes without pulling a unit off a higher-severity ward.
500.0,2025-09-28T19:20:00Z,REPLAY,current_status,I027:mass_transport:1,I027,mass_transport,w-pc-10,4,No unit able to provide mass transport could reach this ward within 45 minutes without pulling a unit off a higher-severity ward.
500.0,2025-09-28T19:20:00Z,REPLAY,current_status,I029:mass_transport:0,I029,mass_transport,w-pc-13,4,No unit able to provide mass transport could reach this ward within 45 minutes without pulling a unit off a higher-severity ward.
500.0,2025-09-28T19:20:00Z,REPLAY,current_status,I030:mass_transport:0,I030,mass_transport,w-pc-06,4,No unit able to provide mass transport could reach this ward within 45 minutes without pulling a unit off a higher-severity ward.
500.0,2025-09-28T19:20:00Z,REPLAY,current_status,I030:mass_transport:1,I030,mass_transport,w-pc-06,4,No unit able to provide mass transport could reach this ward within 45 minutes without pulling a unit off a higher-severity ward.
500.0,2025-09-28T19:20:00Z,REPLAY,current_status,I035:mass_transport:0,I035,mass_transport,w-pc-11,5,No unit able to provide mass transport could reach this ward within 45 minutes without pulling a unit off a higher-severity ward.
500.0,2025-09-28T19:20:00Z,REPLAY,current_status,I035:mass_transport:1,I035,mass_transport,w-pc-11,5,No unit able to provide mass transport could reach this ward within 45 minutes without pulling a unit off a higher-severity ward.
500.0,2025-09-28T19:20:00Z,REPLAY,current_status,I035:mass_transport:2,I035,mass_transport,w-pc-11,5,No unit able to provide mass transport could reach this ward within 45 minutes without pulling a unit off a higher-severity ward.
500.0,2025-09-28T19:20:00Z,REPLAY,current_status,I038:mass_transport:0,I038,mass_transport,w-pc-11,4,No unit able to provide mass transport could reach this ward within 45 minutes without pulling a unit off a higher-severity ward.
500.0,2025-09-28T19:20:00Z,REPLAY,current_status,I038:mass_transport:1,I038,mass_transport,w-pc-11,4,No unit able to provide mass transport could reach this ward within 45 minutes without pulling a unit off a higher-severity ward.
500.0,2025-09-28T19:20:00Z,REPLAY,current_status,I039:mass_transport:0,I039,mass_transport,w-pc-13,4,No unit able to provide mass transport could reach this ward within 45 minutes without pulling a unit off a higher-severity ward.
500.0,2025-09-28T19:20:00Z,REPLAY,current_status,I042:mass_transport:0,I042,mass_transport,w-pc-02,4,No unit able to provide mass transport could reach this ward within 45 minutes without pulling a unit off a higher-severity ward.
500.0,2025-09-28T19:20:00Z,REPLAY,current_status,I042:mass_transport:1,I042,mass_transport,w-pc-02,4,No unit able to provide mass transport could reach this ward within 45 minutes without pulling a unit off a higher-severity ward.
500.0,2025-09-28T19:20:00Z,REPLAY,current_status,I046:mass_transport:0,I046,mass_transport,w-pc-11,5,No unit able to provide mass transport could reach this ward within 45 minutes without pulling a unit off a higher-severity ward.
500.0,2025-09-28T19:20:00Z,REPLAY,current_status,I046:mass_transport:1,I046,mass_transport,w-pc-11,5,No unit able to provide mass transport could reach this ward within 45 minutes without pulling a unit off a higher-severity ward.
500.0,2025-09-28T19:20:00Z,REPLAY,current_status,I046:mass_transport:2,I046,mass_transport,w-pc-11,5,No unit able to provide mass transport could reach this ward within 45 minutes without pulling a unit off a higher-severity ward.
500.0,2025-09-28T19:20:00Z,REPLAY,current_status,I048:mass_transport:0,I048,mass_transport,w-pc-07,5,No unit able to provide mass transport could reach this ward within 45 minutes without pulling a unit off a higher-severity ward.
500.0,2025-09-28T19:20:00Z,REPLAY,current_status,I048:mass_transport:1,I048,mass_transport,w-pc-07,5,No unit able to provide mass transport could reach this ward within 45 minutes without pulling a unit off a higher-severity ward.
500.0,2025-09-28T19:20:00Z,REPLAY,current_status,I048:mass_transport:2,I048,mass_transport,w-pc-07,5,No unit able to provide mass transport could reach this ward within 45 minutes without pulling a unit off a higher-severity ward.
500.0,2025-09-28T19:20:00Z,REPLAY,current_status,I050:search_rescue:0,I050,search_rescue,w-pc-09,5,No unit able to provide search rescue could reach this ward within 45 minutes without pulling a unit off a higher-severity ward.
500.0,2025-09-28T19:20:00Z,REPLAY,current_status,I054:mass_transport:0,I054,mass_transport,w-pc-10,5,No unit able to provide mass transport could reach this ward within 45 minutes without pulling a unit off a higher-severity ward.
500.0,2025-09-28T19:20:00Z,REPLAY,current_status,I054:mass_transport:1,I054,mass_transport,w-pc-10,5,No unit able to provide mass transport could reach this ward within 45 minutes without pulling a unit off a higher-severity ward.
500.0,2025-09-28T19:20:00Z,REPLAY,current_status,I054:mass_transport:2,I054,mass_transport,w-pc-10,5,No unit able to provide mass transport could reach this ward within 45 minutes without pulling a unit off a higher-severity ward.
500.0,2025-09-28T19:20:00Z,REPLAY,current_status,I057:mass_transport:0,I057,mass_transport,w-pc-02,4,No unit able to provide mass transport could reach this ward within 45 minutes without pulling a unit off a higher-severity ward.
500.0,2025-09-28T19:20:00Z,REPLAY,current_status,I057:mass_transport:1,I057,mass_transport,w-pc-02,4,No unit able to provide mass transport could reach this ward within 45 minutes without pulling a unit off a higher-severity ward.
500.0,2025-09-28T19:20:00Z,REPLAY,current_status,I060:mass_transport:0,I060,mass_transport,w-pc-06,5,No unit able to provide mass transport could reach this ward within 45 minutes without pulling a unit off a higher-severity ward.
500.0,2025-09-28T19:20:00Z,REPLAY,current_status,I060:mass_transport:1,I060,mass_transport,w-pc-06,5,No unit able to provide mass transport could reach this ward within 45 minutes without pulling a unit off a higher-severity ward.
500.0,2025-09-28T19:20:00Z,REPLAY,current_status,I060:mass_transport:2,I060,mass_transport,w-pc-06,5,No unit able to provide mass transport could reach this ward within 45 minutes without pulling a unit off a higher-severity ward.
500.0,2025-09-28T19:20:00Z,REPLAY,current_status,I061:mass_transport:0,I061,mass_transport,w-pc-11,5,No unit able to provide mass transport could reach this ward within 45 minutes without pulling a unit off a higher-severity ward.
500.0,2025-09-28T19:20:00Z,REPLAY,current_status,I061:mass_transport:1,I061,mass_transport,w-pc-11,5,No unit able to provide mass transport could reach this ward within 45 minutes without pulling a unit off a higher-severity ward.
500.0,2025-09-28T19:20:00Z,REPLAY,current_status,I061:mass_transport:2,I061,mass_transport,w-pc-11,5,No unit able to provide mass transport could reach this ward within 45 minutes without pulling a unit off a higher-severity ward.
500.0,2025-09-28T19:20:00Z,REPLAY,current_status,I062:mass_transport:0,I062,mass_transport,w-pc-10,4,No unit able to provide mass transport could reach this ward within 45 minutes without pulling a unit off a higher-severity ward.
500.0,2025-09-28T19:20:00Z,REPLAY,current_status,I062:mass_transport:1,I062,mass_transport,w-pc-10,4,No unit able to provide mass transport could reach this ward within 45 minutes without pulling a unit off a higher-severity ward.
500.0,2025-09-28T19:20:00Z,REPLAY,current_status,I063:mass_transport:0,I063,mass_transport,w-pc-13,5,No unit able to provide mass transport could reach this ward within 45 minutes without pulling a unit off a higher-severity ward.
500.0,2025-09-28T19:20:00Z,REPLAY,current_status,I063:mass_transport:1,I063,mass_transport,w-pc-13,5,No unit able to provide mass transport could reach this ward within 45 minutes without pulling a unit off a higher-severity ward.
500.0,2025-09-28T19:20:00Z,REPLAY,current_status,I063:mass_transport:2,I063,mass_transport,w-pc-13,5,No unit able to provide mass transport could reach this ward within 45 minutes without pulling a unit off a higher-severity ward.
500.0,2025-09-28T19:20:00Z,REPLAY,current_status,I064:mass_transport:0,I064,mass_transport,w-pc-11,5,No unit able to provide mass transport could reach this ward within 45 minutes without pulling a unit off a higher-severity ward.
500.0,2025-09-28T19:20:00Z,REPLAY,current_status,I064:mass_transport:1,I064,mass_transport,w-pc-11,5,No unit able to provide mass transport could reach this ward within 45 minutes without pulling a unit off a higher-severity ward.
500.0,2025-09-28T19:20:00Z,REPLAY,current_status,I064:mass_transport:2,I064,mass_transport,w-pc-11,5,No unit able to provide mass transport could reach this ward within 45 minutes without pulling a unit off a higher-severity ward.
500.0,2025-09-28T19:20:00Z,REPLAY,current_status,I065:mass_transport:0,I065,mass_transport,w-pc-11,4,No unit able to provide mass transport could reach this ward within 45 minutes without pulling a unit off a higher-severity ward.
500.0,2025-09-28T19:20:00Z,REPLAY,current_status,I065:mass_transport:1,I065,mass_transport,w-pc-11,4,No unit able to provide mass transport could reach this ward within 45 minutes without pulling a unit off a higher-severity ward.
500.0,2025-09-28T19:20:00Z,REPLAY,current_status,I068:mass_transport:0,I068,mass_transport,w-pc-10,4,No unit able to provide mass transport could reach this ward within 45 minutes without pulling a unit off a higher-severity ward.
500.0,2025-09-28T19:20:00Z,REPLAY,current_status,I068:mass_transport:1,I068,mass_transport,w-pc-10,4,No unit able to provide mass transport could reach this ward within 45 minutes without pulling a unit off a higher-severity ward.
500.0,2025-09-28T19:20:00Z,REPLAY,current_status,I071:mass_transport:0,I071,mass_transport,w-pc-07,4,No unit able to provide mass transport could reach this ward within 45 minutes without pulling a unit off a higher-severity ward.
500.0,2025-09-28T19:20:00Z,REPLAY,current_status,I071:mass_transport:1,I071,mass_transport,w-pc-07,4,No unit able to provide mass transport could reach this ward within 45 minutes without pulling a unit off a higher-severity ward.
500.0,2025-09-28T19:20:00Z,REPLAY,current_status,I072:mass_transport:0,I072,mass_transport,w-pc-14,4,No unit able to provide mass transport could reach this ward within 45 minutes without pulling a unit off a higher-severity ward.
500.0,2025-09-28T19:20:00Z,REPLAY,current_status,I072:mass_transport:1,I072,mass_transport,w-pc-14,4,No unit able to provide mass transport could reach this ward within 45 minutes without pulling a unit off a higher-severity ward.
500.0,2025-09-28T19:20:00Z,REPLAY,current_status,I072:dewatering:0,I072,dewatering,w-pc-14,4,No unit able to provide dewatering could reach this ward within 45 minutes without pulling a unit off a higher-severity ward.
500.0,2025-09-28T19:20:00Z,REPLAY,current_status,I074:mass_transport:0,I074,mass_transport,w-pc-02,4,No unit able to provide mass transport could reach this ward within 45 minutes without pulling a unit off a higher-severity ward.
500.0,2025-09-28T19:20:00Z,REPLAY,current_status,I074:mass_transport:1,I074,mass_transport,w-pc-02,4,No unit able to provide mass transport could reach this ward within 45 minutes without pulling a unit off a higher-severity ward.
500.0,2025-09-28T19:20:00Z,REPLAY,current_status,I074:dewatering:0,I074,dewatering,w-pc-02,4,No unit able to provide dewatering could reach this ward within 45 minutes without pulling a unit off a higher-severity ward.
500.0,2025-09-28T19:20:00Z,REPLAY,current_status,I077:mass_transport:0,I077,mass_transport,w-pc-13,5,No unit able to provide mass transport could reach this ward within 45 minutes without pulling a unit off a higher-severity ward.
500.0,2025-09-28T19:20:00Z,REPLAY,current_status,I077:mass_transport:1,I077,mass_transport,w-pc-13,5,No unit able to provide mass transport could reach this ward within 45 minutes without pulling a unit off a higher-severity ward.
500.0,2025-09-28T19:20:00Z,REPLAY,current_status,I077:mass_transport:2,I077,mass_transport,w-pc-13,5,No unit able to provide mass transport could reach this ward within 45 minutes without pulling a unit off a higher-severity ward.
500.0,2025-09-28T19:20:00Z,REPLAY,current_status,I078:mass_transport:0,I078,mass_transport,w-pc-04,4,No unit able to provide mass transport could reach this ward within 45 minutes without pulling a unit off a higher-severity ward.
500.0,2025-09-28T19:20:00Z,REPLAY,current_status,I078:mass_transport:1,I078,mass_transport,w-pc-04,4,No unit able to provide mass transport could reach this ward within 45 minutes without pulling a unit off a higher-severity ward.
500.0,2025-09-28T19:20:00Z,REPLAY,current_status,I078:dewatering:0,I078,dewatering,w-pc-04,4,No unit able to provide dewatering could reach this ward within 45 minutes without pulling a unit off a higher-severity ward.
500.0,2025-09-28T19:20:00Z,REPLAY,current_status,I079:mass_transport:0,I079,mass_transport,w-pc-07,4,No unit able to provide mass transport could reach this ward within 45 minutes without pulling a unit off a higher-severity ward.
500.0,2025-09-28T19:20:00Z,REPLAY,current_status,I079:mass_transport:1,I079,mass_transport,w-pc-07,4,No unit able to provide mass transport could reach this ward within 45 minutes without pulling a unit off a higher-severity ward.
500.0,2025-09-28T19:20:00Z,REPLAY,current_status,I082:debris_clearance:0,I082,debris_clearance,w-pc-12,3,No unit able to provide debris clearance could reach this ward within 45 minutes without pulling a unit off a higher-severity ward.
500.0,2025-09-28T19:20:00Z,REPLAY,current_status,I085:mass_transport:0,I085,mass_transport,w-pc-09,4,No unit able to provide mass transport could reach this ward within 45 minutes without pulling a unit off a higher-severity ward.
500.0,2025-09-28T19:20:00Z,REPLAY,current_status,I085:mass_transport:1,I085,mass_transport,w-pc-09,4,No unit able to provide mass transport could reach this ward within 45 minutes without pulling a unit off a higher-severity ward.
500.0,2025-09-28T19:20:00Z,REPLAY,current_status,I085:dewatering:0,I085,dewatering,w-pc-09,4,No unit able to provide dewatering could reach this ward within 45 minutes without pulling a unit off a higher-severity ward.
500.0,2025-09-28T19:20:00Z,REPLAY,current_status,I086:field_assessment:0,I086,field_assessment,w-pc-13,2,No unit able to provide field assessment could reach this ward within 45 minutes without pulling a unit off a higher-severity ward.
500.0,2025-09-28T19:20:00Z,REPLAY,current_status,I087:field_assessment:0,I087,field_assessment,w-pc-08,2,No unit able to provide field assessment could reach this ward within 45 minutes without pulling a unit off a higher-severity ward.
500.0,2025-09-28T19:20:00Z,REPLAY,current_status,I088:mass_transport:0,I088,mass_transport,w-pc-13,4,No unit able to provide mass transport could reach this ward within 45 minutes without pulling a unit off a higher-severity ward.
500.0,2025-09-28T19:20:00Z,REPLAY,current_status,I089:field_assessment:0,I089,field_assessment,w-pc-08,2,No unit able to provide field assessment could reach this ward within 45 minutes without pulling a unit off a higher-severity ward.
500.0,2025-09-28T19:20:00Z,REPLAY,current_status,I090:mass_transport:0,I090,mass_transport,w-pc-11,5,No unit able to provide mass transport could reach this ward within 45 minutes without pulling a unit off a higher-severity ward.
500.0,2025-09-28T19:20:00Z,REPLAY,current_status,I090:mass_transport:1,I090,mass_transport,w-pc-11,5,No unit able to provide mass transport could reach this ward within 45 minutes without pulling a unit off a higher-severity ward.
500.0,2025-09-28T19:20:00Z,REPLAY,current_status,I090:mass_transport:2,I090,mass_transport,w-pc-11,5,No unit able to provide mass transport could reach this ward within 45 minutes without pulling a unit off a higher-severity ward.
500.0,2025-09-28T19:20:00Z,REPLAY,current_status,I091:field_assessment:0,I091,field_assessment,w-pc-11,2,No unit able to provide field assessment could reach this ward within 45 minutes without pulling a unit off a higher-severity ward.
500.0,2025-09-28T19:20:00Z,REPLAY,current_status,I092:field_assessment:0,I092,field_assessment,w-pc-11,2,No unit able to provide field assessment could reach this ward within 45 minutes without pulling a unit off a higher-severity ward.
500.0,2025-09-28T19:20:00Z,REPLAY,current_status,I094:field_assessment:0,I094,field_assessment,w-pc-03,2,No unit able to provide field assessment could reach this ward within 45 minutes without pulling a unit off a higher-severity ward.
500.0,2025-09-28T19:20:00Z,REPLAY,current_status,I095:field_assessment:0,I095,field_assessment,w-pc-10,2,No unit able to provide field assessment could reach this ward within 45 minutes without pulling a unit off a higher-severity ward.
500.0,2025-09-28T19:20:00Z,REPLAY,current_status,I096:water_rescue:0,I096,water_rescue,w-pc-11,5,No unit able to provide water rescue could reach this ward within 45 minutes without pulling a unit off a higher-severity ward.
500.0,2025-09-28T19:20:00Z,REPLAY,current_status,I096:mass_transport:0,I096,mass_transport,w-pc-11,5,No unit able to provide mass transport could reach this ward within 45 minutes without pulling a unit off a higher-severity ward.
500.0,2025-09-28T19:20:00Z,REPLAY,current_status,I096:mass_transport:1,I096,mass_transport,w-pc-11,5,No unit able to provide mass transport could reach this ward within 45 minutes without pulling a unit off a higher-severity ward.
500.0,2025-09-28T19:20:00Z,REPLAY,current_status,I096:mass_transport:2,I096,mass_transport,w-pc-11,5,No unit able to provide mass transport could reach this ward within 45 minutes without pulling a unit off a higher-severity ward.
500.0,2025-09-28T19:20:00Z,REPLAY,current_status,I097:field_assessment:0,I097,field_assessment,w-pc-14,2,No unit able to provide field assessment could reach this ward within 45 minutes without pulling a unit off a higher-severity ward.
500.0,2025-09-28T19:20:00Z,REPLAY,current_status,I099:mass_transport:0,I099,mass_transport,w-pc-06,4,No unit able to provide mass transport could reach this ward within 45 minutes without pulling a unit off a higher-severity ward.
500.0,2025-09-28T19:20:00Z,REPLAY,current_status,I099:mass_transport:1,I099,mass_transport,w-pc-06,4,No unit able to provide mass transport could reach this ward within 45 minutes without pulling a unit off a higher-severity ward.
500.0,2025-09-28T19:20:00Z,REPLAY,current_status,I100:field_assessment:0,I100,field_assessment,w-pc-02,2,No unit able to provide field assessment could reach this ward within 45 minutes without pulling a unit off a higher-severity ward.
500.0,2025-09-28T19:20:00Z,REPLAY,current_status,I101:field_assessment:0,I101,field_assessment,w-pc-06,2,No unit able to provide field assessment could reach this ward within 45 minutes without pulling a unit off a higher-severity ward.
500.0,2025-09-28T19:20:00Z,REPLAY,current_status,I102:medical_transport:0,I102,medical_transport,w-pc-09,4,No unit able to provide medical transport could reach this ward within 45 minutes without pulling a unit off a higher-severity ward.
500.0,2025-09-28T19:20:00Z,REPLAY,current_status,I103:water_rescue:0,I103,water_rescue,w-pc-11,5,No unit able to provide water rescue could reach this ward within 45 minutes without pulling a unit off a higher-severity ward.
500.0,2025-09-28T19:20:00Z,REPLAY,current_status,I103:mass_transport:0,I103,mass_transport,w-pc-11,5,No unit able to provide mass transport could reach this ward within 45 minutes without pulling a unit off a higher-severity ward.
500.0,2025-09-28T19:20:00Z,REPLAY,current_status,I103:mass_transport:1,I103,mass_transport,w-pc-11,5,No unit able to provide mass transport could reach this ward within 45 minutes without pulling a unit off a higher-severity ward.
500.0,2025-09-28T19:20:00Z,REPLAY,current_status,I103:mass_transport:2,I103,mass_transport,w-pc-11,5,No unit able to provide mass transport could reach this ward within 45 minutes without pulling a unit off a higher-severity ward.
500.0,2025-09-28T19:20:00Z,REPLAY,current_status,I104:mass_transport:0,I104,mass_transport,w-pc-11,4,No unit able to provide mass transport could reach this ward within 45 minutes without pulling a unit off a higher-severity ward.
500.0,2025-09-28T19:20:00Z,REPLAY,current_status,I104:mass_transport:1,I104,mass_transport,w-pc-11,4,No unit able to provide mass transport could reach this ward within 45 minutes without pulling a unit off a higher-severity ward.
500.0,2025-09-28T19:20:00Z,REPLAY,current_status,I104:dewatering:0,I104,dewatering,w-pc-11,4,No unit able to provide dewatering could reach this ward within 45 minutes without pulling a unit off a higher-severity ward.
500.0,2025-09-28T19:20:00Z,REPLAY,current_status,I107:field_assessment:0,I107,field_assessment,w-pc-11,2,No unit able to provide field assessment could reach this ward within 45 minutes without pulling a unit off a higher-severity ward.
510.0,2025-09-28T19:30:00Z,REPLAY,current_status,I001:mass_transport:0,I001,mass_transport,w-pc-11,5,No unit able to provide mass transport could reach this ward within 45 minutes without pulling a unit off a higher-severity ward.
510.0,2025-09-28T19:30:00Z,REPLAY,current_status,I001:mass_transport:1,I001,mass_transport,w-pc-11,5,No unit able to provide mass transport could reach this ward within 45 minutes without pulling a unit off a higher-severity ward.
510.0,2025-09-28T19:30:00Z,REPLAY,current_status,I001:mass_transport:2,I001,mass_transport,w-pc-11,5,No unit able to provide mass transport could reach this ward within 45 minutes without pulling a unit off a higher-severity ward.
510.0,2025-09-28T19:30:00Z,REPLAY,current_status,I006:mass_transport:0,I006,mass_transport,w-pc-14,5,No unit able to provide mass transport could reach this ward within 45 minutes without pulling a unit off a higher-severity ward.
510.0,2025-09-28T19:30:00Z,REPLAY,current_status,I006:mass_transport:1,I006,mass_transport,w-pc-14,5,No unit able to provide mass transport could reach this ward within 45 minutes without pulling a unit off a higher-severity ward.
510.0,2025-09-28T19:30:00Z,REPLAY,current_status,I006:mass_transport:2,I006,mass_transport,w-pc-14,5,No unit able to provide mass transport could reach this ward within 45 minutes without pulling a unit off a higher-severity ward.
510.0,2025-09-28T19:30:00Z,REPLAY,current_status,I009:mass_transport:0,I009,mass_transport,w-pc-07,4,No unit able to provide mass transport could reach this ward within 45 minutes without pulling a unit off a higher-severity ward.
510.0,2025-09-28T19:30:00Z,REPLAY,current_status,I009:mass_transport:1,I009,mass_transport,w-pc-07,4,No unit able to provide mass transport could reach this ward within 45 minutes without pulling a unit off a higher-severity ward.
510.0,2025-09-28T19:30:00Z,REPLAY,current_status,I011:mass_transport:0,I011,mass_transport,w-pc-14,4,No unit able to provide mass transport could reach this ward within 45 minutes without pulling a unit off a higher-severity ward.
510.0,2025-09-28T19:30:00Z,REPLAY,current_status,I011:mass_transport:1,I011,mass_transport,w-pc-14,4,No unit able to provide mass transport could reach this ward within 45 minutes without pulling a unit off a higher-severity ward.
510.0,2025-09-28T19:30:00Z,REPLAY,current_status,I015:mass_transport:0,I015,mass_transport,w-pc-11,4,No unit able to provide mass transport could reach this ward within 45 minutes without pulling a unit off a higher-severity ward.
510.0,2025-09-28T19:30:00Z,REPLAY,current_status,I015:mass_transport:1,I015,mass_transport,w-pc-11,4,No unit able to provide mass transport could reach this ward within 45 minutes without pulling a unit off a higher-severity ward.
510.0,2025-09-28T19:30:00Z,REPLAY,current_status,I017:mass_transport:0,I017,mass_transport,w-pc-07,5,No unit able to provide mass transport could reach this ward within 45 minutes without pulling a unit off a higher-severity ward.
510.0,2025-09-28T19:30:00Z,REPLAY,current_status,I024:mass_transport:0,I024,mass_transport,w-pc-06,4,No unit able to provide mass transport could reach this ward within 45 minutes without pulling a unit off a higher-severity ward.
510.0,2025-09-28T19:30:00Z,REPLAY,current_status,I024:mass_transport:1,I024,mass_transport,w-pc-06,4,No unit able to provide mass transport could reach this ward within 45 minutes without pulling a unit off a higher-severity ward.
510.0,2025-09-28T19:30:00Z,REPLAY,current_status,I027:mass_transport:0,I027,mass_transport,w-pc-10,4,No unit able to provide mass transport could reach this ward within 45 minutes without pulling a unit off a higher-severity ward.
510.0,2025-09-28T19:30:00Z,REPLAY,current_status,I027:mass_transport:1,I027,mass_transport,w-pc-10,4,No unit able to provide mass transport could reach this ward within 45 minutes without pulling a unit off a higher-severity ward.
510.0,2025-09-28T19:30:00Z,REPLAY,current_status,I029:mass_transport:0,I029,mass_transport,w-pc-13,4,No unit able to provide mass transport could reach this ward within 45 minutes without pulling a unit off a higher-severity ward.
510.0,2025-09-28T19:30:00Z,REPLAY,current_status,I030:mass_transport:0,I030,mass_transport,w-pc-06,4,No unit able to provide mass transport could reach this ward within 45 minutes without pulling a unit off a higher-severity ward.
510.0,2025-09-28T19:30:00Z,REPLAY,current_status,I030:mass_transport:1,I030,mass_transport,w-pc-06,4,No unit able to provide mass transport could reach this ward within 45 minutes without pulling a unit off a higher-severity ward.
510.0,2025-09-28T19:30:00Z,REPLAY,current_status,I035:mass_transport:0,I035,mass_transport,w-pc-11,5,No unit able to provide mass transport could reach this ward within 45 minutes without pulling a unit off a higher-severity ward.
510.0,2025-09-28T19:30:00Z,REPLAY,current_status,I035:mass_transport:1,I035,mass_transport,w-pc-11,5,No unit able to provide mass transport could reach this ward within 45 minutes without pulling a unit off a higher-severity ward.
510.0,2025-09-28T19:30:00Z,REPLAY,current_status,I035:mass_transport:2,I035,mass_transport,w-pc-11,5,No unit able to provide mass transport could reach this ward within 45 minutes without pulling a unit off a higher-severity ward.
510.0,2025-09-28T19:30:00Z,REPLAY,current_status,I038:mass_transport:0,I038,mass_transport,w-pc-11,4,No unit able to provide mass transport could reach this ward within 45 minutes without pulling a unit off a higher-severity ward.
510.0,2025-09-28T19:30:00Z,REPLAY,current_status,I038:mass_transport:1,I038,mass_transport,w-pc-11,4,No unit able to provide mass transport could reach this ward within 45 minutes without pulling a unit off a higher-severity ward.
510.0,2025-09-28T19:30:00Z,REPLAY,current_status,I039:mass_transport:0,I039,mass_transport,w-pc-13,4,No unit able to provide mass transport could reach this ward within 45 minutes without pulling a unit off a higher-severity ward.
510.0,2025-09-28T19:30:00Z,REPLAY,current_status,I042:mass_transport:0,I042,mass_transport,w-pc-02,4,No unit able to provide mass transport could reach this ward within 45 minutes without pulling a unit off a higher-severity ward.
510.0,2025-09-28T19:30:00Z,REPLAY,current_status,I042:mass_transport:1,I042,mass_transport,w-pc-02,4,No unit able to provide mass transport could reach this ward within 45 minutes without pulling a unit off a higher-severity ward.
510.0,2025-09-28T19:30:00Z,REPLAY,current_status,I046:mass_transport:0,I046,mass_transport,w-pc-11,5,No unit able to provide mass transport could reach this ward within 45 minutes without pulling a unit off a higher-severity ward.
510.0,2025-09-28T19:30:00Z,REPLAY,current_status,I046:mass_transport:1,I046,mass_transport,w-pc-11,5,No unit able to provide mass transport could reach this ward within 45 minutes without pulling a unit off a higher-severity ward.
510.0,2025-09-28T19:30:00Z,REPLAY,current_status,I046:mass_transport:2,I046,mass_transport,w-pc-11,5,No unit able to provide mass transport could reach this ward within 45 minutes without pulling a unit off a higher-severity ward.
510.0,2025-09-28T19:30:00Z,REPLAY,current_status,I048:mass_transport:0,I048,mass_transport,w-pc-07,5,No unit able to provide mass transport could reach this ward within 45 minutes without pulling a unit off a higher-severity ward.
510.0,2025-09-28T19:30:00Z,REPLAY,current_status,I048:mass_transport:1,I048,mass_transport,w-pc-07,5,No unit able to provide mass transport could reach this ward within 45 minutes without pulling a unit off a higher-severity ward.
510.0,2025-09-28T19:30:00Z,REPLAY,current_status,I048:mass_transport:2,I048,mass_transport,w-pc-07,5,No unit able to provide mass transport could reach this ward within 45 minutes without pulling a unit off a higher-severity ward.
510.0,2025-09-28T19:30:00Z,REPLAY,current_status,I050:search_rescue:0,I050,search_rescue,w-pc-09,5,No unit able to provide search rescue could reach this ward within 45 minutes without pulling a unit off a higher-severity ward.
510.0,2025-09-28T19:30:00Z,REPLAY,current_status,I054:mass_transport:0,I054,mass_transport,w-pc-10,5,No unit able to provide mass transport could reach this ward within 45 minutes without pulling a unit off a higher-severity ward.
510.0,2025-09-28T19:30:00Z,REPLAY,current_status,I054:mass_transport:1,I054,mass_transport,w-pc-10,5,No unit able to provide mass transport could reach this ward within 45 minutes without pulling a unit off a higher-severity ward.
510.0,2025-09-28T19:30:00Z,REPLAY,current_status,I054:mass_transport:2,I054,mass_transport,w-pc-10,5,No unit able to provide mass transport could reach this ward within 45 minutes without pulling a unit off a higher-severity ward.
510.0,2025-09-28T19:30:00Z,REPLAY,current_status,I057:mass_transport:0,I057,mass_transport,w-pc-02,4,No unit able to provide mass transport could reach this ward within 45 minutes without pulling a unit off a higher-severity ward.
510.0,2025-09-28T19:30:00Z,REPLAY,current_status,I057:mass_transport:1,I057,mass_transport,w-pc-02,4,No unit able to provide mass transport could reach this ward within 45 minutes without pulling a unit off a higher-severity ward.
510.0,2025-09-28T19:30:00Z,REPLAY,current_status,I060:mass_transport:0,I060,mass_transport,w-pc-06,5,No unit able to provide mass transport could reach this ward within 45 minutes without pulling a unit off a higher-severity ward.
510.0,2025-09-28T19:30:00Z,REPLAY,current_status,I060:mass_transport:1,I060,mass_transport,w-pc-06,5,No unit able to provide mass transport could reach this ward within 45 minutes without pulling a unit off a higher-severity ward.
510.0,2025-09-28T19:30:00Z,REPLAY,current_status,I060:mass_transport:2,I060,mass_transport,w-pc-06,5,No unit able to provide mass transport could reach this ward within 45 minutes without pulling a unit off a higher-severity ward.
510.0,2025-09-28T19:30:00Z,REPLAY,current_status,I061:mass_transport:0,I061,mass_transport,w-pc-11,5,No unit able to provide mass transport could reach this ward within 45 minutes without pulling a unit off a higher-severity ward.
510.0,2025-09-28T19:30:00Z,REPLAY,current_status,I061:mass_transport:1,I061,mass_transport,w-pc-11,5,No unit able to provide mass transport could reach this ward within 45 minutes without pulling a unit off a higher-severity ward.
510.0,2025-09-28T19:30:00Z,REPLAY,current_status,I061:mass_transport:2,I061,mass_transport,w-pc-11,5,No unit able to provide mass transport could reach this ward within 45 minutes without pulling a unit off a higher-severity ward.
510.0,2025-09-28T19:30:00Z,REPLAY,current_status,I062:mass_transport:0,I062,mass_transport,w-pc-10,4,No unit able to provide mass transport could reach this ward within 45 minutes without pulling a unit off a higher-severity ward.
510.0,2025-09-28T19:30:00Z,REPLAY,current_status,I062:mass_transport:1,I062,mass_transport,w-pc-10,4,No unit able to provide mass transport could reach this ward within 45 minutes without pulling a unit off a higher-severity ward.
510.0,2025-09-28T19:30:00Z,REPLAY,current_status,I063:mass_transport:0,I063,mass_transport,w-pc-13,5,No unit able to provide mass transport could reach this ward within 45 minutes without pulling a unit off a higher-severity ward.
510.0,2025-09-28T19:30:00Z,REPLAY,current_status,I063:mass_transport:1,I063,mass_transport,w-pc-13,5,No unit able to provide mass transport could reach this ward within 45 minutes without pulling a unit off a higher-severity ward.
510.0,2025-09-28T19:30:00Z,REPLAY,current_status,I063:mass_transport:2,I063,mass_transport,w-pc-13,5,No unit able to provide mass transport could reach this ward within 45 minutes without pulling a unit off a higher-severity ward.
510.0,2025-09-28T19:30:00Z,REPLAY,current_status,I064:mass_transport:0,I064,mass_transport,w-pc-11,5,No unit able to provide mass transport could reach this ward within 45 minutes without pulling a unit off a higher-severity ward.
510.0,2025-09-28T19:30:00Z,REPLAY,current_status,I064:mass_transport:1,I064,mass_transport,w-pc-11,5,No unit able to provide mass transport could reach this ward within 45 minutes without pulling a unit off a higher-severity ward.
510.0,2025-09-28T19:30:00Z,REPLAY,current_status,I064:mass_transport:2,I064,mass_transport,w-pc-11,5,No unit able to provide mass transport could reach this ward within 45 minutes without pulling a unit off a higher-severity ward.
510.0,2025-09-28T19:30:00Z,REPLAY,current_status,I065:mass_transport:0,I065,mass_transport,w-pc-11,4,No unit able to provide mass transport could reach this ward within 45 minutes without pulling a unit off a higher-severity ward.
510.0,2025-09-28T19:30:00Z,REPLAY,current_status,I065:mass_transport:1,I065,mass_transport,w-pc-11,4,No unit able to provide mass transport could reach this ward within 45 minutes without pulling a unit off a higher-severity ward.
510.0,2025-09-28T19:30:00Z,REPLAY,current_status,I068:mass_transport:0,I068,mass_transport,w-pc-10,4,No unit able to provide mass transport could reach this ward within 45 minutes without pulling a unit off a higher-severity ward.
510.0,2025-09-28T19:30:00Z,REPLAY,current_status,I068:mass_transport:1,I068,mass_transport,w-pc-10,4,No unit able to provide mass transport could reach this ward within 45 minutes without pulling a unit off a higher-severity ward.
510.0,2025-09-28T19:30:00Z,REPLAY,current_status,I071:mass_transport:0,I071,mass_transport,w-pc-07,4,No unit able to provide mass transport could reach this ward within 45 minutes without pulling a unit off a higher-severity ward.
510.0,2025-09-28T19:30:00Z,REPLAY,current_status,I071:mass_transport:1,I071,mass_transport,w-pc-07,4,No unit able to provide mass transport could reach this ward within 45 minutes without pulling a unit off a higher-severity ward.
510.0,2025-09-28T19:30:00Z,REPLAY,current_status,I072:mass_transport:0,I072,mass_transport,w-pc-14,4,No unit able to provide mass transport could reach this ward within 45 minutes without pulling a unit off a higher-severity ward.
510.0,2025-09-28T19:30:00Z,REPLAY,current_status,I072:mass_transport:1,I072,mass_transport,w-pc-14,4,No unit able to provide mass transport could reach this ward within 45 minutes without pulling a unit off a higher-severity ward.
510.0,2025-09-28T19:30:00Z,REPLAY,current_status,I072:dewatering:0,I072,dewatering,w-pc-14,4,No unit able to provide dewatering could reach this ward within 45 minutes without pulling a unit off a higher-severity ward.
510.0,2025-09-28T19:30:00Z,REPLAY,current_status,I074:mass_transport:0,I074,mass_transport,w-pc-02,4,No unit able to provide mass transport could reach this ward within 45 minutes without pulling a unit off a higher-severity ward.
510.0,2025-09-28T19:30:00Z,REPLAY,current_status,I074:mass_transport:1,I074,mass_transport,w-pc-02,4,No unit able to provide mass transport could reach this ward within 45 minutes without pulling a unit off a higher-severity ward.
510.0,2025-09-28T19:30:00Z,REPLAY,current_status,I074:dewatering:0,I074,dewatering,w-pc-02,4,No unit able to provide dewatering could reach this ward within 45 minutes without pulling a unit off a higher-severity ward.
510.0,2025-09-28T19:30:00Z,REPLAY,current_status,I077:mass_transport:0,I077,mass_transport,w-pc-13,5,No unit able to provide mass transport could reach this ward within 45 minutes without pulling a unit off a higher-severity ward.
510.0,2025-09-28T19:30:00Z,REPLAY,current_status,I077:mass_transport:1,I077,mass_transport,w-pc-13,5,No unit able to provide mass transport could reach this ward within 45 minutes without pulling a unit off a higher-severity ward.
510.0,2025-09-28T19:30:00Z,REPLAY,current_status,I077:mass_transport:2,I077,mass_transport,w-pc-13,5,No unit able to provide mass transport could reach this ward within 45 minutes without pulling a unit off a higher-severity ward.
510.0,2025-09-28T19:30:00Z,REPLAY,current_status,I078:mass_transport:0,I078,mass_transport,w-pc-04,4,No unit able to provide mass transport could reach this ward within 45 minutes without pulling a unit off a higher-severity ward.
510.0,2025-09-28T19:30:00Z,REPLAY,current_status,I078:mass_transport:1,I078,mass_transport,w-pc-04,4,No unit able to provide mass transport could reach this ward within 45 minutes without pulling a unit off a higher-severity ward.
510.0,2025-09-28T19:30:00Z,REPLAY,current_status,I078:dewatering:0,I078,dewatering,w-pc-04,4,No unit able to provide dewatering could reach this ward within 45 minutes without pulling a unit off a higher-severity ward.
510.0,2025-09-28T19:30:00Z,REPLAY,current_status,I079:mass_transport:0,I079,mass_transport,w-pc-07,4,No unit able to provide mass transport could reach this ward within 45 minutes without pulling a unit off a higher-severity ward.
510.0,2025-09-28T19:30:00Z,REPLAY,current_status,I079:mass_transport:1,I079,mass_transport,w-pc-07,4,No unit able to provide mass transport could reach this ward within 45 minutes without pulling a unit off a higher-severity ward.
510.0,2025-09-28T19:30:00Z,REPLAY,current_status,I082:debris_clearance:0,I082,debris_clearance,w-pc-12,3,No unit able to provide debris clearance could reach this ward within 45 minutes without pulling a unit off a higher-severity ward.
510.0,2025-09-28T19:30:00Z,REPLAY,current_status,I085:mass_transport:0,I085,mass_transport,w-pc-09,4,No unit able to provide mass transport could reach this ward within 45 minutes without pulling a unit off a higher-severity ward.
510.0,2025-09-28T19:30:00Z,REPLAY,current_status,I085:mass_transport:1,I085,mass_transport,w-pc-09,4,No unit able to provide mass transport could reach this ward within 45 minutes without pulling a unit off a higher-severity ward.
510.0,2025-09-28T19:30:00Z,REPLAY,current_status,I085:dewatering:0,I085,dewatering,w-pc-09,4,No unit able to provide dewatering could reach this ward within 45 minutes without pulling a unit off a higher-severity ward.
510.0,2025-09-28T19:30:00Z,REPLAY,current_status,I088:mass_transport:0,I088,mass_transport,w-pc-13,4,No unit able to provide mass transport could reach this ward within 45 minutes without pulling a unit off a higher-severity ward.
510.0,2025-09-28T19:30:00Z,REPLAY,current_status,I089:field_assessment:0,I089,field_assessment,w-pc-08,2,No unit able to provide field assessment could reach this ward within 45 minutes without pulling a unit off a higher-severity ward.
510.0,2025-09-28T19:30:00Z,REPLAY,current_status,I090:mass_transport:0,I090,mass_transport,w-pc-11,5,No unit able to provide mass transport could reach this ward within 45 minutes without pulling a unit off a higher-severity ward.
510.0,2025-09-28T19:30:00Z,REPLAY,current_status,I090:mass_transport:1,I090,mass_transport,w-pc-11,5,No unit able to provide mass transport could reach this ward within 45 minutes without pulling a unit off a higher-severity ward.
510.0,2025-09-28T19:30:00Z,REPLAY,current_status,I090:mass_transport:2,I090,mass_transport,w-pc-11,5,No unit able to provide mass transport could reach this ward within 45 minutes without pulling a unit off a higher-severity ward.
510.0,2025-09-28T19:30:00Z,REPLAY,current_status,I092:field_assessment:0,I092,field_assessment,w-pc-11,2,No unit able to provide field assessment could reach this ward within 45 minutes without pulling a unit off a higher-severity ward.
510.0,2025-09-28T19:30:00Z,REPLAY,current_status,I094:field_assessment:0,I094,field_assessment,w-pc-03,2,No unit able to provide field assessment could reach this ward within 45 minutes without pulling a unit off a higher-severity ward.
510.0,2025-09-28T19:30:00Z,REPLAY,current_status,I095:field_assessment:0,I095,field_assessment,w-pc-10,2,No unit able to provide field assessment could reach this ward within 45 minutes without pulling a unit off a higher-severity ward.
510.0,2025-09-28T19:30:00Z,REPLAY,current_status,I096:water_rescue:0,I096,water_rescue,w-pc-11,5,No unit able to provide water rescue could reach this ward within 45 minutes without pulling a unit off a higher-severity ward.
510.0,2025-09-28T19:30:00Z,REPLAY,current_status,I096:mass_transport:0,I096,mass_transport,w-pc-11,5,No unit able to provide mass transport could reach this ward within 45 minutes without pulling a unit off a higher-severity ward.
510.0,2025-09-28T19:30:00Z,REPLAY,current_status,I096:mass_transport:1,I096,mass_transport,w-pc-11,5,No unit able to provide mass transport could reach this ward within 45 minutes without pulling a unit off a higher-severity ward.
510.0,2025-09-28T19:30:00Z,REPLAY,current_status,I096:mass_transport:2,I096,mass_transport,w-pc-11,5,No unit able to provide mass transport could reach this ward within 45 minutes without pulling a unit off a higher-severity ward.
510.0,2025-09-28T19:30:00Z,REPLAY,current_status,I097:field_assessment:0,I097,field_assessment,w-pc-14,2,No unit able to provide field assessment could reach this ward within 45 minutes without pulling a unit off a higher-severity ward.
510.0,2025-09-28T19:30:00Z,REPLAY,current_status,I099:mass_transport:0,I099,mass_transport,w-pc-06,4,No unit able to provide mass transport could reach this ward within 45 minutes without pulling a unit off a higher-severity ward.
510.0,2025-09-28T19:30:00Z,REPLAY,current_status,I099:mass_transport:1,I099,mass_transport,w-pc-06,4,No unit able to provide mass transport could reach this ward within 45 minutes without pulling a unit off a higher-severity ward.
510.0,2025-09-28T19:30:00Z,REPLAY,current_status,I100:field_assessment:0,I100,field_assessment,w-pc-02,2,No unit able to provide field assessment could reach this ward within 45 minutes without pulling a unit off a higher-severity ward.
510.0,2025-09-28T19:30:00Z,REPLAY,current_status,I101:field_assessment:0,I101,field_assessment,w-pc-06,2,No unit able to provide field assessment could reach this ward within 45 minutes without pulling a unit off a higher-severity ward.
510.0,2025-09-28T19:30:00Z,REPLAY,current_status,I102:medical_transport:0,I102,medical_transport,w-pc-09,4,No unit able to provide medical transport could reach this ward within 45 minutes without pulling a unit off a higher-severity ward.
510.0,2025-09-28T19:30:00Z,REPLAY,current_status,I103:water_rescue:0,I103,water_rescue,w-pc-11,5,No unit able to provide water rescue could reach this ward within 45 minutes without pulling a unit off a higher-severity ward.
510.0,2025-09-28T19:30:00Z,REPLAY,current_status,I103:mass_transport:0,I103,mass_transport,w-pc-11,5,No unit able to provide mass transport could reach this ward within 45 minutes without pulling a unit off a higher-severity ward.
510.0,2025-09-28T19:30:00Z,REPLAY,current_status,I103:mass_transport:1,I103,mass_transport,w-pc-11,5,No unit able to provide mass transport could reach this ward within 45 minutes without pulling a unit off a higher-severity ward.
510.0,2025-09-28T19:30:00Z,REPLAY,current_status,I103:mass_transport:2,I103,mass_transport,w-pc-11,5,No unit able to provide mass transport could reach this ward within 45 minutes without pulling a unit off a higher-severity ward.
510.0,2025-09-28T19:30:00Z,REPLAY,current_status,I104:mass_transport:0,I104,mass_transport,w-pc-11,4,No unit able to provide mass transport could reach this ward within 45 minutes without pulling a unit off a higher-severity ward.
510.0,2025-09-28T19:30:00Z,REPLAY,current_status,I104:mass_transport:1,I104,mass_transport,w-pc-11,4,No unit able to provide mass transport could reach this ward within 45 minutes without pulling a unit off a higher-severity ward.
510.0,2025-09-28T19:30:00Z,REPLAY,current_status,I104:dewatering:0,I104,dewatering,w-pc-11,4,No unit able to provide dewatering could reach this ward within 45 minutes without pulling a unit off a higher-severity ward.
510.0,2025-09-28T19:30:00Z,REPLAY,current_status,I105:field_assessment:0,I105,field_assessment,w-pc-02,2,No unit able to provide field assessment could reach this ward within 45 minutes without pulling a unit off a higher-severity ward.
510.0,2025-09-28T19:30:00Z,REPLAY,current_status,I106:mass_transport:0,I106,mass_transport,w-pc-07,5,No unit able to provide mass transport could reach this ward within 45 minutes without pulling a unit off a higher-severity ward.
510.0,2025-09-28T19:30:00Z,REPLAY,current_status,I106:mass_transport:1,I106,mass_transport,w-pc-07,5,No unit able to provide mass transport could reach this ward within 45 minutes without pulling a unit off a higher-severity ward.
510.0,2025-09-28T19:30:00Z,REPLAY,current_status,I106:mass_transport:2,I106,mass_transport,w-pc-07,5,No unit able to provide mass transport could reach this ward within 45 minutes without pulling a unit off a higher-severity ward.
510.0,2025-09-28T19:30:00Z,REPLAY,current_status,I107:field_assessment:0,I107,field_assessment,w-pc-11,2,No unit able to provide field assessment could reach this ward within 45 minutes without pulling a unit off a higher-severity ward.
520.0,2025-09-28T19:40:00Z,REPLAY,current_status,I001:mass_transport:0,I001,mass_transport,w-pc-11,5,No unit able to provide mass transport could reach this ward within 45 minutes without pulling a unit off a higher-severity ward.
520.0,2025-09-28T19:40:00Z,REPLAY,current_status,I001:mass_transport:1,I001,mass_transport,w-pc-11,5,No unit able to provide mass transport could reach this ward within 45 minutes without pulling a unit off a higher-severity ward.
520.0,2025-09-28T19:40:00Z,REPLAY,current_status,I001:mass_transport:2,I001,mass_transport,w-pc-11,5,No unit able to provide mass transport could reach this ward within 45 minutes without pulling a unit off a higher-severity ward.
520.0,2025-09-28T19:40:00Z,REPLAY,current_status,I006:mass_transport:0,I006,mass_transport,w-pc-14,5,No unit able to provide mass transport could reach this ward within 45 minutes without pulling a unit off a higher-severity ward.
520.0,2025-09-28T19:40:00Z,REPLAY,current_status,I006:mass_transport:1,I006,mass_transport,w-pc-14,5,No unit able to provide mass transport could reach this ward within 45 minutes without pulling a unit off a higher-severity ward.
520.0,2025-09-28T19:40:00Z,REPLAY,current_status,I006:mass_transport:2,I006,mass_transport,w-pc-14,5,No unit able to provide mass transport could reach this ward within 45 minutes without pulling a unit off a higher-severity ward.
520.0,2025-09-28T19:40:00Z,REPLAY,current_status,I009:mass_transport:0,I009,mass_transport,w-pc-07,4,No unit able to provide mass transport could reach this ward within 45 minutes without pulling a unit off a higher-severity ward.
520.0,2025-09-28T19:40:00Z,REPLAY,current_status,I009:mass_transport:1,I009,mass_transport,w-pc-07,4,No unit able to provide mass transport could reach this ward within 45 minutes without pulling a unit off a higher-severity ward.
520.0,2025-09-28T19:40:00Z,REPLAY,current_status,I011:mass_transport:0,I011,mass_transport,w-pc-14,4,No unit able to provide mass transport could reach this ward within 45 minutes without pulling a unit off a higher-severity ward.
520.0,2025-09-28T19:40:00Z,REPLAY,current_status,I011:mass_transport:1,I011,mass_transport,w-pc-14,4,No unit able to provide mass transport could reach this ward within 45 minutes without pulling a unit off a higher-severity ward.
520.0,2025-09-28T19:40:00Z,REPLAY,current_status,I015:mass_transport:0,I015,mass_transport,w-pc-11,4,No unit able to provide mass transport could reach this ward within 45 minutes without pulling a unit off a higher-severity ward.
520.0,2025-09-28T19:40:00Z,REPLAY,current_status,I015:mass_transport:1,I015,mass_transport,w-pc-11,4,No unit able to provide mass transport could reach this ward within 45 minutes without pulling a unit off a higher-severity ward.
520.0,2025-09-28T19:40:00Z,REPLAY,current_status,I017:mass_transport:0,I017,mass_transport,w-pc-07,5,No unit able to provide mass transport could reach this ward within 45 minutes without pulling a unit off a higher-severity ward.
520.0,2025-09-28T19:40:00Z,REPLAY,current_status,I024:mass_transport:0,I024,mass_transport,w-pc-06,4,No unit able to provide mass transport could reach this ward within 45 minutes without pulling a unit off a higher-severity ward.
520.0,2025-09-28T19:40:00Z,REPLAY,current_status,I024:mass_transport:1,I024,mass_transport,w-pc-06,4,No unit able to provide mass transport could reach this ward within 45 minutes without pulling a unit off a higher-severity ward.
520.0,2025-09-28T19:40:00Z,REPLAY,current_status,I027:mass_transport:0,I027,mass_transport,w-pc-10,4,No unit able to provide mass transport could reach this ward within 45 minutes without pulling a unit off a higher-severity ward.
520.0,2025-09-28T19:40:00Z,REPLAY,current_status,I027:mass_transport:1,I027,mass_transport,w-pc-10,4,No unit able to provide mass transport could reach this ward within 45 minutes without pulling a unit off a higher-severity ward.
520.0,2025-09-28T19:40:00Z,REPLAY,current_status,I029:mass_transport:0,I029,mass_transport,w-pc-13,4,No unit able to provide mass transport could reach this ward within 45 minutes without pulling a unit off a higher-severity ward.
520.0,2025-09-28T19:40:00Z,REPLAY,current_status,I030:mass_transport:0,I030,mass_transport,w-pc-06,4,No unit able to provide mass transport could reach this ward within 45 minutes without pulling a unit off a higher-severity ward.
520.0,2025-09-28T19:40:00Z,REPLAY,current_status,I030:mass_transport:1,I030,mass_transport,w-pc-06,4,No unit able to provide mass transport could reach this ward within 45 minutes without pulling a unit off a higher-severity ward.
520.0,2025-09-28T19:40:00Z,REPLAY,current_status,I035:mass_transport:0,I035,mass_transport,w-pc-11,5,No unit able to provide mass transport could reach this ward within 45 minutes without pulling a unit off a higher-severity ward.
520.0,2025-09-28T19:40:00Z,REPLAY,current_status,I035:mass_transport:1,I035,mass_transport,w-pc-11,5,No unit able to provide mass transport could reach this ward within 45 minutes without pulling a unit off a higher-severity ward.
520.0,2025-09-28T19:40:00Z,REPLAY,current_status,I035:mass_transport:2,I035,mass_transport,w-pc-11,5,No unit able to provide mass transport could reach this ward within 45 minutes without pulling a unit off a higher-severity ward.
520.0,2025-09-28T19:40:00Z,REPLAY,current_status,I038:mass_transport:0,I038,mass_transport,w-pc-11,4,No unit able to provide mass transport could reach this ward within 45 minutes without pulling a unit off a higher-severity ward.
520.0,2025-09-28T19:40:00Z,REPLAY,current_status,I038:mass_transport:1,I038,mass_transport,w-pc-11,4,No unit able to provide mass transport could reach this ward within 45 minutes without pulling a unit off a higher-severity ward.
520.0,2025-09-28T19:40:00Z,REPLAY,current_status,I039:mass_transport:0,I039,mass_transport,w-pc-13,4,No unit able to provide mass transport could reach this ward within 45 minutes without pulling a unit off a higher-severity ward.
520.0,2025-09-28T19:40:00Z,REPLAY,current_status,I042:mass_transport:0,I042,mass_transport,w-pc-02,4,No unit able to provide mass transport could reach this ward within 45 minutes without pulling a unit off a higher-severity ward.
520.0,2025-09-28T19:40:00Z,REPLAY,current_status,I042:mass_transport:1,I042,mass_transport,w-pc-02,4,No unit able to provide mass transport could reach this ward within 45 minutes without pulling a unit off a higher-severity ward.
520.0,2025-09-28T19:40:00Z,REPLAY,current_status,I046:mass_transport:0,I046,mass_transport,w-pc-11,5,No unit able to provide mass transport could reach this ward within 45 minutes without pulling a unit off a higher-severity ward.
520.0,2025-09-28T19:40:00Z,REPLAY,current_status,I046:mass_transport:1,I046,mass_transport,w-pc-11,5,No unit able to provide mass transport could reach this ward within 45 minutes without pulling a unit off a higher-severity ward.
520.0,2025-09-28T19:40:00Z,REPLAY,current_status,I046:mass_transport:2,I046,mass_transport,w-pc-11,5,No unit able to provide mass transport could reach this ward within 45 minutes without pulling a unit off a higher-severity ward.
520.0,2025-09-28T19:40:00Z,REPLAY,current_status,I048:mass_transport:0,I048,mass_transport,w-pc-07,5,No unit able to provide mass transport could reach this ward within 45 minutes without pulling a unit off a higher-severity ward.
520.0,2025-09-28T19:40:00Z,REPLAY,current_status,I048:mass_transport:1,I048,mass_transport,w-pc-07,5,No unit able to provide mass transport could reach this ward within 45 minutes without pulling a unit off a higher-severity ward.
520.0,2025-09-28T19:40:00Z,REPLAY,current_status,I048:mass_transport:2,I048,mass_transport,w-pc-07,5,No unit able to provide mass transport could reach this ward within 45 minutes without pulling a unit off a higher-severity ward.
520.0,2025-09-28T19:40:00Z,REPLAY,current_status,I050:search_rescue:0,I050,search_rescue,w-pc-09,5,No unit able to provide search rescue could reach this ward within 45 minutes without pulling a unit off a higher-severity ward.
520.0,2025-09-28T19:40:00Z,REPLAY,current_status,I054:mass_transport:0,I054,mass_transport,w-pc-10,5,No unit able to provide mass transport could reach this ward within 45 minutes without pulling a unit off a higher-severity ward.
520.0,2025-09-28T19:40:00Z,REPLAY,current_status,I054:mass_transport:1,I054,mass_transport,w-pc-10,5,No unit able to provide mass transport could reach this ward within 45 minutes without pulling a unit off a higher-severity ward.
520.0,2025-09-28T19:40:00Z,REPLAY,current_status,I054:mass_transport:2,I054,mass_transport,w-pc-10,5,No unit able to provide mass transport could reach this ward within 45 minutes without pulling a unit off a higher-severity ward.
520.0,2025-09-28T19:40:00Z,REPLAY,current_status,I057:mass_transport:0,I057,mass_transport,w-pc-02,4,No unit able to provide mass transport could reach this ward within 45 minutes without pulling a unit off a higher-severity ward.
520.0,2025-09-28T19:40:00Z,REPLAY,current_status,I057:mass_transport:1,I057,mass_transport,w-pc-02,4,No unit able to provide mass transport could reach this ward within 45 minutes without pulling a unit off a higher-severity ward.
520.0,2025-09-28T19:40:00Z,REPLAY,current_status,I060:mass_transport:0,I060,mass_transport,w-pc-06,5,No unit able to provide mass transport could reach this ward within 45 minutes without pulling a unit off a higher-severity ward.
520.0,2025-09-28T19:40:00Z,REPLAY,current_status,I060:mass_transport:1,I060,mass_transport,w-pc-06,5,No unit able to provide mass transport could reach this ward within 45 minutes without pulling a unit off a higher-severity ward.
520.0,2025-09-28T19:40:00Z,REPLAY,current_status,I060:mass_transport:2,I060,mass_transport,w-pc-06,5,No unit able to provide mass transport could reach this ward within 45 minutes without pulling a unit off a higher-severity ward.
520.0,2025-09-28T19:40:00Z,REPLAY,current_status,I061:mass_transport:0,I061,mass_transport,w-pc-11,5,No unit able to provide mass transport could reach this ward within 45 minutes without pulling a unit off a higher-severity ward.
520.0,2025-09-28T19:40:00Z,REPLAY,current_status,I061:mass_transport:1,I061,mass_transport,w-pc-11,5,No unit able to provide mass transport could reach this ward within 45 minutes without pulling a unit off a higher-severity ward.
520.0,2025-09-28T19:40:00Z,REPLAY,current_status,I061:mass_transport:2,I061,mass_transport,w-pc-11,5,No unit able to provide mass transport could reach this ward within 45 minutes without pulling a unit off a higher-severity ward.
520.0,2025-09-28T19:40:00Z,REPLAY,current_status,I062:mass_transport:0,I062,mass_transport,w-pc-10,4,No unit able to provide mass transport could reach this ward within 45 minutes without pulling a unit off a higher-severity ward.
520.0,2025-09-28T19:40:00Z,REPLAY,current_status,I062:mass_transport:1,I062,mass_transport,w-pc-10,4,No unit able to provide mass transport could reach this ward within 45 minutes without pulling a unit off a higher-severity ward.
520.0,2025-09-28T19:40:00Z,REPLAY,current_status,I063:mass_transport:0,I063,mass_transport,w-pc-13,5,No unit able to provide mass transport could reach this ward within 45 minutes without pulling a unit off a higher-severity ward.
520.0,2025-09-28T19:40:00Z,REPLAY,current_status,I063:mass_transport:1,I063,mass_transport,w-pc-13,5,No unit able to provide mass transport could reach this ward within 45 minutes without pulling a unit off a higher-severity ward.
520.0,2025-09-28T19:40:00Z,REPLAY,current_status,I063:mass_transport:2,I063,mass_transport,w-pc-13,5,No unit able to provide mass transport could reach this ward within 45 minutes without pulling a unit off a higher-severity ward.
520.0,2025-09-28T19:40:00Z,REPLAY,current_status,I064:mass_transport:0,I064,mass_transport,w-pc-11,5,No unit able to provide mass transport could reach this ward within 45 minutes without pulling a unit off a higher-severity ward.
520.0,2025-09-28T19:40:00Z,REPLAY,current_status,I064:mass_transport:1,I064,mass_transport,w-pc-11,5,No unit able to provide mass transport could reach this ward within 45 minutes without pulling a unit off a higher-severity ward.
520.0,2025-09-28T19:40:00Z,REPLAY,current_status,I064:mass_transport:2,I064,mass_transport,w-pc-11,5,No unit able to provide mass transport could reach this ward within 45 minutes without pulling a unit off a higher-severity ward.
520.0,2025-09-28T19:40:00Z,REPLAY,current_status,I065:mass_transport:0,I065,mass_transport,w-pc-11,4,No unit able to provide mass transport could reach this ward within 45 minutes without pulling a unit off a higher-severity ward.
520.0,2025-09-28T19:40:00Z,REPLAY,current_status,I065:mass_transport:1,I065,mass_transport,w-pc-11,4,No unit able to provide mass transport could reach this ward within 45 minutes without pulling a unit off a higher-severity ward.
520.0,2025-09-28T19:40:00Z,REPLAY,current_status,I068:mass_transport:0,I068,mass_transport,w-pc-10,4,No unit able to provide mass transport could reach this ward within 45 minutes without pulling a unit off a higher-severity ward.
520.0,2025-09-28T19:40:00Z,REPLAY,current_status,I068:mass_transport:1,I068,mass_transport,w-pc-10,4,No unit able to provide mass transport could reach this ward within 45 minutes without pulling a unit off a higher-severity ward.
520.0,2025-09-28T19:40:00Z,REPLAY,current_status,I071:mass_transport:0,I071,mass_transport,w-pc-07,4,No unit able to provide mass transport could reach this ward within 45 minutes without pulling a unit off a higher-severity ward.
520.0,2025-09-28T19:40:00Z,REPLAY,current_status,I071:mass_transport:1,I071,mass_transport,w-pc-07,4,No unit able to provide mass transport could reach this ward within 45 minutes without pulling a unit off a higher-severity ward.
520.0,2025-09-28T19:40:00Z,REPLAY,current_status,I072:mass_transport:0,I072,mass_transport,w-pc-14,4,No unit able to provide mass transport could reach this ward within 45 minutes without pulling a unit off a higher-severity ward.
520.0,2025-09-28T19:40:00Z,REPLAY,current_status,I072:mass_transport:1,I072,mass_transport,w-pc-14,4,No unit able to provide mass transport could reach this ward within 45 minutes without pulling a unit off a higher-severity ward.
520.0,2025-09-28T19:40:00Z,REPLAY,current_status,I072:dewatering:0,I072,dewatering,w-pc-14,4,No unit able to provide dewatering could reach this ward within 45 minutes without pulling a unit off a higher-severity ward.
520.0,2025-09-28T19:40:00Z,REPLAY,current_status,I074:mass_transport:0,I074,mass_transport,w-pc-02,4,No unit able to provide mass transport could reach this ward within 45 minutes without pulling a unit off a higher-severity ward.
520.0,2025-09-28T19:40:00Z,REPLAY,current_status,I074:mass_transport:1,I074,mass_transport,w-pc-02,4,No unit able to provide mass transport could reach this ward within 45 minutes without pulling a unit off a higher-severity ward.
520.0,2025-09-28T19:40:00Z,REPLAY,current_status,I077:mass_transport:0,I077,mass_transport,w-pc-13,5,No unit able to provide mass transport could reach this ward within 45 minutes without pulling a unit off a higher-severity ward.
520.0,2025-09-28T19:40:00Z,REPLAY,current_status,I077:mass_transport:1,I077,mass_transport,w-pc-13,5,No unit able to provide mass transport could reach this ward within 45 minutes without pulling a unit off a higher-severity ward.
520.0,2025-09-28T19:40:00Z,REPLAY,current_status,I077:mass_transport:2,I077,mass_transport,w-pc-13,5,No unit able to provide mass transport could reach this ward within 45 minutes without pulling a unit off a higher-severity ward.
520.0,2025-09-28T19:40:00Z,REPLAY,current_status,I078:mass_transport:0,I078,mass_transport,w-pc-04,4,No unit able to provide mass transport could reach this ward within 45 minutes without pulling a unit off a higher-severity ward.
520.0,2025-09-28T19:40:00Z,REPLAY,current_status,I078:mass_transport:1,I078,mass_transport,w-pc-04,4,No unit able to provide mass transport could reach this ward within 45 minutes without pulling a unit off a higher-severity ward.
520.0,2025-09-28T19:40:00Z,REPLAY,current_status,I078:dewatering:0,I078,dewatering,w-pc-04,4,No unit able to provide dewatering could reach this ward within 45 minutes without pulling a unit off a higher-severity ward.
520.0,2025-09-28T19:40:00Z,REPLAY,current_status,I079:mass_transport:0,I079,mass_transport,w-pc-07,4,No unit able to provide mass transport could reach this ward within 45 minutes without pulling a unit off a higher-severity ward.
520.0,2025-09-28T19:40:00Z,REPLAY,current_status,I079:mass_transport:1,I079,mass_transport,w-pc-07,4,No unit able to provide mass transport could reach this ward within 45 minutes without pulling a unit off a higher-severity ward.
520.0,2025-09-28T19:40:00Z,REPLAY,current_status,I082:debris_clearance:0,I082,debris_clearance,w-pc-12,3,No unit able to provide debris clearance could reach this ward within 45 minutes without pulling a unit off a higher-severity ward.
520.0,2025-09-28T19:40:00Z,REPLAY,current_status,I085:mass_transport:0,I085,mass_transport,w-pc-09,4,No unit able to provide mass transport could reach this ward within 45 minutes without pulling a unit off a higher-severity ward.
520.0,2025-09-28T19:40:00Z,REPLAY,current_status,I085:mass_transport:1,I085,mass_transport,w-pc-09,4,No unit able to provide mass transport could reach this ward within 45 minutes without pulling a unit off a higher-severity ward.
520.0,2025-09-28T19:40:00Z,REPLAY,current_status,I085:dewatering:0,I085,dewatering,w-pc-09,4,No unit able to provide dewatering could reach this ward within 45 minutes without pulling a unit off a higher-severity ward.
520.0,2025-09-28T19:40:00Z,REPLAY,current_status,I088:mass_transport:0,I088,mass_transport,w-pc-13,4,No unit able to provide mass transport could reach this ward within 45 minutes without pulling a unit off a higher-severity ward.
520.0,2025-09-28T19:40:00Z,REPLAY,current_status,I090:mass_transport:0,I090,mass_transport,w-pc-11,5,No unit able to provide mass transport could reach this ward within 45 minutes without pulling a unit off a higher-severity ward.
520.0,2025-09-28T19:40:00Z,REPLAY,current_status,I090:mass_transport:1,I090,mass_transport,w-pc-11,5,No unit able to provide mass transport could reach this ward within 45 minutes without pulling a unit off a higher-severity ward.
520.0,2025-09-28T19:40:00Z,REPLAY,current_status,I090:mass_transport:2,I090,mass_transport,w-pc-11,5,No unit able to provide mass transport could reach this ward within 45 minutes without pulling a unit off a higher-severity ward.
520.0,2025-09-28T19:40:00Z,REPLAY,current_status,I092:field_assessment:0,I092,field_assessment,w-pc-11,2,No unit able to provide field assessment could reach this ward within 45 minutes without pulling a unit off a higher-severity ward.
520.0,2025-09-28T19:40:00Z,REPLAY,current_status,I093:mass_transport:0,I093,mass_transport,w-pc-07,4,No unit able to provide mass transport could reach this ward within 45 minutes without pulling a unit off a higher-severity ward.
520.0,2025-09-28T19:40:00Z,REPLAY,current_status,I093:dewatering:0,I093,dewatering,w-pc-07,4,No unit able to provide dewatering could reach this ward within 45 minutes without pulling a unit off a higher-severity ward.
520.0,2025-09-28T19:40:00Z,REPLAY,current_status,I094:field_assessment:0,I094,field_assessment,w-pc-03,2,No unit able to provide field assessment could reach this ward within 45 minutes without pulling a unit off a higher-severity ward.
520.0,2025-09-28T19:40:00Z,REPLAY,current_status,I095:field_assessment:0,I095,field_assessment,w-pc-10,2,No unit able to provide field assessment could reach this ward within 45 minutes without pulling a unit off a higher-severity ward.
520.0,2025-09-28T19:40:00Z,REPLAY,current_status,I096:water_rescue:0,I096,water_rescue,w-pc-11,5,No unit able to provide water rescue could reach this ward within 45 minutes without pulling a unit off a higher-severity ward.
520.0,2025-09-28T19:40:00Z,REPLAY,current_status,I096:mass_transport:0,I096,mass_transport,w-pc-11,5,No unit able to provide mass transport could reach this ward within 45 minutes without pulling a unit off a higher-severity ward.
520.0,2025-09-28T19:40:00Z,REPLAY,current_status,I096:mass_transport:1,I096,mass_transport,w-pc-11,5,No unit able to provide mass transport could reach this ward within 45 minutes without pulling a unit off a higher-severity ward.
520.0,2025-09-28T19:40:00Z,REPLAY,current_status,I096:mass_transport:2,I096,mass_transport,w-pc-11,5,No unit able to provide mass transport could reach this ward within 45 minutes without pulling a unit off a higher-severity ward.
520.0,2025-09-28T19:40:00Z,REPLAY,current_status,I097:field_assessment:0,I097,field_assessment,w-pc-14,2,No unit able to provide field assessment could reach this ward within 45 minutes without pulling a unit off a higher-severity ward.
520.0,2025-09-28T19:40:00Z,REPLAY,current_status,I099:mass_transport:0,I099,mass_transport,w-pc-06,4,No unit able to provide mass transport could reach this ward within 45 minutes without pulling a unit off a higher-severity ward.
520.0,2025-09-28T19:40:00Z,REPLAY,current_status,I099:mass_transport:1,I099,mass_transport,w-pc-06,4,No unit able to provide mass transport could reach this ward within 45 minutes without pulling a unit off a higher-severity ward.
520.0,2025-09-28T19:40:00Z,REPLAY,current_status,I100:field_assessment:0,I100,field_assessment,w-pc-02,2,No unit able to provide field assessment could reach this ward within 45 minutes without pulling a unit off a higher-severity ward.
520.0,2025-09-28T19:40:00Z,REPLAY,current_status,I101:field_assessment:0,I101,field_assessment,w-pc-06,2,No unit able to provide field assessment could reach this ward within 45 minutes without pulling a unit off a higher-severity ward.
520.0,2025-09-28T19:40:00Z,REPLAY,current_status,I102:medical_transport:0,I102,medical_transport,w-pc-09,4,No unit able to provide medical transport could reach this ward within 45 minutes without pulling a unit off a higher-severity ward.
520.0,2025-09-28T19:40:00Z,REPLAY,current_status,I103:water_rescue:0,I103,water_rescue,w-pc-11,5,No unit able to provide water rescue could reach this ward within 45 minutes without pulling a unit off a higher-severity ward.
520.0,2025-09-28T19:40:00Z,REPLAY,current_status,I103:mass_transport:0,I103,mass_transport,w-pc-11,5,No unit able to provide mass transport could reach this ward within 45 minutes without pulling a unit off a higher-severity ward.
520.0,2025-09-28T19:40:00Z,REPLAY,current_status,I103:mass_transport:1,I103,mass_transport,w-pc-11,5,No unit able to provide mass transport could reach this ward within 45 minutes without pulling a unit off a higher-severity ward.
520.0,2025-09-28T19:40:00Z,REPLAY,current_status,I103:mass_transport:2,I103,mass_transport,w-pc-11,5,No unit able to provide mass transport could reach this ward within 45 minutes without pulling a unit off a higher-severity ward.
520.0,2025-09-28T19:40:00Z,REPLAY,current_status,I104:mass_transport:0,I104,mass_transport,w-pc-11,4,No unit able to provide mass transport could reach this ward within 45 minutes without pulling a unit off a higher-severity ward.
520.0,2025-09-28T19:40:00Z,REPLAY,current_status,I104:mass_transport:1,I104,mass_transport,w-pc-11,4,No unit able to provide mass transport could reach this ward within 45 minutes without pulling a unit off a higher-severity ward.
520.0,2025-09-28T19:40:00Z,REPLAY,current_status,I104:dewatering:0,I104,dewatering,w-pc-11,4,No unit able to provide dewatering could reach this ward within 45 minutes without pulling a unit off a higher-severity ward.
520.0,2025-09-28T19:40:00Z,REPLAY,current_status,I105:field_assessment:0,I105,field_assessment,w-pc-02,2,No unit able to provide field assessment could reach this ward within 45 minutes without pulling a unit off a higher-severity ward.
520.0,2025-09-28T19:40:00Z,REPLAY,current_status,I106:mass_transport:0,I106,mass_transport,w-pc-07,5,No unit able to provide mass transport could reach this ward within 45 minutes without pulling a unit off a higher-severity ward.
520.0,2025-09-28T19:40:00Z,REPLAY,current_status,I106:mass_transport:1,I106,mass_transport,w-pc-07,5,No unit able to provide mass transport could reach this ward within 45 minutes without pulling a unit off a higher-severity ward.
520.0,2025-09-28T19:40:00Z,REPLAY,current_status,I106:mass_transport:2,I106,mass_transport,w-pc-07,5,No unit able to provide mass transport could reach this ward within 45 minutes without pulling a unit off a higher-severity ward.
520.0,2025-09-28T19:40:00Z,REPLAY,current_status,I107:field_assessment:0,I107,field_assessment,w-pc-11,2,No unit able to provide field assessment could reach this ward within 45 minutes without pulling a unit off a higher-severity ward.
520.0,2025-09-28T19:40:00Z,REPLAY,current_status,I108:field_assessment:0,I108,field_assessment,w-pc-02,2,No unit able to provide field assessment could reach this ward within 45 minutes without pulling a unit off a higher-severity ward.
520.0,2025-09-28T19:40:00Z,REPLAY,current_status,I109:field_assessment:0,I109,field_assessment,w-pc-13,2,No unit able to provide field assessment could reach this ward within 45 minutes without pulling a unit off a higher-severity ward.
530.0,2025-09-28T19:50:00Z,REPLAY,current_status,I001:mass_transport:0,I001,mass_transport,w-pc-11,5,No unit able to provide mass transport could reach this ward within 45 minutes without pulling a unit off a higher-severity ward.
530.0,2025-09-28T19:50:00Z,REPLAY,current_status,I001:mass_transport:1,I001,mass_transport,w-pc-11,5,No unit able to provide mass transport could reach this ward within 45 minutes without pulling a unit off a higher-severity ward.
530.0,2025-09-28T19:50:00Z,REPLAY,current_status,I001:mass_transport:2,I001,mass_transport,w-pc-11,5,No unit able to provide mass transport could reach this ward within 45 minutes without pulling a unit off a higher-severity ward.
530.0,2025-09-28T19:50:00Z,REPLAY,current_status,I006:mass_transport:0,I006,mass_transport,w-pc-14,5,No unit able to provide mass transport could reach this ward within 45 minutes without pulling a unit off a higher-severity ward.
530.0,2025-09-28T19:50:00Z,REPLAY,current_status,I006:mass_transport:1,I006,mass_transport,w-pc-14,5,No unit able to provide mass transport could reach this ward within 45 minutes without pulling a unit off a higher-severity ward.
530.0,2025-09-28T19:50:00Z,REPLAY,current_status,I006:mass_transport:2,I006,mass_transport,w-pc-14,5,No unit able to provide mass transport could reach this ward within 45 minutes without pulling a unit off a higher-severity ward.
530.0,2025-09-28T19:50:00Z,REPLAY,current_status,I009:mass_transport:0,I009,mass_transport,w-pc-07,4,No unit able to provide mass transport could reach this ward within 45 minutes without pulling a unit off a higher-severity ward.
530.0,2025-09-28T19:50:00Z,REPLAY,current_status,I009:mass_transport:1,I009,mass_transport,w-pc-07,4,No unit able to provide mass transport could reach this ward within 45 minutes without pulling a unit off a higher-severity ward.
530.0,2025-09-28T19:50:00Z,REPLAY,current_status,I011:mass_transport:0,I011,mass_transport,w-pc-14,4,No unit able to provide mass transport could reach this ward within 45 minutes without pulling a unit off a higher-severity ward.
530.0,2025-09-28T19:50:00Z,REPLAY,current_status,I011:mass_transport:1,I011,mass_transport,w-pc-14,4,No unit able to provide mass transport could reach this ward within 45 minutes without pulling a unit off a higher-severity ward.
530.0,2025-09-28T19:50:00Z,REPLAY,current_status,I015:mass_transport:0,I015,mass_transport,w-pc-11,4,No unit able to provide mass transport could reach this ward within 45 minutes without pulling a unit off a higher-severity ward.
530.0,2025-09-28T19:50:00Z,REPLAY,current_status,I015:mass_transport:1,I015,mass_transport,w-pc-11,4,No unit able to provide mass transport could reach this ward within 45 minutes without pulling a unit off a higher-severity ward.
530.0,2025-09-28T19:50:00Z,REPLAY,current_status,I017:mass_transport:0,I017,mass_transport,w-pc-07,5,No unit able to provide mass transport could reach this ward within 45 minutes without pulling a unit off a higher-severity ward.
530.0,2025-09-28T19:50:00Z,REPLAY,current_status,I024:mass_transport:0,I024,mass_transport,w-pc-06,4,No unit able to provide mass transport could reach this ward within 45 minutes without pulling a unit off a higher-severity ward.
530.0,2025-09-28T19:50:00Z,REPLAY,current_status,I024:mass_transport:1,I024,mass_transport,w-pc-06,4,No unit able to provide mass transport could reach this ward within 45 minutes without pulling a unit off a higher-severity ward.
530.0,2025-09-28T19:50:00Z,REPLAY,current_status,I027:mass_transport:0,I027,mass_transport,w-pc-10,4,No unit able to provide mass transport could reach this ward within 45 minutes without pulling a unit off a higher-severity ward.
530.0,2025-09-28T19:50:00Z,REPLAY,current_status,I027:mass_transport:1,I027,mass_transport,w-pc-10,4,No unit able to provide mass transport could reach this ward within 45 minutes without pulling a unit off a higher-severity ward.
530.0,2025-09-28T19:50:00Z,REPLAY,current_status,I029:mass_transport:0,I029,mass_transport,w-pc-13,4,No unit able to provide mass transport could reach this ward within 45 minutes without pulling a unit off a higher-severity ward.
530.0,2025-09-28T19:50:00Z,REPLAY,current_status,I030:mass_transport:0,I030,mass_transport,w-pc-06,4,No unit able to provide mass transport could reach this ward within 45 minutes without pulling a unit off a higher-severity ward.
530.0,2025-09-28T19:50:00Z,REPLAY,current_status,I030:mass_transport:1,I030,mass_transport,w-pc-06,4,No unit able to provide mass transport could reach this ward within 45 minutes without pulling a unit off a higher-severity ward.
530.0,2025-09-28T19:50:00Z,REPLAY,current_status,I035:mass_transport:0,I035,mass_transport,w-pc-11,5,No unit able to provide mass transport could reach this ward within 45 minutes without pulling a unit off a higher-severity ward.
530.0,2025-09-28T19:50:00Z,REPLAY,current_status,I035:mass_transport:1,I035,mass_transport,w-pc-11,5,No unit able to provide mass transport could reach this ward within 45 minutes without pulling a unit off a higher-severity ward.
530.0,2025-09-28T19:50:00Z,REPLAY,current_status,I035:mass_transport:2,I035,mass_transport,w-pc-11,5,No unit able to provide mass transport could reach this ward within 45 minutes without pulling a unit off a higher-severity ward.
530.0,2025-09-28T19:50:00Z,REPLAY,current_status,I038:mass_transport:0,I038,mass_transport,w-pc-11,4,No unit able to provide mass transport could reach this ward within 45 minutes without pulling a unit off a higher-severity ward.
530.0,2025-09-28T19:50:00Z,REPLAY,current_status,I038:mass_transport:1,I038,mass_transport,w-pc-11,4,No unit able to provide mass transport could reach this ward within 45 minutes without pulling a unit off a higher-severity ward.
530.0,2025-09-28T19:50:00Z,REPLAY,current_status,I039:mass_transport:0,I039,mass_transport,w-pc-13,4,No unit able to provide mass transport could reach this ward within 45 minutes without pulling a unit off a higher-severity ward.
530.0,2025-09-28T19:50:00Z,REPLAY,current_status,I042:mass_transport:0,I042,mass_transport,w-pc-02,4,No unit able to provide mass transport could reach this ward within 45 minutes without pulling a unit off a higher-severity ward.
530.0,2025-09-28T19:50:00Z,REPLAY,current_status,I042:mass_transport:1,I042,mass_transport,w-pc-02,4,No unit able to provide mass transport could reach this ward within 45 minutes without pulling a unit off a higher-severity ward.
530.0,2025-09-28T19:50:00Z,REPLAY,current_status,I046:mass_transport:0,I046,mass_transport,w-pc-11,5,No unit able to provide mass transport could reach this ward within 45 minutes without pulling a unit off a higher-severity ward.
530.0,2025-09-28T19:50:00Z,REPLAY,current_status,I046:mass_transport:1,I046,mass_transport,w-pc-11,5,No unit able to provide mass transport could reach this ward within 45 minutes without pulling a unit off a higher-severity ward.
530.0,2025-09-28T19:50:00Z,REPLAY,current_status,I046:mass_transport:2,I046,mass_transport,w-pc-11,5,No unit able to provide mass transport could reach this ward within 45 minutes without pulling a unit off a higher-severity ward.
530.0,2025-09-28T19:50:00Z,REPLAY,current_status,I048:mass_transport:0,I048,mass_transport,w-pc-07,5,No unit able to provide mass transport could reach this ward within 45 minutes without pulling a unit off a higher-severity ward.
530.0,2025-09-28T19:50:00Z,REPLAY,current_status,I048:mass_transport:1,I048,mass_transport,w-pc-07,5,No unit able to provide mass transport could reach this ward within 45 minutes without pulling a unit off a higher-severity ward.
530.0,2025-09-28T19:50:00Z,REPLAY,current_status,I048:mass_transport:2,I048,mass_transport,w-pc-07,5,No unit able to provide mass transport could reach this ward within 45 minutes without pulling a unit off a higher-severity ward.
530.0,2025-09-28T19:50:00Z,REPLAY,current_status,I050:search_rescue:0,I050,search_rescue,w-pc-09,5,No unit able to provide search rescue could reach this ward within 45 minutes without pulling a unit off a higher-severity ward.
530.0,2025-09-28T19:50:00Z,REPLAY,current_status,I054:mass_transport:0,I054,mass_transport,w-pc-10,5,No unit able to provide mass transport could reach this ward within 45 minutes without pulling a unit off a higher-severity ward.
530.0,2025-09-28T19:50:00Z,REPLAY,current_status,I054:mass_transport:1,I054,mass_transport,w-pc-10,5,No unit able to provide mass transport could reach this ward within 45 minutes without pulling a unit off a higher-severity ward.
530.0,2025-09-28T19:50:00Z,REPLAY,current_status,I054:mass_transport:2,I054,mass_transport,w-pc-10,5,No unit able to provide mass transport could reach this ward within 45 minutes without pulling a unit off a higher-severity ward.
530.0,2025-09-28T19:50:00Z,REPLAY,current_status,I057:mass_transport:0,I057,mass_transport,w-pc-02,4,No unit able to provide mass transport could reach this ward within 45 minutes without pulling a unit off a higher-severity ward.
530.0,2025-09-28T19:50:00Z,REPLAY,current_status,I057:mass_transport:1,I057,mass_transport,w-pc-02,4,No unit able to provide mass transport could reach this ward within 45 minutes without pulling a unit off a higher-severity ward.
530.0,2025-09-28T19:50:00Z,REPLAY,current_status,I060:mass_transport:0,I060,mass_transport,w-pc-06,5,No unit able to provide mass transport could reach this ward within 45 minutes without pulling a unit off a higher-severity ward.
530.0,2025-09-28T19:50:00Z,REPLAY,current_status,I060:mass_transport:1,I060,mass_transport,w-pc-06,5,No unit able to provide mass transport could reach this ward within 45 minutes without pulling a unit off a higher-severity ward.
530.0,2025-09-28T19:50:00Z,REPLAY,current_status,I060:mass_transport:2,I060,mass_transport,w-pc-06,5,No unit able to provide mass transport could reach this ward within 45 minutes without pulling a unit off a higher-severity ward.
530.0,2025-09-28T19:50:00Z,REPLAY,current_status,I061:mass_transport:0,I061,mass_transport,w-pc-11,5,No unit able to provide mass transport could reach this ward within 45 minutes without pulling a unit off a higher-severity ward.
530.0,2025-09-28T19:50:00Z,REPLAY,current_status,I061:mass_transport:1,I061,mass_transport,w-pc-11,5,No unit able to provide mass transport could reach this ward within 45 minutes without pulling a unit off a higher-severity ward.
530.0,2025-09-28T19:50:00Z,REPLAY,current_status,I061:mass_transport:2,I061,mass_transport,w-pc-11,5,No unit able to provide mass transport could reach this ward within 45 minutes without pulling a unit off a higher-severity ward.
530.0,2025-09-28T19:50:00Z,REPLAY,current_status,I062:mass_transport:0,I062,mass_transport,w-pc-10,4,No unit able to provide mass transport could reach this ward within 45 minutes without pulling a unit off a higher-severity ward.
530.0,2025-09-28T19:50:00Z,REPLAY,current_status,I062:mass_transport:1,I062,mass_transport,w-pc-10,4,No unit able to provide mass transport could reach this ward within 45 minutes without pulling a unit off a higher-severity ward.
530.0,2025-09-28T19:50:00Z,REPLAY,current_status,I063:mass_transport:0,I063,mass_transport,w-pc-13,5,No unit able to provide mass transport could reach this ward within 45 minutes without pulling a unit off a higher-severity ward.
530.0,2025-09-28T19:50:00Z,REPLAY,current_status,I063:mass_transport:1,I063,mass_transport,w-pc-13,5,No unit able to provide mass transport could reach this ward within 45 minutes without pulling a unit off a higher-severity ward.
530.0,2025-09-28T19:50:00Z,REPLAY,current_status,I063:mass_transport:2,I063,mass_transport,w-pc-13,5,No unit able to provide mass transport could reach this ward within 45 minutes without pulling a unit off a higher-severity ward.
530.0,2025-09-28T19:50:00Z,REPLAY,current_status,I064:mass_transport:0,I064,mass_transport,w-pc-11,5,No unit able to provide mass transport could reach this ward within 45 minutes without pulling a unit off a higher-severity ward.
530.0,2025-09-28T19:50:00Z,REPLAY,current_status,I064:mass_transport:1,I064,mass_transport,w-pc-11,5,No unit able to provide mass transport could reach this ward within 45 minutes without pulling a unit off a higher-severity ward.
530.0,2025-09-28T19:50:00Z,REPLAY,current_status,I064:mass_transport:2,I064,mass_transport,w-pc-11,5,No unit able to provide mass transport could reach this ward within 45 minutes without pulling a unit off a higher-severity ward.
530.0,2025-09-28T19:50:00Z,REPLAY,current_status,I065:mass_transport:0,I065,mass_transport,w-pc-11,4,No unit able to provide mass transport could reach this ward within 45 minutes without pulling a unit off a higher-severity ward.
530.0,2025-09-28T19:50:00Z,REPLAY,current_status,I065:mass_transport:1,I065,mass_transport,w-pc-11,4,No unit able to provide mass transport could reach this ward within 45 minutes without pulling a unit off a higher-severity ward.
530.0,2025-09-28T19:50:00Z,REPLAY,current_status,I068:mass_transport:0,I068,mass_transport,w-pc-10,4,No unit able to provide mass transport could reach this ward within 45 minutes without pulling a unit off a higher-severity ward.
530.0,2025-09-28T19:50:00Z,REPLAY,current_status,I068:mass_transport:1,I068,mass_transport,w-pc-10,4,No unit able to provide mass transport could reach this ward within 45 minutes without pulling a unit off a higher-severity ward.
530.0,2025-09-28T19:50:00Z,REPLAY,current_status,I071:mass_transport:0,I071,mass_transport,w-pc-07,4,No unit able to provide mass transport could reach this ward within 45 minutes without pulling a unit off a higher-severity ward.
530.0,2025-09-28T19:50:00Z,REPLAY,current_status,I071:mass_transport:1,I071,mass_transport,w-pc-07,4,No unit able to provide mass transport could reach this ward within 45 minutes without pulling a unit off a higher-severity ward.
530.0,2025-09-28T19:50:00Z,REPLAY,current_status,I072:mass_transport:0,I072,mass_transport,w-pc-14,4,No unit able to provide mass transport could reach this ward within 45 minutes without pulling a unit off a higher-severity ward.
530.0,2025-09-28T19:50:00Z,REPLAY,current_status,I072:mass_transport:1,I072,mass_transport,w-pc-14,4,No unit able to provide mass transport could reach this ward within 45 minutes without pulling a unit off a higher-severity ward.
530.0,2025-09-28T19:50:00Z,REPLAY,current_status,I074:mass_transport:0,I074,mass_transport,w-pc-02,4,No unit able to provide mass transport could reach this ward within 45 minutes without pulling a unit off a higher-severity ward.
530.0,2025-09-28T19:50:00Z,REPLAY,current_status,I074:mass_transport:1,I074,mass_transport,w-pc-02,4,No unit able to provide mass transport could reach this ward within 45 minutes without pulling a unit off a higher-severity ward.
530.0,2025-09-28T19:50:00Z,REPLAY,current_status,I077:mass_transport:0,I077,mass_transport,w-pc-13,5,No unit able to provide mass transport could reach this ward within 45 minutes without pulling a unit off a higher-severity ward.
530.0,2025-09-28T19:50:00Z,REPLAY,current_status,I077:mass_transport:1,I077,mass_transport,w-pc-13,5,No unit able to provide mass transport could reach this ward within 45 minutes without pulling a unit off a higher-severity ward.
530.0,2025-09-28T19:50:00Z,REPLAY,current_status,I077:mass_transport:2,I077,mass_transport,w-pc-13,5,No unit able to provide mass transport could reach this ward within 45 minutes without pulling a unit off a higher-severity ward.
530.0,2025-09-28T19:50:00Z,REPLAY,current_status,I078:mass_transport:0,I078,mass_transport,w-pc-04,4,No unit able to provide mass transport could reach this ward within 45 minutes without pulling a unit off a higher-severity ward.
530.0,2025-09-28T19:50:00Z,REPLAY,current_status,I078:mass_transport:1,I078,mass_transport,w-pc-04,4,No unit able to provide mass transport could reach this ward within 45 minutes without pulling a unit off a higher-severity ward.
530.0,2025-09-28T19:50:00Z,REPLAY,current_status,I078:dewatering:0,I078,dewatering,w-pc-04,4,No unit able to provide dewatering could reach this ward within 45 minutes without pulling a unit off a higher-severity ward.
530.0,2025-09-28T19:50:00Z,REPLAY,current_status,I079:mass_transport:0,I079,mass_transport,w-pc-07,4,No unit able to provide mass transport could reach this ward within 45 minutes without pulling a unit off a higher-severity ward.
530.0,2025-09-28T19:50:00Z,REPLAY,current_status,I079:mass_transport:1,I079,mass_transport,w-pc-07,4,No unit able to provide mass transport could reach this ward within 45 minutes without pulling a unit off a higher-severity ward.
530.0,2025-09-28T19:50:00Z,REPLAY,current_status,I082:debris_clearance:0,I082,debris_clearance,w-pc-12,3,No unit able to provide debris clearance could reach this ward within 45 minutes without pulling a unit off a higher-severity ward.
530.0,2025-09-28T19:50:00Z,REPLAY,current_status,I085:mass_transport:0,I085,mass_transport,w-pc-09,4,No unit able to provide mass transport could reach this ward within 45 minutes without pulling a unit off a higher-severity ward.
530.0,2025-09-28T19:50:00Z,REPLAY,current_status,I085:mass_transport:1,I085,mass_transport,w-pc-09,4,No unit able to provide mass transport could reach this ward within 45 minutes without pulling a unit off a higher-severity ward.
530.0,2025-09-28T19:50:00Z,REPLAY,current_status,I085:dewatering:0,I085,dewatering,w-pc-09,4,No unit able to provide dewatering could reach this ward within 45 minutes without pulling a unit off a higher-severity ward.
530.0,2025-09-28T19:50:00Z,REPLAY,current_status,I088:mass_transport:0,I088,mass_transport,w-pc-13,4,No unit able to provide mass transport could reach this ward within 45 minutes without pulling a unit off a higher-severity ward.
530.0,2025-09-28T19:50:00Z,REPLAY,current_status,I090:mass_transport:0,I090,mass_transport,w-pc-11,5,No unit able to provide mass transport could reach this ward within 45 minutes without pulling a unit off a higher-severity ward.
530.0,2025-09-28T19:50:00Z,REPLAY,current_status,I090:mass_transport:1,I090,mass_transport,w-pc-11,5,No unit able to provide mass transport could reach this ward within 45 minutes without pulling a unit off a higher-severity ward.
530.0,2025-09-28T19:50:00Z,REPLAY,current_status,I090:mass_transport:2,I090,mass_transport,w-pc-11,5,No unit able to provide mass transport could reach this ward within 45 minutes without pulling a unit off a higher-severity ward.
530.0,2025-09-28T19:50:00Z,REPLAY,current_status,I091:mass_transport:0,I091,mass_transport,w-pc-11,4,No unit able to provide mass transport could reach this ward within 45 minutes without pulling a unit off a higher-severity ward.
530.0,2025-09-28T19:50:00Z,REPLAY,current_status,I091:mass_transport:1,I091,mass_transport,w-pc-11,4,No unit able to provide mass transport could reach this ward within 45 minutes without pulling a unit off a higher-severity ward.
530.0,2025-09-28T19:50:00Z,REPLAY,current_status,I091:dewatering:0,I091,dewatering,w-pc-11,4,No unit able to provide dewatering could reach this ward within 45 minutes without pulling a unit off a higher-severity ward.
530.0,2025-09-28T19:50:00Z,REPLAY,current_status,I092:field_assessment:0,I092,field_assessment,w-pc-11,2,No unit able to provide field assessment could reach this ward within 45 minutes without pulling a unit off a higher-severity ward.
530.0,2025-09-28T19:50:00Z,REPLAY,current_status,I093:mass_transport:0,I093,mass_transport,w-pc-07,4,No unit able to provide mass transport could reach this ward within 45 minutes without pulling a unit off a higher-severity ward.
530.0,2025-09-28T19:50:00Z,REPLAY,current_status,I093:dewatering:0,I093,dewatering,w-pc-07,4,No unit able to provide dewatering could reach this ward within 45 minutes without pulling a unit off a higher-severity ward.
530.0,2025-09-28T19:50:00Z,REPLAY,current_status,I094:field_assessment:0,I094,field_assessment,w-pc-03,2,No unit able to provide field assessment could reach this ward within 45 minutes without pulling a unit off a higher-severity ward.
530.0,2025-09-28T19:50:00Z,REPLAY,current_status,I096:water_rescue:0,I096,water_rescue,w-pc-11,5,No unit able to provide water rescue could reach this ward within 45 minutes without pulling a unit off a higher-severity ward.
530.0,2025-09-28T19:50:00Z,REPLAY,current_status,I096:mass_transport:0,I096,mass_transport,w-pc-11,5,No unit able to provide mass transport could reach this ward within 45 minutes without pulling a unit off a higher-severity ward.
530.0,2025-09-28T19:50:00Z,REPLAY,current_status,I096:mass_transport:1,I096,mass_transport,w-pc-11,5,No unit able to provide mass transport could reach this ward within 45 minutes without pulling a unit off a higher-severity ward.
530.0,2025-09-28T19:50:00Z,REPLAY,current_status,I096:mass_transport:2,I096,mass_transport,w-pc-11,5,No unit able to provide mass transport could reach this ward within 45 minutes without pulling a unit off a higher-severity ward.
530.0,2025-09-28T19:50:00Z,REPLAY,current_status,I097:field_assessment:0,I097,field_assessment,w-pc-14,2,No unit able to provide field assessment could reach this ward within 45 minutes without pulling a unit off a higher-severity ward.
530.0,2025-09-28T19:50:00Z,REPLAY,current_status,I099:mass_transport:0,I099,mass_transport,w-pc-06,4,No unit able to provide mass transport could reach this ward within 45 minutes without pulling a unit off a higher-severity ward.
530.0,2025-09-28T19:50:00Z,REPLAY,current_status,I099:mass_transport:1,I099,mass_transport,w-pc-06,4,No unit able to provide mass transport could reach this ward within 45 minutes without pulling a unit off a higher-severity ward.
530.0,2025-09-28T19:50:00Z,REPLAY,current_status,I101:field_assessment:0,I101,field_assessment,w-pc-06,2,No unit able to provide field assessment could reach this ward within 45 minutes without pulling a unit off a higher-severity ward.
530.0,2025-09-28T19:50:00Z,REPLAY,current_status,I102:medical_transport:0,I102,medical_transport,w-pc-09,4,No unit able to provide medical transport could reach this ward within 45 minutes without pulling a unit off a higher-severity ward.
530.0,2025-09-28T19:50:00Z,REPLAY,current_status,I103:water_rescue:0,I103,water_rescue,w-pc-11,5,No unit able to provide water rescue could reach this ward within 45 minutes without pulling a unit off a higher-severity ward.
530.0,2025-09-28T19:50:00Z,REPLAY,current_status,I103:mass_transport:0,I103,mass_transport,w-pc-11,5,No unit able to provide mass transport could reach this ward within 45 minutes without pulling a unit off a higher-severity ward.
530.0,2025-09-28T19:50:00Z,REPLAY,current_status,I103:mass_transport:1,I103,mass_transport,w-pc-11,5,No unit able to provide mass transport could reach this ward within 45 minutes without pulling a unit off a higher-severity ward.
530.0,2025-09-28T19:50:00Z,REPLAY,current_status,I103:mass_transport:2,I103,mass_transport,w-pc-11,5,No unit able to provide mass transport could reach this ward within 45 minutes without pulling a unit off a higher-severity ward.
530.0,2025-09-28T19:50:00Z,REPLAY,current_status,I104:mass_transport:0,I104,mass_transport,w-pc-11,4,No unit able to provide mass transport could reach this ward within 45 minutes without pulling a unit off a higher-severity ward.
530.0,2025-09-28T19:50:00Z,REPLAY,current_status,I104:mass_transport:1,I104,mass_transport,w-pc-11,4,No unit able to provide mass transport could reach this ward within 45 minutes without pulling a unit off a higher-severity ward.
530.0,2025-09-28T19:50:00Z,REPLAY,current_status,I104:dewatering:0,I104,dewatering,w-pc-11,4,No unit able to provide dewatering could reach this ward within 45 minutes without pulling a unit off a higher-severity ward.
530.0,2025-09-28T19:50:00Z,REPLAY,current_status,I105:field_assessment:0,I105,field_assessment,w-pc-02,2,No unit able to provide field assessment could reach this ward within 45 minutes without pulling a unit off a higher-severity ward.
530.0,2025-09-28T19:50:00Z,REPLAY,current_status,I106:mass_transport:0,I106,mass_transport,w-pc-07,5,No unit able to provide mass transport could reach this ward within 45 minutes without pulling a unit off a higher-severity ward.
530.0,2025-09-28T19:50:00Z,REPLAY,current_status,I106:mass_transport:1,I106,mass_transport,w-pc-07,5,No unit able to provide mass transport could reach this ward within 45 minutes without pulling a unit off a higher-severity ward.
530.0,2025-09-28T19:50:00Z,REPLAY,current_status,I106:mass_transport:2,I106,mass_transport,w-pc-07,5,No unit able to provide mass transport could reach this ward within 45 minutes without pulling a unit off a higher-severity ward.
530.0,2025-09-28T19:50:00Z,REPLAY,current_status,I107:field_assessment:0,I107,field_assessment,w-pc-11,2,No unit able to provide field assessment could reach this ward within 45 minutes without pulling a unit off a higher-severity ward.
530.0,2025-09-28T19:50:00Z,REPLAY,current_status,I108:field_assessment:0,I108,field_assessment,w-pc-02,2,No unit able to provide field assessment could reach this ward within 45 minutes without pulling a unit off a higher-severity ward.
530.0,2025-09-28T19:50:00Z,REPLAY,current_status,I109:field_assessment:0,I109,field_assessment,w-pc-13,2,No unit able to provide field assessment could reach this ward within 45 minutes without pulling a unit off a higher-severity ward.
530.0,2025-09-28T19:50:00Z,REPLAY,current_status,I110:field_assessment:0,I110,field_assessment,w-pc-02,2,No unit able to provide field assessment could reach this ward within 45 minutes without pulling a unit off a higher-severity ward.
540.0,2025-09-28T20:00:00Z,REPLAY,current_status,I001:mass_transport:0,I001,mass_transport,w-pc-11,5,No unit able to provide mass transport could reach this ward within 45 minutes without pulling a unit off a higher-severity ward.
540.0,2025-09-28T20:00:00Z,REPLAY,current_status,I001:mass_transport:1,I001,mass_transport,w-pc-11,5,No unit able to provide mass transport could reach this ward within 45 minutes without pulling a unit off a higher-severity ward.
540.0,2025-09-28T20:00:00Z,REPLAY,current_status,I001:mass_transport:2,I001,mass_transport,w-pc-11,5,No unit able to provide mass transport could reach this ward within 45 minutes without pulling a unit off a higher-severity ward.
540.0,2025-09-28T20:00:00Z,REPLAY,current_status,I006:mass_transport:0,I006,mass_transport,w-pc-14,5,No unit able to provide mass transport could reach this ward within 45 minutes without pulling a unit off a higher-severity ward.
540.0,2025-09-28T20:00:00Z,REPLAY,current_status,I006:mass_transport:1,I006,mass_transport,w-pc-14,5,No unit able to provide mass transport could reach this ward within 45 minutes without pulling a unit off a higher-severity ward.
540.0,2025-09-28T20:00:00Z,REPLAY,current_status,I006:mass_transport:2,I006,mass_transport,w-pc-14,5,No unit able to provide mass transport could reach this ward within 45 minutes without pulling a unit off a higher-severity ward.
540.0,2025-09-28T20:00:00Z,REPLAY,current_status,I009:mass_transport:0,I009,mass_transport,w-pc-07,4,No unit able to provide mass transport could reach this ward within 45 minutes without pulling a unit off a higher-severity ward.
540.0,2025-09-28T20:00:00Z,REPLAY,current_status,I009:mass_transport:1,I009,mass_transport,w-pc-07,4,No unit able to provide mass transport could reach this ward within 45 minutes without pulling a unit off a higher-severity ward.
540.0,2025-09-28T20:00:00Z,REPLAY,current_status,I011:mass_transport:0,I011,mass_transport,w-pc-14,4,No unit able to provide mass transport could reach this ward within 45 minutes without pulling a unit off a higher-severity ward.
540.0,2025-09-28T20:00:00Z,REPLAY,current_status,I011:mass_transport:1,I011,mass_transport,w-pc-14,4,No unit able to provide mass transport could reach this ward within 45 minutes without pulling a unit off a higher-severity ward.
540.0,2025-09-28T20:00:00Z,REPLAY,current_status,I015:mass_transport:0,I015,mass_transport,w-pc-11,4,No unit able to provide mass transport could reach this ward within 45 minutes without pulling a unit off a higher-severity ward.
540.0,2025-09-28T20:00:00Z,REPLAY,current_status,I015:mass_transport:1,I015,mass_transport,w-pc-11,4,No unit able to provide mass transport could reach this ward within 45 minutes without pulling a unit off a higher-severity ward.
540.0,2025-09-28T20:00:00Z,REPLAY,current_status,I017:mass_transport:0,I017,mass_transport,w-pc-07,5,No unit able to provide mass transport could reach this ward within 45 minutes without pulling a unit off a higher-severity ward.
540.0,2025-09-28T20:00:00Z,REPLAY,current_status,I024:mass_transport:0,I024,mass_transport,w-pc-06,4,No unit able to provide mass transport could reach this ward within 45 minutes without pulling a unit off a higher-severity ward.
540.0,2025-09-28T20:00:00Z,REPLAY,current_status,I024:mass_transport:1,I024,mass_transport,w-pc-06,4,No unit able to provide mass transport could reach this ward within 45 minutes without pulling a unit off a higher-severity ward.
540.0,2025-09-28T20:00:00Z,REPLAY,current_status,I027:mass_transport:0,I027,mass_transport,w-pc-10,4,No unit able to provide mass transport could reach this ward within 45 minutes without pulling a unit off a higher-severity ward.
540.0,2025-09-28T20:00:00Z,REPLAY,current_status,I027:mass_transport:1,I027,mass_transport,w-pc-10,4,No unit able to provide mass transport could reach this ward within 45 minutes without pulling a unit off a higher-severity ward.
540.0,2025-09-28T20:00:00Z,REPLAY,current_status,I029:mass_transport:0,I029,mass_transport,w-pc-13,4,No unit able to provide mass transport could reach this ward within 45 minutes without pulling a unit off a higher-severity ward.
540.0,2025-09-28T20:00:00Z,REPLAY,current_status,I030:mass_transport:0,I030,mass_transport,w-pc-06,4,No unit able to provide mass transport could reach this ward within 45 minutes without pulling a unit off a higher-severity ward.
540.0,2025-09-28T20:00:00Z,REPLAY,current_status,I030:mass_transport:1,I030,mass_transport,w-pc-06,4,No unit able to provide mass transport could reach this ward within 45 minutes without pulling a unit off a higher-severity ward.
540.0,2025-09-28T20:00:00Z,REPLAY,current_status,I035:mass_transport:0,I035,mass_transport,w-pc-11,5,No unit able to provide mass transport could reach this ward within 45 minutes without pulling a unit off a higher-severity ward.
540.0,2025-09-28T20:00:00Z,REPLAY,current_status,I035:mass_transport:1,I035,mass_transport,w-pc-11,5,No unit able to provide mass transport could reach this ward within 45 minutes without pulling a unit off a higher-severity ward.
540.0,2025-09-28T20:00:00Z,REPLAY,current_status,I035:mass_transport:2,I035,mass_transport,w-pc-11,5,No unit able to provide mass transport could reach this ward within 45 minutes without pulling a unit off a higher-severity ward.
540.0,2025-09-28T20:00:00Z,REPLAY,current_status,I038:mass_transport:0,I038,mass_transport,w-pc-11,4,No unit able to provide mass transport could reach this ward within 45 minutes without pulling a unit off a higher-severity ward.
540.0,2025-09-28T20:00:00Z,REPLAY,current_status,I038:mass_transport:1,I038,mass_transport,w-pc-11,4,No unit able to provide mass transport could reach this ward within 45 minutes without pulling a unit off a higher-severity ward.
540.0,2025-09-28T20:00:00Z,REPLAY,current_status,I039:mass_transport:0,I039,mass_transport,w-pc-13,4,No unit able to provide mass transport could reach this ward within 45 minutes without pulling a unit off a higher-severity ward.
540.0,2025-09-28T20:00:00Z,REPLAY,current_status,I042:mass_transport:0,I042,mass_transport,w-pc-02,4,No unit able to provide mass transport could reach this ward within 45 minutes without pulling a unit off a higher-severity ward.
540.0,2025-09-28T20:00:00Z,REPLAY,current_status,I042:mass_transport:1,I042,mass_transport,w-pc-02,4,No unit able to provide mass transport could reach this ward within 45 minutes without pulling a unit off a higher-severity ward.
540.0,2025-09-28T20:00:00Z,REPLAY,current_status,I046:mass_transport:0,I046,mass_transport,w-pc-11,5,No unit able to provide mass transport could reach this ward within 45 minutes without pulling a unit off a higher-severity ward.
540.0,2025-09-28T20:00:00Z,REPLAY,current_status,I046:mass_transport:1,I046,mass_transport,w-pc-11,5,No unit able to provide mass transport could reach this ward within 45 minutes without pulling a unit off a higher-severity ward.
540.0,2025-09-28T20:00:00Z,REPLAY,current_status,I046:mass_transport:2,I046,mass_transport,w-pc-11,5,No unit able to provide mass transport could reach this ward within 45 minutes without pulling a unit off a higher-severity ward.
540.0,2025-09-28T20:00:00Z,REPLAY,current_status,I048:mass_transport:0,I048,mass_transport,w-pc-07,5,No unit able to provide mass transport could reach this ward within 45 minutes without pulling a unit off a higher-severity ward.
540.0,2025-09-28T20:00:00Z,REPLAY,current_status,I048:mass_transport:1,I048,mass_transport,w-pc-07,5,No unit able to provide mass transport could reach this ward within 45 minutes without pulling a unit off a higher-severity ward.
540.0,2025-09-28T20:00:00Z,REPLAY,current_status,I048:mass_transport:2,I048,mass_transport,w-pc-07,5,No unit able to provide mass transport could reach this ward within 45 minutes without pulling a unit off a higher-severity ward.
540.0,2025-09-28T20:00:00Z,REPLAY,current_status,I050:search_rescue:0,I050,search_rescue,w-pc-09,5,No unit able to provide search rescue could reach this ward within 45 minutes without pulling a unit off a higher-severity ward.
540.0,2025-09-28T20:00:00Z,REPLAY,current_status,I054:mass_transport:0,I054,mass_transport,w-pc-10,5,No unit able to provide mass transport could reach this ward within 45 minutes without pulling a unit off a higher-severity ward.
540.0,2025-09-28T20:00:00Z,REPLAY,current_status,I054:mass_transport:1,I054,mass_transport,w-pc-10,5,No unit able to provide mass transport could reach this ward within 45 minutes without pulling a unit off a higher-severity ward.
540.0,2025-09-28T20:00:00Z,REPLAY,current_status,I054:mass_transport:2,I054,mass_transport,w-pc-10,5,No unit able to provide mass transport could reach this ward within 45 minutes without pulling a unit off a higher-severity ward.
540.0,2025-09-28T20:00:00Z,REPLAY,current_status,I057:mass_transport:0,I057,mass_transport,w-pc-02,4,No unit able to provide mass transport could reach this ward within 45 minutes without pulling a unit off a higher-severity ward.
540.0,2025-09-28T20:00:00Z,REPLAY,current_status,I057:mass_transport:1,I057,mass_transport,w-pc-02,4,No unit able to provide mass transport could reach this ward within 45 minutes without pulling a unit off a higher-severity ward.
540.0,2025-09-28T20:00:00Z,REPLAY,current_status,I060:mass_transport:0,I060,mass_transport,w-pc-06,5,No unit able to provide mass transport could reach this ward within 45 minutes without pulling a unit off a higher-severity ward.
540.0,2025-09-28T20:00:00Z,REPLAY,current_status,I060:mass_transport:1,I060,mass_transport,w-pc-06,5,No unit able to provide mass transport could reach this ward within 45 minutes without pulling a unit off a higher-severity ward.
540.0,2025-09-28T20:00:00Z,REPLAY,current_status,I060:mass_transport:2,I060,mass_transport,w-pc-06,5,No unit able to provide mass transport could reach this ward within 45 minutes without pulling a unit off a higher-severity ward.
540.0,2025-09-28T20:00:00Z,REPLAY,current_status,I061:mass_transport:0,I061,mass_transport,w-pc-11,5,No unit able to provide mass transport could reach this ward within 45 minutes without pulling a unit off a higher-severity ward.
540.0,2025-09-28T20:00:00Z,REPLAY,current_status,I061:mass_transport:1,I061,mass_transport,w-pc-11,5,No unit able to provide mass transport could reach this ward within 45 minutes without pulling a unit off a higher-severity ward.
540.0,2025-09-28T20:00:00Z,REPLAY,current_status,I061:mass_transport:2,I061,mass_transport,w-pc-11,5,No unit able to provide mass transport could reach this ward within 45 minutes without pulling a unit off a higher-severity ward.
540.0,2025-09-28T20:00:00Z,REPLAY,current_status,I062:mass_transport:0,I062,mass_transport,w-pc-10,4,No unit able to provide mass transport could reach this ward within 45 minutes without pulling a unit off a higher-severity ward.
540.0,2025-09-28T20:00:00Z,REPLAY,current_status,I062:mass_transport:1,I062,mass_transport,w-pc-10,4,No unit able to provide mass transport could reach this ward within 45 minutes without pulling a unit off a higher-severity ward.
540.0,2025-09-28T20:00:00Z,REPLAY,current_status,I063:mass_transport:0,I063,mass_transport,w-pc-13,5,No unit able to provide mass transport could reach this ward within 45 minutes without pulling a unit off a higher-severity ward.
540.0,2025-09-28T20:00:00Z,REPLAY,current_status,I063:mass_transport:1,I063,mass_transport,w-pc-13,5,No unit able to provide mass transport could reach this ward within 45 minutes without pulling a unit off a higher-severity ward.
540.0,2025-09-28T20:00:00Z,REPLAY,current_status,I063:mass_transport:2,I063,mass_transport,w-pc-13,5,No unit able to provide mass transport could reach this ward within 45 minutes without pulling a unit off a higher-severity ward.
540.0,2025-09-28T20:00:00Z,REPLAY,current_status,I064:mass_transport:0,I064,mass_transport,w-pc-11,5,No unit able to provide mass transport could reach this ward within 45 minutes without pulling a unit off a higher-severity ward.
540.0,2025-09-28T20:00:00Z,REPLAY,current_status,I064:mass_transport:1,I064,mass_transport,w-pc-11,5,No unit able to provide mass transport could reach this ward within 45 minutes without pulling a unit off a higher-severity ward.
540.0,2025-09-28T20:00:00Z,REPLAY,current_status,I064:mass_transport:2,I064,mass_transport,w-pc-11,5,No unit able to provide mass transport could reach this ward within 45 minutes without pulling a unit off a higher-severity ward.
540.0,2025-09-28T20:00:00Z,REPLAY,current_status,I065:mass_transport:0,I065,mass_transport,w-pc-11,4,No unit able to provide mass transport could reach this ward within 45 minutes without pulling a unit off a higher-severity ward.
540.0,2025-09-28T20:00:00Z,REPLAY,current_status,I065:mass_transport:1,I065,mass_transport,w-pc-11,4,No unit able to provide mass transport could reach this ward within 45 minutes without pulling a unit off a higher-severity ward.
540.0,2025-09-28T20:00:00Z,REPLAY,current_status,I068:mass_transport:0,I068,mass_transport,w-pc-10,4,No unit able to provide mass transport could reach this ward within 45 minutes without pulling a unit off a higher-severity ward.
540.0,2025-09-28T20:00:00Z,REPLAY,current_status,I068:mass_transport:1,I068,mass_transport,w-pc-10,4,No unit able to provide mass transport could reach this ward within 45 minutes without pulling a unit off a higher-severity ward.
540.0,2025-09-28T20:00:00Z,REPLAY,current_status,I071:mass_transport:0,I071,mass_transport,w-pc-07,4,No unit able to provide mass transport could reach this ward within 45 minutes without pulling a unit off a higher-severity ward.
540.0,2025-09-28T20:00:00Z,REPLAY,current_status,I071:mass_transport:1,I071,mass_transport,w-pc-07,4,No unit able to provide mass transport could reach this ward within 45 minutes without pulling a unit off a higher-severity ward.
540.0,2025-09-28T20:00:00Z,REPLAY,current_status,I072:mass_transport:0,I072,mass_transport,w-pc-14,4,No unit able to provide mass transport could reach this ward within 45 minutes without pulling a unit off a higher-severity ward.
540.0,2025-09-28T20:00:00Z,REPLAY,current_status,I072:mass_transport:1,I072,mass_transport,w-pc-14,4,No unit able to provide mass transport could reach this ward within 45 minutes without pulling a unit off a higher-severity ward.
540.0,2025-09-28T20:00:00Z,REPLAY,current_status,I074:mass_transport:0,I074,mass_transport,w-pc-02,4,No unit able to provide mass transport could reach this ward within 45 minutes without pulling a unit off a higher-severity ward.
540.0,2025-09-28T20:00:00Z,REPLAY,current_status,I074:mass_transport:1,I074,mass_transport,w-pc-02,4,No unit able to provide mass transport could reach this ward within 45 minutes without pulling a unit off a higher-severity ward.
540.0,2025-09-28T20:00:00Z,REPLAY,current_status,I077:mass_transport:0,I077,mass_transport,w-pc-13,5,No unit able to provide mass transport could reach this ward within 45 minutes without pulling a unit off a higher-severity ward.
540.0,2025-09-28T20:00:00Z,REPLAY,current_status,I077:mass_transport:1,I077,mass_transport,w-pc-13,5,No unit able to provide mass transport could reach this ward within 45 minutes without pulling a unit off a higher-severity ward.
540.0,2025-09-28T20:00:00Z,REPLAY,current_status,I077:mass_transport:2,I077,mass_transport,w-pc-13,5,No unit able to provide mass transport could reach this ward within 45 minutes without pulling a unit off a higher-severity ward.
540.0,2025-09-28T20:00:00Z,REPLAY,current_status,I078:mass_transport:0,I078,mass_transport,w-pc-04,4,No unit able to provide mass transport could reach this ward within 45 minutes without pulling a unit off a higher-severity ward.
540.0,2025-09-28T20:00:00Z,REPLAY,current_status,I078:mass_transport:1,I078,mass_transport,w-pc-04,4,No unit able to provide mass transport could reach this ward within 45 minutes without pulling a unit off a higher-severity ward.
540.0,2025-09-28T20:00:00Z,REPLAY,current_status,I078:dewatering:0,I078,dewatering,w-pc-04,4,No unit able to provide dewatering could reach this ward within 45 minutes without pulling a unit off a higher-severity ward.
540.0,2025-09-28T20:00:00Z,REPLAY,current_status,I079:mass_transport:0,I079,mass_transport,w-pc-07,4,No unit able to provide mass transport could reach this ward within 45 minutes without pulling a unit off a higher-severity ward.
540.0,2025-09-28T20:00:00Z,REPLAY,current_status,I079:mass_transport:1,I079,mass_transport,w-pc-07,4,No unit able to provide mass transport could reach this ward within 45 minutes without pulling a unit off a higher-severity ward.
540.0,2025-09-28T20:00:00Z,REPLAY,current_status,I082:debris_clearance:0,I082,debris_clearance,w-pc-12,3,No unit able to provide debris clearance could reach this ward within 45 minutes without pulling a unit off a higher-severity ward.
540.0,2025-09-28T20:00:00Z,REPLAY,current_status,I085:mass_transport:0,I085,mass_transport,w-pc-09,4,No unit able to provide mass transport could reach this ward within 45 minutes without pulling a unit off a higher-severity ward.
540.0,2025-09-28T20:00:00Z,REPLAY,current_status,I085:mass_transport:1,I085,mass_transport,w-pc-09,4,No unit able to provide mass transport could reach this ward within 45 minutes without pulling a unit off a higher-severity ward.
540.0,2025-09-28T20:00:00Z,REPLAY,current_status,I085:dewatering:0,I085,dewatering,w-pc-09,4,No unit able to provide dewatering could reach this ward within 45 minutes without pulling a unit off a higher-severity ward.
540.0,2025-09-28T20:00:00Z,REPLAY,current_status,I088:mass_transport:0,I088,mass_transport,w-pc-13,4,No unit able to provide mass transport could reach this ward within 45 minutes without pulling a unit off a higher-severity ward.
540.0,2025-09-28T20:00:00Z,REPLAY,current_status,I090:mass_transport:0,I090,mass_transport,w-pc-11,5,No unit able to provide mass transport could reach this ward within 45 minutes without pulling a unit off a higher-severity ward.
540.0,2025-09-28T20:00:00Z,REPLAY,current_status,I090:mass_transport:1,I090,mass_transport,w-pc-11,5,No unit able to provide mass transport could reach this ward within 45 minutes without pulling a unit off a higher-severity ward.
540.0,2025-09-28T20:00:00Z,REPLAY,current_status,I090:mass_transport:2,I090,mass_transport,w-pc-11,5,No unit able to provide mass transport could reach this ward within 45 minutes without pulling a unit off a higher-severity ward.
540.0,2025-09-28T20:00:00Z,REPLAY,current_status,I091:mass_transport:0,I091,mass_transport,w-pc-11,4,No unit able to provide mass transport could reach this ward within 45 minutes without pulling a unit off a higher-severity ward.
540.0,2025-09-28T20:00:00Z,REPLAY,current_status,I091:mass_transport:1,I091,mass_transport,w-pc-11,4,No unit able to provide mass transport could reach this ward within 45 minutes without pulling a unit off a higher-severity ward.
540.0,2025-09-28T20:00:00Z,REPLAY,current_status,I091:dewatering:0,I091,dewatering,w-pc-11,4,No unit able to provide dewatering could reach this ward within 45 minutes without pulling a unit off a higher-severity ward.
540.0,2025-09-28T20:00:00Z,REPLAY,current_status,I093:mass_transport:0,I093,mass_transport,w-pc-07,4,No unit able to provide mass transport could reach this ward within 45 minutes without pulling a unit off a higher-severity ward.
540.0,2025-09-28T20:00:00Z,REPLAY,current_status,I093:dewatering:0,I093,dewatering,w-pc-07,4,No unit able to provide dewatering could reach this ward within 45 minutes without pulling a unit off a higher-severity ward.
540.0,2025-09-28T20:00:00Z,REPLAY,current_status,I094:field_assessment:0,I094,field_assessment,w-pc-03,2,No unit able to provide field assessment could reach this ward within 45 minutes without pulling a unit off a higher-severity ward.
540.0,2025-09-28T20:00:00Z,REPLAY,current_status,I095:field_assessment:0,I095,field_assessment,w-pc-10,2,No unit able to provide field assessment could reach this ward within 45 minutes without pulling a unit off a higher-severity ward.
540.0,2025-09-28T20:00:00Z,REPLAY,current_status,I096:water_rescue:0,I096,water_rescue,w-pc-11,5,No unit able to provide water rescue could reach this ward within 45 minutes without pulling a unit off a higher-severity ward.
540.0,2025-09-28T20:00:00Z,REPLAY,current_status,I096:mass_transport:0,I096,mass_transport,w-pc-11,5,No unit able to provide mass transport could reach this ward within 45 minutes without pulling a unit off a higher-severity ward.
540.0,2025-09-28T20:00:00Z,REPLAY,current_status,I096:mass_transport:1,I096,mass_transport,w-pc-11,5,No unit able to provide mass transport could reach this ward within 45 minutes without pulling a unit off a higher-severity ward.
540.0,2025-09-28T20:00:00Z,REPLAY,current_status,I096:mass_transport:2,I096,mass_transport,w-pc-11,5,No unit able to provide mass transport could reach this ward within 45 minutes without pulling a unit off a higher-severity ward.
540.0,2025-09-28T20:00:00Z,REPLAY,current_status,I097:field_assessment:0,I097,field_assessment,w-pc-14,2,No unit able to provide field assessment could reach this ward within 45 minutes without pulling a unit off a higher-severity ward.
540.0,2025-09-28T20:00:00Z,REPLAY,current_status,I099:mass_transport:0,I099,mass_transport,w-pc-06,4,No unit able to provide mass transport could reach this ward within 45 minutes without pulling a unit off a higher-severity ward.
540.0,2025-09-28T20:00:00Z,REPLAY,current_status,I099:mass_transport:1,I099,mass_transport,w-pc-06,4,No unit able to provide mass transport could reach this ward within 45 minutes without pulling a unit off a higher-severity ward.
540.0,2025-09-28T20:00:00Z,REPLAY,current_status,I101:field_assessment:0,I101,field_assessment,w-pc-06,2,No unit able to provide field assessment could reach this ward within 45 minutes without pulling a unit off a higher-severity ward.
540.0,2025-09-28T20:00:00Z,REPLAY,current_status,I102:medical_transport:0,I102,medical_transport,w-pc-09,4,No unit able to provide medical transport could reach this ward within 45 minutes without pulling a unit off a higher-severity ward.
540.0,2025-09-28T20:00:00Z,REPLAY,current_status,I103:water_rescue:0,I103,water_rescue,w-pc-11,5,No unit able to provide water rescue could reach this ward within 45 minutes without pulling a unit off a higher-severity ward.
540.0,2025-09-28T20:00:00Z,REPLAY,current_status,I103:mass_transport:0,I103,mass_transport,w-pc-11,5,No unit able to provide mass transport could reach this ward within 45 minutes without pulling a unit off a higher-severity ward.
540.0,2025-09-28T20:00:00Z,REPLAY,current_status,I103:mass_transport:1,I103,mass_transport,w-pc-11,5,No unit able to provide mass transport could reach this ward within 45 minutes without pulling a unit off a higher-severity ward.
540.0,2025-09-28T20:00:00Z,REPLAY,current_status,I103:mass_transport:2,I103,mass_transport,w-pc-11,5,No unit able to provide mass transport could reach this ward within 45 minutes without pulling a unit off a higher-severity ward.
540.0,2025-09-28T20:00:00Z,REPLAY,current_status,I104:mass_transport:0,I104,mass_transport,w-pc-11,4,No unit able to provide mass transport could reach this ward within 45 minutes without pulling a unit off a higher-severity ward.
540.0,2025-09-28T20:00:00Z,REPLAY,current_status,I104:mass_transport:1,I104,mass_transport,w-pc-11,4,No unit able to provide mass transport could reach this ward within 45 minutes without pulling a unit off a higher-severity ward.
540.0,2025-09-28T20:00:00Z,REPLAY,current_status,I104:dewatering:0,I104,dewatering,w-pc-11,4,No unit able to provide dewatering could reach this ward within 45 minutes without pulling a unit off a higher-severity ward.
540.0,2025-09-28T20:00:00Z,REPLAY,current_status,I105:field_assessment:0,I105,field_assessment,w-pc-02,2,No unit able to provide field assessment could reach this ward within 45 minutes without pulling a unit off a higher-severity ward.
540.0,2025-09-28T20:00:00Z,REPLAY,current_status,I106:mass_transport:0,I106,mass_transport,w-pc-07,5,No unit able to provide mass transport could reach this ward within 45 minutes without pulling a unit off a higher-severity ward.
540.0,2025-09-28T20:00:00Z,REPLAY,current_status,I106:mass_transport:1,I106,mass_transport,w-pc-07,5,No unit able to provide mass transport could reach this ward within 45 minutes without pulling a unit off a higher-severity ward.
540.0,2025-09-28T20:00:00Z,REPLAY,current_status,I106:mass_transport:2,I106,mass_transport,w-pc-07,5,No unit able to provide mass transport could reach this ward within 45 minutes without pulling a unit off a higher-severity ward.
540.0,2025-09-28T20:00:00Z,REPLAY,current_status,I107:field_assessment:0,I107,field_assessment,w-pc-11,2,No unit able to provide field assessment could reach this ward within 45 minutes without pulling a unit off a higher-severity ward.
540.0,2025-09-28T20:00:00Z,REPLAY,current_status,I108:field_assessment:0,I108,field_assessment,w-pc-02,2,No unit able to provide field assessment could reach this ward within 45 minutes without pulling a unit off a higher-severity ward.
540.0,2025-09-28T20:00:00Z,REPLAY,current_status,I109:field_assessment:0,I109,field_assessment,w-pc-13,2,No unit able to provide field assessment could reach this ward within 45 minutes without pulling a unit off a higher-severity ward.
550.0,2025-09-28T20:10:00Z,REPLAY,current_status,I001:mass_transport:0,I001,mass_transport,w-pc-11,5,No unit able to provide mass transport could reach this ward within 45 minutes without pulling a unit off a higher-severity ward.
550.0,2025-09-28T20:10:00Z,REPLAY,current_status,I001:mass_transport:1,I001,mass_transport,w-pc-11,5,No unit able to provide mass transport could reach this ward within 45 minutes without pulling a unit off a higher-severity ward.
550.0,2025-09-28T20:10:00Z,REPLAY,current_status,I001:mass_transport:2,I001,mass_transport,w-pc-11,5,No unit able to provide mass transport could reach this ward within 45 minutes without pulling a unit off a higher-severity ward.
550.0,2025-09-28T20:10:00Z,REPLAY,current_status,I006:mass_transport:0,I006,mass_transport,w-pc-14,5,No unit able to provide mass transport could reach this ward within 45 minutes without pulling a unit off a higher-severity ward.
550.0,2025-09-28T20:10:00Z,REPLAY,current_status,I006:mass_transport:1,I006,mass_transport,w-pc-14,5,No unit able to provide mass transport could reach this ward within 45 minutes without pulling a unit off a higher-severity ward.
550.0,2025-09-28T20:10:00Z,REPLAY,current_status,I006:mass_transport:2,I006,mass_transport,w-pc-14,5,No unit able to provide mass transport could reach this ward within 45 minutes without pulling a unit off a higher-severity ward.
550.0,2025-09-28T20:10:00Z,REPLAY,current_status,I009:mass_transport:0,I009,mass_transport,w-pc-07,4,No unit able to provide mass transport could reach this ward within 45 minutes without pulling a unit off a higher-severity ward.
550.0,2025-09-28T20:10:00Z,REPLAY,current_status,I009:mass_transport:1,I009,mass_transport,w-pc-07,4,No unit able to provide mass transport could reach this ward within 45 minutes without pulling a unit off a higher-severity ward.
550.0,2025-09-28T20:10:00Z,REPLAY,current_status,I011:mass_transport:0,I011,mass_transport,w-pc-14,4,No unit able to provide mass transport could reach this ward within 45 minutes without pulling a unit off a higher-severity ward.
550.0,2025-09-28T20:10:00Z,REPLAY,current_status,I011:mass_transport:1,I011,mass_transport,w-pc-14,4,No unit able to provide mass transport could reach this ward within 45 minutes without pulling a unit off a higher-severity ward.
550.0,2025-09-28T20:10:00Z,REPLAY,current_status,I015:mass_transport:0,I015,mass_transport,w-pc-11,4,No unit able to provide mass transport could reach this ward within 45 minutes without pulling a unit off a higher-severity ward.
550.0,2025-09-28T20:10:00Z,REPLAY,current_status,I015:mass_transport:1,I015,mass_transport,w-pc-11,4,No unit able to provide mass transport could reach this ward within 45 minutes without pulling a unit off a higher-severity ward.
550.0,2025-09-28T20:10:00Z,REPLAY,current_status,I017:mass_transport:0,I017,mass_transport,w-pc-07,5,No unit able to provide mass transport could reach this ward within 45 minutes without pulling a unit off a higher-severity ward.
550.0,2025-09-28T20:10:00Z,REPLAY,current_status,I024:mass_transport:0,I024,mass_transport,w-pc-06,4,No unit able to provide mass transport could reach this ward within 45 minutes without pulling a unit off a higher-severity ward.
550.0,2025-09-28T20:10:00Z,REPLAY,current_status,I024:mass_transport:1,I024,mass_transport,w-pc-06,4,No unit able to provide mass transport could reach this ward within 45 minutes without pulling a unit off a higher-severity ward.
550.0,2025-09-28T20:10:00Z,REPLAY,current_status,I027:mass_transport:0,I027,mass_transport,w-pc-10,4,No unit able to provide mass transport could reach this ward within 45 minutes without pulling a unit off a higher-severity ward.
550.0,2025-09-28T20:10:00Z,REPLAY,current_status,I027:mass_transport:1,I027,mass_transport,w-pc-10,4,No unit able to provide mass transport could reach this ward within 45 minutes without pulling a unit off a higher-severity ward.
550.0,2025-09-28T20:10:00Z,REPLAY,current_status,I029:mass_transport:0,I029,mass_transport,w-pc-13,4,No unit able to provide mass transport could reach this ward within 45 minutes without pulling a unit off a higher-severity ward.
550.0,2025-09-28T20:10:00Z,REPLAY,current_status,I030:mass_transport:0,I030,mass_transport,w-pc-06,4,No unit able to provide mass transport could reach this ward within 45 minutes without pulling a unit off a higher-severity ward.
550.0,2025-09-28T20:10:00Z,REPLAY,current_status,I030:mass_transport:1,I030,mass_transport,w-pc-06,4,No unit able to provide mass transport could reach this ward within 45 minutes without pulling a unit off a higher-severity ward.
550.0,2025-09-28T20:10:00Z,REPLAY,current_status,I035:mass_transport:0,I035,mass_transport,w-pc-11,5,No unit able to provide mass transport could reach this ward within 45 minutes without pulling a unit off a higher-severity ward.
550.0,2025-09-28T20:10:00Z,REPLAY,current_status,I035:mass_transport:1,I035,mass_transport,w-pc-11,5,No unit able to provide mass transport could reach this ward within 45 minutes without pulling a unit off a higher-severity ward.
550.0,2025-09-28T20:10:00Z,REPLAY,current_status,I035:mass_transport:2,I035,mass_transport,w-pc-11,5,No unit able to provide mass transport could reach this ward within 45 minutes without pulling a unit off a higher-severity ward.
550.0,2025-09-28T20:10:00Z,REPLAY,current_status,I038:mass_transport:0,I038,mass_transport,w-pc-11,4,No unit able to provide mass transport could reach this ward within 45 minutes without pulling a unit off a higher-severity ward.
550.0,2025-09-28T20:10:00Z,REPLAY,current_status,I038:mass_transport:1,I038,mass_transport,w-pc-11,4,No unit able to provide mass transport could reach this ward within 45 minutes without pulling a unit off a higher-severity ward.
550.0,2025-09-28T20:10:00Z,REPLAY,current_status,I039:mass_transport:0,I039,mass_transport,w-pc-13,4,No unit able to provide mass transport could reach this ward within 45 minutes without pulling a unit off a higher-severity ward.
550.0,2025-09-28T20:10:00Z,REPLAY,current_status,I042:mass_transport:0,I042,mass_transport,w-pc-02,4,No unit able to provide mass transport could reach this ward within 45 minutes without pulling a unit off a higher-severity ward.
550.0,2025-09-28T20:10:00Z,REPLAY,current_status,I042:mass_transport:1,I042,mass_transport,w-pc-02,4,No unit able to provide mass transport could reach this ward within 45 minutes without pulling a unit off a higher-severity ward.
550.0,2025-09-28T20:10:00Z,REPLAY,current_status,I046:mass_transport:0,I046,mass_transport,w-pc-11,5,No unit able to provide mass transport could reach this ward within 45 minutes without pulling a unit off a higher-severity ward.
550.0,2025-09-28T20:10:00Z,REPLAY,current_status,I046:mass_transport:1,I046,mass_transport,w-pc-11,5,No unit able to provide mass transport could reach this ward within 45 minutes without pulling a unit off a higher-severity ward.
550.0,2025-09-28T20:10:00Z,REPLAY,current_status,I046:mass_transport:2,I046,mass_transport,w-pc-11,5,No unit able to provide mass transport could reach this ward within 45 minutes without pulling a unit off a higher-severity ward.
550.0,2025-09-28T20:10:00Z,REPLAY,current_status,I048:mass_transport:0,I048,mass_transport,w-pc-07,5,No unit able to provide mass transport could reach this ward within 45 minutes without pulling a unit off a higher-severity ward.
550.0,2025-09-28T20:10:00Z,REPLAY,current_status,I048:mass_transport:1,I048,mass_transport,w-pc-07,5,No unit able to provide mass transport could reach this ward within 45 minutes without pulling a unit off a higher-severity ward.
550.0,2025-09-28T20:10:00Z,REPLAY,current_status,I048:mass_transport:2,I048,mass_transport,w-pc-07,5,No unit able to provide mass transport could reach this ward within 45 minutes without pulling a unit off a higher-severity ward.
550.0,2025-09-28T20:10:00Z,REPLAY,current_status,I054:mass_transport:0,I054,mass_transport,w-pc-10,5,No unit able to provide mass transport could reach this ward within 45 minutes without pulling a unit off a higher-severity ward.
550.0,2025-09-28T20:10:00Z,REPLAY,current_status,I054:mass_transport:1,I054,mass_transport,w-pc-10,5,No unit able to provide mass transport could reach this ward within 45 minutes without pulling a unit off a higher-severity ward.
550.0,2025-09-28T20:10:00Z,REPLAY,current_status,I054:mass_transport:2,I054,mass_transport,w-pc-10,5,No unit able to provide mass transport could reach this ward within 45 minutes without pulling a unit off a higher-severity ward.
550.0,2025-09-28T20:10:00Z,REPLAY,current_status,I057:mass_transport:0,I057,mass_transport,w-pc-02,4,No unit able to provide mass transport could reach this ward within 45 minutes without pulling a unit off a higher-severity ward.
550.0,2025-09-28T20:10:00Z,REPLAY,current_status,I057:mass_transport:1,I057,mass_transport,w-pc-02,4,No unit able to provide mass transport could reach this ward within 45 minutes without pulling a unit off a higher-severity ward.
550.0,2025-09-28T20:10:00Z,REPLAY,current_status,I060:mass_transport:0,I060,mass_transport,w-pc-06,5,No unit able to provide mass transport could reach this ward within 45 minutes without pulling a unit off a higher-severity ward.
550.0,2025-09-28T20:10:00Z,REPLAY,current_status,I060:mass_transport:1,I060,mass_transport,w-pc-06,5,No unit able to provide mass transport could reach this ward within 45 minutes without pulling a unit off a higher-severity ward.
550.0,2025-09-28T20:10:00Z,REPLAY,current_status,I060:mass_transport:2,I060,mass_transport,w-pc-06,5,No unit able to provide mass transport could reach this ward within 45 minutes without pulling a unit off a higher-severity ward.
550.0,2025-09-28T20:10:00Z,REPLAY,current_status,I061:mass_transport:0,I061,mass_transport,w-pc-11,5,No unit able to provide mass transport could reach this ward within 45 minutes without pulling a unit off a higher-severity ward.
550.0,2025-09-28T20:10:00Z,REPLAY,current_status,I061:mass_transport:1,I061,mass_transport,w-pc-11,5,No unit able to provide mass transport could reach this ward within 45 minutes without pulling a unit off a higher-severity ward.
550.0,2025-09-28T20:10:00Z,REPLAY,current_status,I061:mass_transport:2,I061,mass_transport,w-pc-11,5,No unit able to provide mass transport could reach this ward within 45 minutes without pulling a unit off a higher-severity ward.
550.0,2025-09-28T20:10:00Z,REPLAY,current_status,I062:mass_transport:0,I062,mass_transport,w-pc-10,4,No unit able to provide mass transport could reach this ward within 45 minutes without pulling a unit off a higher-severity ward.
550.0,2025-09-28T20:10:00Z,REPLAY,current_status,I062:mass_transport:1,I062,mass_transport,w-pc-10,4,No unit able to provide mass transport could reach this ward within 45 minutes without pulling a unit off a higher-severity ward.
550.0,2025-09-28T20:10:00Z,REPLAY,current_status,I063:mass_transport:0,I063,mass_transport,w-pc-13,5,No unit able to provide mass transport could reach this ward within 45 minutes without pulling a unit off a higher-severity ward.
550.0,2025-09-28T20:10:00Z,REPLAY,current_status,I063:mass_transport:1,I063,mass_transport,w-pc-13,5,No unit able to provide mass transport could reach this ward within 45 minutes without pulling a unit off a higher-severity ward.
550.0,2025-09-28T20:10:00Z,REPLAY,current_status,I063:mass_transport:2,I063,mass_transport,w-pc-13,5,No unit able to provide mass transport could reach this ward within 45 minutes without pulling a unit off a higher-severity ward.
550.0,2025-09-28T20:10:00Z,REPLAY,current_status,I064:mass_transport:0,I064,mass_transport,w-pc-11,5,No unit able to provide mass transport could reach this ward within 45 minutes without pulling a unit off a higher-severity ward.
550.0,2025-09-28T20:10:00Z,REPLAY,current_status,I064:mass_transport:1,I064,mass_transport,w-pc-11,5,No unit able to provide mass transport could reach this ward within 45 minutes without pulling a unit off a higher-severity ward.
550.0,2025-09-28T20:10:00Z,REPLAY,current_status,I064:mass_transport:2,I064,mass_transport,w-pc-11,5,No unit able to provide mass transport could reach this ward within 45 minutes without pulling a unit off a higher-severity ward.
550.0,2025-09-28T20:10:00Z,REPLAY,current_status,I065:mass_transport:0,I065,mass_transport,w-pc-11,4,No unit able to provide mass transport could reach this ward within 45 minutes without pulling a unit off a higher-severity ward.
550.0,2025-09-28T20:10:00Z,REPLAY,current_status,I065:mass_transport:1,I065,mass_transport,w-pc-11,4,No unit able to provide mass transport could reach this ward within 45 minutes without pulling a unit off a higher-severity ward.
550.0,2025-09-28T20:10:00Z,REPLAY,current_status,I068:mass_transport:0,I068,mass_transport,w-pc-10,4,No unit able to provide mass transport could reach this ward within 45 minutes without pulling a unit off a higher-severity ward.
550.0,2025-09-28T20:10:00Z,REPLAY,current_status,I068:mass_transport:1,I068,mass_transport,w-pc-10,4,No unit able to provide mass transport could reach this ward within 45 minutes without pulling a unit off a higher-severity ward.
550.0,2025-09-28T20:10:00Z,REPLAY,current_status,I071:mass_transport:0,I071,mass_transport,w-pc-07,4,No unit able to provide mass transport could reach this ward within 45 minutes without pulling a unit off a higher-severity ward.
550.0,2025-09-28T20:10:00Z,REPLAY,current_status,I071:mass_transport:1,I071,mass_transport,w-pc-07,4,No unit able to provide mass transport could reach this ward within 45 minutes without pulling a unit off a higher-severity ward.
550.0,2025-09-28T20:10:00Z,REPLAY,current_status,I072:mass_transport:0,I072,mass_transport,w-pc-14,4,No unit able to provide mass transport could reach this ward within 45 minutes without pulling a unit off a higher-severity ward.
550.0,2025-09-28T20:10:00Z,REPLAY,current_status,I072:mass_transport:1,I072,mass_transport,w-pc-14,4,No unit able to provide mass transport could reach this ward within 45 minutes without pulling a unit off a higher-severity ward.
550.0,2025-09-28T20:10:00Z,REPLAY,current_status,I074:mass_transport:0,I074,mass_transport,w-pc-02,4,No unit able to provide mass transport could reach this ward within 45 minutes without pulling a unit off a higher-severity ward.
550.0,2025-09-28T20:10:00Z,REPLAY,current_status,I074:mass_transport:1,I074,mass_transport,w-pc-02,4,No unit able to provide mass transport could reach this ward within 45 minutes without pulling a unit off a higher-severity ward.
550.0,2025-09-28T20:10:00Z,REPLAY,current_status,I077:mass_transport:0,I077,mass_transport,w-pc-13,5,No unit able to provide mass transport could reach this ward within 45 minutes without pulling a unit off a higher-severity ward.
550.0,2025-09-28T20:10:00Z,REPLAY,current_status,I077:mass_transport:1,I077,mass_transport,w-pc-13,5,No unit able to provide mass transport could reach this ward within 45 minutes without pulling a unit off a higher-severity ward.
550.0,2025-09-28T20:10:00Z,REPLAY,current_status,I077:mass_transport:2,I077,mass_transport,w-pc-13,5,No unit able to provide mass transport could reach this ward within 45 minutes without pulling a unit off a higher-severity ward.
550.0,2025-09-28T20:10:00Z,REPLAY,current_status,I078:mass_transport:0,I078,mass_transport,w-pc-04,4,No unit able to provide mass transport could reach this ward within 45 minutes without pulling a unit off a higher-severity ward.
550.0,2025-09-28T20:10:00Z,REPLAY,current_status,I078:mass_transport:1,I078,mass_transport,w-pc-04,4,No unit able to provide mass transport could reach this ward within 45 minutes without pulling a unit off a higher-severity ward.
550.0,2025-09-28T20:10:00Z,REPLAY,current_status,I078:dewatering:0,I078,dewatering,w-pc-04,4,No unit able to provide dewatering could reach this ward within 45 minutes without pulling a unit off a higher-severity ward.
550.0,2025-09-28T20:10:00Z,REPLAY,current_status,I079:mass_transport:0,I079,mass_transport,w-pc-07,4,No unit able to provide mass transport could reach this ward within 45 minutes without pulling a unit off a higher-severity ward.
550.0,2025-09-28T20:10:00Z,REPLAY,current_status,I079:mass_transport:1,I079,mass_transport,w-pc-07,4,No unit able to provide mass transport could reach this ward within 45 minutes without pulling a unit off a higher-severity ward.
550.0,2025-09-28T20:10:00Z,REPLAY,current_status,I085:mass_transport:0,I085,mass_transport,w-pc-09,4,No unit able to provide mass transport could reach this ward within 45 minutes without pulling a unit off a higher-severity ward.
550.0,2025-09-28T20:10:00Z,REPLAY,current_status,I085:mass_transport:1,I085,mass_transport,w-pc-09,4,No unit able to provide mass transport could reach this ward within 45 minutes without pulling a unit off a higher-severity ward.
550.0,2025-09-28T20:10:00Z,REPLAY,current_status,I088:mass_transport:0,I088,mass_transport,w-pc-13,4,No unit able to provide mass transport could reach this ward within 45 minutes without pulling a unit off a higher-severity ward.
550.0,2025-09-28T20:10:00Z,REPLAY,current_status,I090:mass_transport:0,I090,mass_transport,w-pc-11,5,No unit able to provide mass transport could reach this ward within 45 minutes without pulling a unit off a higher-severity ward.
550.0,2025-09-28T20:10:00Z,REPLAY,current_status,I090:mass_transport:1,I090,mass_transport,w-pc-11,5,No unit able to provide mass transport could reach this ward within 45 minutes without pulling a unit off a higher-severity ward.
550.0,2025-09-28T20:10:00Z,REPLAY,current_status,I090:mass_transport:2,I090,mass_transport,w-pc-11,5,No unit able to provide mass transport could reach this ward within 45 minutes without pulling a unit off a higher-severity ward.
550.0,2025-09-28T20:10:00Z,REPLAY,current_status,I091:mass_transport:0,I091,mass_transport,w-pc-11,4,No unit able to provide mass transport could reach this ward within 45 minutes without pulling a unit off a higher-severity ward.
550.0,2025-09-28T20:10:00Z,REPLAY,current_status,I091:mass_transport:1,I091,mass_transport,w-pc-11,4,No unit able to provide mass transport could reach this ward within 45 minutes without pulling a unit off a higher-severity ward.
550.0,2025-09-28T20:10:00Z,REPLAY,current_status,I091:dewatering:0,I091,dewatering,w-pc-11,4,No unit able to provide dewatering could reach this ward within 45 minutes without pulling a unit off a higher-severity ward.
550.0,2025-09-28T20:10:00Z,REPLAY,current_status,I093:mass_transport:0,I093,mass_transport,w-pc-07,4,No unit able to provide mass transport could reach this ward within 45 minutes without pulling a unit off a higher-severity ward.
550.0,2025-09-28T20:10:00Z,REPLAY,current_status,I093:dewatering:0,I093,dewatering,w-pc-07,4,No unit able to provide dewatering could reach this ward within 45 minutes without pulling a unit off a higher-severity ward.
550.0,2025-09-28T20:10:00Z,REPLAY,current_status,I094:field_assessment:0,I094,field_assessment,w-pc-03,2,No unit able to provide field assessment could reach this ward within 45 minutes without pulling a unit off a higher-severity ward.
550.0,2025-09-28T20:10:00Z,REPLAY,current_status,I095:field_assessment:0,I095,field_assessment,w-pc-10,2,No unit able to provide field assessment could reach this ward within 45 minutes without pulling a unit off a higher-severity ward.
550.0,2025-09-28T20:10:00Z,REPLAY,current_status,I096:water_rescue:0,I096,water_rescue,w-pc-11,5,No unit able to provide water rescue could reach this ward within 45 minutes without pulling a unit off a higher-severity ward.
550.0,2025-09-28T20:10:00Z,REPLAY,current_status,I096:mass_transport:0,I096,mass_transport,w-pc-11,5,No unit able to provide mass transport could reach this ward within 45 minutes without pulling a unit off a higher-severity ward.
550.0,2025-09-28T20:10:00Z,REPLAY,current_status,I096:mass_transport:1,I096,mass_transport,w-pc-11,5,No unit able to provide mass transport could reach this ward within 45 minutes without pulling a unit off a higher-severity ward.
550.0,2025-09-28T20:10:00Z,REPLAY,current_status,I096:mass_transport:2,I096,mass_transport,w-pc-11,5,No unit able to provide mass transport could reach this ward within 45 minutes without pulling a unit off a higher-severity ward.
550.0,2025-09-28T20:10:00Z,REPLAY,current_status,I097:field_assessment:0,I097,field_assessment,w-pc-14,2,No unit able to provide field assessment could reach this ward within 45 minutes without pulling a unit off a higher-severity ward.
550.0,2025-09-28T20:10:00Z,REPLAY,current_status,I099:mass_transport:0,I099,mass_transport,w-pc-06,4,No unit able to provide mass transport could reach this ward within 45 minutes without pulling a unit off a higher-severity ward.
550.0,2025-09-28T20:10:00Z,REPLAY,current_status,I099:mass_transport:1,I099,mass_transport,w-pc-06,4,No unit able to provide mass transport could reach this ward within 45 minutes without pulling a unit off a higher-severity ward.
550.0,2025-09-28T20:10:00Z,REPLAY,current_status,I102:medical_transport:0,I102,medical_transport,w-pc-09,4,No unit able to provide medical transport could reach this ward within 45 minutes without pulling a unit off a higher-severity ward.
550.0,2025-09-28T20:10:00Z,REPLAY,current_status,I104:mass_transport:0,I104,mass_transport,w-pc-11,4,No unit able to provide mass transport could reach this ward within 45 minutes without pulling a unit off a higher-severity ward.
550.0,2025-09-28T20:10:00Z,REPLAY,current_status,I104:mass_transport:1,I104,mass_transport,w-pc-11,4,No unit able to provide mass transport could reach this ward within 45 minutes without pulling a unit off a higher-severity ward.
550.0,2025-09-28T20:10:00Z,REPLAY,current_status,I104:dewatering:0,I104,dewatering,w-pc-11,4,No unit able to provide dewatering could reach this ward within 45 minutes without pulling a unit off a higher-severity ward.
550.0,2025-09-28T20:10:00Z,REPLAY,current_status,I105:field_assessment:0,I105,field_assessment,w-pc-02,2,No unit able to provide field assessment could reach this ward within 45 minutes without pulling a unit off a higher-severity ward.
550.0,2025-09-28T20:10:00Z,REPLAY,current_status,I106:mass_transport:0,I106,mass_transport,w-pc-07,5,No unit able to provide mass transport could reach this ward within 45 minutes without pulling a unit off a higher-severity ward.
550.0,2025-09-28T20:10:00Z,REPLAY,current_status,I106:mass_transport:1,I106,mass_transport,w-pc-07,5,No unit able to provide mass transport could reach this ward within 45 minutes without pulling a unit off a higher-severity ward.
550.0,2025-09-28T20:10:00Z,REPLAY,current_status,I106:mass_transport:2,I106,mass_transport,w-pc-07,5,No unit able to provide mass transport could reach this ward within 45 minutes without pulling a unit off a higher-severity ward.
550.0,2025-09-28T20:10:00Z,REPLAY,current_status,I107:field_assessment:0,I107,field_assessment,w-pc-11,2,No unit able to provide field assessment could reach this ward within 45 minutes without pulling a unit off a higher-severity ward.
550.0,2025-09-28T20:10:00Z,REPLAY,current_status,I108:field_assessment:0,I108,field_assessment,w-pc-02,2,No unit able to provide field assessment could reach this ward within 45 minutes without pulling a unit off a higher-severity ward.
550.0,2025-09-28T20:10:00Z,REPLAY,current_status,I109:field_assessment:0,I109,field_assessment,w-pc-13,2,No unit able to provide field assessment could reach this ward within 45 minutes without pulling a unit off a higher-severity ward.
550.0,2025-09-28T20:10:00Z,REPLAY,current_status,I110:field_assessment:0,I110,field_assessment,w-pc-02,2,No unit able to provide field assessment could reach this ward within 45 minutes without pulling a unit off a higher-severity ward.
560.0,2025-09-28T20:20:00Z,REPLAY,current_status,I001:mass_transport:0,I001,mass_transport,w-pc-11,5,No unit able to provide mass transport could reach this ward within 45 minutes without pulling a unit off a higher-severity ward.
560.0,2025-09-28T20:20:00Z,REPLAY,current_status,I001:mass_transport:1,I001,mass_transport,w-pc-11,5,No unit able to provide mass transport could reach this ward within 45 minutes without pulling a unit off a higher-severity ward.
560.0,2025-09-28T20:20:00Z,REPLAY,current_status,I001:mass_transport:2,I001,mass_transport,w-pc-11,5,No unit able to provide mass transport could reach this ward within 45 minutes without pulling a unit off a higher-severity ward.
560.0,2025-09-28T20:20:00Z,REPLAY,current_status,I006:mass_transport:0,I006,mass_transport,w-pc-14,5,No unit able to provide mass transport could reach this ward within 45 minutes without pulling a unit off a higher-severity ward.
560.0,2025-09-28T20:20:00Z,REPLAY,current_status,I006:mass_transport:1,I006,mass_transport,w-pc-14,5,No unit able to provide mass transport could reach this ward within 45 minutes without pulling a unit off a higher-severity ward.
560.0,2025-09-28T20:20:00Z,REPLAY,current_status,I006:mass_transport:2,I006,mass_transport,w-pc-14,5,No unit able to provide mass transport could reach this ward within 45 minutes without pulling a unit off a higher-severity ward.
560.0,2025-09-28T20:20:00Z,REPLAY,current_status,I009:mass_transport:0,I009,mass_transport,w-pc-07,4,No unit able to provide mass transport could reach this ward within 45 minutes without pulling a unit off a higher-severity ward.
560.0,2025-09-28T20:20:00Z,REPLAY,current_status,I009:mass_transport:1,I009,mass_transport,w-pc-07,4,No unit able to provide mass transport could reach this ward within 45 minutes without pulling a unit off a higher-severity ward.
560.0,2025-09-28T20:20:00Z,REPLAY,current_status,I011:mass_transport:0,I011,mass_transport,w-pc-14,4,No unit able to provide mass transport could reach this ward within 45 minutes without pulling a unit off a higher-severity ward.
560.0,2025-09-28T20:20:00Z,REPLAY,current_status,I011:mass_transport:1,I011,mass_transport,w-pc-14,4,No unit able to provide mass transport could reach this ward within 45 minutes without pulling a unit off a higher-severity ward.
560.0,2025-09-28T20:20:00Z,REPLAY,current_status,I015:mass_transport:0,I015,mass_transport,w-pc-11,4,No unit able to provide mass transport could reach this ward within 45 minutes without pulling a unit off a higher-severity ward.
560.0,2025-09-28T20:20:00Z,REPLAY,current_status,I015:mass_transport:1,I015,mass_transport,w-pc-11,4,No unit able to provide mass transport could reach this ward within 45 minutes without pulling a unit off a higher-severity ward.
560.0,2025-09-28T20:20:00Z,REPLAY,current_status,I017:mass_transport:0,I017,mass_transport,w-pc-07,5,No unit able to provide mass transport could reach this ward within 45 minutes without pulling a unit off a higher-severity ward.
560.0,2025-09-28T20:20:00Z,REPLAY,current_status,I024:mass_transport:0,I024,mass_transport,w-pc-06,4,No unit able to provide mass transport could reach this ward within 45 minutes without pulling a unit off a higher-severity ward.
560.0,2025-09-28T20:20:00Z,REPLAY,current_status,I024:mass_transport:1,I024,mass_transport,w-pc-06,4,No unit able to provide mass transport could reach this ward within 45 minutes without pulling a unit off a higher-severity ward.
560.0,2025-09-28T20:20:00Z,REPLAY,current_status,I027:mass_transport:0,I027,mass_transport,w-pc-10,4,No unit able to provide mass transport could reach this ward within 45 minutes without pulling a unit off a higher-severity ward.
560.0,2025-09-28T20:20:00Z,REPLAY,current_status,I027:mass_transport:1,I027,mass_transport,w-pc-10,4,No unit able to provide mass transport could reach this ward within 45 minutes without pulling a unit off a higher-severity ward.
560.0,2025-09-28T20:20:00Z,REPLAY,current_status,I029:mass_transport:0,I029,mass_transport,w-pc-13,4,No unit able to provide mass transport could reach this ward within 45 minutes without pulling a unit off a higher-severity ward.
560.0,2025-09-28T20:20:00Z,REPLAY,current_status,I030:mass_transport:0,I030,mass_transport,w-pc-06,4,No unit able to provide mass transport could reach this ward within 45 minutes without pulling a unit off a higher-severity ward.
560.0,2025-09-28T20:20:00Z,REPLAY,current_status,I030:mass_transport:1,I030,mass_transport,w-pc-06,4,No unit able to provide mass transport could reach this ward within 45 minutes without pulling a unit off a higher-severity ward.
560.0,2025-09-28T20:20:00Z,REPLAY,current_status,I035:mass_transport:0,I035,mass_transport,w-pc-11,5,No unit able to provide mass transport could reach this ward within 45 minutes without pulling a unit off a higher-severity ward.
560.0,2025-09-28T20:20:00Z,REPLAY,current_status,I035:mass_transport:1,I035,mass_transport,w-pc-11,5,No unit able to provide mass transport could reach this ward within 45 minutes without pulling a unit off a higher-severity ward.
560.0,2025-09-28T20:20:00Z,REPLAY,current_status,I035:mass_transport:2,I035,mass_transport,w-pc-11,5,No unit able to provide mass transport could reach this ward within 45 minutes without pulling a unit off a higher-severity ward.
560.0,2025-09-28T20:20:00Z,REPLAY,current_status,I038:mass_transport:0,I038,mass_transport,w-pc-11,4,No unit able to provide mass transport could reach this ward within 45 minutes without pulling a unit off a higher-severity ward.
560.0,2025-09-28T20:20:00Z,REPLAY,current_status,I038:mass_transport:1,I038,mass_transport,w-pc-11,4,No unit able to provide mass transport could reach this ward within 45 minutes without pulling a unit off a higher-severity ward.
560.0,2025-09-28T20:20:00Z,REPLAY,current_status,I039:mass_transport:0,I039,mass_transport,w-pc-13,4,No unit able to provide mass transport could reach this ward within 45 minutes without pulling a unit off a higher-severity ward.
560.0,2025-09-28T20:20:00Z,REPLAY,current_status,I042:mass_transport:0,I042,mass_transport,w-pc-02,4,No unit able to provide mass transport could reach this ward within 45 minutes without pulling a unit off a higher-severity ward.
560.0,2025-09-28T20:20:00Z,REPLAY,current_status,I042:mass_transport:1,I042,mass_transport,w-pc-02,4,No unit able to provide mass transport could reach this ward within 45 minutes without pulling a unit off a higher-severity ward.
560.0,2025-09-28T20:20:00Z,REPLAY,current_status,I046:mass_transport:0,I046,mass_transport,w-pc-11,5,No unit able to provide mass transport could reach this ward within 45 minutes without pulling a unit off a higher-severity ward.
560.0,2025-09-28T20:20:00Z,REPLAY,current_status,I046:mass_transport:1,I046,mass_transport,w-pc-11,5,No unit able to provide mass transport could reach this ward within 45 minutes without pulling a unit off a higher-severity ward.
560.0,2025-09-28T20:20:00Z,REPLAY,current_status,I046:mass_transport:2,I046,mass_transport,w-pc-11,5,No unit able to provide mass transport could reach this ward within 45 minutes without pulling a unit off a higher-severity ward.
560.0,2025-09-28T20:20:00Z,REPLAY,current_status,I048:mass_transport:0,I048,mass_transport,w-pc-07,5,No unit able to provide mass transport could reach this ward within 45 minutes without pulling a unit off a higher-severity ward.
560.0,2025-09-28T20:20:00Z,REPLAY,current_status,I048:mass_transport:1,I048,mass_transport,w-pc-07,5,No unit able to provide mass transport could reach this ward within 45 minutes without pulling a unit off a higher-severity ward.
560.0,2025-09-28T20:20:00Z,REPLAY,current_status,I048:mass_transport:2,I048,mass_transport,w-pc-07,5,No unit able to provide mass transport could reach this ward within 45 minutes without pulling a unit off a higher-severity ward.
560.0,2025-09-28T20:20:00Z,REPLAY,current_status,I054:mass_transport:0,I054,mass_transport,w-pc-10,5,No unit able to provide mass transport could reach this ward within 45 minutes without pulling a unit off a higher-severity ward.
560.0,2025-09-28T20:20:00Z,REPLAY,current_status,I054:mass_transport:1,I054,mass_transport,w-pc-10,5,No unit able to provide mass transport could reach this ward within 45 minutes without pulling a unit off a higher-severity ward.
560.0,2025-09-28T20:20:00Z,REPLAY,current_status,I054:mass_transport:2,I054,mass_transport,w-pc-10,5,No unit able to provide mass transport could reach this ward within 45 minutes without pulling a unit off a higher-severity ward.
560.0,2025-09-28T20:20:00Z,REPLAY,current_status,I057:mass_transport:0,I057,mass_transport,w-pc-02,4,No unit able to provide mass transport could reach this ward within 45 minutes without pulling a unit off a higher-severity ward.
560.0,2025-09-28T20:20:00Z,REPLAY,current_status,I057:mass_transport:1,I057,mass_transport,w-pc-02,4,No unit able to provide mass transport could reach this ward within 45 minutes without pulling a unit off a higher-severity ward.
560.0,2025-09-28T20:20:00Z,REPLAY,current_status,I060:mass_transport:0,I060,mass_transport,w-pc-06,5,No unit able to provide mass transport could reach this ward within 45 minutes without pulling a unit off a higher-severity ward.
560.0,2025-09-28T20:20:00Z,REPLAY,current_status,I060:mass_transport:1,I060,mass_transport,w-pc-06,5,No unit able to provide mass transport could reach this ward within 45 minutes without pulling a unit off a higher-severity ward.
560.0,2025-09-28T20:20:00Z,REPLAY,current_status,I060:mass_transport:2,I060,mass_transport,w-pc-06,5,No unit able to provide mass transport could reach this ward within 45 minutes without pulling a unit off a higher-severity ward.
560.0,2025-09-28T20:20:00Z,REPLAY,current_status,I061:mass_transport:0,I061,mass_transport,w-pc-11,5,No unit able to provide mass transport could reach this ward within 45 minutes without pulling a unit off a higher-severity ward.
560.0,2025-09-28T20:20:00Z,REPLAY,current_status,I061:mass_transport:1,I061,mass_transport,w-pc-11,5,No unit able to provide mass transport could reach this ward within 45 minutes without pulling a unit off a higher-severity ward.
560.0,2025-09-28T20:20:00Z,REPLAY,current_status,I061:mass_transport:2,I061,mass_transport,w-pc-11,5,No unit able to provide mass transport could reach this ward within 45 minutes without pulling a unit off a higher-severity ward.
560.0,2025-09-28T20:20:00Z,REPLAY,current_status,I062:mass_transport:0,I062,mass_transport,w-pc-10,4,No unit able to provide mass transport could reach this ward within 45 minutes without pulling a unit off a higher-severity ward.
560.0,2025-09-28T20:20:00Z,REPLAY,current_status,I062:mass_transport:1,I062,mass_transport,w-pc-10,4,No unit able to provide mass transport could reach this ward within 45 minutes without pulling a unit off a higher-severity ward.
560.0,2025-09-28T20:20:00Z,REPLAY,current_status,I063:mass_transport:0,I063,mass_transport,w-pc-13,5,No unit able to provide mass transport could reach this ward within 45 minutes without pulling a unit off a higher-severity ward.
560.0,2025-09-28T20:20:00Z,REPLAY,current_status,I063:mass_transport:1,I063,mass_transport,w-pc-13,5,No unit able to provide mass transport could reach this ward within 45 minutes without pulling a unit off a higher-severity ward.
560.0,2025-09-28T20:20:00Z,REPLAY,current_status,I063:mass_transport:2,I063,mass_transport,w-pc-13,5,No unit able to provide mass transport could reach this ward within 45 minutes without pulling a unit off a higher-severity ward.
560.0,2025-09-28T20:20:00Z,REPLAY,current_status,I064:mass_transport:0,I064,mass_transport,w-pc-11,5,No unit able to provide mass transport could reach this ward within 45 minutes without pulling a unit off a higher-severity ward.
560.0,2025-09-28T20:20:00Z,REPLAY,current_status,I064:mass_transport:1,I064,mass_transport,w-pc-11,5,No unit able to provide mass transport could reach this ward within 45 minutes without pulling a unit off a higher-severity ward.
560.0,2025-09-28T20:20:00Z,REPLAY,current_status,I064:mass_transport:2,I064,mass_transport,w-pc-11,5,No unit able to provide mass transport could reach this ward within 45 minutes without pulling a unit off a higher-severity ward.
560.0,2025-09-28T20:20:00Z,REPLAY,current_status,I065:mass_transport:0,I065,mass_transport,w-pc-11,4,No unit able to provide mass transport could reach this ward within 45 minutes without pulling a unit off a higher-severity ward.
560.0,2025-09-28T20:20:00Z,REPLAY,current_status,I065:mass_transport:1,I065,mass_transport,w-pc-11,4,No unit able to provide mass transport could reach this ward within 45 minutes without pulling a unit off a higher-severity ward.
560.0,2025-09-28T20:20:00Z,REPLAY,current_status,I068:mass_transport:0,I068,mass_transport,w-pc-10,4,No unit able to provide mass transport could reach this ward within 45 minutes without pulling a unit off a higher-severity ward.
560.0,2025-09-28T20:20:00Z,REPLAY,current_status,I068:mass_transport:1,I068,mass_transport,w-pc-10,4,No unit able to provide mass transport could reach this ward within 45 minutes without pulling a unit off a higher-severity ward.
560.0,2025-09-28T20:20:00Z,REPLAY,current_status,I071:mass_transport:0,I071,mass_transport,w-pc-07,4,No unit able to provide mass transport could reach this ward within 45 minutes without pulling a unit off a higher-severity ward.
560.0,2025-09-28T20:20:00Z,REPLAY,current_status,I071:mass_transport:1,I071,mass_transport,w-pc-07,4,No unit able to provide mass transport could reach this ward within 45 minutes without pulling a unit off a higher-severity ward.
560.0,2025-09-28T20:20:00Z,REPLAY,current_status,I072:mass_transport:0,I072,mass_transport,w-pc-14,4,No unit able to provide mass transport could reach this ward within 45 minutes without pulling a unit off a higher-severity ward.
560.0,2025-09-28T20:20:00Z,REPLAY,current_status,I072:mass_transport:1,I072,mass_transport,w-pc-14,4,No unit able to provide mass transport could reach this ward within 45 minutes without pulling a unit off a higher-severity ward.
560.0,2025-09-28T20:20:00Z,REPLAY,current_status,I074:mass_transport:0,I074,mass_transport,w-pc-02,4,No unit able to provide mass transport could reach this ward within 45 minutes without pulling a unit off a higher-severity ward.
560.0,2025-09-28T20:20:00Z,REPLAY,current_status,I074:mass_transport:1,I074,mass_transport,w-pc-02,4,No unit able to provide mass transport could reach this ward within 45 minutes without pulling a unit off a higher-severity ward.
560.0,2025-09-28T20:20:00Z,REPLAY,current_status,I077:mass_transport:0,I077,mass_transport,w-pc-13,5,No unit able to provide mass transport could reach this ward within 45 minutes without pulling a unit off a higher-severity ward.
560.0,2025-09-28T20:20:00Z,REPLAY,current_status,I077:mass_transport:1,I077,mass_transport,w-pc-13,5,No unit able to provide mass transport could reach this ward within 45 minutes without pulling a unit off a higher-severity ward.
560.0,2025-09-28T20:20:00Z,REPLAY,current_status,I077:mass_transport:2,I077,mass_transport,w-pc-13,5,No unit able to provide mass transport could reach this ward within 45 minutes without pulling a unit off a higher-severity ward.
560.0,2025-09-28T20:20:00Z,REPLAY,current_status,I078:mass_transport:0,I078,mass_transport,w-pc-04,4,No unit able to provide mass transport could reach this ward within 45 minutes without pulling a unit off a higher-severity ward.
560.0,2025-09-28T20:20:00Z,REPLAY,current_status,I078:mass_transport:1,I078,mass_transport,w-pc-04,4,No unit able to provide mass transport could reach this ward within 45 minutes without pulling a unit off a higher-severity ward.
560.0,2025-09-28T20:20:00Z,REPLAY,current_status,I078:dewatering:0,I078,dewatering,w-pc-04,4,No unit able to provide dewatering could reach this ward within 45 minutes without pulling a unit off a higher-severity ward.
560.0,2025-09-28T20:20:00Z,REPLAY,current_status,I079:mass_transport:0,I079,mass_transport,w-pc-07,4,No unit able to provide mass transport could reach this ward within 45 minutes without pulling a unit off a higher-severity ward.
560.0,2025-09-28T20:20:00Z,REPLAY,current_status,I079:mass_transport:1,I079,mass_transport,w-pc-07,4,No unit able to provide mass transport could reach this ward within 45 minutes without pulling a unit off a higher-severity ward.
560.0,2025-09-28T20:20:00Z,REPLAY,current_status,I085:mass_transport:0,I085,mass_transport,w-pc-09,4,No unit able to provide mass transport could reach this ward within 45 minutes without pulling a unit off a higher-severity ward.
560.0,2025-09-28T20:20:00Z,REPLAY,current_status,I085:mass_transport:1,I085,mass_transport,w-pc-09,4,No unit able to provide mass transport could reach this ward within 45 minutes without pulling a unit off a higher-severity ward.
560.0,2025-09-28T20:20:00Z,REPLAY,current_status,I085:dewatering:0,I085,dewatering,w-pc-09,4,No unit able to provide dewatering could reach this ward within 45 minutes without pulling a unit off a higher-severity ward.
560.0,2025-09-28T20:20:00Z,REPLAY,current_status,I088:mass_transport:0,I088,mass_transport,w-pc-13,4,No unit able to provide mass transport could reach this ward within 45 minutes without pulling a unit off a higher-severity ward.
560.0,2025-09-28T20:20:00Z,REPLAY,current_status,I090:mass_transport:0,I090,mass_transport,w-pc-11,5,No unit able to provide mass transport could reach this ward within 45 minutes without pulling a unit off a higher-severity ward.
560.0,2025-09-28T20:20:00Z,REPLAY,current_status,I090:mass_transport:1,I090,mass_transport,w-pc-11,5,No unit able to provide mass transport could reach this ward within 45 minutes without pulling a unit off a higher-severity ward.
560.0,2025-09-28T20:20:00Z,REPLAY,current_status,I090:mass_transport:2,I090,mass_transport,w-pc-11,5,No unit able to provide mass transport could reach this ward within 45 minutes without pulling a unit off a higher-severity ward.
560.0,2025-09-28T20:20:00Z,REPLAY,current_status,I091:mass_transport:0,I091,mass_transport,w-pc-11,4,No unit able to provide mass transport could reach this ward within 45 minutes without pulling a unit off a higher-severity ward.
560.0,2025-09-28T20:20:00Z,REPLAY,current_status,I091:mass_transport:1,I091,mass_transport,w-pc-11,4,No unit able to provide mass transport could reach this ward within 45 minutes without pulling a unit off a higher-severity ward.
560.0,2025-09-28T20:20:00Z,REPLAY,current_status,I093:mass_transport:0,I093,mass_transport,w-pc-07,4,No unit able to provide mass transport could reach this ward within 45 minutes without pulling a unit off a higher-severity ward.
560.0,2025-09-28T20:20:00Z,REPLAY,current_status,I096:water_rescue:0,I096,water_rescue,w-pc-11,5,No unit able to provide water rescue could reach this ward within 45 minutes without pulling a unit off a higher-severity ward.
560.0,2025-09-28T20:20:00Z,REPLAY,current_status,I096:mass_transport:0,I096,mass_transport,w-pc-11,5,No unit able to provide mass transport could reach this ward within 45 minutes without pulling a unit off a higher-severity ward.
560.0,2025-09-28T20:20:00Z,REPLAY,current_status,I096:mass_transport:1,I096,mass_transport,w-pc-11,5,No unit able to provide mass transport could reach this ward within 45 minutes without pulling a unit off a higher-severity ward.
560.0,2025-09-28T20:20:00Z,REPLAY,current_status,I096:mass_transport:2,I096,mass_transport,w-pc-11,5,No unit able to provide mass transport could reach this ward within 45 minutes without pulling a unit off a higher-severity ward.
560.0,2025-09-28T20:20:00Z,REPLAY,current_status,I097:field_assessment:0,I097,field_assessment,w-pc-14,2,No unit able to provide field assessment could reach this ward within 45 minutes without pulling a unit off a higher-severity ward.
560.0,2025-09-28T20:20:00Z,REPLAY,current_status,I099:mass_transport:0,I099,mass_transport,w-pc-06,4,No unit able to provide mass transport could reach this ward within 45 minutes without pulling a unit off a higher-severity ward.
560.0,2025-09-28T20:20:00Z,REPLAY,current_status,I099:mass_transport:1,I099,mass_transport,w-pc-06,4,No unit able to provide mass transport could reach this ward within 45 minutes without pulling a unit off a higher-severity ward.
560.0,2025-09-28T20:20:00Z,REPLAY,current_status,I101:field_assessment:0,I101,field_assessment,w-pc-06,2,No unit able to provide field assessment could reach this ward within 45 minutes without pulling a unit off a higher-severity ward.
560.0,2025-09-28T20:20:00Z,REPLAY,current_status,I102:medical_transport:0,I102,medical_transport,w-pc-09,4,No unit able to provide medical transport could reach this ward within 45 minutes without pulling a unit off a higher-severity ward.
560.0,2025-09-28T20:20:00Z,REPLAY,current_status,I104:mass_transport:0,I104,mass_transport,w-pc-11,4,No unit able to provide mass transport could reach this ward within 45 minutes without pulling a unit off a higher-severity ward.
560.0,2025-09-28T20:20:00Z,REPLAY,current_status,I104:mass_transport:1,I104,mass_transport,w-pc-11,4,No unit able to provide mass transport could reach this ward within 45 minutes without pulling a unit off a higher-severity ward.
560.0,2025-09-28T20:20:00Z,REPLAY,current_status,I104:dewatering:0,I104,dewatering,w-pc-11,4,No unit able to provide dewatering could reach this ward within 45 minutes without pulling a unit off a higher-severity ward.
560.0,2025-09-28T20:20:00Z,REPLAY,current_status,I105:field_assessment:0,I105,field_assessment,w-pc-02,2,No unit able to provide field assessment could reach this ward within 45 minutes without pulling a unit off a higher-severity ward.
560.0,2025-09-28T20:20:00Z,REPLAY,current_status,I106:mass_transport:0,I106,mass_transport,w-pc-07,5,No unit able to provide mass transport could reach this ward within 45 minutes without pulling a unit off a higher-severity ward.
560.0,2025-09-28T20:20:00Z,REPLAY,current_status,I106:mass_transport:1,I106,mass_transport,w-pc-07,5,No unit able to provide mass transport could reach this ward within 45 minutes without pulling a unit off a higher-severity ward.
560.0,2025-09-28T20:20:00Z,REPLAY,current_status,I106:mass_transport:2,I106,mass_transport,w-pc-07,5,No unit able to provide mass transport could reach this ward within 45 minutes without pulling a unit off a higher-severity ward.
560.0,2025-09-28T20:20:00Z,REPLAY,current_status,I107:field_assessment:0,I107,field_assessment,w-pc-11,2,No unit able to provide field assessment could reach this ward within 45 minutes without pulling a unit off a higher-severity ward.
560.0,2025-09-28T20:20:00Z,REPLAY,current_status,I109:field_assessment:0,I109,field_assessment,w-pc-13,2,No unit able to provide field assessment could reach this ward within 45 minutes without pulling a unit off a higher-severity ward.
560.0,2025-09-28T20:20:00Z,REPLAY,current_status,I110:field_assessment:0,I110,field_assessment,w-pc-02,2,No unit able to provide field assessment could reach this ward within 45 minutes without pulling a unit off a higher-severity ward.
560.0,2025-09-28T20:20:00Z,REPLAY,current_status,I112:field_assessment:0,I112,field_assessment,w-pc-12,2,No unit able to provide field assessment could reach this ward within 45 minutes without pulling a unit off a higher-severity ward.
560.0,2025-09-28T20:20:00Z,REPLAY,current_status,I113:field_assessment:0,I113,field_assessment,w-pc-11,2,No unit able to provide field assessment could reach this ward within 45 minutes without pulling a unit off a higher-severity ward.
560.0,2025-09-28T20:20:00Z,REPLAY,current_status,I114:field_assessment:0,I114,field_assessment,w-pc-11,2,No unit able to provide field assessment could reach this ward within 45 minutes without pulling a unit off a higher-severity ward.
560.0,2025-09-28T20:20:00Z,REPLAY,current_status,I115:field_assessment:0,I115,field_assessment,w-pc-14,2,No unit able to provide field assessment could reach this ward within 45 minutes without pulling a unit off a higher-severity ward.
570.0,2025-09-28T20:30:00Z,REPLAY,current_status,I001:mass_transport:0,I001,mass_transport,w-pc-11,5,No unit able to provide mass transport could reach this ward within 45 minutes without pulling a unit off a higher-severity ward.
570.0,2025-09-28T20:30:00Z,REPLAY,current_status,I001:mass_transport:1,I001,mass_transport,w-pc-11,5,No unit able to provide mass transport could reach this ward within 45 minutes without pulling a unit off a higher-severity ward.
570.0,2025-09-28T20:30:00Z,REPLAY,current_status,I001:mass_transport:2,I001,mass_transport,w-pc-11,5,No unit able to provide mass transport could reach this ward within 45 minutes without pulling a unit off a higher-severity ward.
570.0,2025-09-28T20:30:00Z,REPLAY,current_status,I006:mass_transport:0,I006,mass_transport,w-pc-14,5,No unit able to provide mass transport could reach this ward within 45 minutes without pulling a unit off a higher-severity ward.
570.0,2025-09-28T20:30:00Z,REPLAY,current_status,I006:mass_transport:1,I006,mass_transport,w-pc-14,5,No unit able to provide mass transport could reach this ward within 45 minutes without pulling a unit off a higher-severity ward.
570.0,2025-09-28T20:30:00Z,REPLAY,current_status,I006:mass_transport:2,I006,mass_transport,w-pc-14,5,No unit able to provide mass transport could reach this ward within 45 minutes without pulling a unit off a higher-severity ward.
570.0,2025-09-28T20:30:00Z,REPLAY,current_status,I009:mass_transport:0,I009,mass_transport,w-pc-07,4,No unit able to provide mass transport could reach this ward within 45 minutes without pulling a unit off a higher-severity ward.
570.0,2025-09-28T20:30:00Z,REPLAY,current_status,I009:mass_transport:1,I009,mass_transport,w-pc-07,4,No unit able to provide mass transport could reach this ward within 45 minutes without pulling a unit off a higher-severity ward.
570.0,2025-09-28T20:30:00Z,REPLAY,current_status,I011:mass_transport:0,I011,mass_transport,w-pc-14,4,No unit able to provide mass transport could reach this ward within 45 minutes without pulling a unit off a higher-severity ward.
570.0,2025-09-28T20:30:00Z,REPLAY,current_status,I011:mass_transport:1,I011,mass_transport,w-pc-14,4,No unit able to provide mass transport could reach this ward within 45 minutes without pulling a unit off a higher-severity ward.
570.0,2025-09-28T20:30:00Z,REPLAY,current_status,I015:mass_transport:0,I015,mass_transport,w-pc-11,4,No unit able to provide mass transport could reach this ward within 45 minutes without pulling a unit off a higher-severity ward.
570.0,2025-09-28T20:30:00Z,REPLAY,current_status,I015:mass_transport:1,I015,mass_transport,w-pc-11,4,No unit able to provide mass transport could reach this ward within 45 minutes without pulling a unit off a higher-severity ward.
570.0,2025-09-28T20:30:00Z,REPLAY,current_status,I017:mass_transport:0,I017,mass_transport,w-pc-07,5,No unit able to provide mass transport could reach this ward within 45 minutes without pulling a unit off a higher-severity ward.
570.0,2025-09-28T20:30:00Z,REPLAY,current_status,I024:mass_transport:0,I024,mass_transport,w-pc-06,4,No unit able to provide mass transport could reach this ward within 45 minutes without pulling a unit off a higher-severity ward.
570.0,2025-09-28T20:30:00Z,REPLAY,current_status,I024:mass_transport:1,I024,mass_transport,w-pc-06,4,No unit able to provide mass transport could reach this ward within 45 minutes without pulling a unit off a higher-severity ward.
570.0,2025-09-28T20:30:00Z,REPLAY,current_status,I027:mass_transport:0,I027,mass_transport,w-pc-10,4,No unit able to provide mass transport could reach this ward within 45 minutes without pulling a unit off a higher-severity ward.
570.0,2025-09-28T20:30:00Z,REPLAY,current_status,I027:mass_transport:1,I027,mass_transport,w-pc-10,4,No unit able to provide mass transport could reach this ward within 45 minutes without pulling a unit off a higher-severity ward.
570.0,2025-09-28T20:30:00Z,REPLAY,current_status,I029:mass_transport:0,I029,mass_transport,w-pc-13,4,No unit able to provide mass transport could reach this ward within 45 minutes without pulling a unit off a higher-severity ward.
570.0,2025-09-28T20:30:00Z,REPLAY,current_status,I030:mass_transport:0,I030,mass_transport,w-pc-06,4,No unit able to provide mass transport could reach this ward within 45 minutes without pulling a unit off a higher-severity ward.
570.0,2025-09-28T20:30:00Z,REPLAY,current_status,I030:mass_transport:1,I030,mass_transport,w-pc-06,4,No unit able to provide mass transport could reach this ward within 45 minutes without pulling a unit off a higher-severity ward.
570.0,2025-09-28T20:30:00Z,REPLAY,current_status,I035:mass_transport:0,I035,mass_transport,w-pc-11,5,No unit able to provide mass transport could reach this ward within 45 minutes without pulling a unit off a higher-severity ward.
570.0,2025-09-28T20:30:00Z,REPLAY,current_status,I035:mass_transport:1,I035,mass_transport,w-pc-11,5,No unit able to provide mass transport could reach this ward within 45 minutes without pulling a unit off a higher-severity ward.
570.0,2025-09-28T20:30:00Z,REPLAY,current_status,I035:mass_transport:2,I035,mass_transport,w-pc-11,5,No unit able to provide mass transport could reach this ward within 45 minutes without pulling a unit off a higher-severity ward.
570.0,2025-09-28T20:30:00Z,REPLAY,current_status,I038:mass_transport:0,I038,mass_transport,w-pc-11,4,No unit able to provide mass transport could reach this ward within 45 minutes without pulling a unit off a higher-severity ward.
570.0,2025-09-28T20:30:00Z,REPLAY,current_status,I038:mass_transport:1,I038,mass_transport,w-pc-11,4,No unit able to provide mass transport could reach this ward within 45 minutes without pulling a unit off a higher-severity ward.
570.0,2025-09-28T20:30:00Z,REPLAY,current_status,I039:mass_transport:0,I039,mass_transport,w-pc-13,4,No unit able to provide mass transport could reach this ward within 45 minutes without pulling a unit off a higher-severity ward.
570.0,2025-09-28T20:30:00Z,REPLAY,current_status,I042:mass_transport:0,I042,mass_transport,w-pc-02,4,No unit able to provide mass transport could reach this ward within 45 minutes without pulling a unit off a higher-severity ward.
570.0,2025-09-28T20:30:00Z,REPLAY,current_status,I042:mass_transport:1,I042,mass_transport,w-pc-02,4,No unit able to provide mass transport could reach this ward within 45 minutes without pulling a unit off a higher-severity ward.
570.0,2025-09-28T20:30:00Z,REPLAY,current_status,I046:mass_transport:0,I046,mass_transport,w-pc-11,5,No unit able to provide mass transport could reach this ward within 45 minutes without pulling a unit off a higher-severity ward.
570.0,2025-09-28T20:30:00Z,REPLAY,current_status,I046:mass_transport:1,I046,mass_transport,w-pc-11,5,No unit able to provide mass transport could reach this ward within 45 minutes without pulling a unit off a higher-severity ward.
570.0,2025-09-28T20:30:00Z,REPLAY,current_status,I046:mass_transport:2,I046,mass_transport,w-pc-11,5,No unit able to provide mass transport could reach this ward within 45 minutes without pulling a unit off a higher-severity ward.
570.0,2025-09-28T20:30:00Z,REPLAY,current_status,I048:mass_transport:0,I048,mass_transport,w-pc-07,5,No unit able to provide mass transport could reach this ward within 45 minutes without pulling a unit off a higher-severity ward.
570.0,2025-09-28T20:30:00Z,REPLAY,current_status,I048:mass_transport:1,I048,mass_transport,w-pc-07,5,No unit able to provide mass transport could reach this ward within 45 minutes without pulling a unit off a higher-severity ward.
570.0,2025-09-28T20:30:00Z,REPLAY,current_status,I048:mass_transport:2,I048,mass_transport,w-pc-07,5,No unit able to provide mass transport could reach this ward within 45 minutes without pulling a unit off a higher-severity ward.
570.0,2025-09-28T20:30:00Z,REPLAY,current_status,I054:mass_transport:0,I054,mass_transport,w-pc-10,5,No unit able to provide mass transport could reach this ward within 45 minutes without pulling a unit off a higher-severity ward.
570.0,2025-09-28T20:30:00Z,REPLAY,current_status,I054:mass_transport:1,I054,mass_transport,w-pc-10,5,No unit able to provide mass transport could reach this ward within 45 minutes without pulling a unit off a higher-severity ward.
570.0,2025-09-28T20:30:00Z,REPLAY,current_status,I054:mass_transport:2,I054,mass_transport,w-pc-10,5,No unit able to provide mass transport could reach this ward within 45 minutes without pulling a unit off a higher-severity ward.
570.0,2025-09-28T20:30:00Z,REPLAY,current_status,I057:mass_transport:0,I057,mass_transport,w-pc-02,4,No unit able to provide mass transport could reach this ward within 45 minutes without pulling a unit off a higher-severity ward.
570.0,2025-09-28T20:30:00Z,REPLAY,current_status,I057:mass_transport:1,I057,mass_transport,w-pc-02,4,No unit able to provide mass transport could reach this ward within 45 minutes without pulling a unit off a higher-severity ward.
570.0,2025-09-28T20:30:00Z,REPLAY,current_status,I060:mass_transport:0,I060,mass_transport,w-pc-06,5,No unit able to provide mass transport could reach this ward within 45 minutes without pulling a unit off a higher-severity ward.
570.0,2025-09-28T20:30:00Z,REPLAY,current_status,I060:mass_transport:1,I060,mass_transport,w-pc-06,5,No unit able to provide mass transport could reach this ward within 45 minutes without pulling a unit off a higher-severity ward.
570.0,2025-09-28T20:30:00Z,REPLAY,current_status,I060:mass_transport:2,I060,mass_transport,w-pc-06,5,No unit able to provide mass transport could reach this ward within 45 minutes without pulling a unit off a higher-severity ward.
570.0,2025-09-28T20:30:00Z,REPLAY,current_status,I061:mass_transport:0,I061,mass_transport,w-pc-11,5,No unit able to provide mass transport could reach this ward within 45 minutes without pulling a unit off a higher-severity ward.
570.0,2025-09-28T20:30:00Z,REPLAY,current_status,I061:mass_transport:1,I061,mass_transport,w-pc-11,5,No unit able to provide mass transport could reach this ward within 45 minutes without pulling a unit off a higher-severity ward.
570.0,2025-09-28T20:30:00Z,REPLAY,current_status,I061:mass_transport:2,I061,mass_transport,w-pc-11,5,No unit able to provide mass transport could reach this ward within 45 minutes without pulling a unit off a higher-severity ward.
570.0,2025-09-28T20:30:00Z,REPLAY,current_status,I062:mass_transport:0,I062,mass_transport,w-pc-10,4,No unit able to provide mass transport could reach this ward within 45 minutes without pulling a unit off a higher-severity ward.
570.0,2025-09-28T20:30:00Z,REPLAY,current_status,I062:mass_transport:1,I062,mass_transport,w-pc-10,4,No unit able to provide mass transport could reach this ward within 45 minutes without pulling a unit off a higher-severity ward.
570.0,2025-09-28T20:30:00Z,REPLAY,current_status,I063:mass_transport:0,I063,mass_transport,w-pc-13,5,No unit able to provide mass transport could reach this ward within 45 minutes without pulling a unit off a higher-severity ward.
570.0,2025-09-28T20:30:00Z,REPLAY,current_status,I063:mass_transport:1,I063,mass_transport,w-pc-13,5,No unit able to provide mass transport could reach this ward within 45 minutes without pulling a unit off a higher-severity ward.
570.0,2025-09-28T20:30:00Z,REPLAY,current_status,I063:mass_transport:2,I063,mass_transport,w-pc-13,5,No unit able to provide mass transport could reach this ward within 45 minutes without pulling a unit off a higher-severity ward.
570.0,2025-09-28T20:30:00Z,REPLAY,current_status,I065:mass_transport:0,I065,mass_transport,w-pc-11,4,No unit able to provide mass transport could reach this ward within 45 minutes without pulling a unit off a higher-severity ward.
570.0,2025-09-28T20:30:00Z,REPLAY,current_status,I065:mass_transport:1,I065,mass_transport,w-pc-11,4,No unit able to provide mass transport could reach this ward within 45 minutes without pulling a unit off a higher-severity ward.
570.0,2025-09-28T20:30:00Z,REPLAY,current_status,I068:mass_transport:0,I068,mass_transport,w-pc-10,4,No unit able to provide mass transport could reach this ward within 45 minutes without pulling a unit off a higher-severity ward.
570.0,2025-09-28T20:30:00Z,REPLAY,current_status,I068:mass_transport:1,I068,mass_transport,w-pc-10,4,No unit able to provide mass transport could reach this ward within 45 minutes without pulling a unit off a higher-severity ward.
570.0,2025-09-28T20:30:00Z,REPLAY,current_status,I071:mass_transport:0,I071,mass_transport,w-pc-07,4,No unit able to provide mass transport could reach this ward within 45 minutes without pulling a unit off a higher-severity ward.
570.0,2025-09-28T20:30:00Z,REPLAY,current_status,I071:mass_transport:1,I071,mass_transport,w-pc-07,4,No unit able to provide mass transport could reach this ward within 45 minutes without pulling a unit off a higher-severity ward.
570.0,2025-09-28T20:30:00Z,REPLAY,current_status,I072:mass_transport:0,I072,mass_transport,w-pc-14,4,No unit able to provide mass transport could reach this ward within 45 minutes without pulling a unit off a higher-severity ward.
570.0,2025-09-28T20:30:00Z,REPLAY,current_status,I072:mass_transport:1,I072,mass_transport,w-pc-14,4,No unit able to provide mass transport could reach this ward within 45 minutes without pulling a unit off a higher-severity ward.
570.0,2025-09-28T20:30:00Z,REPLAY,current_status,I074:mass_transport:0,I074,mass_transport,w-pc-02,4,No unit able to provide mass transport could reach this ward within 45 minutes without pulling a unit off a higher-severity ward.
570.0,2025-09-28T20:30:00Z,REPLAY,current_status,I074:mass_transport:1,I074,mass_transport,w-pc-02,4,No unit able to provide mass transport could reach this ward within 45 minutes without pulling a unit off a higher-severity ward.
570.0,2025-09-28T20:30:00Z,REPLAY,current_status,I077:mass_transport:0,I077,mass_transport,w-pc-13,5,No unit able to provide mass transport could reach this ward within 45 minutes without pulling a unit off a higher-severity ward.
570.0,2025-09-28T20:30:00Z,REPLAY,current_status,I077:mass_transport:1,I077,mass_transport,w-pc-13,5,No unit able to provide mass transport could reach this ward within 45 minutes without pulling a unit off a higher-severity ward.
570.0,2025-09-28T20:30:00Z,REPLAY,current_status,I077:mass_transport:2,I077,mass_transport,w-pc-13,5,No unit able to provide mass transport could reach this ward within 45 minutes without pulling a unit off a higher-severity ward.
570.0,2025-09-28T20:30:00Z,REPLAY,current_status,I078:mass_transport:0,I078,mass_transport,w-pc-04,4,No unit able to provide mass transport could reach this ward within 45 minutes without pulling a unit off a higher-severity ward.
570.0,2025-09-28T20:30:00Z,REPLAY,current_status,I078:mass_transport:1,I078,mass_transport,w-pc-04,4,No unit able to provide mass transport could reach this ward within 45 minutes without pulling a unit off a higher-severity ward.
570.0,2025-09-28T20:30:00Z,REPLAY,current_status,I078:dewatering:0,I078,dewatering,w-pc-04,4,No unit able to provide dewatering could reach this ward within 45 minutes without pulling a unit off a higher-severity ward.
570.0,2025-09-28T20:30:00Z,REPLAY,current_status,I079:mass_transport:0,I079,mass_transport,w-pc-07,4,No unit able to provide mass transport could reach this ward within 45 minutes without pulling a unit off a higher-severity ward.
570.0,2025-09-28T20:30:00Z,REPLAY,current_status,I079:mass_transport:1,I079,mass_transport,w-pc-07,4,No unit able to provide mass transport could reach this ward within 45 minutes without pulling a unit off a higher-severity ward.
570.0,2025-09-28T20:30:00Z,REPLAY,current_status,I085:mass_transport:0,I085,mass_transport,w-pc-09,4,No unit able to provide mass transport could reach this ward within 45 minutes without pulling a unit off a higher-severity ward.
570.0,2025-09-28T20:30:00Z,REPLAY,current_status,I085:mass_transport:1,I085,mass_transport,w-pc-09,4,No unit able to provide mass transport could reach this ward within 45 minutes without pulling a unit off a higher-severity ward.
570.0,2025-09-28T20:30:00Z,REPLAY,current_status,I085:dewatering:0,I085,dewatering,w-pc-09,4,No unit able to provide dewatering could reach this ward within 45 minutes without pulling a unit off a higher-severity ward.
570.0,2025-09-28T20:30:00Z,REPLAY,current_status,I088:mass_transport:0,I088,mass_transport,w-pc-13,4,No unit able to provide mass transport could reach this ward within 45 minutes without pulling a unit off a higher-severity ward.
570.0,2025-09-28T20:30:00Z,REPLAY,current_status,I090:mass_transport:0,I090,mass_transport,w-pc-11,5,No unit able to provide mass transport could reach this ward within 45 minutes without pulling a unit off a higher-severity ward.
570.0,2025-09-28T20:30:00Z,REPLAY,current_status,I090:mass_transport:1,I090,mass_transport,w-pc-11,5,No unit able to provide mass transport could reach this ward within 45 minutes without pulling a unit off a higher-severity ward.
570.0,2025-09-28T20:30:00Z,REPLAY,current_status,I090:mass_transport:2,I090,mass_transport,w-pc-11,5,No unit able to provide mass transport could reach this ward within 45 minutes without pulling a unit off a higher-severity ward.
570.0,2025-09-28T20:30:00Z,REPLAY,current_status,I091:mass_transport:0,I091,mass_transport,w-pc-11,4,No unit able to provide mass transport could reach this ward within 45 minutes without pulling a unit off a higher-severity ward.
570.0,2025-09-28T20:30:00Z,REPLAY,current_status,I091:mass_transport:1,I091,mass_transport,w-pc-11,4,No unit able to provide mass transport could reach this ward within 45 minutes without pulling a unit off a higher-severity ward.
570.0,2025-09-28T20:30:00Z,REPLAY,current_status,I093:mass_transport:0,I093,mass_transport,w-pc-07,4,No unit able to provide mass transport could reach this ward within 45 minutes without pulling a unit off a higher-severity ward.
570.0,2025-09-28T20:30:00Z,REPLAY,current_status,I096:water_rescue:0,I096,water_rescue,w-pc-11,5,No unit able to provide water rescue could reach this ward within 45 minutes without pulling a unit off a higher-severity ward.
570.0,2025-09-28T20:30:00Z,REPLAY,current_status,I096:mass_transport:0,I096,mass_transport,w-pc-11,5,No unit able to provide mass transport could reach this ward within 45 minutes without pulling a unit off a higher-severity ward.
570.0,2025-09-28T20:30:00Z,REPLAY,current_status,I096:mass_transport:1,I096,mass_transport,w-pc-11,5,No unit able to provide mass transport could reach this ward within 45 minutes without pulling a unit off a higher-severity ward.
570.0,2025-09-28T20:30:00Z,REPLAY,current_status,I096:mass_transport:2,I096,mass_transport,w-pc-11,5,No unit able to provide mass transport could reach this ward within 45 minutes without pulling a unit off a higher-severity ward.
570.0,2025-09-28T20:30:00Z,REPLAY,current_status,I099:mass_transport:0,I099,mass_transport,w-pc-06,4,No unit able to provide mass transport could reach this ward within 45 minutes without pulling a unit off a higher-severity ward.
570.0,2025-09-28T20:30:00Z,REPLAY,current_status,I099:mass_transport:1,I099,mass_transport,w-pc-06,4,No unit able to provide mass transport could reach this ward within 45 minutes without pulling a unit off a higher-severity ward.
570.0,2025-09-28T20:30:00Z,REPLAY,current_status,I102:medical_transport:0,I102,medical_transport,w-pc-09,4,No unit able to provide medical transport could reach this ward within 45 minutes without pulling a unit off a higher-severity ward.
570.0,2025-09-28T20:30:00Z,REPLAY,current_status,I104:mass_transport:0,I104,mass_transport,w-pc-11,4,No unit able to provide mass transport could reach this ward within 45 minutes without pulling a unit off a higher-severity ward.
570.0,2025-09-28T20:30:00Z,REPLAY,current_status,I104:mass_transport:1,I104,mass_transport,w-pc-11,4,No unit able to provide mass transport could reach this ward within 45 minutes without pulling a unit off a higher-severity ward.
570.0,2025-09-28T20:30:00Z,REPLAY,current_status,I104:dewatering:0,I104,dewatering,w-pc-11,4,No unit able to provide dewatering could reach this ward within 45 minutes without pulling a unit off a higher-severity ward.
570.0,2025-09-28T20:30:00Z,REPLAY,current_status,I105:field_assessment:0,I105,field_assessment,w-pc-02,2,No unit able to provide field assessment could reach this ward within 45 minutes without pulling a unit off a higher-severity ward.
570.0,2025-09-28T20:30:00Z,REPLAY,current_status,I106:mass_transport:0,I106,mass_transport,w-pc-07,5,No unit able to provide mass transport could reach this ward within 45 minutes without pulling a unit off a higher-severity ward.
570.0,2025-09-28T20:30:00Z,REPLAY,current_status,I106:mass_transport:1,I106,mass_transport,w-pc-07,5,No unit able to provide mass transport could reach this ward within 45 minutes without pulling a unit off a higher-severity ward.
570.0,2025-09-28T20:30:00Z,REPLAY,current_status,I106:mass_transport:2,I106,mass_transport,w-pc-07,5,No unit able to provide mass transport could reach this ward within 45 minutes without pulling a unit off a higher-severity ward.
570.0,2025-09-28T20:30:00Z,REPLAY,current_status,I107:field_assessment:0,I107,field_assessment,w-pc-11,2,No unit able to provide field assessment could reach this ward within 45 minutes without pulling a unit off a higher-severity ward.
570.0,2025-09-28T20:30:00Z,REPLAY,current_status,I108:field_assessment:0,I108,field_assessment,w-pc-02,2,No unit able to provide field assessment could reach this ward within 45 minutes without pulling a unit off a higher-severity ward.
570.0,2025-09-28T20:30:00Z,REPLAY,current_status,I109:field_assessment:0,I109,field_assessment,w-pc-13,2,No unit able to provide field assessment could reach this ward within 45 minutes without pulling a unit off a higher-severity ward.
570.0,2025-09-28T20:30:00Z,REPLAY,current_status,I110:field_assessment:0,I110,field_assessment,w-pc-02,2,No unit able to provide field assessment could reach this ward within 45 minutes without pulling a unit off a higher-severity ward.
570.0,2025-09-28T20:30:00Z,REPLAY,current_status,I112:field_assessment:0,I112,field_assessment,w-pc-12,2,No unit able to provide field assessment could reach this ward within 45 minutes without pulling a unit off a higher-severity ward.
570.0,2025-09-28T20:30:00Z,REPLAY,current_status,I113:medical_transport:0,I113,medical_transport,w-pc-11,4,No unit able to provide medical transport could reach this ward within 45 minutes without pulling a unit off a higher-severity ward.
570.0,2025-09-28T20:30:00Z,REPLAY,current_status,I113:traffic_control:0,I113,traffic_control,w-pc-11,4,No unit able to provide traffic control could reach this ward within 45 minutes without pulling a unit off a higher-severity ward.
570.0,2025-09-28T20:30:00Z,REPLAY,current_status,I114:field_assessment:0,I114,field_assessment,w-pc-11,2,No unit able to provide field assessment could reach this ward within 45 minutes without pulling a unit off a higher-severity ward.
570.0,2025-09-28T20:30:00Z,REPLAY,current_status,I115:field_assessment:0,I115,field_assessment,w-pc-14,2,No unit able to provide field assessment could reach this ward within 45 minutes without pulling a unit off a higher-severity ward.
570.0,2025-09-28T20:30:00Z,REPLAY,current_status,I116:field_assessment:0,I116,field_assessment,w-pc-06,2,No unit able to provide field assessment could reach this ward within 45 minutes without pulling a unit off a higher-severity ward.
580.0,2025-09-28T20:40:00Z,REPLAY,current_status,I001:mass_transport:0,I001,mass_transport,w-pc-11,5,No unit able to provide mass transport could reach this ward within 45 minutes without pulling a unit off a higher-severity ward.
580.0,2025-09-28T20:40:00Z,REPLAY,current_status,I001:mass_transport:1,I001,mass_transport,w-pc-11,5,No unit able to provide mass transport could reach this ward within 45 minutes without pulling a unit off a higher-severity ward.
580.0,2025-09-28T20:40:00Z,REPLAY,current_status,I001:mass_transport:2,I001,mass_transport,w-pc-11,5,No unit able to provide mass transport could reach this ward within 45 minutes without pulling a unit off a higher-severity ward.
580.0,2025-09-28T20:40:00Z,REPLAY,current_status,I006:mass_transport:0,I006,mass_transport,w-pc-14,5,No unit able to provide mass transport could reach this ward within 45 minutes without pulling a unit off a higher-severity ward.
580.0,2025-09-28T20:40:00Z,REPLAY,current_status,I006:mass_transport:1,I006,mass_transport,w-pc-14,5,No unit able to provide mass transport could reach this ward within 45 minutes without pulling a unit off a higher-severity ward.
580.0,2025-09-28T20:40:00Z,REPLAY,current_status,I006:mass_transport:2,I006,mass_transport,w-pc-14,5,No unit able to provide mass transport could reach this ward within 45 minutes without pulling a unit off a higher-severity ward.
580.0,2025-09-28T20:40:00Z,REPLAY,current_status,I009:mass_transport:0,I009,mass_transport,w-pc-07,4,No unit able to provide mass transport could reach this ward within 45 minutes without pulling a unit off a higher-severity ward.
580.0,2025-09-28T20:40:00Z,REPLAY,current_status,I009:mass_transport:1,I009,mass_transport,w-pc-07,4,No unit able to provide mass transport could reach this ward within 45 minutes without pulling a unit off a higher-severity ward.
580.0,2025-09-28T20:40:00Z,REPLAY,current_status,I011:mass_transport:0,I011,mass_transport,w-pc-14,4,No unit able to provide mass transport could reach this ward within 45 minutes without pulling a unit off a higher-severity ward.
580.0,2025-09-28T20:40:00Z,REPLAY,current_status,I011:mass_transport:1,I011,mass_transport,w-pc-14,4,No unit able to provide mass transport could reach this ward within 45 minutes without pulling a unit off a higher-severity ward.
580.0,2025-09-28T20:40:00Z,REPLAY,current_status,I015:mass_transport:0,I015,mass_transport,w-pc-11,4,No unit able to provide mass transport could reach this ward within 45 minutes without pulling a unit off a higher-severity ward.
580.0,2025-09-28T20:40:00Z,REPLAY,current_status,I015:mass_transport:1,I015,mass_transport,w-pc-11,4,No unit able to provide mass transport could reach this ward within 45 minutes without pulling a unit off a higher-severity ward.
580.0,2025-09-28T20:40:00Z,REPLAY,current_status,I017:mass_transport:0,I017,mass_transport,w-pc-07,5,No unit able to provide mass transport could reach this ward within 45 minutes without pulling a unit off a higher-severity ward.
580.0,2025-09-28T20:40:00Z,REPLAY,current_status,I024:mass_transport:0,I024,mass_transport,w-pc-06,4,No unit able to provide mass transport could reach this ward within 45 minutes without pulling a unit off a higher-severity ward.
580.0,2025-09-28T20:40:00Z,REPLAY,current_status,I024:mass_transport:1,I024,mass_transport,w-pc-06,4,No unit able to provide mass transport could reach this ward within 45 minutes without pulling a unit off a higher-severity ward.
580.0,2025-09-28T20:40:00Z,REPLAY,current_status,I027:mass_transport:0,I027,mass_transport,w-pc-10,4,No unit able to provide mass transport could reach this ward within 45 minutes without pulling a unit off a higher-severity ward.
580.0,2025-09-28T20:40:00Z,REPLAY,current_status,I027:mass_transport:1,I027,mass_transport,w-pc-10,4,No unit able to provide mass transport could reach this ward within 45 minutes without pulling a unit off a higher-severity ward.
580.0,2025-09-28T20:40:00Z,REPLAY,current_status,I029:mass_transport:0,I029,mass_transport,w-pc-13,4,No unit able to provide mass transport could reach this ward within 45 minutes without pulling a unit off a higher-severity ward.
580.0,2025-09-28T20:40:00Z,REPLAY,current_status,I030:mass_transport:0,I030,mass_transport,w-pc-06,4,No unit able to provide mass transport could reach this ward within 45 minutes without pulling a unit off a higher-severity ward.
580.0,2025-09-28T20:40:00Z,REPLAY,current_status,I030:mass_transport:1,I030,mass_transport,w-pc-06,4,No unit able to provide mass transport could reach this ward within 45 minutes without pulling a unit off a higher-severity ward.
580.0,2025-09-28T20:40:00Z,REPLAY,current_status,I035:mass_transport:0,I035,mass_transport,w-pc-11,5,No unit able to provide mass transport could reach this ward within 45 minutes without pulling a unit off a higher-severity ward.
580.0,2025-09-28T20:40:00Z,REPLAY,current_status,I035:mass_transport:1,I035,mass_transport,w-pc-11,5,No unit able to provide mass transport could reach this ward within 45 minutes without pulling a unit off a higher-severity ward.
580.0,2025-09-28T20:40:00Z,REPLAY,current_status,I035:mass_transport:2,I035,mass_transport,w-pc-11,5,No unit able to provide mass transport could reach this ward within 45 minutes without pulling a unit off a higher-severity ward.
580.0,2025-09-28T20:40:00Z,REPLAY,current_status,I038:mass_transport:0,I038,mass_transport,w-pc-11,4,No unit able to provide mass transport could reach this ward within 45 minutes without pulling a unit off a higher-severity ward.
580.0,2025-09-28T20:40:00Z,REPLAY,current_status,I038:mass_transport:1,I038,mass_transport,w-pc-11,4,No unit able to provide mass transport could reach this ward within 45 minutes without pulling a unit off a higher-severity ward.
580.0,2025-09-28T20:40:00Z,REPLAY,current_status,I039:mass_transport:0,I039,mass_transport,w-pc-13,4,No unit able to provide mass transport could reach this ward within 45 minutes without pulling a unit off a higher-severity ward.
580.0,2025-09-28T20:40:00Z,REPLAY,current_status,I042:mass_transport:0,I042,mass_transport,w-pc-02,4,No unit able to provide mass transport could reach this ward within 45 minutes without pulling a unit off a higher-severity ward.
580.0,2025-09-28T20:40:00Z,REPLAY,current_status,I042:mass_transport:1,I042,mass_transport,w-pc-02,4,No unit able to provide mass transport could reach this ward within 45 minutes without pulling a unit off a higher-severity ward.
580.0,2025-09-28T20:40:00Z,REPLAY,current_status,I046:mass_transport:0,I046,mass_transport,w-pc-11,5,No unit able to provide mass transport could reach this ward within 45 minutes without pulling a unit off a higher-severity ward.
580.0,2025-09-28T20:40:00Z,REPLAY,current_status,I046:mass_transport:1,I046,mass_transport,w-pc-11,5,No unit able to provide mass transport could reach this ward within 45 minutes without pulling a unit off a higher-severity ward.
580.0,2025-09-28T20:40:00Z,REPLAY,current_status,I046:mass_transport:2,I046,mass_transport,w-pc-11,5,No unit able to provide mass transport could reach this ward within 45 minutes without pulling a unit off a higher-severity ward.
580.0,2025-09-28T20:40:00Z,REPLAY,current_status,I048:mass_transport:0,I048,mass_transport,w-pc-07,5,No unit able to provide mass transport could reach this ward within 45 minutes without pulling a unit off a higher-severity ward.
580.0,2025-09-28T20:40:00Z,REPLAY,current_status,I048:mass_transport:1,I048,mass_transport,w-pc-07,5,No unit able to provide mass transport could reach this ward within 45 minutes without pulling a unit off a higher-severity ward.
580.0,2025-09-28T20:40:00Z,REPLAY,current_status,I048:mass_transport:2,I048,mass_transport,w-pc-07,5,No unit able to provide mass transport could reach this ward within 45 minutes without pulling a unit off a higher-severity ward.
580.0,2025-09-28T20:40:00Z,REPLAY,current_status,I054:mass_transport:0,I054,mass_transport,w-pc-10,5,No unit able to provide mass transport could reach this ward within 45 minutes without pulling a unit off a higher-severity ward.
580.0,2025-09-28T20:40:00Z,REPLAY,current_status,I054:mass_transport:1,I054,mass_transport,w-pc-10,5,No unit able to provide mass transport could reach this ward within 45 minutes without pulling a unit off a higher-severity ward.
580.0,2025-09-28T20:40:00Z,REPLAY,current_status,I054:mass_transport:2,I054,mass_transport,w-pc-10,5,No unit able to provide mass transport could reach this ward within 45 minutes without pulling a unit off a higher-severity ward.
580.0,2025-09-28T20:40:00Z,REPLAY,current_status,I057:mass_transport:0,I057,mass_transport,w-pc-02,4,No unit able to provide mass transport could reach this ward within 45 minutes without pulling a unit off a higher-severity ward.
580.0,2025-09-28T20:40:00Z,REPLAY,current_status,I057:mass_transport:1,I057,mass_transport,w-pc-02,4,No unit able to provide mass transport could reach this ward within 45 minutes without pulling a unit off a higher-severity ward.
580.0,2025-09-28T20:40:00Z,REPLAY,current_status,I060:mass_transport:0,I060,mass_transport,w-pc-06,5,No unit able to provide mass transport could reach this ward within 45 minutes without pulling a unit off a higher-severity ward.
580.0,2025-09-28T20:40:00Z,REPLAY,current_status,I060:mass_transport:1,I060,mass_transport,w-pc-06,5,No unit able to provide mass transport could reach this ward within 45 minutes without pulling a unit off a higher-severity ward.
580.0,2025-09-28T20:40:00Z,REPLAY,current_status,I060:mass_transport:2,I060,mass_transport,w-pc-06,5,No unit able to provide mass transport could reach this ward within 45 minutes without pulling a unit off a higher-severity ward.
580.0,2025-09-28T20:40:00Z,REPLAY,current_status,I061:mass_transport:0,I061,mass_transport,w-pc-11,5,No unit able to provide mass transport could reach this ward within 45 minutes without pulling a unit off a higher-severity ward.
580.0,2025-09-28T20:40:00Z,REPLAY,current_status,I061:mass_transport:1,I061,mass_transport,w-pc-11,5,No unit able to provide mass transport could reach this ward within 45 minutes without pulling a unit off a higher-severity ward.
580.0,2025-09-28T20:40:00Z,REPLAY,current_status,I061:mass_transport:2,I061,mass_transport,w-pc-11,5,No unit able to provide mass transport could reach this ward within 45 minutes without pulling a unit off a higher-severity ward.
580.0,2025-09-28T20:40:00Z,REPLAY,current_status,I062:mass_transport:0,I062,mass_transport,w-pc-10,4,No unit able to provide mass transport could reach this ward within 45 minutes without pulling a unit off a higher-severity ward.
580.0,2025-09-28T20:40:00Z,REPLAY,current_status,I062:mass_transport:1,I062,mass_transport,w-pc-10,4,No unit able to provide mass transport could reach this ward within 45 minutes without pulling a unit off a higher-severity ward.
580.0,2025-09-28T20:40:00Z,REPLAY,current_status,I063:mass_transport:0,I063,mass_transport,w-pc-13,5,No unit able to provide mass transport could reach this ward within 45 minutes without pulling a unit off a higher-severity ward.
580.0,2025-09-28T20:40:00Z,REPLAY,current_status,I063:mass_transport:1,I063,mass_transport,w-pc-13,5,No unit able to provide mass transport could reach this ward within 45 minutes without pulling a unit off a higher-severity ward.
580.0,2025-09-28T20:40:00Z,REPLAY,current_status,I063:mass_transport:2,I063,mass_transport,w-pc-13,5,No unit able to provide mass transport could reach this ward within 45 minutes without pulling a unit off a higher-severity ward.
580.0,2025-09-28T20:40:00Z,REPLAY,current_status,I065:mass_transport:0,I065,mass_transport,w-pc-11,4,No unit able to provide mass transport could reach this ward within 45 minutes without pulling a unit off a higher-severity ward.
580.0,2025-09-28T20:40:00Z,REPLAY,current_status,I065:mass_transport:1,I065,mass_transport,w-pc-11,4,No unit able to provide mass transport could reach this ward within 45 minutes without pulling a unit off a higher-severity ward.
580.0,2025-09-28T20:40:00Z,REPLAY,current_status,I068:mass_transport:0,I068,mass_transport,w-pc-10,4,No unit able to provide mass transport could reach this ward within 45 minutes without pulling a unit off a higher-severity ward.
580.0,2025-09-28T20:40:00Z,REPLAY,current_status,I068:mass_transport:1,I068,mass_transport,w-pc-10,4,No unit able to provide mass transport could reach this ward within 45 minutes without pulling a unit off a higher-severity ward.
580.0,2025-09-28T20:40:00Z,REPLAY,current_status,I071:mass_transport:0,I071,mass_transport,w-pc-07,4,No unit able to provide mass transport could reach this ward within 45 minutes without pulling a unit off a higher-severity ward.
580.0,2025-09-28T20:40:00Z,REPLAY,current_status,I071:mass_transport:1,I071,mass_transport,w-pc-07,4,No unit able to provide mass transport could reach this ward within 45 minutes without pulling a unit off a higher-severity ward.
580.0,2025-09-28T20:40:00Z,REPLAY,current_status,I072:mass_transport:0,I072,mass_transport,w-pc-14,4,No unit able to provide mass transport could reach this ward within 45 minutes without pulling a unit off a higher-severity ward.
580.0,2025-09-28T20:40:00Z,REPLAY,current_status,I072:mass_transport:1,I072,mass_transport,w-pc-14,4,No unit able to provide mass transport could reach this ward within 45 minutes without pulling a unit off a higher-severity ward.
580.0,2025-09-28T20:40:00Z,REPLAY,current_status,I074:mass_transport:0,I074,mass_transport,w-pc-02,4,No unit able to provide mass transport could reach this ward within 45 minutes without pulling a unit off a higher-severity ward.
580.0,2025-09-28T20:40:00Z,REPLAY,current_status,I074:mass_transport:1,I074,mass_transport,w-pc-02,4,No unit able to provide mass transport could reach this ward within 45 minutes without pulling a unit off a higher-severity ward.
580.0,2025-09-28T20:40:00Z,REPLAY,current_status,I077:mass_transport:0,I077,mass_transport,w-pc-13,5,No unit able to provide mass transport could reach this ward within 45 minutes without pulling a unit off a higher-severity ward.
580.0,2025-09-28T20:40:00Z,REPLAY,current_status,I077:mass_transport:1,I077,mass_transport,w-pc-13,5,No unit able to provide mass transport could reach this ward within 45 minutes without pulling a unit off a higher-severity ward.
580.0,2025-09-28T20:40:00Z,REPLAY,current_status,I077:mass_transport:2,I077,mass_transport,w-pc-13,5,No unit able to provide mass transport could reach this ward within 45 minutes without pulling a unit off a higher-severity ward.
580.0,2025-09-28T20:40:00Z,REPLAY,current_status,I078:mass_transport:0,I078,mass_transport,w-pc-04,4,No unit able to provide mass transport could reach this ward within 45 minutes without pulling a unit off a higher-severity ward.
580.0,2025-09-28T20:40:00Z,REPLAY,current_status,I078:mass_transport:1,I078,mass_transport,w-pc-04,4,No unit able to provide mass transport could reach this ward within 45 minutes without pulling a unit off a higher-severity ward.
580.0,2025-09-28T20:40:00Z,REPLAY,current_status,I078:dewatering:0,I078,dewatering,w-pc-04,4,No unit able to provide dewatering could reach this ward within 45 minutes without pulling a unit off a higher-severity ward.
580.0,2025-09-28T20:40:00Z,REPLAY,current_status,I079:mass_transport:0,I079,mass_transport,w-pc-07,4,No unit able to provide mass transport could reach this ward within 45 minutes without pulling a unit off a higher-severity ward.
580.0,2025-09-28T20:40:00Z,REPLAY,current_status,I079:mass_transport:1,I079,mass_transport,w-pc-07,4,No unit able to provide mass transport could reach this ward within 45 minutes without pulling a unit off a higher-severity ward.
580.0,2025-09-28T20:40:00Z,REPLAY,current_status,I085:mass_transport:0,I085,mass_transport,w-pc-09,4,No unit able to provide mass transport could reach this ward within 45 minutes without pulling a unit off a higher-severity ward.
580.0,2025-09-28T20:40:00Z,REPLAY,current_status,I085:mass_transport:1,I085,mass_transport,w-pc-09,4,No unit able to provide mass transport could reach this ward within 45 minutes without pulling a unit off a higher-severity ward.
580.0,2025-09-28T20:40:00Z,REPLAY,current_status,I085:dewatering:0,I085,dewatering,w-pc-09,4,No unit able to provide dewatering could reach this ward within 45 minutes without pulling a unit off a higher-severity ward.
580.0,2025-09-28T20:40:00Z,REPLAY,current_status,I088:mass_transport:0,I088,mass_transport,w-pc-13,4,No unit able to provide mass transport could reach this ward within 45 minutes without pulling a unit off a higher-severity ward.
580.0,2025-09-28T20:40:00Z,REPLAY,current_status,I090:mass_transport:0,I090,mass_transport,w-pc-11,5,No unit able to provide mass transport could reach this ward within 45 minutes without pulling a unit off a higher-severity ward.
580.0,2025-09-28T20:40:00Z,REPLAY,current_status,I090:mass_transport:1,I090,mass_transport,w-pc-11,5,No unit able to provide mass transport could reach this ward within 45 minutes without pulling a unit off a higher-severity ward.
580.0,2025-09-28T20:40:00Z,REPLAY,current_status,I090:mass_transport:2,I090,mass_transport,w-pc-11,5,No unit able to provide mass transport could reach this ward within 45 minutes without pulling a unit off a higher-severity ward.
580.0,2025-09-28T20:40:00Z,REPLAY,current_status,I091:mass_transport:0,I091,mass_transport,w-pc-11,4,No unit able to provide mass transport could reach this ward within 45 minutes without pulling a unit off a higher-severity ward.
580.0,2025-09-28T20:40:00Z,REPLAY,current_status,I091:mass_transport:1,I091,mass_transport,w-pc-11,4,No unit able to provide mass transport could reach this ward within 45 minutes without pulling a unit off a higher-severity ward.
580.0,2025-09-28T20:40:00Z,REPLAY,current_status,I093:mass_transport:0,I093,mass_transport,w-pc-07,4,No unit able to provide mass transport could reach this ward within 45 minutes without pulling a unit off a higher-severity ward.
580.0,2025-09-28T20:40:00Z,REPLAY,current_status,I096:water_rescue:0,I096,water_rescue,w-pc-11,5,No unit able to provide water rescue could reach this ward within 45 minutes without pulling a unit off a higher-severity ward.
580.0,2025-09-28T20:40:00Z,REPLAY,current_status,I096:mass_transport:0,I096,mass_transport,w-pc-11,5,No unit able to provide mass transport could reach this ward within 45 minutes without pulling a unit off a higher-severity ward.
580.0,2025-09-28T20:40:00Z,REPLAY,current_status,I096:mass_transport:1,I096,mass_transport,w-pc-11,5,No unit able to provide mass transport could reach this ward within 45 minutes without pulling a unit off a higher-severity ward.
580.0,2025-09-28T20:40:00Z,REPLAY,current_status,I096:mass_transport:2,I096,mass_transport,w-pc-11,5,No unit able to provide mass transport could reach this ward within 45 minutes without pulling a unit off a higher-severity ward.
580.0,2025-09-28T20:40:00Z,REPLAY,current_status,I099:mass_transport:0,I099,mass_transport,w-pc-06,4,No unit able to provide mass transport could reach this ward within 45 minutes without pulling a unit off a higher-severity ward.
580.0,2025-09-28T20:40:00Z,REPLAY,current_status,I099:mass_transport:1,I099,mass_transport,w-pc-06,4,No unit able to provide mass transport could reach this ward within 45 minutes without pulling a unit off a higher-severity ward.
580.0,2025-09-28T20:40:00Z,REPLAY,current_status,I102:medical_transport:0,I102,medical_transport,w-pc-09,4,No unit able to provide medical transport could reach this ward within 45 minutes without pulling a unit off a higher-severity ward.
580.0,2025-09-28T20:40:00Z,REPLAY,current_status,I104:mass_transport:0,I104,mass_transport,w-pc-11,4,No unit able to provide mass transport could reach this ward within 45 minutes without pulling a unit off a higher-severity ward.
580.0,2025-09-28T20:40:00Z,REPLAY,current_status,I104:mass_transport:1,I104,mass_transport,w-pc-11,4,No unit able to provide mass transport could reach this ward within 45 minutes without pulling a unit off a higher-severity ward.
580.0,2025-09-28T20:40:00Z,REPLAY,current_status,I104:dewatering:0,I104,dewatering,w-pc-11,4,No unit able to provide dewatering could reach this ward within 45 minutes without pulling a unit off a higher-severity ward.
580.0,2025-09-28T20:40:00Z,REPLAY,current_status,I105:field_assessment:0,I105,field_assessment,w-pc-02,2,No unit able to provide field assessment could reach this ward within 45 minutes without pulling a unit off a higher-severity ward.
580.0,2025-09-28T20:40:00Z,REPLAY,current_status,I106:mass_transport:0,I106,mass_transport,w-pc-07,5,No unit able to provide mass transport could reach this ward within 45 minutes without pulling a unit off a higher-severity ward.
580.0,2025-09-28T20:40:00Z,REPLAY,current_status,I106:mass_transport:1,I106,mass_transport,w-pc-07,5,No unit able to provide mass transport could reach this ward within 45 minutes without pulling a unit off a higher-severity ward.
580.0,2025-09-28T20:40:00Z,REPLAY,current_status,I106:mass_transport:2,I106,mass_transport,w-pc-07,5,No unit able to provide mass transport could reach this ward within 45 minutes without pulling a unit off a higher-severity ward.
580.0,2025-09-28T20:40:00Z,REPLAY,current_status,I107:field_assessment:0,I107,field_assessment,w-pc-11,2,No unit able to provide field assessment could reach this ward within 45 minutes without pulling a unit off a higher-severity ward.
580.0,2025-09-28T20:40:00Z,REPLAY,current_status,I108:field_assessment:0,I108,field_assessment,w-pc-02,2,No unit able to provide field assessment could reach this ward within 45 minutes without pulling a unit off a higher-severity ward.
580.0,2025-09-28T20:40:00Z,REPLAY,current_status,I109:field_assessment:0,I109,field_assessment,w-pc-13,2,No unit able to provide field assessment could reach this ward within 45 minutes without pulling a unit off a higher-severity ward.
580.0,2025-09-28T20:40:00Z,REPLAY,current_status,I110:field_assessment:0,I110,field_assessment,w-pc-02,2,No unit able to provide field assessment could reach this ward within 45 minutes without pulling a unit off a higher-severity ward.
580.0,2025-09-28T20:40:00Z,REPLAY,current_status,I112:field_assessment:0,I112,field_assessment,w-pc-12,2,No unit able to provide field assessment could reach this ward within 45 minutes without pulling a unit off a higher-severity ward.
580.0,2025-09-28T20:40:00Z,REPLAY,current_status,I113:medical_transport:0,I113,medical_transport,w-pc-11,4,No unit able to provide medical transport could reach this ward within 45 minutes without pulling a unit off a higher-severity ward.
580.0,2025-09-28T20:40:00Z,REPLAY,current_status,I113:traffic_control:0,I113,traffic_control,w-pc-11,4,No unit able to provide traffic control could reach this ward within 45 minutes without pulling a unit off a higher-severity ward.
580.0,2025-09-28T20:40:00Z,REPLAY,current_status,I114:field_assessment:0,I114,field_assessment,w-pc-11,2,No unit able to provide field assessment could reach this ward within 45 minutes without pulling a unit off a higher-severity ward.
580.0,2025-09-28T20:40:00Z,REPLAY,current_status,I115:field_assessment:0,I115,field_assessment,w-pc-14,2,No unit able to provide field assessment could reach this ward within 45 minutes without pulling a unit off a higher-severity ward.
580.0,2025-09-28T20:40:00Z,REPLAY,current_status,I116:field_assessment:0,I116,field_assessment,w-pc-06,2,No unit able to provide field assessment could reach this ward within 45 minutes without pulling a unit off a higher-severity ward.
580.0,2025-09-28T20:40:00Z,REPLAY,current_status,I117:field_assessment:0,I117,field_assessment,w-pc-11,2,No unit able to provide field assessment could reach this ward within 45 minutes without pulling a unit off a higher-severity ward.
590.0,2025-09-28T20:50:00Z,REPLAY,current_status,I001:mass_transport:0,I001,mass_transport,w-pc-11,5,No unit able to provide mass transport could reach this ward within 45 minutes without pulling a unit off a higher-severity ward.
590.0,2025-09-28T20:50:00Z,REPLAY,current_status,I001:mass_transport:1,I001,mass_transport,w-pc-11,5,No unit able to provide mass transport could reach this ward within 45 minutes without pulling a unit off a higher-severity ward.
590.0,2025-09-28T20:50:00Z,REPLAY,current_status,I001:mass_transport:2,I001,mass_transport,w-pc-11,5,No unit able to provide mass transport could reach this ward within 45 minutes without pulling a unit off a higher-severity ward.
590.0,2025-09-28T20:50:00Z,REPLAY,current_status,I006:mass_transport:0,I006,mass_transport,w-pc-14,5,No unit able to provide mass transport could reach this ward within 45 minutes without pulling a unit off a higher-severity ward.
590.0,2025-09-28T20:50:00Z,REPLAY,current_status,I006:mass_transport:1,I006,mass_transport,w-pc-14,5,No unit able to provide mass transport could reach this ward within 45 minutes without pulling a unit off a higher-severity ward.
590.0,2025-09-28T20:50:00Z,REPLAY,current_status,I006:mass_transport:2,I006,mass_transport,w-pc-14,5,No unit able to provide mass transport could reach this ward within 45 minutes without pulling a unit off a higher-severity ward.
590.0,2025-09-28T20:50:00Z,REPLAY,current_status,I009:mass_transport:0,I009,mass_transport,w-pc-07,4,No unit able to provide mass transport could reach this ward within 45 minutes without pulling a unit off a higher-severity ward.
590.0,2025-09-28T20:50:00Z,REPLAY,current_status,I009:mass_transport:1,I009,mass_transport,w-pc-07,4,No unit able to provide mass transport could reach this ward within 45 minutes without pulling a unit off a higher-severity ward.
590.0,2025-09-28T20:50:00Z,REPLAY,current_status,I011:mass_transport:0,I011,mass_transport,w-pc-14,4,No unit able to provide mass transport could reach this ward within 45 minutes without pulling a unit off a higher-severity ward.
590.0,2025-09-28T20:50:00Z,REPLAY,current_status,I011:mass_transport:1,I011,mass_transport,w-pc-14,4,No unit able to provide mass transport could reach this ward within 45 minutes without pulling a unit off a higher-severity ward.
590.0,2025-09-28T20:50:00Z,REPLAY,current_status,I015:mass_transport:0,I015,mass_transport,w-pc-11,4,No unit able to provide mass transport could reach this ward within 45 minutes without pulling a unit off a higher-severity ward.
590.0,2025-09-28T20:50:00Z,REPLAY,current_status,I015:mass_transport:1,I015,mass_transport,w-pc-11,4,No unit able to provide mass transport could reach this ward within 45 minutes without pulling a unit off a higher-severity ward.
590.0,2025-09-28T20:50:00Z,REPLAY,current_status,I024:mass_transport:0,I024,mass_transport,w-pc-06,4,No unit able to provide mass transport could reach this ward within 45 minutes without pulling a unit off a higher-severity ward.
590.0,2025-09-28T20:50:00Z,REPLAY,current_status,I024:mass_transport:1,I024,mass_transport,w-pc-06,4,No unit able to provide mass transport could reach this ward within 45 minutes without pulling a unit off a higher-severity ward.
590.0,2025-09-28T20:50:00Z,REPLAY,current_status,I027:mass_transport:0,I027,mass_transport,w-pc-10,4,No unit able to provide mass transport could reach this ward within 45 minutes without pulling a unit off a higher-severity ward.
590.0,2025-09-28T20:50:00Z,REPLAY,current_status,I027:mass_transport:1,I027,mass_transport,w-pc-10,4,No unit able to provide mass transport could reach this ward within 45 minutes without pulling a unit off a higher-severity ward.
590.0,2025-09-28T20:50:00Z,REPLAY,current_status,I029:mass_transport:0,I029,mass_transport,w-pc-13,4,No unit able to provide mass transport could reach this ward within 45 minutes without pulling a unit off a higher-severity ward.
590.0,2025-09-28T20:50:00Z,REPLAY,current_status,I030:mass_transport:0,I030,mass_transport,w-pc-06,4,No unit able to provide mass transport could reach this ward within 45 minutes without pulling a unit off a higher-severity ward.
590.0,2025-09-28T20:50:00Z,REPLAY,current_status,I030:mass_transport:1,I030,mass_transport,w-pc-06,4,No unit able to provide mass transport could reach this ward within 45 minutes without pulling a unit off a higher-severity ward.
590.0,2025-09-28T20:50:00Z,REPLAY,current_status,I035:mass_transport:0,I035,mass_transport,w-pc-11,5,No unit able to provide mass transport could reach this ward within 45 minutes without pulling a unit off a higher-severity ward.
590.0,2025-09-28T20:50:00Z,REPLAY,current_status,I035:mass_transport:1,I035,mass_transport,w-pc-11,5,No unit able to provide mass transport could reach this ward within 45 minutes without pulling a unit off a higher-severity ward.
590.0,2025-09-28T20:50:00Z,REPLAY,current_status,I035:mass_transport:2,I035,mass_transport,w-pc-11,5,No unit able to provide mass transport could reach this ward within 45 minutes without pulling a unit off a higher-severity ward.
590.0,2025-09-28T20:50:00Z,REPLAY,current_status,I038:mass_transport:0,I038,mass_transport,w-pc-11,4,No unit able to provide mass transport could reach this ward within 45 minutes without pulling a unit off a higher-severity ward.
590.0,2025-09-28T20:50:00Z,REPLAY,current_status,I038:mass_transport:1,I038,mass_transport,w-pc-11,4,No unit able to provide mass transport could reach this ward within 45 minutes without pulling a unit off a higher-severity ward.
590.0,2025-09-28T20:50:00Z,REPLAY,current_status,I039:mass_transport:0,I039,mass_transport,w-pc-13,4,No unit able to provide mass transport could reach this ward within 45 minutes without pulling a unit off a higher-severity ward.
590.0,2025-09-28T20:50:00Z,REPLAY,current_status,I042:mass_transport:0,I042,mass_transport,w-pc-02,4,No unit able to provide mass transport could reach this ward within 45 minutes without pulling a unit off a higher-severity ward.
590.0,2025-09-28T20:50:00Z,REPLAY,current_status,I042:mass_transport:1,I042,mass_transport,w-pc-02,4,No unit able to provide mass transport could reach this ward within 45 minutes without pulling a unit off a higher-severity ward.
590.0,2025-09-28T20:50:00Z,REPLAY,current_status,I046:mass_transport:0,I046,mass_transport,w-pc-11,5,No unit able to provide mass transport could reach this ward within 45 minutes without pulling a unit off a higher-severity ward.
590.0,2025-09-28T20:50:00Z,REPLAY,current_status,I046:mass_transport:1,I046,mass_transport,w-pc-11,5,No unit able to provide mass transport could reach this ward within 45 minutes without pulling a unit off a higher-severity ward.
590.0,2025-09-28T20:50:00Z,REPLAY,current_status,I046:mass_transport:2,I046,mass_transport,w-pc-11,5,No unit able to provide mass transport could reach this ward within 45 minutes without pulling a unit off a higher-severity ward.
590.0,2025-09-28T20:50:00Z,REPLAY,current_status,I048:mass_transport:0,I048,mass_transport,w-pc-07,5,No unit able to provide mass transport could reach this ward within 45 minutes without pulling a unit off a higher-severity ward.
590.0,2025-09-28T20:50:00Z,REPLAY,current_status,I048:mass_transport:1,I048,mass_transport,w-pc-07,5,No unit able to provide mass transport could reach this ward within 45 minutes without pulling a unit off a higher-severity ward.
590.0,2025-09-28T20:50:00Z,REPLAY,current_status,I048:mass_transport:2,I048,mass_transport,w-pc-07,5,No unit able to provide mass transport could reach this ward within 45 minutes without pulling a unit off a higher-severity ward.
590.0,2025-09-28T20:50:00Z,REPLAY,current_status,I054:mass_transport:0,I054,mass_transport,w-pc-10,5,No unit able to provide mass transport could reach this ward within 45 minutes without pulling a unit off a higher-severity ward.
590.0,2025-09-28T20:50:00Z,REPLAY,current_status,I054:mass_transport:1,I054,mass_transport,w-pc-10,5,No unit able to provide mass transport could reach this ward within 45 minutes without pulling a unit off a higher-severity ward.
590.0,2025-09-28T20:50:00Z,REPLAY,current_status,I054:mass_transport:2,I054,mass_transport,w-pc-10,5,No unit able to provide mass transport could reach this ward within 45 minutes without pulling a unit off a higher-severity ward.
590.0,2025-09-28T20:50:00Z,REPLAY,current_status,I057:mass_transport:0,I057,mass_transport,w-pc-02,4,No unit able to provide mass transport could reach this ward within 45 minutes without pulling a unit off a higher-severity ward.
590.0,2025-09-28T20:50:00Z,REPLAY,current_status,I057:mass_transport:1,I057,mass_transport,w-pc-02,4,No unit able to provide mass transport could reach this ward within 45 minutes without pulling a unit off a higher-severity ward.
590.0,2025-09-28T20:50:00Z,REPLAY,current_status,I060:mass_transport:0,I060,mass_transport,w-pc-06,5,No unit able to provide mass transport could reach this ward within 45 minutes without pulling a unit off a higher-severity ward.
590.0,2025-09-28T20:50:00Z,REPLAY,current_status,I060:mass_transport:1,I060,mass_transport,w-pc-06,5,No unit able to provide mass transport could reach this ward within 45 minutes without pulling a unit off a higher-severity ward.
590.0,2025-09-28T20:50:00Z,REPLAY,current_status,I060:mass_transport:2,I060,mass_transport,w-pc-06,5,No unit able to provide mass transport could reach this ward within 45 minutes without pulling a unit off a higher-severity ward.
590.0,2025-09-28T20:50:00Z,REPLAY,current_status,I061:mass_transport:0,I061,mass_transport,w-pc-11,5,No unit able to provide mass transport could reach this ward within 45 minutes without pulling a unit off a higher-severity ward.
590.0,2025-09-28T20:50:00Z,REPLAY,current_status,I061:mass_transport:1,I061,mass_transport,w-pc-11,5,No unit able to provide mass transport could reach this ward within 45 minutes without pulling a unit off a higher-severity ward.
590.0,2025-09-28T20:50:00Z,REPLAY,current_status,I061:mass_transport:2,I061,mass_transport,w-pc-11,5,No unit able to provide mass transport could reach this ward within 45 minutes without pulling a unit off a higher-severity ward.
590.0,2025-09-28T20:50:00Z,REPLAY,current_status,I062:mass_transport:0,I062,mass_transport,w-pc-10,4,No unit able to provide mass transport could reach this ward within 45 minutes without pulling a unit off a higher-severity ward.
590.0,2025-09-28T20:50:00Z,REPLAY,current_status,I062:mass_transport:1,I062,mass_transport,w-pc-10,4,No unit able to provide mass transport could reach this ward within 45 minutes without pulling a unit off a higher-severity ward.
590.0,2025-09-28T20:50:00Z,REPLAY,current_status,I063:mass_transport:0,I063,mass_transport,w-pc-13,5,No unit able to provide mass transport could reach this ward within 45 minutes without pulling a unit off a higher-severity ward.
590.0,2025-09-28T20:50:00Z,REPLAY,current_status,I063:mass_transport:1,I063,mass_transport,w-pc-13,5,No unit able to provide mass transport could reach this ward within 45 minutes without pulling a unit off a higher-severity ward.
590.0,2025-09-28T20:50:00Z,REPLAY,current_status,I063:mass_transport:2,I063,mass_transport,w-pc-13,5,No unit able to provide mass transport could reach this ward within 45 minutes without pulling a unit off a higher-severity ward.
590.0,2025-09-28T20:50:00Z,REPLAY,current_status,I065:mass_transport:0,I065,mass_transport,w-pc-11,4,No unit able to provide mass transport could reach this ward within 45 minutes without pulling a unit off a higher-severity ward.
590.0,2025-09-28T20:50:00Z,REPLAY,current_status,I065:mass_transport:1,I065,mass_transport,w-pc-11,4,No unit able to provide mass transport could reach this ward within 45 minutes without pulling a unit off a higher-severity ward.
590.0,2025-09-28T20:50:00Z,REPLAY,current_status,I068:mass_transport:0,I068,mass_transport,w-pc-10,4,No unit able to provide mass transport could reach this ward within 45 minutes without pulling a unit off a higher-severity ward.
590.0,2025-09-28T20:50:00Z,REPLAY,current_status,I068:mass_transport:1,I068,mass_transport,w-pc-10,4,No unit able to provide mass transport could reach this ward within 45 minutes without pulling a unit off a higher-severity ward.
590.0,2025-09-28T20:50:00Z,REPLAY,current_status,I071:mass_transport:0,I071,mass_transport,w-pc-07,4,No unit able to provide mass transport could reach this ward within 45 minutes without pulling a unit off a higher-severity ward.
590.0,2025-09-28T20:50:00Z,REPLAY,current_status,I071:mass_transport:1,I071,mass_transport,w-pc-07,4,No unit able to provide mass transport could reach this ward within 45 minutes without pulling a unit off a higher-severity ward.
590.0,2025-09-28T20:50:00Z,REPLAY,current_status,I072:mass_transport:0,I072,mass_transport,w-pc-14,4,No unit able to provide mass transport could reach this ward within 45 minutes without pulling a unit off a higher-severity ward.
590.0,2025-09-28T20:50:00Z,REPLAY,current_status,I072:mass_transport:1,I072,mass_transport,w-pc-14,4,No unit able to provide mass transport could reach this ward within 45 minutes without pulling a unit off a higher-severity ward.
590.0,2025-09-28T20:50:00Z,REPLAY,current_status,I074:mass_transport:0,I074,mass_transport,w-pc-02,4,No unit able to provide mass transport could reach this ward within 45 minutes without pulling a unit off a higher-severity ward.
590.0,2025-09-28T20:50:00Z,REPLAY,current_status,I074:mass_transport:1,I074,mass_transport,w-pc-02,4,No unit able to provide mass transport could reach this ward within 45 minutes without pulling a unit off a higher-severity ward.
590.0,2025-09-28T20:50:00Z,REPLAY,current_status,I077:mass_transport:0,I077,mass_transport,w-pc-13,5,No unit able to provide mass transport could reach this ward within 45 minutes without pulling a unit off a higher-severity ward.
590.0,2025-09-28T20:50:00Z,REPLAY,current_status,I077:mass_transport:1,I077,mass_transport,w-pc-13,5,No unit able to provide mass transport could reach this ward within 45 minutes without pulling a unit off a higher-severity ward.
590.0,2025-09-28T20:50:00Z,REPLAY,current_status,I077:mass_transport:2,I077,mass_transport,w-pc-13,5,No unit able to provide mass transport could reach this ward within 45 minutes without pulling a unit off a higher-severity ward.
590.0,2025-09-28T20:50:00Z,REPLAY,current_status,I078:mass_transport:0,I078,mass_transport,w-pc-04,4,No unit able to provide mass transport could reach this ward within 45 minutes without pulling a unit off a higher-severity ward.
590.0,2025-09-28T20:50:00Z,REPLAY,current_status,I078:mass_transport:1,I078,mass_transport,w-pc-04,4,No unit able to provide mass transport could reach this ward within 45 minutes without pulling a unit off a higher-severity ward.
590.0,2025-09-28T20:50:00Z,REPLAY,current_status,I078:dewatering:0,I078,dewatering,w-pc-04,4,No unit able to provide dewatering could reach this ward within 45 minutes without pulling a unit off a higher-severity ward.
590.0,2025-09-28T20:50:00Z,REPLAY,current_status,I079:mass_transport:0,I079,mass_transport,w-pc-07,4,No unit able to provide mass transport could reach this ward within 45 minutes without pulling a unit off a higher-severity ward.
590.0,2025-09-28T20:50:00Z,REPLAY,current_status,I079:mass_transport:1,I079,mass_transport,w-pc-07,4,No unit able to provide mass transport could reach this ward within 45 minutes without pulling a unit off a higher-severity ward.
590.0,2025-09-28T20:50:00Z,REPLAY,current_status,I085:mass_transport:0,I085,mass_transport,w-pc-09,4,No unit able to provide mass transport could reach this ward within 45 minutes without pulling a unit off a higher-severity ward.
590.0,2025-09-28T20:50:00Z,REPLAY,current_status,I085:mass_transport:1,I085,mass_transport,w-pc-09,4,No unit able to provide mass transport could reach this ward within 45 minutes without pulling a unit off a higher-severity ward.
590.0,2025-09-28T20:50:00Z,REPLAY,current_status,I085:dewatering:0,I085,dewatering,w-pc-09,4,No unit able to provide dewatering could reach this ward within 45 minutes without pulling a unit off a higher-severity ward.
590.0,2025-09-28T20:50:00Z,REPLAY,current_status,I088:mass_transport:0,I088,mass_transport,w-pc-13,4,No unit able to provide mass transport could reach this ward within 45 minutes without pulling a unit off a higher-severity ward.
590.0,2025-09-28T20:50:00Z,REPLAY,current_status,I090:mass_transport:0,I090,mass_transport,w-pc-11,5,No unit able to provide mass transport could reach this ward within 45 minutes without pulling a unit off a higher-severity ward.
590.0,2025-09-28T20:50:00Z,REPLAY,current_status,I090:mass_transport:1,I090,mass_transport,w-pc-11,5,No unit able to provide mass transport could reach this ward within 45 minutes without pulling a unit off a higher-severity ward.
590.0,2025-09-28T20:50:00Z,REPLAY,current_status,I090:mass_transport:2,I090,mass_transport,w-pc-11,5,No unit able to provide mass transport could reach this ward within 45 minutes without pulling a unit off a higher-severity ward.
590.0,2025-09-28T20:50:00Z,REPLAY,current_status,I091:mass_transport:0,I091,mass_transport,w-pc-11,4,No unit able to provide mass transport could reach this ward within 45 minutes without pulling a unit off a higher-severity ward.
590.0,2025-09-28T20:50:00Z,REPLAY,current_status,I091:mass_transport:1,I091,mass_transport,w-pc-11,4,No unit able to provide mass transport could reach this ward within 45 minutes without pulling a unit off a higher-severity ward.
590.0,2025-09-28T20:50:00Z,REPLAY,current_status,I093:mass_transport:0,I093,mass_transport,w-pc-07,4,No unit able to provide mass transport could reach this ward within 45 minutes without pulling a unit off a higher-severity ward.
590.0,2025-09-28T20:50:00Z,REPLAY,current_status,I096:water_rescue:0,I096,water_rescue,w-pc-11,5,No unit able to provide water rescue could reach this ward within 45 minutes without pulling a unit off a higher-severity ward.
590.0,2025-09-28T20:50:00Z,REPLAY,current_status,I096:mass_transport:0,I096,mass_transport,w-pc-11,5,No unit able to provide mass transport could reach this ward within 45 minutes without pulling a unit off a higher-severity ward.
590.0,2025-09-28T20:50:00Z,REPLAY,current_status,I096:mass_transport:1,I096,mass_transport,w-pc-11,5,No unit able to provide mass transport could reach this ward within 45 minutes without pulling a unit off a higher-severity ward.
590.0,2025-09-28T20:50:00Z,REPLAY,current_status,I096:mass_transport:2,I096,mass_transport,w-pc-11,5,No unit able to provide mass transport could reach this ward within 45 minutes without pulling a unit off a higher-severity ward.
590.0,2025-09-28T20:50:00Z,REPLAY,current_status,I099:mass_transport:0,I099,mass_transport,w-pc-06,4,No unit able to provide mass transport could reach this ward within 45 minutes without pulling a unit off a higher-severity ward.
590.0,2025-09-28T20:50:00Z,REPLAY,current_status,I099:mass_transport:1,I099,mass_transport,w-pc-06,4,No unit able to provide mass transport could reach this ward within 45 minutes without pulling a unit off a higher-severity ward.
590.0,2025-09-28T20:50:00Z,REPLAY,current_status,I102:medical_transport:0,I102,medical_transport,w-pc-09,4,No unit able to provide medical transport could reach this ward within 45 minutes without pulling a unit off a higher-severity ward.
590.0,2025-09-28T20:50:00Z,REPLAY,current_status,I104:mass_transport:0,I104,mass_transport,w-pc-11,4,No unit able to provide mass transport could reach this ward within 45 minutes without pulling a unit off a higher-severity ward.
590.0,2025-09-28T20:50:00Z,REPLAY,current_status,I104:mass_transport:1,I104,mass_transport,w-pc-11,4,No unit able to provide mass transport could reach this ward within 45 minutes without pulling a unit off a higher-severity ward.
590.0,2025-09-28T20:50:00Z,REPLAY,current_status,I104:dewatering:0,I104,dewatering,w-pc-11,4,No unit able to provide dewatering could reach this ward within 45 minutes without pulling a unit off a higher-severity ward.
590.0,2025-09-28T20:50:00Z,REPLAY,current_status,I106:mass_transport:0,I106,mass_transport,w-pc-07,5,No unit able to provide mass transport could reach this ward within 45 minutes without pulling a unit off a higher-severity ward.
590.0,2025-09-28T20:50:00Z,REPLAY,current_status,I106:mass_transport:1,I106,mass_transport,w-pc-07,5,No unit able to provide mass transport could reach this ward within 45 minutes without pulling a unit off a higher-severity ward.
590.0,2025-09-28T20:50:00Z,REPLAY,current_status,I106:mass_transport:2,I106,mass_transport,w-pc-07,5,No unit able to provide mass transport could reach this ward within 45 minutes without pulling a unit off a higher-severity ward.
590.0,2025-09-28T20:50:00Z,REPLAY,current_status,I107:field_assessment:0,I107,field_assessment,w-pc-11,2,No unit able to provide field assessment could reach this ward within 45 minutes without pulling a unit off a higher-severity ward.
590.0,2025-09-28T20:50:00Z,REPLAY,current_status,I108:field_assessment:0,I108,field_assessment,w-pc-02,2,No unit able to provide field assessment could reach this ward within 45 minutes without pulling a unit off a higher-severity ward.
590.0,2025-09-28T20:50:00Z,REPLAY,current_status,I109:field_assessment:0,I109,field_assessment,w-pc-13,2,No unit able to provide field assessment could reach this ward within 45 minutes without pulling a unit off a higher-severity ward.
590.0,2025-09-28T20:50:00Z,REPLAY,current_status,I110:field_assessment:0,I110,field_assessment,w-pc-02,2,No unit able to provide field assessment could reach this ward within 45 minutes without pulling a unit off a higher-severity ward.
590.0,2025-09-28T20:50:00Z,REPLAY,current_status,I111:dewatering:0,I111,dewatering,w-pc-11,2,No unit able to provide dewatering could reach this ward within 45 minutes without pulling a unit off a higher-severity ward.
590.0,2025-09-28T20:50:00Z,REPLAY,current_status,I112:field_assessment:0,I112,field_assessment,w-pc-12,2,No unit able to provide field assessment could reach this ward within 45 minutes without pulling a unit off a higher-severity ward.
590.0,2025-09-28T20:50:00Z,REPLAY,current_status,I113:medical_transport:0,I113,medical_transport,w-pc-11,4,No unit able to provide medical transport could reach this ward within 45 minutes without pulling a unit off a higher-severity ward.
590.0,2025-09-28T20:50:00Z,REPLAY,current_status,I113:traffic_control:0,I113,traffic_control,w-pc-11,4,No unit able to provide traffic control could reach this ward within 45 minutes without pulling a unit off a higher-severity ward.
590.0,2025-09-28T20:50:00Z,REPLAY,current_status,I114:field_assessment:0,I114,field_assessment,w-pc-11,2,No unit able to provide field assessment could reach this ward within 45 minutes without pulling a unit off a higher-severity ward.
590.0,2025-09-28T20:50:00Z,REPLAY,current_status,I115:field_assessment:0,I115,field_assessment,w-pc-14,2,No unit able to provide field assessment could reach this ward within 45 minutes without pulling a unit off a higher-severity ward.
590.0,2025-09-28T20:50:00Z,REPLAY,current_status,I116:field_assessment:0,I116,field_assessment,w-pc-06,2,No unit able to provide field assessment could reach this ward within 45 minutes without pulling a unit off a higher-severity ward.
590.0,2025-09-28T20:50:00Z,REPLAY,current_status,I117:field_assessment:0,I117,field_assessment,w-pc-11,2,No unit able to provide field assessment could reach this ward within 45 minutes without pulling a unit off a higher-severity ward.
600.0,2025-09-28T21:00:00Z,REPLAY,current_status,I001:mass_transport:0,I001,mass_transport,w-pc-11,5,No unit able to provide mass transport could reach this ward within 45 minutes without pulling a unit off a higher-severity ward.
600.0,2025-09-28T21:00:00Z,REPLAY,current_status,I001:mass_transport:1,I001,mass_transport,w-pc-11,5,No unit able to provide mass transport could reach this ward within 45 minutes without pulling a unit off a higher-severity ward.
600.0,2025-09-28T21:00:00Z,REPLAY,current_status,I001:mass_transport:2,I001,mass_transport,w-pc-11,5,No unit able to provide mass transport could reach this ward within 45 minutes without pulling a unit off a higher-severity ward.
600.0,2025-09-28T21:00:00Z,REPLAY,current_status,I006:mass_transport:0,I006,mass_transport,w-pc-14,5,No unit able to provide mass transport could reach this ward within 45 minutes without pulling a unit off a higher-severity ward.
600.0,2025-09-28T21:00:00Z,REPLAY,current_status,I006:mass_transport:1,I006,mass_transport,w-pc-14,5,No unit able to provide mass transport could reach this ward within 45 minutes without pulling a unit off a higher-severity ward.
600.0,2025-09-28T21:00:00Z,REPLAY,current_status,I006:mass_transport:2,I006,mass_transport,w-pc-14,5,No unit able to provide mass transport could reach this ward within 45 minutes without pulling a unit off a higher-severity ward.
600.0,2025-09-28T21:00:00Z,REPLAY,current_status,I009:mass_transport:0,I009,mass_transport,w-pc-07,4,No unit able to provide mass transport could reach this ward within 45 minutes without pulling a unit off a higher-severity ward.
600.0,2025-09-28T21:00:00Z,REPLAY,current_status,I009:mass_transport:1,I009,mass_transport,w-pc-07,4,No unit able to provide mass transport could reach this ward within 45 minutes without pulling a unit off a higher-severity ward.
600.0,2025-09-28T21:00:00Z,REPLAY,current_status,I011:mass_transport:0,I011,mass_transport,w-pc-14,4,No unit able to provide mass transport could reach this ward within 45 minutes without pulling a unit off a higher-severity ward.
600.0,2025-09-28T21:00:00Z,REPLAY,current_status,I011:mass_transport:1,I011,mass_transport,w-pc-14,4,No unit able to provide mass transport could reach this ward within 45 minutes without pulling a unit off a higher-severity ward.
600.0,2025-09-28T21:00:00Z,REPLAY,current_status,I015:mass_transport:0,I015,mass_transport,w-pc-11,4,No unit able to provide mass transport could reach this ward within 45 minutes without pulling a unit off a higher-severity ward.
600.0,2025-09-28T21:00:00Z,REPLAY,current_status,I015:mass_transport:1,I015,mass_transport,w-pc-11,4,No unit able to provide mass transport could reach this ward within 45 minutes without pulling a unit off a higher-severity ward.
600.0,2025-09-28T21:00:00Z,REPLAY,current_status,I024:mass_transport:0,I024,mass_transport,w-pc-06,4,No unit able to provide mass transport could reach this ward within 45 minutes without pulling a unit off a higher-severity ward.
600.0,2025-09-28T21:00:00Z,REPLAY,current_status,I024:mass_transport:1,I024,mass_transport,w-pc-06,4,No unit able to provide mass transport could reach this ward within 45 minutes without pulling a unit off a higher-severity ward.
600.0,2025-09-28T21:00:00Z,REPLAY,current_status,I027:mass_transport:0,I027,mass_transport,w-pc-10,4,No unit able to provide mass transport could reach this ward within 45 minutes without pulling a unit off a higher-severity ward.
600.0,2025-09-28T21:00:00Z,REPLAY,current_status,I027:mass_transport:1,I027,mass_transport,w-pc-10,4,No unit able to provide mass transport could reach this ward within 45 minutes without pulling a unit off a higher-severity ward.
600.0,2025-09-28T21:00:00Z,REPLAY,current_status,I029:mass_transport:0,I029,mass_transport,w-pc-13,4,No unit able to provide mass transport could reach this ward within 45 minutes without pulling a unit off a higher-severity ward.
600.0,2025-09-28T21:00:00Z,REPLAY,current_status,I030:mass_transport:0,I030,mass_transport,w-pc-06,4,No unit able to provide mass transport could reach this ward within 45 minutes without pulling a unit off a higher-severity ward.
600.0,2025-09-28T21:00:00Z,REPLAY,current_status,I030:mass_transport:1,I030,mass_transport,w-pc-06,4,No unit able to provide mass transport could reach this ward within 45 minutes without pulling a unit off a higher-severity ward.
600.0,2025-09-28T21:00:00Z,REPLAY,current_status,I035:mass_transport:0,I035,mass_transport,w-pc-11,5,No unit able to provide mass transport could reach this ward within 45 minutes without pulling a unit off a higher-severity ward.
600.0,2025-09-28T21:00:00Z,REPLAY,current_status,I035:mass_transport:1,I035,mass_transport,w-pc-11,5,No unit able to provide mass transport could reach this ward within 45 minutes without pulling a unit off a higher-severity ward.
600.0,2025-09-28T21:00:00Z,REPLAY,current_status,I035:mass_transport:2,I035,mass_transport,w-pc-11,5,No unit able to provide mass transport could reach this ward within 45 minutes without pulling a unit off a higher-severity ward.
600.0,2025-09-28T21:00:00Z,REPLAY,current_status,I038:mass_transport:0,I038,mass_transport,w-pc-11,4,No unit able to provide mass transport could reach this ward within 45 minutes without pulling a unit off a higher-severity ward.
600.0,2025-09-28T21:00:00Z,REPLAY,current_status,I038:mass_transport:1,I038,mass_transport,w-pc-11,4,No unit able to provide mass transport could reach this ward within 45 minutes without pulling a unit off a higher-severity ward.
600.0,2025-09-28T21:00:00Z,REPLAY,current_status,I039:mass_transport:0,I039,mass_transport,w-pc-13,4,No unit able to provide mass transport could reach this ward within 45 minutes without pulling a unit off a higher-severity ward.
600.0,2025-09-28T21:00:00Z,REPLAY,current_status,I042:mass_transport:0,I042,mass_transport,w-pc-02,4,No unit able to provide mass transport could reach this ward within 45 minutes without pulling a unit off a higher-severity ward.
600.0,2025-09-28T21:00:00Z,REPLAY,current_status,I042:mass_transport:1,I042,mass_transport,w-pc-02,4,No unit able to provide mass transport could reach this ward within 45 minutes without pulling a unit off a higher-severity ward.
600.0,2025-09-28T21:00:00Z,REPLAY,current_status,I046:mass_transport:0,I046,mass_transport,w-pc-11,5,No unit able to provide mass transport could reach this ward within 45 minutes without pulling a unit off a higher-severity ward.
600.0,2025-09-28T21:00:00Z,REPLAY,current_status,I046:mass_transport:1,I046,mass_transport,w-pc-11,5,No unit able to provide mass transport could reach this ward within 45 minutes without pulling a unit off a higher-severity ward.
600.0,2025-09-28T21:00:00Z,REPLAY,current_status,I046:mass_transport:2,I046,mass_transport,w-pc-11,5,No unit able to provide mass transport could reach this ward within 45 minutes without pulling a unit off a higher-severity ward.
600.0,2025-09-28T21:00:00Z,REPLAY,current_status,I048:mass_transport:0,I048,mass_transport,w-pc-07,5,No unit able to provide mass transport could reach this ward within 45 minutes without pulling a unit off a higher-severity ward.
600.0,2025-09-28T21:00:00Z,REPLAY,current_status,I048:mass_transport:1,I048,mass_transport,w-pc-07,5,No unit able to provide mass transport could reach this ward within 45 minutes without pulling a unit off a higher-severity ward.
600.0,2025-09-28T21:00:00Z,REPLAY,current_status,I048:mass_transport:2,I048,mass_transport,w-pc-07,5,No unit able to provide mass transport could reach this ward within 45 minutes without pulling a unit off a higher-severity ward.
600.0,2025-09-28T21:00:00Z,REPLAY,current_status,I054:mass_transport:0,I054,mass_transport,w-pc-10,5,No unit able to provide mass transport could reach this ward within 45 minutes without pulling a unit off a higher-severity ward.
600.0,2025-09-28T21:00:00Z,REPLAY,current_status,I054:mass_transport:1,I054,mass_transport,w-pc-10,5,No unit able to provide mass transport could reach this ward within 45 minutes without pulling a unit off a higher-severity ward.
600.0,2025-09-28T21:00:00Z,REPLAY,current_status,I054:mass_transport:2,I054,mass_transport,w-pc-10,5,No unit able to provide mass transport could reach this ward within 45 minutes without pulling a unit off a higher-severity ward.
600.0,2025-09-28T21:00:00Z,REPLAY,current_status,I057:mass_transport:0,I057,mass_transport,w-pc-02,4,No unit able to provide mass transport could reach this ward within 45 minutes without pulling a unit off a higher-severity ward.
600.0,2025-09-28T21:00:00Z,REPLAY,current_status,I057:mass_transport:1,I057,mass_transport,w-pc-02,4,No unit able to provide mass transport could reach this ward within 45 minutes without pulling a unit off a higher-severity ward.
600.0,2025-09-28T21:00:00Z,REPLAY,current_status,I060:mass_transport:0,I060,mass_transport,w-pc-06,5,No unit able to provide mass transport could reach this ward within 45 minutes without pulling a unit off a higher-severity ward.
600.0,2025-09-28T21:00:00Z,REPLAY,current_status,I060:mass_transport:1,I060,mass_transport,w-pc-06,5,No unit able to provide mass transport could reach this ward within 45 minutes without pulling a unit off a higher-severity ward.
600.0,2025-09-28T21:00:00Z,REPLAY,current_status,I060:mass_transport:2,I060,mass_transport,w-pc-06,5,No unit able to provide mass transport could reach this ward within 45 minutes without pulling a unit off a higher-severity ward.
600.0,2025-09-28T21:00:00Z,REPLAY,current_status,I061:mass_transport:0,I061,mass_transport,w-pc-11,5,No unit able to provide mass transport could reach this ward within 45 minutes without pulling a unit off a higher-severity ward.
600.0,2025-09-28T21:00:00Z,REPLAY,current_status,I061:mass_transport:1,I061,mass_transport,w-pc-11,5,No unit able to provide mass transport could reach this ward within 45 minutes without pulling a unit off a higher-severity ward.
600.0,2025-09-28T21:00:00Z,REPLAY,current_status,I061:mass_transport:2,I061,mass_transport,w-pc-11,5,No unit able to provide mass transport could reach this ward within 45 minutes without pulling a unit off a higher-severity ward.
600.0,2025-09-28T21:00:00Z,REPLAY,current_status,I062:mass_transport:0,I062,mass_transport,w-pc-10,4,No unit able to provide mass transport could reach this ward within 45 minutes without pulling a unit off a higher-severity ward.
600.0,2025-09-28T21:00:00Z,REPLAY,current_status,I062:mass_transport:1,I062,mass_transport,w-pc-10,4,No unit able to provide mass transport could reach this ward within 45 minutes without pulling a unit off a higher-severity ward.
600.0,2025-09-28T21:00:00Z,REPLAY,current_status,I063:mass_transport:0,I063,mass_transport,w-pc-13,5,No unit able to provide mass transport could reach this ward within 45 minutes without pulling a unit off a higher-severity ward.
600.0,2025-09-28T21:00:00Z,REPLAY,current_status,I063:mass_transport:1,I063,mass_transport,w-pc-13,5,No unit able to provide mass transport could reach this ward within 45 minutes without pulling a unit off a higher-severity ward.
600.0,2025-09-28T21:00:00Z,REPLAY,current_status,I063:mass_transport:2,I063,mass_transport,w-pc-13,5,No unit able to provide mass transport could reach this ward within 45 minutes without pulling a unit off a higher-severity ward.
600.0,2025-09-28T21:00:00Z,REPLAY,current_status,I065:mass_transport:0,I065,mass_transport,w-pc-11,4,No unit able to provide mass transport could reach this ward within 45 minutes without pulling a unit off a higher-severity ward.
600.0,2025-09-28T21:00:00Z,REPLAY,current_status,I065:mass_transport:1,I065,mass_transport,w-pc-11,4,No unit able to provide mass transport could reach this ward within 45 minutes without pulling a unit off a higher-severity ward.
600.0,2025-09-28T21:00:00Z,REPLAY,current_status,I068:mass_transport:0,I068,mass_transport,w-pc-10,4,No unit able to provide mass transport could reach this ward within 45 minutes without pulling a unit off a higher-severity ward.
600.0,2025-09-28T21:00:00Z,REPLAY,current_status,I068:mass_transport:1,I068,mass_transport,w-pc-10,4,No unit able to provide mass transport could reach this ward within 45 minutes without pulling a unit off a higher-severity ward.
600.0,2025-09-28T21:00:00Z,REPLAY,current_status,I071:mass_transport:0,I071,mass_transport,w-pc-07,4,No unit able to provide mass transport could reach this ward within 45 minutes without pulling a unit off a higher-severity ward.
600.0,2025-09-28T21:00:00Z,REPLAY,current_status,I071:mass_transport:1,I071,mass_transport,w-pc-07,4,No unit able to provide mass transport could reach this ward within 45 minutes without pulling a unit off a higher-severity ward.
600.0,2025-09-28T21:00:00Z,REPLAY,current_status,I072:mass_transport:0,I072,mass_transport,w-pc-14,4,No unit able to provide mass transport could reach this ward within 45 minutes without pulling a unit off a higher-severity ward.
600.0,2025-09-28T21:00:00Z,REPLAY,current_status,I072:mass_transport:1,I072,mass_transport,w-pc-14,4,No unit able to provide mass transport could reach this ward within 45 minutes without pulling a unit off a higher-severity ward.
600.0,2025-09-28T21:00:00Z,REPLAY,current_status,I074:mass_transport:0,I074,mass_transport,w-pc-02,4,No unit able to provide mass transport could reach this ward within 45 minutes without pulling a unit off a higher-severity ward.
600.0,2025-09-28T21:00:00Z,REPLAY,current_status,I074:mass_transport:1,I074,mass_transport,w-pc-02,4,No unit able to provide mass transport could reach this ward within 45 minutes without pulling a unit off a higher-severity ward.
600.0,2025-09-28T21:00:00Z,REPLAY,current_status,I077:mass_transport:0,I077,mass_transport,w-pc-13,5,No unit able to provide mass transport could reach this ward within 45 minutes without pulling a unit off a higher-severity ward.
600.0,2025-09-28T21:00:00Z,REPLAY,current_status,I077:mass_transport:1,I077,mass_transport,w-pc-13,5,No unit able to provide mass transport could reach this ward within 45 minutes without pulling a unit off a higher-severity ward.
600.0,2025-09-28T21:00:00Z,REPLAY,current_status,I077:mass_transport:2,I077,mass_transport,w-pc-13,5,No unit able to provide mass transport could reach this ward within 45 minutes without pulling a unit off a higher-severity ward.
600.0,2025-09-28T21:00:00Z,REPLAY,current_status,I078:mass_transport:0,I078,mass_transport,w-pc-04,4,No unit able to provide mass transport could reach this ward within 45 minutes without pulling a unit off a higher-severity ward.
600.0,2025-09-28T21:00:00Z,REPLAY,current_status,I078:mass_transport:1,I078,mass_transport,w-pc-04,4,No unit able to provide mass transport could reach this ward within 45 minutes without pulling a unit off a higher-severity ward.
600.0,2025-09-28T21:00:00Z,REPLAY,current_status,I078:dewatering:0,I078,dewatering,w-pc-04,4,No unit able to provide dewatering could reach this ward within 45 minutes without pulling a unit off a higher-severity ward.
600.0,2025-09-28T21:00:00Z,REPLAY,current_status,I079:mass_transport:0,I079,mass_transport,w-pc-07,4,No unit able to provide mass transport could reach this ward within 45 minutes without pulling a unit off a higher-severity ward.
600.0,2025-09-28T21:00:00Z,REPLAY,current_status,I079:mass_transport:1,I079,mass_transport,w-pc-07,4,No unit able to provide mass transport could reach this ward within 45 minutes without pulling a unit off a higher-severity ward.
600.0,2025-09-28T21:00:00Z,REPLAY,current_status,I085:mass_transport:0,I085,mass_transport,w-pc-09,4,No unit able to provide mass transport could reach this ward within 45 minutes without pulling a unit off a higher-severity ward.
600.0,2025-09-28T21:00:00Z,REPLAY,current_status,I085:mass_transport:1,I085,mass_transport,w-pc-09,4,No unit able to provide mass transport could reach this ward within 45 minutes without pulling a unit off a higher-severity ward.
600.0,2025-09-28T21:00:00Z,REPLAY,current_status,I085:dewatering:0,I085,dewatering,w-pc-09,4,No unit able to provide dewatering could reach this ward within 45 minutes without pulling a unit off a higher-severity ward.
600.0,2025-09-28T21:00:00Z,REPLAY,current_status,I088:mass_transport:0,I088,mass_transport,w-pc-13,4,No unit able to provide mass transport could reach this ward within 45 minutes without pulling a unit off a higher-severity ward.
600.0,2025-09-28T21:00:00Z,REPLAY,current_status,I090:mass_transport:0,I090,mass_transport,w-pc-11,5,No unit able to provide mass transport could reach this ward within 45 minutes without pulling a unit off a higher-severity ward.
600.0,2025-09-28T21:00:00Z,REPLAY,current_status,I090:mass_transport:1,I090,mass_transport,w-pc-11,5,No unit able to provide mass transport could reach this ward within 45 minutes without pulling a unit off a higher-severity ward.
600.0,2025-09-28T21:00:00Z,REPLAY,current_status,I090:mass_transport:2,I090,mass_transport,w-pc-11,5,No unit able to provide mass transport could reach this ward within 45 minutes without pulling a unit off a higher-severity ward.
600.0,2025-09-28T21:00:00Z,REPLAY,current_status,I091:mass_transport:0,I091,mass_transport,w-pc-11,4,No unit able to provide mass transport could reach this ward within 45 minutes without pulling a unit off a higher-severity ward.
600.0,2025-09-28T21:00:00Z,REPLAY,current_status,I091:mass_transport:1,I091,mass_transport,w-pc-11,4,No unit able to provide mass transport could reach this ward within 45 minutes without pulling a unit off a higher-severity ward.
600.0,2025-09-28T21:00:00Z,REPLAY,current_status,I093:mass_transport:0,I093,mass_transport,w-pc-07,4,No unit able to provide mass transport could reach this ward within 45 minutes without pulling a unit off a higher-severity ward.
600.0,2025-09-28T21:00:00Z,REPLAY,current_status,I096:water_rescue:0,I096,water_rescue,w-pc-11,5,No unit able to provide water rescue could reach this ward within 45 minutes without pulling a unit off a higher-severity ward.
600.0,2025-09-28T21:00:00Z,REPLAY,current_status,I096:mass_transport:0,I096,mass_transport,w-pc-11,5,No unit able to provide mass transport could reach this ward within 45 minutes without pulling a unit off a higher-severity ward.
600.0,2025-09-28T21:00:00Z,REPLAY,current_status,I096:mass_transport:1,I096,mass_transport,w-pc-11,5,No unit able to provide mass transport could reach this ward within 45 minutes without pulling a unit off a higher-severity ward.
600.0,2025-09-28T21:00:00Z,REPLAY,current_status,I096:mass_transport:2,I096,mass_transport,w-pc-11,5,No unit able to provide mass transport could reach this ward within 45 minutes without pulling a unit off a higher-severity ward.
600.0,2025-09-28T21:00:00Z,REPLAY,current_status,I099:mass_transport:0,I099,mass_transport,w-pc-06,4,No unit able to provide mass transport could reach this ward within 45 minutes without pulling a unit off a higher-severity ward.
600.0,2025-09-28T21:00:00Z,REPLAY,current_status,I099:mass_transport:1,I099,mass_transport,w-pc-06,4,No unit able to provide mass transport could reach this ward within 45 minutes without pulling a unit off a higher-severity ward.
600.0,2025-09-28T21:00:00Z,REPLAY,current_status,I102:medical_transport:0,I102,medical_transport,w-pc-09,4,No unit able to provide medical transport could reach this ward within 45 minutes without pulling a unit off a higher-severity ward.
600.0,2025-09-28T21:00:00Z,REPLAY,current_status,I104:mass_transport:0,I104,mass_transport,w-pc-11,4,No unit able to provide mass transport could reach this ward within 45 minutes without pulling a unit off a higher-severity ward.
600.0,2025-09-28T21:00:00Z,REPLAY,current_status,I104:mass_transport:1,I104,mass_transport,w-pc-11,4,No unit able to provide mass transport could reach this ward within 45 minutes without pulling a unit off a higher-severity ward.
600.0,2025-09-28T21:00:00Z,REPLAY,current_status,I104:dewatering:0,I104,dewatering,w-pc-11,4,No unit able to provide dewatering could reach this ward within 45 minutes without pulling a unit off a higher-severity ward.
600.0,2025-09-28T21:00:00Z,REPLAY,current_status,I106:mass_transport:0,I106,mass_transport,w-pc-07,5,No unit able to provide mass transport could reach this ward within 45 minutes without pulling a unit off a higher-severity ward.
600.0,2025-09-28T21:00:00Z,REPLAY,current_status,I106:mass_transport:1,I106,mass_transport,w-pc-07,5,No unit able to provide mass transport could reach this ward within 45 minutes without pulling a unit off a higher-severity ward.
600.0,2025-09-28T21:00:00Z,REPLAY,current_status,I106:mass_transport:2,I106,mass_transport,w-pc-07,5,No unit able to provide mass transport could reach this ward within 45 minutes without pulling a unit off a higher-severity ward.
600.0,2025-09-28T21:00:00Z,REPLAY,current_status,I107:field_assessment:0,I107,field_assessment,w-pc-11,2,No unit able to provide field assessment could reach this ward within 45 minutes without pulling a unit off a higher-severity ward.
600.0,2025-09-28T21:00:00Z,REPLAY,current_status,I108:field_assessment:0,I108,field_assessment,w-pc-02,2,No unit able to provide field assessment could reach this ward within 45 minutes without pulling a unit off a higher-severity ward.
600.0,2025-09-28T21:00:00Z,REPLAY,current_status,I109:field_assessment:0,I109,field_assessment,w-pc-13,2,No unit able to provide field assessment could reach this ward within 45 minutes without pulling a unit off a higher-severity ward.
600.0,2025-09-28T21:00:00Z,REPLAY,current_status,I110:field_assessment:0,I110,field_assessment,w-pc-02,2,No unit able to provide field assessment could reach this ward within 45 minutes without pulling a unit off a higher-severity ward.
600.0,2025-09-28T21:00:00Z,REPLAY,current_status,I111:dewatering:0,I111,dewatering,w-pc-11,2,No unit able to provide dewatering could reach this ward within 45 minutes without pulling a unit off a higher-severity ward.
600.0,2025-09-28T21:00:00Z,REPLAY,current_status,I112:field_assessment:0,I112,field_assessment,w-pc-12,2,No unit able to provide field assessment could reach this ward within 45 minutes without pulling a unit off a higher-severity ward.
600.0,2025-09-28T21:00:00Z,REPLAY,current_status,I113:medical_transport:0,I113,medical_transport,w-pc-11,4,No unit able to provide medical transport could reach this ward within 45 minutes without pulling a unit off a higher-severity ward.
600.0,2025-09-28T21:00:00Z,REPLAY,current_status,I113:traffic_control:0,I113,traffic_control,w-pc-11,4,No unit able to provide traffic control could reach this ward within 45 minutes without pulling a unit off a higher-severity ward.
600.0,2025-09-28T21:00:00Z,REPLAY,current_status,I114:field_assessment:0,I114,field_assessment,w-pc-11,2,No unit able to provide field assessment could reach this ward within 45 minutes without pulling a unit off a higher-severity ward.
600.0,2025-09-28T21:00:00Z,REPLAY,current_status,I115:field_assessment:0,I115,field_assessment,w-pc-14,2,No unit able to provide field assessment could reach this ward within 45 minutes without pulling a unit off a higher-severity ward.
600.0,2025-09-28T21:00:00Z,REPLAY,current_status,I116:field_assessment:0,I116,field_assessment,w-pc-06,2,No unit able to provide field assessment could reach this ward within 45 minutes without pulling a unit off a higher-severity ward.
600.0,2025-09-28T21:00:00Z,REPLAY,current_status,I117:field_assessment:0,I117,field_assessment,w-pc-11,2,No unit able to provide field assessment could reach this ward within 45 minutes without pulling a unit off a higher-severity ward.
600.0,2025-09-28T21:00:00Z,REPLAY,current_status,I118:field_assessment:0,I118,field_assessment,w-pc-06,2,No unit able to provide field assessment could reach this ward within 45 minutes without pulling a unit off a higher-severity ward.
