t_min,t_replay,time_label,policy,demand,incident,capability,ward,severity,reason
10.0,2025-09-28T11:10:00Z,REPLAY,predicted,I002:mass_transport:0,I002,mass_transport,w-pc-11,5,No unit able to provide mass transport could reach this ward within 45 minutes without pulling a unit off a higher-severity ward.
20.0,2025-09-28T11:20:00Z,REPLAY,predicted,I001:mass_transport:0,I001,mass_transport,w-pc-11,5,No unit able to provide mass transport could reach this ward within 45 minutes without pulling a unit off a higher-severity ward.
20.0,2025-09-28T11:20:00Z,REPLAY,predicted,I001:mass_transport:1,I001,mass_transport,w-pc-11,5,No unit able to provide mass transport could reach this ward within 45 minutes without pulling a unit off a higher-severity ward.
20.0,2025-09-28T11:20:00Z,REPLAY,predicted,I001:mass_transport:2,I001,mass_transport,w-pc-11,5,No unit able to provide mass transport could reach this ward within 45 minutes without pulling a unit off a higher-severity ward.
20.0,2025-09-28T11:20:00Z,REPLAY,predicted,I002:mass_transport:0,I002,mass_transport,w-pc-11,5,No unit able to provide mass transport could reach this ward within 45 minutes without pulling a unit off a higher-severity ward.
20.0,2025-09-28T11:20:00Z,REPLAY,predicted,I002:mass_transport:1,I002,mass_transport,w-pc-11,5,No unit able to provide mass transport could reach this ward within 45 minutes without pulling a unit off a higher-severity ward.
20.0,2025-09-28T11:20:00Z,REPLAY,predicted,I002:mass_transport:2,I002,mass_transport,w-pc-11,5,No unit able to provide mass transport could reach this ward within 45 minutes without pulling a unit off a higher-severity ward.
20.0,2025-09-28T11:20:00Z,REPLAY,predicted,I006:mass_transport:0,I006,mass_transport,w-pc-14,5,No unit able to provide mass transport could reach this ward within 45 minutes without pulling a unit off a higher-severity ward.
20.0,2025-09-28T11:20:00Z,REPLAY,predicted,I006:mass_transport:1,I006,mass_transport,w-pc-14,5,No unit able to provide mass transport could reach this ward within 45 minutes without pulling a unit off a higher-severity ward.
20.0,2025-09-28T11:20:00Z,REPLAY,predicted,I006:mass_transport:2,I006,mass_transport,w-pc-14,5,No unit able to provide mass transport could reach this ward within 45 minutes without pulling a unit off a higher-severity ward.
20.0,2025-09-28T11:20:00Z,REPLAY,predicted,I009:mass_transport:0,I009,mass_transport,w-pc-07,4,No unit able to provide mass transport could reach this ward within 45 minutes without pulling a unit off a higher-severity ward.
20.0,2025-09-28T11:20:00Z,REPLAY,predicted,I009:mass_transport:1,I009,mass_transport,w-pc-07,4,No unit able to provide mass transport could reach this ward within 45 minutes without pulling a unit off a higher-severity ward.
20.0,2025-09-28T11:20:00Z,REPLAY,predicted,I010:mass_transport:2,I010,mass_transport,w-pc-06,5,No unit able to provide mass transport could reach this ward within 45 minutes without pulling a unit off a higher-severity ward.
30.0,2025-09-28T11:30:00Z,REPLAY,predicted,I001:mass_transport:0,I001,mass_transport,w-pc-11,5,No unit able to provide mass transport could reach this ward within 45 minutes without pulling a unit off a higher-severity ward.
30.0,2025-09-28T11:30:00Z,REPLAY,predicted,I001:mass_transport:1,I001,mass_transport,w-pc-11,5,No unit able to provide mass transport could reach this ward within 45 minutes without pulling a unit off a higher-severity ward.
30.0,2025-09-28T11:30:00Z,REPLAY,predicted,I001:mass_transport:2,I001,mass_transport,w-pc-11,5,No unit able to provide mass transport could reach this ward within 45 minutes without pulling a unit off a higher-severity ward.
30.0,2025-09-28T11:30:00Z,REPLAY,predicted,I002:mass_transport:0,I002,mass_transport,w-pc-11,5,No unit able to provide mass transport could reach this ward within 45 minutes without pulling a unit off a higher-severity ward.
30.0,2025-09-28T11:30:00Z,REPLAY,predicted,I002:mass_transport:1,I002,mass_transport,w-pc-11,5,No unit able to provide mass transport could reach this ward within 45 minutes without pulling a unit off a higher-severity ward.
30.0,2025-09-28T11:30:00Z,REPLAY,predicted,I002:mass_transport:2,I002,mass_transport,w-pc-11,5,No unit able to provide mass transport could reach this ward within 45 minutes without pulling a unit off a higher-severity ward.
30.0,2025-09-28T11:30:00Z,REPLAY,predicted,I006:mass_transport:0,I006,mass_transport,w-pc-14,5,No unit able to provide mass transport could reach this ward within 45 minutes without pulling a unit off a higher-severity ward.
30.0,2025-09-28T11:30:00Z,REPLAY,predicted,I006:mass_transport:1,I006,mass_transport,w-pc-14,5,No unit able to provide mass transport could reach this ward within 45 minutes without pulling a unit off a higher-severity ward.
30.0,2025-09-28T11:30:00Z,REPLAY,predicted,I006:mass_transport:2,I006,mass_transport,w-pc-14,5,No unit able to provide mass transport could reach this ward within 45 minutes without pulling a unit off a higher-severity ward.
30.0,2025-09-28T11:30:00Z,REPLAY,predicted,I008:debris_clearance:0,I008,debris_clearance,w-pc-11,3,No unit able to provide debris clearance could reach this ward within 45 minutes without pulling a unit off a higher-severity ward.
30.0,2025-09-28T11:30:00Z,REPLAY,predicted,I009:mass_transport:0,I009,mass_transport,w-pc-07,4,No unit able to provide mass transport could reach this ward within 45 minutes without pulling a unit off a higher-severity ward.
30.0,2025-09-28T11:30:00Z,REPLAY,predicted,I009:mass_transport:1,I009,mass_transport,w-pc-07,4,No unit able to provide mass transport could reach this ward within 45 minutes without pulling a unit off a higher-severity ward.
30.0,2025-09-28T11:30:00Z,REPLAY,predicted,I010:mass_transport:1,I010,mass_transport,w-pc-06,5,No unit able to provide mass transport could reach this ward within 45 minutes without pulling a unit off a higher-severity ward.
30.0,2025-09-28T11:30:00Z,REPLAY,predicted,I011:mass_transport:0,I011,mass_transport,w-pc-14,4,No unit able to provide mass transport could reach this ward within 45 minutes without pulling a unit off a higher-severity ward.
30.0,2025-09-28T11:30:00Z,REPLAY,predicted,I011:mass_transport:1,I011,mass_transport,w-pc-14,4,No unit able to provide mass transport could reach this ward within 45 minutes without pulling a unit off a higher-severity ward.
30.0,2025-09-28T11:30:00Z,REPLAY,predicted,I015:mass_transport:0,I015,mass_transport,w-pc-11,4,No unit able to provide mass transport could reach this ward within 45 minutes without pulling a unit off a higher-severity ward.
30.0,2025-09-28T11:30:00Z,REPLAY,predicted,I015:mass_transport:1,I015,mass_transport,w-pc-11,4,No unit able to provide mass transport could reach this ward within 45 minutes without pulling a unit off a higher-severity ward.
40.0,2025-09-28T11:40:00Z,REPLAY,predicted,I001:mass_transport:0,I001,mass_transport,w-pc-11,5,No unit able to provide mass transport could reach this ward within 45 minutes without pulling a unit off a higher-severity ward.
40.0,2025-09-28T11:40:00Z,REPLAY,predicted,I001:mass_transport:1,I001,mass_transport,w-pc-11,5,No unit able to provide mass transport could reach this ward within 45 minutes without pulling a unit off a higher-severity ward.
40.0,2025-09-28T11:40:00Z,REPLAY,predicted,I001:mass_transport:2,I001,mass_transport,w-pc-11,5,No unit able to provide mass transport could reach this ward within 45 minutes without pulling a unit off a higher-severity ward.
40.0,2025-09-28T11:40:00Z,REPLAY,predicted,I002:mass_transport:0,I002,mass_transport,w-pc-11,5,No unit able to provide mass transport could reach this ward within 45 minutes without pulling a unit off a higher-severity ward.
40.0,2025-09-28T11:40:00Z,REPLAY,predicted,I002:mass_transport:1,I002,mass_transport,w-pc-11,5,No unit able to provide mass transport could reach this ward within 45 minutes without pulling a unit off a higher-severity ward.
40.0,2025-09-28T11:40:00Z,REPLAY,predicted,I002:mass_transport:2,I002,mass_transport,w-pc-11,5,No unit able to provide mass transport could reach this ward within 45 minutes without pulling a unit off a higher-severity ward.
40.0,2025-09-28T11:40:00Z,REPLAY,predicted,I006:mass_transport:0,I006,mass_transport,w-pc-14,5,No unit able to provide mass transport could reach this ward within 45 minutes without pulling a unit off a higher-severity ward.
40.0,2025-09-28T11:40:00Z,REPLAY,predicted,I006:mass_transport:1,I006,mass_transport,w-pc-14,5,No unit able to provide mass transport could reach this ward within 45 minutes without pulling a unit off a higher-severity ward.
40.0,2025-09-28T11:40:00Z,REPLAY,predicted,I006:mass_transport:2,I006,mass_transport,w-pc-14,5,No unit able to provide mass transport could reach this ward within 45 minutes without pulling a unit off a higher-severity ward.
40.0,2025-09-28T11:40:00Z,REPLAY,predicted,I009:mass_transport:0,I009,mass_transport,w-pc-07,4,No unit able to provide mass transport could reach this ward within 45 minutes without pulling a unit off a higher-severity ward.
40.0,2025-09-28T11:40:00Z,REPLAY,predicted,I009:mass_transport:1,I009,mass_transport,w-pc-07,4,No unit able to provide mass transport could reach this ward within 45 minutes without pulling a unit off a higher-severity ward.
40.0,2025-09-28T11:40:00Z,REPLAY,predicted,I010:mass_transport:0,I010,mass_transport,w-pc-06,5,No unit able to provide mass transport could reach this ward within 45 minutes without pulling a unit off a higher-severity ward.
40.0,2025-09-28T11:40:00Z,REPLAY,predicted,I011:mass_transport:0,I011,mass_transport,w-pc-14,4,No unit able to provide mass transport could reach this ward within 45 minutes without pulling a unit off a higher-severity ward.
40.0,2025-09-28T11:40:00Z,REPLAY,predicted,I011:mass_transport:1,I011,mass_transport,w-pc-14,4,No unit able to provide mass transport could reach this ward within 45 minutes without pulling a unit off a higher-severity ward.
40.0,2025-09-28T11:40:00Z,REPLAY,predicted,I015:mass_transport:0,I015,mass_transport,w-pc-11,4,No unit able to provide mass transport could reach this ward within 45 minutes without pulling a unit off a higher-severity ward.
40.0,2025-09-28T11:40:00Z,REPLAY,predicted,I015:mass_transport:1,I015,mass_transport,w-pc-11,4,No unit able to provide mass transport could reach this ward within 45 minutes without pulling a unit off a higher-severity ward.
40.0,2025-09-28T11:40:00Z,REPLAY,predicted,I017:mass_transport:0,I017,mass_transport,w-pc-07,5,No unit able to provide mass transport could reach this ward within 45 minutes without pulling a unit off a higher-severity ward.
40.0,2025-09-28T11:40:00Z,REPLAY,predicted,I017:mass_transport:1,I017,mass_transport,w-pc-07,5,No unit able to provide mass transport could reach this ward within 45 minutes without pulling a unit off a higher-severity ward.
40.0,2025-09-28T11:40:00Z,REPLAY,predicted,I017:mass_transport:2,I017,mass_transport,w-pc-07,5,No unit able to provide mass transport could reach this ward within 45 minutes without pulling a unit off a higher-severity ward.
50.0,2025-09-28T11:50:00Z,REPLAY,predicted,I001:mass_transport:0,I001,mass_transport,w-pc-11,5,No unit able to provide mass transport could reach this ward within 45 minutes without pulling a unit off a higher-severity ward.
50.0,2025-09-28T11:50:00Z,REPLAY,predicted,I001:mass_transport:1,I001,mass_transport,w-pc-11,5,No unit able to provide mass transport could reach this ward within 45 minutes without pulling a unit off a higher-severity ward.
50.0,2025-09-28T11:50:00Z,REPLAY,predicted,I001:mass_transport:2,I001,mass_transport,w-pc-11,5,No unit able to provide mass transport could reach this ward within 45 minutes without pulling a unit off a higher-severity ward.
50.0,2025-09-28T11:50:00Z,REPLAY,predicted,I002:mass_transport:0,I002,mass_transport,w-pc-11,5,No unit able to provide mass transport could reach this ward within 45 minutes without pulling a unit off a higher-severity ward.
50.0,2025-09-28T11:50:00Z,REPLAY,predicted,I002:mass_transport:1,I002,mass_transport,w-pc-11,5,No unit able to provide mass transport could reach this ward within 45 minutes without pulling a unit off a higher-severity ward.
50.0,2025-09-28T11:50:00Z,REPLAY,predicted,I002:mass_transport:2,I002,mass_transport,w-pc-11,5,No unit able to provide mass transport could reach this ward within 45 minutes without pulling a unit off a higher-severity ward.
50.0,2025-09-28T11:50:00Z,REPLAY,predicted,I006:mass_transport:0,I006,mass_transport,w-pc-14,5,No unit able to provide mass transport could reach this ward within 45 minutes without pulling a unit off a higher-severity ward.
50.0,2025-09-28T11:50:00Z,REPLAY,predicted,I006:mass_transport:1,I006,mass_transport,w-pc-14,5,No unit able to provide mass transport could reach this ward within 45 minutes without pulling a unit off a higher-severity ward.
50.0,2025-09-28T11:50:00Z,REPLAY,predicted,I006:mass_transport:2,I006,mass_transport,w-pc-14,5,No unit able to provide mass transport could reach this ward within 45 minutes without pulling a unit off a higher-severity ward.
50.0,2025-09-28T11:50:00Z,REPLAY,predicted,I009:mass_transport:0,I009,mass_transport,w-pc-07,4,No unit able to provide mass transport could reach this ward within 45 minutes without pulling a unit off a higher-severity ward.
50.0,2025-09-28T11:50:00Z,REPLAY,predicted,I009:mass_transport:1,I009,mass_transport,w-pc-07,4,No unit able to provide mass transport could reach this ward within 45 minutes without pulling a unit off a higher-severity ward.
50.0,2025-09-28T11:50:00Z,REPLAY,predicted,I010:mass_transport:0,I010,mass_transport,w-pc-06,5,No unit able to provide mass transport could reach this ward within 45 minutes without pulling a unit off a higher-severity ward.
50.0,2025-09-28T11:50:00Z,REPLAY,predicted,I011:mass_transport:0,I011,mass_transport,w-pc-14,4,No unit able to provide mass transport could reach this ward within 45 minutes without pulling a unit off a higher-severity ward.
50.0,2025-09-28T11:50:00Z,REPLAY,predicted,I011:mass_transport:1,I011,mass_transport,w-pc-14,4,No unit able to provide mass transport could reach this ward within 45 minutes without pulling a unit off a higher-severity ward.
50.0,2025-09-28T11:50:00Z,REPLAY,predicted,I015:mass_transport:0,I015,mass_transport,w-pc-11,4,No unit able to provide mass transport could reach this ward within 45 minutes without pulling a unit off a higher-severity ward.
50.0,2025-09-28T11:50:00Z,REPLAY,predicted,I015:mass_transport:1,I015,mass_transport,w-pc-11,4,No unit able to provide mass transport could reach this ward within 45 minutes without pulling a unit off a higher-severity ward.
50.0,2025-09-28T11:50:00Z,REPLAY,predicted,I017:mass_transport:0,I017,mass_transport,w-pc-07,5,No unit able to provide mass transport could reach this ward within 45 minutes without pulling a unit off a higher-severity ward.
50.0,2025-09-28T11:50:00Z,REPLAY,predicted,I017:mass_transport:1,I017,mass_transport,w-pc-07,5,No unit able to provide mass transport could reach this ward within 45 minutes without pulling a unit off a higher-severity ward.
50.0,2025-09-28T11:50:00Z,REPLAY,predicted,I017:mass_transport:2,I017,mass_transport,w-pc-07,5,No unit able to provide mass transport could reach this ward within 45 minutes without pulling a unit off a higher-severity ward.
60.0,2025-09-28T12:00:00Z,REPLAY,predicted,I001:mass_transport:0,I001,mass_transport,w-pc-11,5,No unit able to provide mass transport could reach this ward within 45 minutes without pulling a unit off a higher-severity ward.
60.0,2025-09-28T12:00:00Z,REPLAY,predicted,I001:mass_transport:1,I001,mass_transport,w-pc-11,5,No unit able to provide mass transport could reach this ward within 45 minutes without pulling a unit off a higher-severity ward.
60.0,2025-09-28T12:00:00Z,REPLAY,predicted,I001:mass_transport:2,I001,mass_transport,w-pc-11,5,No unit able to provide mass transport could reach this ward within 45 minutes without pulling a unit off a higher-severity ward.
60.0,2025-09-28T12:00:00Z,REPLAY,predicted,I002:mass_transport:0,I002,mass_transport,w-pc-11,5,No unit able to provide mass transport could reach this ward within 45 minutes without pulling a unit off a higher-severity ward.
60.0,2025-09-28T12:00:00Z,REPLAY,predicted,I002:mass_transport:1,I002,mass_transport,w-pc-11,5,No unit able to provide mass transport could reach this ward within 45 minutes without pulling a unit off a higher-severity ward.
60.0,2025-09-28T12:00:00Z,REPLAY,predicted,I002:mass_transport:2,I002,mass_transport,w-pc-11,5,No unit able to provide mass transport could reach this ward within 45 minutes without pulling a unit off a higher-severity ward.
60.0,2025-09-28T12:00:00Z,REPLAY,predicted,I006:mass_transport:0,I006,mass_transport,w-pc-14,5,No unit able to provide mass transport could reach this ward within 45 minutes without pulling a unit off a higher-severity ward.
60.0,2025-09-28T12:00:00Z,REPLAY,predicted,I006:mass_transport:1,I006,mass_transport,w-pc-14,5,No unit able to provide mass transport could reach this ward within 45 minutes without pulling a unit off a higher-severity ward.
60.0,2025-09-28T12:00:00Z,REPLAY,predicted,I006:mass_transport:2,I006,mass_transport,w-pc-14,5,No unit able to provide mass transport could reach this ward within 45 minutes without pulling a unit off a higher-severity ward.
60.0,2025-09-28T12:00:00Z,REPLAY,predicted,I009:mass_transport:0,I009,mass_transport,w-pc-07,4,No unit able to provide mass transport could reach this ward within 45 minutes without pulling a unit off a higher-severity ward.
60.0,2025-09-28T12:00:00Z,REPLAY,predicted,I009:mass_transport:1,I009,mass_transport,w-pc-07,4,No unit able to provide mass transport could reach this ward within 45 minutes without pulling a unit off a higher-severity ward.
60.0,2025-09-28T12:00:00Z,REPLAY,predicted,I011:mass_transport:0,I011,mass_transport,w-pc-14,4,No unit able to provide mass transport could reach this ward within 45 minutes without pulling a unit off a higher-severity ward.
60.0,2025-09-28T12:00:00Z,REPLAY,predicted,I011:mass_transport:1,I011,mass_transport,w-pc-14,4,No unit able to provide mass transport could reach this ward within 45 minutes without pulling a unit off a higher-severity ward.
60.0,2025-09-28T12:00:00Z,REPLAY,predicted,I013:dewatering:0,I013,dewatering,w-pc-13,2,No unit able to provide dewatering could reach this ward within 45 minutes without pulling a unit off a higher-severity ward.
60.0,2025-09-28T12:00:00Z,REPLAY,predicted,I015:mass_transport:0,I015,mass_transport,w-pc-11,4,No unit able to provide mass transport could reach this ward within 45 minutes without pulling a unit off a higher-severity ward.
60.0,2025-09-28T12:00:00Z,REPLAY,predicted,I015:mass_transport:1,I015,mass_transport,w-pc-11,4,No unit able to provide mass transport could reach this ward within 45 minutes without pulling a unit off a higher-severity ward.
60.0,2025-09-28T12:00:00Z,REPLAY,predicted,I017:mass_transport:1,I017,mass_transport,w-pc-07,5,No unit able to provide mass transport could reach this ward within 45 minutes without pulling a unit off a higher-severity ward.
60.0,2025-09-28T12:00:00Z,REPLAY,predicted,I017:mass_transport:2,I017,mass_transport,w-pc-07,5,No unit able to provide mass transport could reach this ward within 45 minutes without pulling a unit off a higher-severity ward.
60.0,2025-09-28T12:00:00Z,REPLAY,predicted,I021:dewatering:0,I021,dewatering,w-pc-10,2,No unit able to provide dewatering could reach this ward within 45 minutes without pulling a unit off a higher-severity ward.
60.0,2025-09-28T12:00:00Z,REPLAY,predicted,I022:dewatering:0,I022,dewatering,w-pc-11,2,No unit able to provide dewatering could reach this ward within 45 minutes without pulling a unit off a higher-severity ward.
60.0,2025-09-28T12:00:00Z,REPLAY,predicted,I024:mass_transport:0,I024,mass_transport,w-pc-06,4,No unit able to provide mass transport could reach this ward within 45 minutes without pulling a unit off a higher-severity ward.
60.0,2025-09-28T12:00:00Z,REPLAY,predicted,I024:mass_transport:1,I024,mass_transport,w-pc-06,4,No unit able to provide mass transport could reach this ward within 45 minutes without pulling a unit off a higher-severity ward.
70.0,2025-09-28T12:10:00Z,REPLAY,predicted,I001:mass_transport:0,I001,mass_transport,w-pc-11,5,No unit able to provide mass transport could reach this ward within 45 minutes without pulling a unit off a higher-severity ward.
70.0,2025-09-28T12:10:00Z,REPLAY,predicted,I001:mass_transport:1,I001,mass_transport,w-pc-11,5,No unit able to provide mass transport could reach this ward within 45 minutes without pulling a unit off a higher-severity ward.
70.0,2025-09-28T12:10:00Z,REPLAY,predicted,I001:mass_transport:2,I001,mass_transport,w-pc-11,5,No unit able to provide mass transport could reach this ward within 45 minutes without pulling a unit off a higher-severity ward.
70.0,2025-09-28T12:10:00Z,REPLAY,predicted,I002:mass_transport:0,I002,mass_transport,w-pc-11,5,No unit able to provide mass transport could reach this ward within 45 minutes without pulling a unit off a higher-severity ward.
70.0,2025-09-28T12:10:00Z,REPLAY,predicted,I002:mass_transport:1,I002,mass_transport,w-pc-11,5,No unit able to provide mass transport could reach this ward within 45 minutes without pulling a unit off a higher-severity ward.
70.0,2025-09-28T12:10:00Z,REPLAY,predicted,I002:mass_transport:2,I002,mass_transport,w-pc-11,5,No unit able to provide mass transport could reach this ward within 45 minutes without pulling a unit off a higher-severity ward.
70.0,2025-09-28T12:10:00Z,REPLAY,predicted,I006:mass_transport:0,I006,mass_transport,w-pc-14,5,No unit able to provide mass transport could reach this ward within 45 minutes without pulling a unit off a higher-severity ward.
70.0,2025-09-28T12:10:00Z,REPLAY,predicted,I006:mass_transport:1,I006,mass_transport,w-pc-14,5,No unit able to provide mass transport could reach this ward within 45 minutes without pulling a unit off a higher-severity ward.
70.0,2025-09-28T12:10:00Z,REPLAY,predicted,I006:mass_transport:2,I006,mass_transport,w-pc-14,5,No unit able to provide mass transport could reach this ward within 45 minutes without pulling a unit off a higher-severity ward.
70.0,2025-09-28T12:10:00Z,REPLAY,predicted,I009:mass_transport:0,I009,mass_transport,w-pc-07,4,No unit able to provide mass transport could reach this ward within 45 minutes without pulling a unit off a higher-severity ward.
70.0,2025-09-28T12:10:00Z,REPLAY,predicted,I009:mass_transport:1,I009,mass_transport,w-pc-07,4,No unit able to provide mass transport could reach this ward within 45 minutes without pulling a unit off a higher-severity ward.
70.0,2025-09-28T12:10:00Z,REPLAY,predicted,I011:mass_transport:0,I011,mass_transport,w-pc-14,4,No unit able to provide mass transport could reach this ward within 45 minutes without pulling a unit off a higher-severity ward.
70.0,2025-09-28T12:10:00Z,REPLAY,predicted,I011:mass_transport:1,I011,mass_transport,w-pc-14,4,No unit able to provide mass transport could reach this ward within 45 minutes without pulling a unit off a higher-severity ward.
70.0,2025-09-28T12:10:00Z,REPLAY,predicted,I013:dewatering:0,I013,dewatering,w-pc-13,2,No unit able to provide dewatering could reach this ward within 45 minutes without pulling a unit off a higher-severity ward.
70.0,2025-09-28T12:10:00Z,REPLAY,predicted,I015:mass_transport:0,I015,mass_transport,w-pc-11,4,No unit able to provide mass transport could reach this ward within 45 minutes without pulling a unit off a higher-severity ward.
70.0,2025-09-28T12:10:00Z,REPLAY,predicted,I015:mass_transport:1,I015,mass_transport,w-pc-11,4,No unit able to provide mass transport could reach this ward within 45 minutes without pulling a unit off a higher-severity ward.
70.0,2025-09-28T12:10:00Z,REPLAY,predicted,I017:mass_transport:0,I017,mass_transport,w-pc-07,5,No unit able to provide mass transport could reach this ward within 45 minutes without pulling a unit off a higher-severity ward.
70.0,2025-09-28T12:10:00Z,REPLAY,predicted,I017:mass_transport:1,I017,mass_transport,w-pc-07,5,No unit able to provide mass transport could reach this ward within 45 minutes without pulling a unit off a higher-severity ward.
70.0,2025-09-28T12:10:00Z,REPLAY,predicted,I024:mass_transport:0,I024,mass_transport,w-pc-06,4,No unit able to provide mass transport could reach this ward within 45 minutes without pulling a unit off a higher-severity ward.
70.0,2025-09-28T12:10:00Z,REPLAY,predicted,I024:mass_transport:1,I024,mass_transport,w-pc-06,4,No unit able to provide mass transport could reach this ward within 45 minutes without pulling a unit off a higher-severity ward.
70.0,2025-09-28T12:10:00Z,REPLAY,predicted,I024:dewatering:0,I024,dewatering,w-pc-06,4,No unit able to provide dewatering could reach this ward within 45 minutes without pulling a unit off a higher-severity ward.
80.0,2025-09-28T12:20:00Z,REPLAY,predicted,I001:mass_transport:0,I001,mass_transport,w-pc-11,5,No unit able to provide mass transport could reach this ward within 45 minutes without pulling a unit off a higher-severity ward.
80.0,2025-09-28T12:20:00Z,REPLAY,predicted,I001:mass_transport:1,I001,mass_transport,w-pc-11,5,No unit able to provide mass transport could reach this ward within 45 minutes without pulling a unit off a higher-severity ward.
80.0,2025-09-28T12:20:00Z,REPLAY,predicted,I001:mass_transport:2,I001,mass_transport,w-pc-11,5,No unit able to provide mass transport could reach this ward within 45 minutes without pulling a unit off a higher-severity ward.
80.0,2025-09-28T12:20:00Z,REPLAY,predicted,I002:mass_transport:0,I002,mass_transport,w-pc-11,5,No unit able to provide mass transport could reach this ward within 45 minutes without pulling a unit off a higher-severity ward.
80.0,2025-09-28T12:20:00Z,REPLAY,predicted,I002:mass_transport:1,I002,mass_transport,w-pc-11,5,No unit able to provide mass transport could reach this ward within 45 minutes without pulling a unit off a higher-severity ward.
80.0,2025-09-28T12:20:00Z,REPLAY,predicted,I002:mass_transport:2,I002,mass_transport,w-pc-11,5,No unit able to provide mass transport could reach this ward within 45 minutes without pulling a unit off a higher-severity ward.
80.0,2025-09-28T12:20:00Z,REPLAY,predicted,I006:mass_transport:0,I006,mass_transport,w-pc-14,5,No unit able to provide mass transport could reach this ward within 45 minutes without pulling a unit off a higher-severity ward.
80.0,2025-09-28T12:20:00Z,REPLAY,predicted,I006:mass_transport:1,I006,mass_transport,w-pc-14,5,No unit able to provide mass transport could reach this ward within 45 minutes without pulling a unit off a higher-severity ward.
80.0,2025-09-28T12:20:00Z,REPLAY,predicted,I006:mass_transport:2,I006,mass_transport,w-pc-14,5,No unit able to provide mass transport could reach this ward within 45 minutes without pulling a unit off a higher-severity ward.
80.0,2025-09-28T12:20:00Z,REPLAY,predicted,I009:mass_transport:0,I009,mass_transport,w-pc-07,4,No unit able to provide mass transport could reach this ward within 45 minutes without pulling a unit off a higher-severity ward.
80.0,2025-09-28T12:20:00Z,REPLAY,predicted,I009:mass_transport:1,I009,mass_transport,w-pc-07,4,No unit able to provide mass transport could reach this ward within 45 minutes without pulling a unit off a higher-severity ward.
80.0,2025-09-28T12:20:00Z,REPLAY,predicted,I011:mass_transport:0,I011,mass_transport,w-pc-14,4,No unit able to provide mass transport could reach this ward within 45 minutes without pulling a unit off a higher-severity ward.
80.0,2025-09-28T12:20:00Z,REPLAY,predicted,I011:mass_transport:1,I011,mass_transport,w-pc-14,4,No unit able to provide mass transport could reach this ward within 45 minutes without pulling a unit off a higher-severity ward.
80.0,2025-09-28T12:20:00Z,REPLAY,predicted,I013:dewatering:0,I013,dewatering,w-pc-13,2,No unit able to provide dewatering could reach this ward within 45 minutes without pulling a unit off a higher-severity ward.
80.0,2025-09-28T12:20:00Z,REPLAY,predicted,I015:mass_transport:0,I015,mass_transport,w-pc-11,4,No unit able to provide mass transport could reach this ward within 45 minutes without pulling a unit off a higher-severity ward.
80.0,2025-09-28T12:20:00Z,REPLAY,predicted,I015:mass_transport:1,I015,mass_transport,w-pc-11,4,No unit able to provide mass transport could reach this ward within 45 minutes without pulling a unit off a higher-severity ward.
80.0,2025-09-28T12:20:00Z,REPLAY,predicted,I017:mass_transport:0,I017,mass_transport,w-pc-07,5,No unit able to provide mass transport could reach this ward within 45 minutes without pulling a unit off a higher-severity ward.
80.0,2025-09-28T12:20:00Z,REPLAY,predicted,I017:mass_transport:1,I017,mass_transport,w-pc-07,5,No unit able to provide mass transport could reach this ward within 45 minutes without pulling a unit off a higher-severity ward.
80.0,2025-09-28T12:20:00Z,REPLAY,predicted,I024:mass_transport:0,I024,mass_transport,w-pc-06,4,No unit able to provide mass transport could reach this ward within 45 minutes without pulling a unit off a higher-severity ward.
80.0,2025-09-28T12:20:00Z,REPLAY,predicted,I024:mass_transport:1,I024,mass_transport,w-pc-06,4,No unit able to provide mass transport could reach this ward within 45 minutes without pulling a unit off a higher-severity ward.
80.0,2025-09-28T12:20:00Z,REPLAY,predicted,I024:dewatering:0,I024,dewatering,w-pc-06,4,No unit able to provide dewatering could reach this ward within 45 minutes without pulling a unit off a higher-severity ward.
90.0,2025-09-28T12:30:00Z,REPLAY,predicted,I001:mass_transport:0,I001,mass_transport,w-pc-11,5,No unit able to provide mass transport could reach this ward within 45 minutes without pulling a unit off a higher-severity ward.
90.0,2025-09-28T12:30:00Z,REPLAY,predicted,I001:mass_transport:1,I001,mass_transport,w-pc-11,5,No unit able to provide mass transport could reach this ward within 45 minutes without pulling a unit off a higher-severity ward.
90.0,2025-09-28T12:30:00Z,REPLAY,predicted,I001:mass_transport:2,I001,mass_transport,w-pc-11,5,No unit able to provide mass transport could reach this ward within 45 minutes without pulling a unit off a higher-severity ward.
90.0,2025-09-28T12:30:00Z,REPLAY,predicted,I002:mass_transport:0,I002,mass_transport,w-pc-11,5,No unit able to provide mass transport could reach this ward within 45 minutes without pulling a unit off a higher-severity ward.
90.0,2025-09-28T12:30:00Z,REPLAY,predicted,I002:mass_transport:1,I002,mass_transport,w-pc-11,5,No unit able to provide mass transport could reach this ward within 45 minutes without pulling a unit off a higher-severity ward.
90.0,2025-09-28T12:30:00Z,REPLAY,predicted,I002:mass_transport:2,I002,mass_transport,w-pc-11,5,No unit able to provide mass transport could reach this ward within 45 minutes without pulling a unit off a higher-severity ward.
90.0,2025-09-28T12:30:00Z,REPLAY,predicted,I006:mass_transport:0,I006,mass_transport,w-pc-14,5,No unit able to provide mass transport could reach this ward within 45 minutes without pulling a unit off a higher-severity ward.
90.0,2025-09-28T12:30:00Z,REPLAY,predicted,I006:mass_transport:1,I006,mass_transport,w-pc-14,5,No unit able to provide mass transport could reach this ward within 45 minutes without pulling a unit off a higher-severity ward.
90.0,2025-09-28T12:30:00Z,REPLAY,predicted,I006:mass_transport:2,I006,mass_transport,w-pc-14,5,No unit able to provide mass transport could reach this ward within 45 minutes without pulling a unit off a higher-severity ward.
90.0,2025-09-28T12:30:00Z,REPLAY,predicted,I009:mass_transport:0,I009,mass_transport,w-pc-07,4,No unit able to provide mass transport could reach this ward within 45 minutes without pulling a unit off a higher-severity ward.
90.0,2025-09-28T12:30:00Z,REPLAY,predicted,I009:mass_transport:1,I009,mass_transport,w-pc-07,4,No unit able to provide mass transport could reach this ward within 45 minutes without pulling a unit off a higher-severity ward.
90.0,2025-09-28T12:30:00Z,REPLAY,predicted,I011:mass_transport:0,I011,mass_transport,w-pc-14,4,No unit able to provide mass transport could reach this ward within 45 minutes without pulling a unit off a higher-severity ward.
90.0,2025-09-28T12:30:00Z,REPLAY,predicted,I011:mass_transport:1,I011,mass_transport,w-pc-14,4,No unit able to provide mass transport could reach this ward within 45 minutes without pulling a unit off a higher-severity ward.
90.0,2025-09-28T12:30:00Z,REPLAY,predicted,I015:mass_transport:0,I015,mass_transport,w-pc-11,4,No unit able to provide mass transport could reach this ward within 45 minutes without pulling a unit off a higher-severity ward.
90.0,2025-09-28T12:30:00Z,REPLAY,predicted,I015:mass_transport:1,I015,mass_transport,w-pc-11,4,No unit able to provide mass transport could reach this ward within 45 minutes without pulling a unit off a higher-severity ward.
90.0,2025-09-28T12:30:00Z,REPLAY,predicted,I017:mass_transport:0,I017,mass_transport,w-pc-07,5,No unit able to provide mass transport could reach this ward within 45 minutes without pulling a unit off a higher-severity ward.
90.0,2025-09-28T12:30:00Z,REPLAY,predicted,I017:mass_transport:1,I017,mass_transport,w-pc-07,5,No unit able to provide mass transport could reach this ward within 45 minutes without pulling a unit off a higher-severity ward.
90.0,2025-09-28T12:30:00Z,REPLAY,predicted,I024:mass_transport:0,I024,mass_transport,w-pc-06,4,No unit able to provide mass transport could reach this ward within 45 minutes without pulling a unit off a higher-severity ward.
90.0,2025-09-28T12:30:00Z,REPLAY,predicted,I024:mass_transport:1,I024,mass_transport,w-pc-06,4,No unit able to provide mass transport could reach this ward within 45 minutes without pulling a unit off a higher-severity ward.
90.0,2025-09-28T12:30:00Z,REPLAY,predicted,I024:dewatering:0,I024,dewatering,w-pc-06,4,No unit able to provide dewatering could reach this ward within 45 minutes without pulling a unit off a higher-severity ward.
100.0,2025-09-28T12:40:00Z,REPLAY,predicted,I001:mass_transport:0,I001,mass_transport,w-pc-11,5,No unit able to provide mass transport could reach this ward within 45 minutes without pulling a unit off a higher-severity ward.
100.0,2025-09-28T12:40:00Z,REPLAY,predicted,I001:mass_transport:1,I001,mass_transport,w-pc-11,5,No unit able to provide mass transport could reach this ward within 45 minutes without pulling a unit off a higher-severity ward.
100.0,2025-09-28T12:40:00Z,REPLAY,predicted,I001:mass_transport:2,I001,mass_transport,w-pc-11,5,No unit able to provide mass transport could reach this ward within 45 minutes without pulling a unit off a higher-severity ward.
100.0,2025-09-28T12:40:00Z,REPLAY,predicted,I002:mass_transport:1,I002,mass_transport,w-pc-11,5,No unit able to provide mass transport could reach this ward within 45 minutes without pulling a unit off a higher-severity ward.
100.0,2025-09-28T12:40:00Z,REPLAY,predicted,I002:mass_transport:2,I002,mass_transport,w-pc-11,5,No unit able to provide mass transport could reach this ward within 45 minutes without pulling a unit off a higher-severity ward.
100.0,2025-09-28T12:40:00Z,REPLAY,predicted,I006:mass_transport:0,I006,mass_transport,w-pc-14,5,No unit able to provide mass transport could reach this ward within 45 minutes without pulling a unit off a higher-severity ward.
100.0,2025-09-28T12:40:00Z,REPLAY,predicted,I006:mass_transport:1,I006,mass_transport,w-pc-14,5,No unit able to provide mass transport could reach this ward within 45 minutes without pulling a unit off a higher-severity ward.
100.0,2025-09-28T12:40:00Z,REPLAY,predicted,I006:mass_transport:2,I006,mass_transport,w-pc-14,5,No unit able to provide mass transport could reach this ward within 45 minutes without pulling a unit off a higher-severity ward.
100.0,2025-09-28T12:40:00Z,REPLAY,predicted,I009:mass_transport:0,I009,mass_transport,w-pc-07,4,No unit able to provide mass transport could reach this ward within 45 minutes without pulling a unit off a higher-severity ward.
100.0,2025-09-28T12:40:00Z,REPLAY,predicted,I009:mass_transport:1,I009,mass_transport,w-pc-07,4,No unit able to provide mass transport could reach this ward within 45 minutes without pulling a unit off a higher-severity ward.
100.0,2025-09-28T12:40:00Z,REPLAY,predicted,I011:mass_transport:0,I011,mass_transport,w-pc-14,4,No unit able to provide mass transport could reach this ward within 45 minutes without pulling a unit off a higher-severity ward.
100.0,2025-09-28T12:40:00Z,REPLAY,predicted,I011:mass_transport:1,I011,mass_transport,w-pc-14,4,No unit able to provide mass transport could reach this ward within 45 minutes without pulling a unit off a higher-severity ward.
100.0,2025-09-28T12:40:00Z,REPLAY,predicted,I015:mass_transport:0,I015,mass_transport,w-pc-11,4,No unit able to provide mass transport could reach this ward within 45 minutes without pulling a unit off a higher-severity ward.
100.0,2025-09-28T12:40:00Z,REPLAY,predicted,I015:mass_transport:1,I015,mass_transport,w-pc-11,4,No unit able to provide mass transport could reach this ward within 45 minutes without pulling a unit off a higher-severity ward.
100.0,2025-09-28T12:40:00Z,REPLAY,predicted,I017:mass_transport:0,I017,mass_transport,w-pc-07,5,No unit able to provide mass transport could reach this ward within 45 minutes without pulling a unit off a higher-severity ward.
100.0,2025-09-28T12:40:00Z,REPLAY,predicted,I017:mass_transport:1,I017,mass_transport,w-pc-07,5,No unit able to provide mass transport could reach this ward within 45 minutes without pulling a unit off a higher-severity ward.
100.0,2025-09-28T12:40:00Z,REPLAY,predicted,I024:mass_transport:0,I024,mass_transport,w-pc-06,4,No unit able to provide mass transport could reach this ward within 45 minutes without pulling a unit off a higher-severity ward.
100.0,2025-09-28T12:40:00Z,REPLAY,predicted,I024:mass_transport:1,I024,mass_transport,w-pc-06,4,No unit able to provide mass transport could reach this ward within 45 minutes without pulling a unit off a higher-severity ward.
110.0,2025-09-28T12:50:00Z,REPLAY,predicted,I001:mass_transport:0,I001,mass_transport,w-pc-11,5,No unit able to provide mass transport could reach this ward within 45 minutes without pulling a unit off a higher-severity ward.
110.0,2025-09-28T12:50:00Z,REPLAY,predicted,I001:mass_transport:1,I001,mass_transport,w-pc-11,5,No unit able to provide mass transport could reach this ward within 45 minutes without pulling a unit off a higher-severity ward.
110.0,2025-09-28T12:50:00Z,REPLAY,predicted,I001:mass_transport:2,I001,mass_transport,w-pc-11,5,No unit able to provide mass transport could reach this ward within 45 minutes without pulling a unit off a higher-severity ward.
110.0,2025-09-28T12:50:00Z,REPLAY,predicted,I002:mass_transport:1,I002,mass_transport,w-pc-11,5,No unit able to provide mass transport could reach this ward within 45 minutes without pulling a unit off a higher-severity ward.
110.0,2025-09-28T12:50:00Z,REPLAY,predicted,I002:mass_transport:2,I002,mass_transport,w-pc-11,5,No unit able to provide mass transport could reach this ward within 45 minutes without pulling a unit off a higher-severity ward.
110.0,2025-09-28T12:50:00Z,REPLAY,predicted,I006:mass_transport:0,I006,mass_transport,w-pc-14,5,No unit able to provide mass transport could reach this ward within 45 minutes without pulling a unit off a higher-severity ward.
110.0,2025-09-28T12:50:00Z,REPLAY,predicted,I006:mass_transport:1,I006,mass_transport,w-pc-14,5,No unit able to provide mass transport could reach this ward within 45 minutes without pulling a unit off a higher-severity ward.
110.0,2025-09-28T12:50:00Z,REPLAY,predicted,I006:mass_transport:2,I006,mass_transport,w-pc-14,5,No unit able to provide mass transport could reach this ward within 45 minutes without pulling a unit off a higher-severity ward.
110.0,2025-09-28T12:50:00Z,REPLAY,predicted,I009:mass_transport:0,I009,mass_transport,w-pc-07,4,No unit able to provide mass transport could reach this ward within 45 minutes without pulling a unit off a higher-severity ward.
110.0,2025-09-28T12:50:00Z,REPLAY,predicted,I009:mass_transport:1,I009,mass_transport,w-pc-07,4,No unit able to provide mass transport could reach this ward within 45 minutes without pulling a unit off a higher-severity ward.
110.0,2025-09-28T12:50:00Z,REPLAY,predicted,I011:mass_transport:0,I011,mass_transport,w-pc-14,4,No unit able to provide mass transport could reach this ward within 45 minutes without pulling a unit off a higher-severity ward.
110.0,2025-09-28T12:50:00Z,REPLAY,predicted,I011:mass_transport:1,I011,mass_transport,w-pc-14,4,No unit able to provide mass transport could reach this ward within 45 minutes without pulling a unit off a higher-severity ward.
110.0,2025-09-28T12:50:00Z,REPLAY,predicted,I015:mass_transport:0,I015,mass_transport,w-pc-11,4,No unit able to provide mass transport could reach this ward within 45 minutes without pulling a unit off a higher-severity ward.
110.0,2025-09-28T12:50:00Z,REPLAY,predicted,I015:mass_transport:1,I015,mass_transport,w-pc-11,4,No unit able to provide mass transport could reach this ward within 45 minutes without pulling a unit off a higher-severity ward.
110.0,2025-09-28T12:50:00Z,REPLAY,predicted,I017:mass_transport:0,I017,mass_transport,w-pc-07,5,No unit able to provide mass transport could reach this ward within 45 minutes without pulling a unit off a higher-severity ward.
110.0,2025-09-28T12:50:00Z,REPLAY,predicted,I017:mass_transport:1,I017,mass_transport,w-pc-07,5,No unit able to provide mass transport could reach this ward within 45 minutes without pulling a unit off a higher-severity ward.
110.0,2025-09-28T12:50:00Z,REPLAY,predicted,I024:mass_transport:0,I024,mass_transport,w-pc-06,4,No unit able to provide mass transport could reach this ward within 45 minutes without pulling a unit off a higher-severity ward.
110.0,2025-09-28T12:50:00Z,REPLAY,predicted,I024:mass_transport:1,I024,mass_transport,w-pc-06,4,No unit able to provide mass transport could reach this ward within 45 minutes without pulling a unit off a higher-severity ward.
110.0,2025-09-28T12:50:00Z,REPLAY,predicted,I027:mass_transport:0,I027,mass_transport,w-pc-10,4,No unit able to provide mass transport could reach this ward within 45 minutes without pulling a unit off a higher-severity ward.
110.0,2025-09-28T12:50:00Z,REPLAY,predicted,I027:mass_transport:1,I027,mass_transport,w-pc-10,4,No unit able to provide mass transport could reach this ward within 45 minutes without pulling a unit off a higher-severity ward.
120.0,2025-09-28T13:00:00Z,REPLAY,predicted,I001:mass_transport:0,I001,mass_transport,w-pc-11,5,No unit able to provide mass transport could reach this ward within 45 minutes without pulling a unit off a higher-severity ward.
120.0,2025-09-28T13:00:00Z,REPLAY,predicted,I001:mass_transport:1,I001,mass_transport,w-pc-11,5,No unit able to provide mass transport could reach this ward within 45 minutes without pulling a unit off a higher-severity ward.
120.0,2025-09-28T13:00:00Z,REPLAY,predicted,I001:mass_transport:2,I001,mass_transport,w-pc-11,5,No unit able to provide mass transport could reach this ward within 45 minutes without pulling a unit off a higher-severity ward.
120.0,2025-09-28T13:00:00Z,REPLAY,predicted,I002:mass_transport:0,I002,mass_transport,w-pc-11,5,No unit able to provide mass transport could reach this ward within 45 minutes without pulling a unit off a higher-severity ward.
120.0,2025-09-28T13:00:00Z,REPLAY,predicted,I002:mass_transport:1,I002,mass_transport,w-pc-11,5,No unit able to provide mass transport could reach this ward within 45 minutes without pulling a unit off a higher-severity ward.
120.0,2025-09-28T13:00:00Z,REPLAY,predicted,I006:mass_transport:0,I006,mass_transport,w-pc-14,5,No unit able to provide mass transport could reach this ward within 45 minutes without pulling a unit off a higher-severity ward.
120.0,2025-09-28T13:00:00Z,REPLAY,predicted,I006:mass_transport:1,I006,mass_transport,w-pc-14,5,No unit able to provide mass transport could reach this ward within 45 minutes without pulling a unit off a higher-severity ward.
120.0,2025-09-28T13:00:00Z,REPLAY,predicted,I006:mass_transport:2,I006,mass_transport,w-pc-14,5,No unit able to provide mass transport could reach this ward within 45 minutes without pulling a unit off a higher-severity ward.
120.0,2025-09-28T13:00:00Z,REPLAY,predicted,I009:mass_transport:0,I009,mass_transport,w-pc-07,4,No unit able to provide mass transport could reach this ward within 45 minutes without pulling a unit off a higher-severity ward.
120.0,2025-09-28T13:00:00Z,REPLAY,predicted,I009:mass_transport:1,I009,mass_transport,w-pc-07,4,No unit able to provide mass transport could reach this ward within 45 minutes without pulling a unit off a higher-severity ward.
120.0,2025-09-28T13:00:00Z,REPLAY,predicted,I011:mass_transport:0,I011,mass_transport,w-pc-14,4,No unit able to provide mass transport could reach this ward within 45 minutes without pulling a unit off a higher-severity ward.
120.0,2025-09-28T13:00:00Z,REPLAY,predicted,I011:mass_transport:1,I011,mass_transport,w-pc-14,4,No unit able to provide mass transport could reach this ward within 45 minutes without pulling a unit off a higher-severity ward.
120.0,2025-09-28T13:00:00Z,REPLAY,predicted,I015:mass_transport:0,I015,mass_transport,w-pc-11,4,No unit able to provide mass transport could reach this ward within 45 minutes without pulling a unit off a higher-severity ward.
120.0,2025-09-28T13:00:00Z,REPLAY,predicted,I015:mass_transport:1,I015,mass_transport,w-pc-11,4,No unit able to provide mass transport could reach this ward within 45 minutes without pulling a unit off a higher-severity ward.
120.0,2025-09-28T13:00:00Z,REPLAY,predicted,I017:mass_transport:0,I017,mass_transport,w-pc-07,5,No unit able to provide mass transport could reach this ward within 45 minutes without pulling a unit off a higher-severity ward.
120.0,2025-09-28T13:00:00Z,REPLAY,predicted,I017:mass_transport:1,I017,mass_transport,w-pc-07,5,No unit able to provide mass transport could reach this ward within 45 minutes without pulling a unit off a higher-severity ward.
120.0,2025-09-28T13:00:00Z,REPLAY,predicted,I024:mass_transport:0,I024,mass_transport,w-pc-06,4,No unit able to provide mass transport could reach this ward within 45 minutes without pulling a unit off a higher-severity ward.
120.0,2025-09-28T13:00:00Z,REPLAY,predicted,I024:mass_transport:1,I024,mass_transport,w-pc-06,4,No unit able to provide mass transport could reach this ward within 45 minutes without pulling a unit off a higher-severity ward.
120.0,2025-09-28T13:00:00Z,REPLAY,predicted,I027:mass_transport:0,I027,mass_transport,w-pc-10,4,No unit able to provide mass transport could reach this ward within 45 minutes without pulling a unit off a higher-severity ward.
120.0,2025-09-28T13:00:00Z,REPLAY,predicted,I027:mass_transport:1,I027,mass_transport,w-pc-10,4,No unit able to provide mass transport could reach this ward within 45 minutes without pulling a unit off a higher-severity ward.
120.0,2025-09-28T13:00:00Z,REPLAY,predicted,I029:mass_transport:0,I029,mass_transport,w-pc-13,4,No unit able to provide mass transport could reach this ward within 45 minutes without pulling a unit off a higher-severity ward.
120.0,2025-09-28T13:00:00Z,REPLAY,predicted,I030:mass_transport:0,I030,mass_transport,w-pc-06,4,No unit able to provide mass transport could reach this ward within 45 minutes without pulling a unit off a higher-severity ward.
120.0,2025-09-28T13:00:00Z,REPLAY,predicted,I030:mass_transport:1,I030,mass_transport,w-pc-06,4,No unit able to provide mass transport could reach this ward within 45 minutes without pulling a unit off a higher-severity ward.
130.0,2025-09-28T13:10:00Z,REPLAY,predicted,I001:mass_transport:0,I001,mass_transport,w-pc-11,5,No unit able to provide mass transport could reach this ward within 45 minutes without pulling a unit off a higher-severity ward.
130.0,2025-09-28T13:10:00Z,REPLAY,predicted,I001:mass_transport:1,I001,mass_transport,w-pc-11,5,No unit able to provide mass transport could reach this ward within 45 minutes without pulling a unit off a higher-severity ward.
130.0,2025-09-28T13:10:00Z,REPLAY,predicted,I001:mass_transport:2,I001,mass_transport,w-pc-11,5,No unit able to provide mass transport could reach this ward within 45 minutes without pulling a unit off a higher-severity ward.
130.0,2025-09-28T13:10:00Z,REPLAY,predicted,I002:mass_transport:0,I002,mass_transport,w-pc-11,5,No unit able to provide mass transport could reach this ward within 45 minutes without pulling a unit off a higher-severity ward.
130.0,2025-09-28T13:10:00Z,REPLAY,predicted,I002:mass_transport:1,I002,mass_transport,w-pc-11,5,No unit able to provide mass transport could reach this ward within 45 minutes without pulling a unit off a higher-severity ward.
130.0,2025-09-28T13:10:00Z,REPLAY,predicted,I006:mass_transport:0,I006,mass_transport,w-pc-14,5,No unit able to provide mass transport could reach this ward within 45 minutes without pulling a unit off a higher-severity ward.
130.0,2025-09-28T13:10:00Z,REPLAY,predicted,I006:mass_transport:1,I006,mass_transport,w-pc-14,5,No unit able to provide mass transport could reach this ward within 45 minutes without pulling a unit off a higher-severity ward.
130.0,2025-09-28T13:10:00Z,REPLAY,predicted,I006:mass_transport:2,I006,mass_transport,w-pc-14,5,No unit able to provide mass transport could reach this ward within 45 minutes without pulling a unit off a higher-severity ward.
130.0,2025-09-28T13:10:00Z,REPLAY,predicted,I009:mass_transport:0,I009,mass_transport,w-pc-07,4,No unit able to provide mass transport could reach this ward within 45 minutes without pulling a unit off a higher-severity ward.
130.0,2025-09-28T13:10:00Z,REPLAY,predicted,I009:mass_transport:1,I009,mass_transport,w-pc-07,4,No unit able to provide mass transport could reach this ward within 45 minutes without pulling a unit off a higher-severity ward.
130.0,2025-09-28T13:10:00Z,REPLAY,predicted,I011:mass_transport:0,I011,mass_transport,w-pc-14,4,No unit able to provide mass transport could reach this ward within 45 minutes without pulling a unit off a higher-severity ward.
130.0,2025-09-28T13:10:00Z,REPLAY,predicted,I011:mass_transport:1,I011,mass_transport,w-pc-14,4,No unit able to provide mass transport could reach this ward within 45 minutes without pulling a unit off a higher-severity ward.
130.0,2025-09-28T13:10:00Z,REPLAY,predicted,I015:mass_transport:0,I015,mass_transport,w-pc-11,4,No unit able to provide mass transport could reach this ward within 45 minutes without pulling a unit off a higher-severity ward.
130.0,2025-09-28T13:10:00Z,REPLAY,predicted,I015:mass_transport:1,I015,mass_transport,w-pc-11,4,No unit able to provide mass transport could reach this ward within 45 minutes without pulling a unit off a higher-severity ward.
130.0,2025-09-28T13:10:00Z,REPLAY,predicted,I017:mass_transport:0,I017,mass_transport,w-pc-07,5,No unit able to provide mass transport could reach this ward within 45 minutes without pulling a unit off a higher-severity ward.
130.0,2025-09-28T13:10:00Z,REPLAY,predicted,I017:mass_transport:1,I017,mass_transport,w-pc-07,5,No unit able to provide mass transport could reach this ward within 45 minutes without pulling a unit off a higher-severity ward.
130.0,2025-09-28T13:10:00Z,REPLAY,predicted,I024:mass_transport:0,I024,mass_transport,w-pc-06,4,No unit able to provide mass transport could reach this ward within 45 minutes without pulling a unit off a higher-severity ward.
130.0,2025-09-28T13:10:00Z,REPLAY,predicted,I024:mass_transport:1,I024,mass_transport,w-pc-06,4,No unit able to provide mass transport could reach this ward within 45 minutes without pulling a unit off a higher-severity ward.
130.0,2025-09-28T13:10:00Z,REPLAY,predicted,I027:mass_transport:0,I027,mass_transport,w-pc-10,4,No unit able to provide mass transport could reach this ward within 45 minutes without pulling a unit off a higher-severity ward.
130.0,2025-09-28T13:10:00Z,REPLAY,predicted,I027:mass_transport:1,I027,mass_transport,w-pc-10,4,No unit able to provide mass transport could reach this ward within 45 minutes without pulling a unit off a higher-severity ward.
130.0,2025-09-28T13:10:00Z,REPLAY,predicted,I029:mass_transport:0,I029,mass_transport,w-pc-13,4,No unit able to provide mass transport could reach this ward within 45 minutes without pulling a unit off a higher-severity ward.
130.0,2025-09-28T13:10:00Z,REPLAY,predicted,I030:mass_transport:0,I030,mass_transport,w-pc-06,4,No unit able to provide mass transport could reach this ward within 45 minutes without pulling a unit off a higher-severity ward.
130.0,2025-09-28T13:10:00Z,REPLAY,predicted,I030:mass_transport:1,I030,mass_transport,w-pc-06,4,No unit able to provide mass transport could reach this ward within 45 minutes without pulling a unit off a higher-severity ward.
140.0,2025-09-28T13:20:00Z,REPLAY,predicted,I001:mass_transport:0,I001,mass_transport,w-pc-11,5,No unit able to provide mass transport could reach this ward within 45 minutes without pulling a unit off a higher-severity ward.
140.0,2025-09-28T13:20:00Z,REPLAY,predicted,I001:mass_transport:1,I001,mass_transport,w-pc-11,5,No unit able to provide mass transport could reach this ward within 45 minutes without pulling a unit off a higher-severity ward.
140.0,2025-09-28T13:20:00Z,REPLAY,predicted,I001:mass_transport:2,I001,mass_transport,w-pc-11,5,No unit able to provide mass transport could reach this ward within 45 minutes without pulling a unit off a higher-severity ward.
140.0,2025-09-28T13:20:00Z,REPLAY,predicted,I002:mass_transport:0,I002,mass_transport,w-pc-11,5,No unit able to provide mass transport could reach this ward within 45 minutes without pulling a unit off a higher-severity ward.
140.0,2025-09-28T13:20:00Z,REPLAY,predicted,I002:mass_transport:1,I002,mass_transport,w-pc-11,5,No unit able to provide mass transport could reach this ward within 45 minutes without pulling a unit off a higher-severity ward.
140.0,2025-09-28T13:20:00Z,REPLAY,predicted,I006:mass_transport:0,I006,mass_transport,w-pc-14,5,No unit able to provide mass transport could reach this ward within 45 minutes without pulling a unit off a higher-severity ward.
140.0,2025-09-28T13:20:00Z,REPLAY,predicted,I006:mass_transport:1,I006,mass_transport,w-pc-14,5,No unit able to provide mass transport could reach this ward within 45 minutes without pulling a unit off a higher-severity ward.
140.0,2025-09-28T13:20:00Z,REPLAY,predicted,I006:mass_transport:2,I006,mass_transport,w-pc-14,5,No unit able to provide mass transport could reach this ward within 45 minutes without pulling a unit off a higher-severity ward.
140.0,2025-09-28T13:20:00Z,REPLAY,predicted,I009:mass_transport:0,I009,mass_transport,w-pc-07,4,No unit able to provide mass transport could reach this ward within 45 minutes without pulling a unit off a higher-severity ward.
140.0,2025-09-28T13:20:00Z,REPLAY,predicted,I009:mass_transport:1,I009,mass_transport,w-pc-07,4,No unit able to provide mass transport could reach this ward within 45 minutes without pulling a unit off a higher-severity ward.
140.0,2025-09-28T13:20:00Z,REPLAY,predicted,I011:mass_transport:0,I011,mass_transport,w-pc-14,4,No unit able to provide mass transport could reach this ward within 45 minutes without pulling a unit off a higher-severity ward.
140.0,2025-09-28T13:20:00Z,REPLAY,predicted,I011:mass_transport:1,I011,mass_transport,w-pc-14,4,No unit able to provide mass transport could reach this ward within 45 minutes without pulling a unit off a higher-severity ward.
140.0,2025-09-28T13:20:00Z,REPLAY,predicted,I015:mass_transport:0,I015,mass_transport,w-pc-11,4,No unit able to provide mass transport could reach this ward within 45 minutes without pulling a unit off a higher-severity ward.
140.0,2025-09-28T13:20:00Z,REPLAY,predicted,I015:mass_transport:1,I015,mass_transport,w-pc-11,4,No unit able to provide mass transport could reach this ward within 45 minutes without pulling a unit off a higher-severity ward.
140.0,2025-09-28T13:20:00Z,REPLAY,predicted,I017:mass_transport:0,I017,mass_transport,w-pc-07,5,No unit able to provide mass transport could reach this ward within 45 minutes without pulling a unit off a higher-severity ward.
140.0,2025-09-28T13:20:00Z,REPLAY,predicted,I017:mass_transport:1,I017,mass_transport,w-pc-07,5,No unit able to provide mass transport could reach this ward within 45 minutes without pulling a unit off a higher-severity ward.
140.0,2025-09-28T13:20:00Z,REPLAY,predicted,I024:mass_transport:0,I024,mass_transport,w-pc-06,4,No unit able to provide mass transport could reach this ward within 45 minutes without pulling a unit off a higher-severity ward.
140.0,2025-09-28T13:20:00Z,REPLAY,predicted,I024:mass_transport:1,I024,mass_transport,w-pc-06,4,No unit able to provide mass transport could reach this ward within 45 minutes without pulling a unit off a higher-severity ward.
140.0,2025-09-28T13:20:00Z,REPLAY,predicted,I027:mass_transport:0,I027,mass_transport,w-pc-10,4,No unit able to provide mass transport could reach this ward within 45 minutes without pulling a unit off a higher-severity ward.
140.0,2025-09-28T13:20:00Z,REPLAY,predicted,I027:mass_transport:1,I027,mass_transport,w-pc-10,4,No unit able to provide mass transport could reach this ward within 45 minutes without pulling a unit off a higher-severity ward.
140.0,2025-09-28T13:20:00Z,REPLAY,predicted,I029:mass_transport:0,I029,mass_transport,w-pc-13,4,No unit able to provide mass transport could reach this ward within 45 minutes without pulling a unit off a higher-severity ward.
140.0,2025-09-28T13:20:00Z,REPLAY,predicted,I030:mass_transport:0,I030,mass_transport,w-pc-06,4,No unit able to provide mass transport could reach this ward within 45 minutes without pulling a unit off a higher-severity ward.
140.0,2025-09-28T13:20:00Z,REPLAY,predicted,I030:mass_transport:1,I030,mass_transport,w-pc-06,4,No unit able to provide mass transport could reach this ward within 45 minutes without pulling a unit off a higher-severity ward.
150.0,2025-09-28T13:30:00Z,REPLAY,predicted,I001:mass_transport:0,I001,mass_transport,w-pc-11,5,No unit able to provide mass transport could reach this ward within 45 minutes without pulling a unit off a higher-severity ward.
150.0,2025-09-28T13:30:00Z,REPLAY,predicted,I001:mass_transport:1,I001,mass_transport,w-pc-11,5,No unit able to provide mass transport could reach this ward within 45 minutes without pulling a unit off a higher-severity ward.
150.0,2025-09-28T13:30:00Z,REPLAY,predicted,I001:mass_transport:2,I001,mass_transport,w-pc-11,5,No unit able to provide mass transport could reach this ward within 45 minutes without pulling a unit off a higher-severity ward.
150.0,2025-09-28T13:30:00Z,REPLAY,predicted,I002:mass_transport:0,I002,mass_transport,w-pc-11,5,No unit able to provide mass transport could reach this ward within 45 minutes without pulling a unit off a higher-severity ward.
150.0,2025-09-28T13:30:00Z,REPLAY,predicted,I002:mass_transport:1,I002,mass_transport,w-pc-11,5,No unit able to provide mass transport could reach this ward within 45 minutes without pulling a unit off a higher-severity ward.
150.0,2025-09-28T13:30:00Z,REPLAY,predicted,I006:mass_transport:0,I006,mass_transport,w-pc-14,5,No unit able to provide mass transport could reach this ward within 45 minutes without pulling a unit off a higher-severity ward.
150.0,2025-09-28T13:30:00Z,REPLAY,predicted,I006:mass_transport:1,I006,mass_transport,w-pc-14,5,No unit able to provide mass transport could reach this ward within 45 minutes without pulling a unit off a higher-severity ward.
150.0,2025-09-28T13:30:00Z,REPLAY,predicted,I006:mass_transport:2,I006,mass_transport,w-pc-14,5,No unit able to provide mass transport could reach this ward within 45 minutes without pulling a unit off a higher-severity ward.
150.0,2025-09-28T13:30:00Z,REPLAY,predicted,I009:mass_transport:0,I009,mass_transport,w-pc-07,4,No unit able to provide mass transport could reach this ward within 45 minutes without pulling a unit off a higher-severity ward.
150.0,2025-09-28T13:30:00Z,REPLAY,predicted,I009:mass_transport:1,I009,mass_transport,w-pc-07,4,No unit able to provide mass transport could reach this ward within 45 minutes without pulling a unit off a higher-severity ward.
150.0,2025-09-28T13:30:00Z,REPLAY,predicted,I011:mass_transport:0,I011,mass_transport,w-pc-14,4,No unit able to provide mass transport could reach this ward within 45 minutes without pulling a unit off a higher-severity ward.
150.0,2025-09-28T13:30:00Z,REPLAY,predicted,I011:mass_transport:1,I011,mass_transport,w-pc-14,4,No unit able to provide mass transport could reach this ward within 45 minutes without pulling a unit off a higher-severity ward.
150.0,2025-09-28T13:30:00Z,REPLAY,predicted,I015:mass_transport:0,I015,mass_transport,w-pc-11,4,No unit able to provide mass transport could reach this ward within 45 minutes without pulling a unit off a higher-severity ward.
150.0,2025-09-28T13:30:00Z,REPLAY,predicted,I015:mass_transport:1,I015,mass_transport,w-pc-11,4,No unit able to provide mass transport could reach this ward within 45 minutes without pulling a unit off a higher-severity ward.
150.0,2025-09-28T13:30:00Z,REPLAY,predicted,I017:mass_transport:0,I017,mass_transport,w-pc-07,5,No unit able to provide mass transport could reach this ward within 45 minutes without pulling a unit off a higher-severity ward.
150.0,2025-09-28T13:30:00Z,REPLAY,predicted,I017:mass_transport:1,I017,mass_transport,w-pc-07,5,No unit able to provide mass transport could reach this ward within 45 minutes without pulling a unit off a higher-severity ward.
150.0,2025-09-28T13:30:00Z,REPLAY,predicted,I024:mass_transport:0,I024,mass_transport,w-pc-06,4,No unit able to provide mass transport could reach this ward within 45 minutes without pulling a unit off a higher-severity ward.
150.0,2025-09-28T13:30:00Z,REPLAY,predicted,I024:mass_transport:1,I024,mass_transport,w-pc-06,4,No unit able to provide mass transport could reach this ward within 45 minutes without pulling a unit off a higher-severity ward.
150.0,2025-09-28T13:30:00Z,REPLAY,predicted,I027:mass_transport:0,I027,mass_transport,w-pc-10,4,No unit able to provide mass transport could reach this ward within 45 minutes without pulling a unit off a higher-severity ward.
150.0,2025-09-28T13:30:00Z,REPLAY,predicted,I027:mass_transport:1,I027,mass_transport,w-pc-10,4,No unit able to provide mass transport could reach this ward within 45 minutes without pulling a unit off a higher-severity ward.
150.0,2025-09-28T13:30:00Z,REPLAY,predicted,I029:mass_transport:0,I029,mass_transport,w-pc-13,4,No unit able to provide mass transport could reach this ward within 45 minutes without pulling a unit off a higher-severity ward.
150.0,2025-09-28T13:30:00Z,REPLAY,predicted,I030:mass_transport:0,I030,mass_transport,w-pc-06,4,No unit able to provide mass transport could reach this ward within 45 minutes without pulling a unit off a higher-severity ward.
150.0,2025-09-28T13:30:00Z,REPLAY,predicted,I030:mass_transport:1,I030,mass_transport,w-pc-06,4,No unit able to provide mass transport could reach this ward within 45 minutes without pulling a unit off a higher-severity ward.
160.0,2025-09-28T13:40:00Z,REPLAY,predicted,I001:mass_transport:0,I001,mass_transport,w-pc-11,5,No unit able to provide mass transport could reach this ward within 45 minutes without pulling a unit off a higher-severity ward.
160.0,2025-09-28T13:40:00Z,REPLAY,predicted,I001:mass_transport:1,I001,mass_transport,w-pc-11,5,No unit able to provide mass transport could reach this ward within 45 minutes without pulling a unit off a higher-severity ward.
160.0,2025-09-28T13:40:00Z,REPLAY,predicted,I001:mass_transport:2,I001,mass_transport,w-pc-11,5,No unit able to provide mass transport could reach this ward within 45 minutes without pulling a unit off a higher-severity ward.
160.0,2025-09-28T13:40:00Z,REPLAY,predicted,I002:mass_transport:1,I002,mass_transport,w-pc-11,5,No unit able to provide mass transport could reach this ward within 45 minutes without pulling a unit off a higher-severity ward.
160.0,2025-09-28T13:40:00Z,REPLAY,predicted,I006:mass_transport:0,I006,mass_transport,w-pc-14,5,No unit able to provide mass transport could reach this ward within 45 minutes without pulling a unit off a higher-severity ward.
160.0,2025-09-28T13:40:00Z,REPLAY,predicted,I006:mass_transport:1,I006,mass_transport,w-pc-14,5,No unit able to provide mass transport could reach this ward within 45 minutes without pulling a unit off a higher-severity ward.
160.0,2025-09-28T13:40:00Z,REPLAY,predicted,I006:mass_transport:2,I006,mass_transport,w-pc-14,5,No unit able to provide mass transport could reach this ward within 45 minutes without pulling a unit off a higher-severity ward.
160.0,2025-09-28T13:40:00Z,REPLAY,predicted,I009:mass_transport:0,I009,mass_transport,w-pc-07,4,No unit able to provide mass transport could reach this ward within 45 minutes without pulling a unit off a higher-severity ward.
160.0,2025-09-28T13:40:00Z,REPLAY,predicted,I009:mass_transport:1,I009,mass_transport,w-pc-07,4,No unit able to provide mass transport could reach this ward within 45 minutes without pulling a unit off a higher-severity ward.
160.0,2025-09-28T13:40:00Z,REPLAY,predicted,I011:mass_transport:0,I011,mass_transport,w-pc-14,4,No unit able to provide mass transport could reach this ward within 45 minutes without pulling a unit off a higher-severity ward.
160.0,2025-09-28T13:40:00Z,REPLAY,predicted,I011:mass_transport:1,I011,mass_transport,w-pc-14,4,No unit able to provide mass transport could reach this ward within 45 minutes without pulling a unit off a higher-severity ward.
160.0,2025-09-28T13:40:00Z,REPLAY,predicted,I015:mass_transport:0,I015,mass_transport,w-pc-11,4,No unit able to provide mass transport could reach this ward within 45 minutes without pulling a unit off a higher-severity ward.
160.0,2025-09-28T13:40:00Z,REPLAY,predicted,I015:mass_transport:1,I015,mass_transport,w-pc-11,4,No unit able to provide mass transport could reach this ward within 45 minutes without pulling a unit off a higher-severity ward.
160.0,2025-09-28T13:40:00Z,REPLAY,predicted,I017:mass_transport:0,I017,mass_transport,w-pc-07,5,No unit able to provide mass transport could reach this ward within 45 minutes without pulling a unit off a higher-severity ward.
160.0,2025-09-28T13:40:00Z,REPLAY,predicted,I017:mass_transport:1,I017,mass_transport,w-pc-07,5,No unit able to provide mass transport could reach this ward within 45 minutes without pulling a unit off a higher-severity ward.
160.0,2025-09-28T13:40:00Z,REPLAY,predicted,I024:mass_transport:0,I024,mass_transport,w-pc-06,4,No unit able to provide mass transport could reach this ward within 45 minutes without pulling a unit off a higher-severity ward.
160.0,2025-09-28T13:40:00Z,REPLAY,predicted,I024:mass_transport:1,I024,mass_transport,w-pc-06,4,No unit able to provide mass transport could reach this ward within 45 minutes without pulling a unit off a higher-severity ward.
160.0,2025-09-28T13:40:00Z,REPLAY,predicted,I027:mass_transport:0,I027,mass_transport,w-pc-10,4,No unit able to provide mass transport could reach this ward within 45 minutes without pulling a unit off a higher-severity ward.
160.0,2025-09-28T13:40:00Z,REPLAY,predicted,I027:mass_transport:1,I027,mass_transport,w-pc-10,4,No unit able to provide mass transport could reach this ward within 45 minutes without pulling a unit off a higher-severity ward.
160.0,2025-09-28T13:40:00Z,REPLAY,predicted,I029:mass_transport:0,I029,mass_transport,w-pc-13,4,No unit able to provide mass transport could reach this ward within 45 minutes without pulling a unit off a higher-severity ward.
160.0,2025-09-28T13:40:00Z,REPLAY,predicted,I030:mass_transport:0,I030,mass_transport,w-pc-06,4,No unit able to provide mass transport could reach this ward within 45 minutes without pulling a unit off a higher-severity ward.
160.0,2025-09-28T13:40:00Z,REPLAY,predicted,I030:mass_transport:1,I030,mass_transport,w-pc-06,4,No unit able to provide mass transport could reach this ward within 45 minutes without pulling a unit off a higher-severity ward.
170.0,2025-09-28T13:50:00Z,REPLAY,predicted,I001:mass_transport:0,I001,mass_transport,w-pc-11,5,No unit able to provide mass transport could reach this ward within 45 minutes without pulling a unit off a higher-severity ward.
170.0,2025-09-28T13:50:00Z,REPLAY,predicted,I001:mass_transport:1,I001,mass_transport,w-pc-11,5,No unit able to provide mass transport could reach this ward within 45 minutes without pulling a unit off a higher-severity ward.
170.0,2025-09-28T13:50:00Z,REPLAY,predicted,I001:mass_transport:2,I001,mass_transport,w-pc-11,5,No unit able to provide mass transport could reach this ward within 45 minutes without pulling a unit off a higher-severity ward.
170.0,2025-09-28T13:50:00Z,REPLAY,predicted,I002:mass_transport:1,I002,mass_transport,w-pc-11,5,No unit able to provide mass transport could reach this ward within 45 minutes without pulling a unit off a higher-severity ward.
170.0,2025-09-28T13:50:00Z,REPLAY,predicted,I006:mass_transport:0,I006,mass_transport,w-pc-14,5,No unit able to provide mass transport could reach this ward within 45 minutes without pulling a unit off a higher-severity ward.
170.0,2025-09-28T13:50:00Z,REPLAY,predicted,I006:mass_transport:1,I006,mass_transport,w-pc-14,5,No unit able to provide mass transport could reach this ward within 45 minutes without pulling a unit off a higher-severity ward.
170.0,2025-09-28T13:50:00Z,REPLAY,predicted,I006:mass_transport:2,I006,mass_transport,w-pc-14,5,No unit able to provide mass transport could reach this ward within 45 minutes without pulling a unit off a higher-severity ward.
170.0,2025-09-28T13:50:00Z,REPLAY,predicted,I009:mass_transport:0,I009,mass_transport,w-pc-07,4,No unit able to provide mass transport could reach this ward within 45 minutes without pulling a unit off a higher-severity ward.
170.0,2025-09-28T13:50:00Z,REPLAY,predicted,I009:mass_transport:1,I009,mass_transport,w-pc-07,4,No unit able to provide mass transport could reach this ward within 45 minutes without pulling a unit off a higher-severity ward.
170.0,2025-09-28T13:50:00Z,REPLAY,predicted,I011:mass_transport:0,I011,mass_transport,w-pc-14,4,No unit able to provide mass transport could reach this ward within 45 minutes without pulling a unit off a higher-severity ward.
170.0,2025-09-28T13:50:00Z,REPLAY,predicted,I011:mass_transport:1,I011,mass_transport,w-pc-14,4,No unit able to provide mass transport could reach this ward within 45 minutes without pulling a unit off a higher-severity ward.
170.0,2025-09-28T13:50:00Z,REPLAY,predicted,I015:mass_transport:0,I015,mass_transport,w-pc-11,4,No unit able to provide mass transport could reach this ward within 45 minutes without pulling a unit off a higher-severity ward.
170.0,2025-09-28T13:50:00Z,REPLAY,predicted,I015:mass_transport:1,I015,mass_transport,w-pc-11,4,No unit able to provide mass transport could reach this ward within 45 minutes without pulling a unit off a higher-severity ward.
170.0,2025-09-28T13:50:00Z,REPLAY,predicted,I017:mass_transport:0,I017,mass_transport,w-pc-07,5,No unit able to provide mass transport could reach this ward within 45 minutes without pulling a unit off a higher-severity ward.
170.0,2025-09-28T13:50:00Z,REPLAY,predicted,I017:mass_transport:1,I017,mass_transport,w-pc-07,5,No unit able to provide mass transport could reach this ward within 45 minutes without pulling a unit off a higher-severity ward.
170.0,2025-09-28T13:50:00Z,REPLAY,predicted,I024:mass_transport:0,I024,mass_transport,w-pc-06,4,No unit able to provide mass transport could reach this ward within 45 minutes without pulling a unit off a higher-severity ward.
170.0,2025-09-28T13:50:00Z,REPLAY,predicted,I024:mass_transport:1,I024,mass_transport,w-pc-06,4,No unit able to provide mass transport could reach this ward within 45 minutes without pulling a unit off a higher-severity ward.
170.0,2025-09-28T13:50:00Z,REPLAY,predicted,I027:mass_transport:0,I027,mass_transport,w-pc-10,4,No unit able to provide mass transport could reach this ward within 45 minutes without pulling a unit off a higher-severity ward.
170.0,2025-09-28T13:50:00Z,REPLAY,predicted,I027:mass_transport:1,I027,mass_transport,w-pc-10,4,No unit able to provide mass transport could reach this ward within 45 minutes without pulling a unit off a higher-severity ward.
170.0,2025-09-28T13:50:00Z,REPLAY,predicted,I029:mass_transport:0,I029,mass_transport,w-pc-13,4,No unit able to provide mass transport could reach this ward within 45 minutes without pulling a unit off a higher-severity ward.
170.0,2025-09-28T13:50:00Z,REPLAY,predicted,I030:mass_transport:0,I030,mass_transport,w-pc-06,4,No unit able to provide mass transport could reach this ward within 45 minutes without pulling a unit off a higher-severity ward.
170.0,2025-09-28T13:50:00Z,REPLAY,predicted,I030:mass_transport:1,I030,mass_transport,w-pc-06,4,No unit able to provide mass transport could reach this ward within 45 minutes without pulling a unit off a higher-severity ward.
170.0,2025-09-28T13:50:00Z,REPLAY,predicted,I036:mass_transport:0,I036,mass_transport,w-pc-11,5,No unit able to provide mass transport could reach this ward within 45 minutes without pulling a unit off a higher-severity ward.
170.0,2025-09-28T13:50:00Z,REPLAY,predicted,I036:mass_transport:1,I036,mass_transport,w-pc-11,5,No unit able to provide mass transport could reach this ward within 45 minutes without pulling a unit off a higher-severity ward.
170.0,2025-09-28T13:50:00Z,REPLAY,predicted,I036:mass_transport:2,I036,mass_transport,w-pc-11,5,No unit able to provide mass transport could reach this ward within 45 minutes without pulling a unit off a higher-severity ward.
170.0,2025-09-28T13:50:00Z,REPLAY,predicted,I039:mass_transport:0,I039,mass_transport,w-pc-11,4,No unit able to provide mass transport could reach this ward within 45 minutes without pulling a unit off a higher-severity ward.
170.0,2025-09-28T13:50:00Z,REPLAY,predicted,I039:mass_transport:1,I039,mass_transport,w-pc-11,4,No unit able to provide mass transport could reach this ward within 45 minutes without pulling a unit off a higher-severity ward.
180.0,2025-09-28T14:00:00Z,REPLAY,predicted,I001:mass_transport:0,I001,mass_transport,w-pc-11,5,No unit able to provide mass transport could reach this ward within 45 minutes without pulling a unit off a higher-severity ward.
180.0,2025-09-28T14:00:00Z,REPLAY,predicted,I001:mass_transport:1,I001,mass_transport,w-pc-11,5,No unit able to provide mass transport could reach this ward within 45 minutes without pulling a unit off a higher-severity ward.
180.0,2025-09-28T14:00:00Z,REPLAY,predicted,I001:mass_transport:2,I001,mass_transport,w-pc-11,5,No unit able to provide mass transport could reach this ward within 45 minutes without pulling a unit off a higher-severity ward.
180.0,2025-09-28T14:00:00Z,REPLAY,predicted,I002:mass_transport:0,I002,mass_transport,w-pc-11,5,No unit able to provide mass transport could reach this ward within 45 minutes without pulling a unit off a higher-severity ward.
180.0,2025-09-28T14:00:00Z,REPLAY,predicted,I006:mass_transport:0,I006,mass_transport,w-pc-14,5,No unit able to provide mass transport could reach this ward within 45 minutes without pulling a unit off a higher-severity ward.
180.0,2025-09-28T14:00:00Z,REPLAY,predicted,I006:mass_transport:1,I006,mass_transport,w-pc-14,5,No unit able to provide mass transport could reach this ward within 45 minutes without pulling a unit off a higher-severity ward.
180.0,2025-09-28T14:00:00Z,REPLAY,predicted,I006:mass_transport:2,I006,mass_transport,w-pc-14,5,No unit able to provide mass transport could reach this ward within 45 minutes without pulling a unit off a higher-severity ward.
180.0,2025-09-28T14:00:00Z,REPLAY,predicted,I009:mass_transport:0,I009,mass_transport,w-pc-07,4,No unit able to provide mass transport could reach this ward within 45 minutes without pulling a unit off a higher-severity ward.
180.0,2025-09-28T14:00:00Z,REPLAY,predicted,I009:mass_transport:1,I009,mass_transport,w-pc-07,4,No unit able to provide mass transport could reach this ward within 45 minutes without pulling a unit off a higher-severity ward.
180.0,2025-09-28T14:00:00Z,REPLAY,predicted,I011:mass_transport:0,I011,mass_transport,w-pc-14,4,No unit able to provide mass transport could reach this ward within 45 minutes without pulling a unit off a higher-severity ward.
180.0,2025-09-28T14:00:00Z,REPLAY,predicted,I011:mass_transport:1,I011,mass_transport,w-pc-14,4,No unit able to provide mass transport could reach this ward within 45 minutes without pulling a unit off a higher-severity ward.
180.0,2025-09-28T14:00:00Z,REPLAY,predicted,I015:mass_transport:0,I015,mass_transport,w-pc-11,4,No unit able to provide mass transport could reach this ward within 45 minutes without pulling a unit off a higher-severity ward.
180.0,2025-09-28T14:00:00Z,REPLAY,predicted,I015:mass_transport:1,I015,mass_transport,w-pc-11,4,No unit able to provide mass transport could reach this ward within 45 minutes without pulling a unit off a higher-severity ward.
180.0,2025-09-28T14:00:00Z,REPLAY,predicted,I017:mass_transport:0,I017,mass_transport,w-pc-07,5,No unit able to provide mass transport could reach this ward within 45 minutes without pulling a unit off a higher-severity ward.
180.0,2025-09-28T14:00:00Z,REPLAY,predicted,I017:mass_transport:1,I017,mass_transport,w-pc-07,5,No unit able to provide mass transport could reach this ward within 45 minutes without pulling a unit off a higher-severity ward.
180.0,2025-09-28T14:00:00Z,REPLAY,predicted,I024:mass_transport:0,I024,mass_transport,w-pc-06,4,No unit able to provide mass transport could reach this ward within 45 minutes without pulling a unit off a higher-severity ward.
180.0,2025-09-28T14:00:00Z,REPLAY,predicted,I024:mass_transport:1,I024,mass_transport,w-pc-06,4,No unit able to provide mass transport could reach this ward within 45 minutes without pulling a unit off a higher-severity ward.
180.0,2025-09-28T14:00:00Z,REPLAY,predicted,I027:mass_transport:0,I027,mass_transport,w-pc-10,4,No unit able to provide mass transport could reach this ward within 45 minutes without pulling a unit off a higher-severity ward.
180.0,2025-09-28T14:00:00Z,REPLAY,predicted,I027:mass_transport:1,I027,mass_transport,w-pc-10,4,No unit able to provide mass transport could reach this ward within 45 minutes without pulling a unit off a higher-severity ward.
180.0,2025-09-28T14:00:00Z,REPLAY,predicted,I029:mass_transport:0,I029,mass_transport,w-pc-13,4,No unit able to provide mass transport could reach this ward within 45 minutes without pulling a unit off a higher-severity ward.
180.0,2025-09-28T14:00:00Z,REPLAY,predicted,I030:mass_transport:0,I030,mass_transport,w-pc-06,4,No unit able to provide mass transport could reach this ward within 45 minutes without pulling a unit off a higher-severity ward.
180.0,2025-09-28T14:00:00Z,REPLAY,predicted,I030:mass_transport:1,I030,mass_transport,w-pc-06,4,No unit able to provide mass transport could reach this ward within 45 minutes without pulling a unit off a higher-severity ward.
180.0,2025-09-28T14:00:00Z,REPLAY,predicted,I036:mass_transport:0,I036,mass_transport,w-pc-11,5,No unit able to provide mass transport could reach this ward within 45 minutes without pulling a unit off a higher-severity ward.
180.0,2025-09-28T14:00:00Z,REPLAY,predicted,I036:mass_transport:1,I036,mass_transport,w-pc-11,5,No unit able to provide mass transport could reach this ward within 45 minutes without pulling a unit off a higher-severity ward.
180.0,2025-09-28T14:00:00Z,REPLAY,predicted,I036:mass_transport:2,I036,mass_transport,w-pc-11,5,No unit able to provide mass transport could reach this ward within 45 minutes without pulling a unit off a higher-severity ward.
180.0,2025-09-28T14:00:00Z,REPLAY,predicted,I039:mass_transport:0,I039,mass_transport,w-pc-11,4,No unit able to provide mass transport could reach this ward within 45 minutes without pulling a unit off a higher-severity ward.
180.0,2025-09-28T14:00:00Z,REPLAY,predicted,I039:mass_transport:1,I039,mass_transport,w-pc-11,4,No unit able to provide mass transport could reach this ward within 45 minutes without pulling a unit off a higher-severity ward.
190.0,2025-09-28T14:10:00Z,REPLAY,predicted,I001:mass_transport:0,I001,mass_transport,w-pc-11,5,No unit able to provide mass transport could reach this ward within 45 minutes without pulling a unit off a higher-severity ward.
190.0,2025-09-28T14:10:00Z,REPLAY,predicted,I001:mass_transport:1,I001,mass_transport,w-pc-11,5,No unit able to provide mass transport could reach this ward within 45 minutes without pulling a unit off a higher-severity ward.
190.0,2025-09-28T14:10:00Z,REPLAY,predicted,I001:mass_transport:2,I001,mass_transport,w-pc-11,5,No unit able to provide mass transport could reach this ward within 45 minutes without pulling a unit off a higher-severity ward.
190.0,2025-09-28T14:10:00Z,REPLAY,predicted,I002:mass_transport:0,I002,mass_transport,w-pc-11,5,No unit able to provide mass transport could reach this ward within 45 minutes without pulling a unit off a higher-severity ward.
190.0,2025-09-28T14:10:00Z,REPLAY,predicted,I006:mass_transport:0,I006,mass_transport,w-pc-14,5,No unit able to provide mass transport could reach this ward within 45 minutes without pulling a unit off a higher-severity ward.
190.0,2025-09-28T14:10:00Z,REPLAY,predicted,I006:mass_transport:1,I006,mass_transport,w-pc-14,5,No unit able to provide mass transport could reach this ward within 45 minutes without pulling a unit off a higher-severity ward.
190.0,2025-09-28T14:10:00Z,REPLAY,predicted,I006:mass_transport:2,I006,mass_transport,w-pc-14,5,No unit able to provide mass transport could reach this ward within 45 minutes without pulling a unit off a higher-severity ward.
190.0,2025-09-28T14:10:00Z,REPLAY,predicted,I009:mass_transport:0,I009,mass_transport,w-pc-07,4,No unit able to provide mass transport could reach this ward within 45 minutes without pulling a unit off a higher-severity ward.
190.0,2025-09-28T14:10:00Z,REPLAY,predicted,I009:mass_transport:1,I009,mass_transport,w-pc-07,4,No unit able to provide mass transport could reach this ward within 45 minutes without pulling a unit off a higher-severity ward.
190.0,2025-09-28T14:10:00Z,REPLAY,predicted,I011:mass_transport:0,I011,mass_transport,w-pc-14,4,No unit able to provide mass transport could reach this ward within 45 minutes without pulling a unit off a higher-severity ward.
190.0,2025-09-28T14:10:00Z,REPLAY,predicted,I011:mass_transport:1,I011,mass_transport,w-pc-14,4,No unit able to provide mass transport could reach this ward within 45 minutes without pulling a unit off a higher-severity ward.
190.0,2025-09-28T14:10:00Z,REPLAY,predicted,I015:mass_transport:0,I015,mass_transport,w-pc-11,4,No unit able to provide mass transport could reach this ward within 45 minutes without pulling a unit off a higher-severity ward.
190.0,2025-09-28T14:10:00Z,REPLAY,predicted,I015:mass_transport:1,I015,mass_transport,w-pc-11,4,No unit able to provide mass transport could reach this ward within 45 minutes without pulling a unit off a higher-severity ward.
190.0,2025-09-28T14:10:00Z,REPLAY,predicted,I017:mass_transport:0,I017,mass_transport,w-pc-07,5,No unit able to provide mass transport could reach this ward within 45 minutes without pulling a unit off a higher-severity ward.
190.0,2025-09-28T14:10:00Z,REPLAY,predicted,I017:mass_transport:1,I017,mass_transport,w-pc-07,5,No unit able to provide mass transport could reach this ward within 45 minutes without pulling a unit off a higher-severity ward.
190.0,2025-09-28T14:10:00Z,REPLAY,predicted,I024:mass_transport:0,I024,mass_transport,w-pc-06,4,No unit able to provide mass transport could reach this ward within 45 minutes without pulling a unit off a higher-severity ward.
190.0,2025-09-28T14:10:00Z,REPLAY,predicted,I024:mass_transport:1,I024,mass_transport,w-pc-06,4,No unit able to provide mass transport could reach this ward within 45 minutes without pulling a unit off a higher-severity ward.
190.0,2025-09-28T14:10:00Z,REPLAY,predicted,I027:mass_transport:0,I027,mass_transport,w-pc-10,4,No unit able to provide mass transport could reach this ward within 45 minutes without pulling a unit off a higher-severity ward.
190.0,2025-09-28T14:10:00Z,REPLAY,predicted,I027:mass_transport:1,I027,mass_transport,w-pc-10,4,No unit able to provide mass transport could reach this ward within 45 minutes without pulling a unit off a higher-severity ward.
190.0,2025-09-28T14:10:00Z,REPLAY,predicted,I029:mass_transport:0,I029,mass_transport,w-pc-13,4,No unit able to provide mass transport could reach this ward within 45 minutes without pulling a unit off a higher-severity ward.
190.0,2025-09-28T14:10:00Z,REPLAY,predicted,I030:mass_transport:0,I030,mass_transport,w-pc-06,4,No unit able to provide mass transport could reach this ward within 45 minutes without pulling a unit off a higher-severity ward.
190.0,2025-09-28T14:10:00Z,REPLAY,predicted,I030:mass_transport:1,I030,mass_transport,w-pc-06,4,No unit able to provide mass transport could reach this ward within 45 minutes without pulling a unit off a higher-severity ward.
190.0,2025-09-28T14:10:00Z,REPLAY,predicted,I036:mass_transport:0,I036,mass_transport,w-pc-11,5,No unit able to provide mass transport could reach this ward within 45 minutes without pulling a unit off a higher-severity ward.
190.0,2025-09-28T14:10:00Z,REPLAY,predicted,I036:mass_transport:1,I036,mass_transport,w-pc-11,5,No unit able to provide mass transport could reach this ward within 45 minutes without pulling a unit off a higher-severity ward.
190.0,2025-09-28T14:10:00Z,REPLAY,predicted,I036:mass_transport:2,I036,mass_transport,w-pc-11,5,No unit able to provide mass transport could reach this ward within 45 minutes without pulling a unit off a higher-severity ward.
190.0,2025-09-28T14:10:00Z,REPLAY,predicted,I039:mass_transport:0,I039,mass_transport,w-pc-11,4,No unit able to provide mass transport could reach this ward within 45 minutes without pulling a unit off a higher-severity ward.
190.0,2025-09-28T14:10:00Z,REPLAY,predicted,I039:mass_transport:1,I039,mass_transport,w-pc-11,4,No unit able to provide mass transport could reach this ward within 45 minutes without pulling a unit off a higher-severity ward.
200.0,2025-09-28T14:20:00Z,REPLAY,predicted,I001:mass_transport:0,I001,mass_transport,w-pc-11,5,No unit able to provide mass transport could reach this ward within 45 minutes without pulling a unit off a higher-severity ward.
200.0,2025-09-28T14:20:00Z,REPLAY,predicted,I001:mass_transport:1,I001,mass_transport,w-pc-11,5,No unit able to provide mass transport could reach this ward within 45 minutes without pulling a unit off a higher-severity ward.
200.0,2025-09-28T14:20:00Z,REPLAY,predicted,I001:mass_transport:2,I001,mass_transport,w-pc-11,5,No unit able to provide mass transport could reach this ward within 45 minutes without pulling a unit off a higher-severity ward.
200.0,2025-09-28T14:20:00Z,REPLAY,predicted,I002:mass_transport:0,I002,mass_transport,w-pc-11,5,No unit able to provide mass transport could reach this ward within 45 minutes without pulling a unit off a higher-severity ward.
200.0,2025-09-28T14:20:00Z,REPLAY,predicted,I006:mass_transport:0,I006,mass_transport,w-pc-14,5,No unit able to provide mass transport could reach this ward within 45 minutes without pulling a unit off a higher-severity ward.
200.0,2025-09-28T14:20:00Z,REPLAY,predicted,I006:mass_transport:1,I006,mass_transport,w-pc-14,5,No unit able to provide mass transport could reach this ward within 45 minutes without pulling a unit off a higher-severity ward.
200.0,2025-09-28T14:20:00Z,REPLAY,predicted,I006:mass_transport:2,I006,mass_transport,w-pc-14,5,No unit able to provide mass transport could reach this ward within 45 minutes without pulling a unit off a higher-severity ward.
200.0,2025-09-28T14:20:00Z,REPLAY,predicted,I009:mass_transport:0,I009,mass_transport,w-pc-07,4,No unit able to provide mass transport could reach this ward within 45 minutes without pulling a unit off a higher-severity ward.
200.0,2025-09-28T14:20:00Z,REPLAY,predicted,I009:mass_transport:1,I009,mass_transport,w-pc-07,4,No unit able to provide mass transport could reach this ward within 45 minutes without pulling a unit off a higher-severity ward.
200.0,2025-09-28T14:20:00Z,REPLAY,predicted,I011:mass_transport:0,I011,mass_transport,w-pc-14,4,No unit able to provide mass transport could reach this ward within 45 minutes without pulling a unit off a higher-severity ward.
200.0,2025-09-28T14:20:00Z,REPLAY,predicted,I011:mass_transport:1,I011,mass_transport,w-pc-14,4,No unit able to provide mass transport could reach this ward within 45 minutes without pulling a unit off a higher-severity ward.
200.0,2025-09-28T14:20:00Z,REPLAY,predicted,I015:mass_transport:0,I015,mass_transport,w-pc-11,4,No unit able to provide mass transport could reach this ward within 45 minutes without pulling a unit off a higher-severity ward.
200.0,2025-09-28T14:20:00Z,REPLAY,predicted,I015:mass_transport:1,I015,mass_transport,w-pc-11,4,No unit able to provide mass transport could reach this ward within 45 minutes without pulling a unit off a higher-severity ward.
200.0,2025-09-28T14:20:00Z,REPLAY,predicted,I017:mass_transport:0,I017,mass_transport,w-pc-07,5,No unit able to provide mass transport could reach this ward within 45 minutes without pulling a unit off a higher-severity ward.
200.0,2025-09-28T14:20:00Z,REPLAY,predicted,I017:mass_transport:1,I017,mass_transport,w-pc-07,5,No unit able to provide mass transport could reach this ward within 45 minutes without pulling a unit off a higher-severity ward.
200.0,2025-09-28T14:20:00Z,REPLAY,predicted,I024:mass_transport:0,I024,mass_transport,w-pc-06,4,No unit able to provide mass transport could reach this ward within 45 minutes without pulling a unit off a higher-severity ward.
200.0,2025-09-28T14:20:00Z,REPLAY,predicted,I024:mass_transport:1,I024,mass_transport,w-pc-06,4,No unit able to provide mass transport could reach this ward within 45 minutes without pulling a unit off a higher-severity ward.
200.0,2025-09-28T14:20:00Z,REPLAY,predicted,I027:mass_transport:0,I027,mass_transport,w-pc-10,4,No unit able to provide mass transport could reach this ward within 45 minutes without pulling a unit off a higher-severity ward.
200.0,2025-09-28T14:20:00Z,REPLAY,predicted,I027:mass_transport:1,I027,mass_transport,w-pc-10,4,No unit able to provide mass transport could reach this ward within 45 minutes without pulling a unit off a higher-severity ward.
200.0,2025-09-28T14:20:00Z,REPLAY,predicted,I029:mass_transport:0,I029,mass_transport,w-pc-13,4,No unit able to provide mass transport could reach this ward within 45 minutes without pulling a unit off a higher-severity ward.
200.0,2025-09-28T14:20:00Z,REPLAY,predicted,I030:mass_transport:0,I030,mass_transport,w-pc-06,4,No unit able to provide mass transport could reach this ward within 45 minutes without pulling a unit off a higher-severity ward.
200.0,2025-09-28T14:20:00Z,REPLAY,predicted,I030:mass_transport:1,I030,mass_transport,w-pc-06,4,No unit able to provide mass transport could reach this ward within 45 minutes without pulling a unit off a higher-severity ward.
200.0,2025-09-28T14:20:00Z,REPLAY,predicted,I036:mass_transport:0,I036,mass_transport,w-pc-11,5,No unit able to provide mass transport could reach this ward within 45 minutes without pulling a unit off a higher-severity ward.
200.0,2025-09-28T14:20:00Z,REPLAY,predicted,I036:mass_transport:1,I036,mass_transport,w-pc-11,5,No unit able to provide mass transport could reach this ward within 45 minutes without pulling a unit off a higher-severity ward.
200.0,2025-09-28T14:20:00Z,REPLAY,predicted,I036:mass_transport:2,I036,mass_transport,w-pc-11,5,No unit able to provide mass transport could reach this ward within 45 minutes without pulling a unit off a higher-severity ward.
200.0,2025-09-28T14:20:00Z,REPLAY,predicted,I039:mass_transport:0,I039,mass_transport,w-pc-11,4,No unit able to provide mass transport could reach this ward within 45 minutes without pulling a unit off a higher-severity ward.
200.0,2025-09-28T14:20:00Z,REPLAY,predicted,I039:mass_transport:1,I039,mass_transport,w-pc-11,4,No unit able to provide mass transport could reach this ward within 45 minutes without pulling a unit off a higher-severity ward.
200.0,2025-09-28T14:20:00Z,REPLAY,predicted,I040:mass_transport:0,I040,mass_transport,w-pc-13,4,No unit able to provide mass transport could reach this ward within 45 minutes without pulling a unit off a higher-severity ward.
210.0,2025-09-28T14:30:00Z,REPLAY,predicted,I001:mass_transport:0,I001,mass_transport,w-pc-11,5,No unit able to provide mass transport could reach this ward within 45 minutes without pulling a unit off a higher-severity ward.
210.0,2025-09-28T14:30:00Z,REPLAY,predicted,I001:mass_transport:1,I001,mass_transport,w-pc-11,5,No unit able to provide mass transport could reach this ward within 45 minutes without pulling a unit off a higher-severity ward.
210.0,2025-09-28T14:30:00Z,REPLAY,predicted,I001:mass_transport:2,I001,mass_transport,w-pc-11,5,No unit able to provide mass transport could reach this ward within 45 minutes without pulling a unit off a higher-severity ward.
210.0,2025-09-28T14:30:00Z,REPLAY,predicted,I002:mass_transport:0,I002,mass_transport,w-pc-11,5,No unit able to provide mass transport could reach this ward within 45 minutes without pulling a unit off a higher-severity ward.
210.0,2025-09-28T14:30:00Z,REPLAY,predicted,I006:mass_transport:0,I006,mass_transport,w-pc-14,5,No unit able to provide mass transport could reach this ward within 45 minutes without pulling a unit off a higher-severity ward.
210.0,2025-09-28T14:30:00Z,REPLAY,predicted,I006:mass_transport:1,I006,mass_transport,w-pc-14,5,No unit able to provide mass transport could reach this ward within 45 minutes without pulling a unit off a higher-severity ward.
210.0,2025-09-28T14:30:00Z,REPLAY,predicted,I006:mass_transport:2,I006,mass_transport,w-pc-14,5,No unit able to provide mass transport could reach this ward within 45 minutes without pulling a unit off a higher-severity ward.
210.0,2025-09-28T14:30:00Z,REPLAY,predicted,I009:mass_transport:0,I009,mass_transport,w-pc-07,4,No unit able to provide mass transport could reach this ward within 45 minutes without pulling a unit off a higher-severity ward.
210.0,2025-09-28T14:30:00Z,REPLAY,predicted,I009:mass_transport:1,I009,mass_transport,w-pc-07,4,No unit able to provide mass transport could reach this ward within 45 minutes without pulling a unit off a higher-severity ward.
210.0,2025-09-28T14:30:00Z,REPLAY,predicted,I011:mass_transport:0,I011,mass_transport,w-pc-14,4,No unit able to provide mass transport could reach this ward within 45 minutes without pulling a unit off a higher-severity ward.
210.0,2025-09-28T14:30:00Z,REPLAY,predicted,I011:mass_transport:1,I011,mass_transport,w-pc-14,4,No unit able to provide mass transport could reach this ward within 45 minutes without pulling a unit off a higher-severity ward.
210.0,2025-09-28T14:30:00Z,REPLAY,predicted,I015:mass_transport:0,I015,mass_transport,w-pc-11,4,No unit able to provide mass transport could reach this ward within 45 minutes without pulling a unit off a higher-severity ward.
210.0,2025-09-28T14:30:00Z,REPLAY,predicted,I015:mass_transport:1,I015,mass_transport,w-pc-11,4,No unit able to provide mass transport could reach this ward within 45 minutes without pulling a unit off a higher-severity ward.
210.0,2025-09-28T14:30:00Z,REPLAY,predicted,I017:mass_transport:0,I017,mass_transport,w-pc-07,5,No unit able to provide mass transport could reach this ward within 45 minutes without pulling a unit off a higher-severity ward.
210.0,2025-09-28T14:30:00Z,REPLAY,predicted,I017:mass_transport:1,I017,mass_transport,w-pc-07,5,No unit able to provide mass transport could reach this ward within 45 minutes without pulling a unit off a higher-severity ward.
210.0,2025-09-28T14:30:00Z,REPLAY,predicted,I024:mass_transport:0,I024,mass_transport,w-pc-06,4,No unit able to provide mass transport could reach this ward within 45 minutes without pulling a unit off a higher-severity ward.
210.0,2025-09-28T14:30:00Z,REPLAY,predicted,I024:mass_transport:1,I024,mass_transport,w-pc-06,4,No unit able to provide mass transport could reach this ward within 45 minutes without pulling a unit off a higher-severity ward.
210.0,2025-09-28T14:30:00Z,REPLAY,predicted,I027:mass_transport:0,I027,mass_transport,w-pc-10,4,No unit able to provide mass transport could reach this ward within 45 minutes without pulling a unit off a higher-severity ward.
210.0,2025-09-28T14:30:00Z,REPLAY,predicted,I027:mass_transport:1,I027,mass_transport,w-pc-10,4,No unit able to provide mass transport could reach this ward within 45 minutes without pulling a unit off a higher-severity ward.
210.0,2025-09-28T14:30:00Z,REPLAY,predicted,I029:mass_transport:0,I029,mass_transport,w-pc-13,4,No unit able to provide mass transport could reach this ward within 45 minutes without pulling a unit off a higher-severity ward.
210.0,2025-09-28T14:30:00Z,REPLAY,predicted,I030:mass_transport:0,I030,mass_transport,w-pc-06,4,No unit able to provide mass transport could reach this ward within 45 minutes without pulling a unit off a higher-severity ward.
210.0,2025-09-28T14:30:00Z,REPLAY,predicted,I030:mass_transport:1,I030,mass_transport,w-pc-06,4,No unit able to provide mass transport could reach this ward within 45 minutes without pulling a unit off a higher-severity ward.
210.0,2025-09-28T14:30:00Z,REPLAY,predicted,I036:mass_transport:0,I036,mass_transport,w-pc-11,5,No unit able to provide mass transport could reach this ward within 45 minutes without pulling a unit off a higher-severity ward.
210.0,2025-09-28T14:30:00Z,REPLAY,predicted,I036:mass_transport:1,I036,mass_transport,w-pc-11,5,No unit able to provide mass transport could reach this ward within 45 minutes without pulling a unit off a higher-severity ward.
210.0,2025-09-28T14:30:00Z,REPLAY,predicted,I036:mass_transport:2,I036,mass_transport,w-pc-11,5,No unit able to provide mass transport could reach this ward within 45 minutes without pulling a unit off a higher-severity ward.
210.0,2025-09-28T14:30:00Z,REPLAY,predicted,I039:mass_transport:0,I039,mass_transport,w-pc-11,4,No unit able to provide mass transport could reach this ward within 45 minutes without pulling a unit off a higher-severity ward.
210.0,2025-09-28T14:30:00Z,REPLAY,predicted,I039:mass_transport:1,I039,mass_transport,w-pc-11,4,No unit able to provide mass transport could reach this ward within 45 minutes without pulling a unit off a higher-severity ward.
210.0,2025-09-28T14:30:00Z,REPLAY,predicted,I040:mass_transport:0,I040,mass_transport,w-pc-13,4,No unit able to provide mass transport could reach this ward within 45 minutes without pulling a unit off a higher-severity ward.
210.0,2025-09-28T14:30:00Z,REPLAY,predicted,I040:dewatering:0,I040,dewatering,w-pc-13,4,No unit able to provide dewatering could reach this ward within 45 minutes without pulling a unit off a higher-severity ward.
210.0,2025-09-28T14:30:00Z,REPLAY,predicted,I043:mass_transport:0,I043,mass_transport,w-pc-02,4,No unit able to provide mass transport could reach this ward within 45 minutes without pulling a unit off a higher-severity ward.
210.0,2025-09-28T14:30:00Z,REPLAY,predicted,I043:mass_transport:1,I043,mass_transport,w-pc-02,4,No unit able to provide mass transport could reach this ward within 45 minutes without pulling a unit off a higher-severity ward.
220.0,2025-09-28T14:40:00Z,REPLAY,predicted,I001:mass_transport:0,I001,mass_transport,w-pc-11,5,No unit able to provide mass transport could reach this ward within 45 minutes without pulling a unit off a higher-severity ward.
220.0,2025-09-28T14:40:00Z,REPLAY,predicted,I001:mass_transport:1,I001,mass_transport,w-pc-11,5,No unit able to provide mass transport could reach this ward within 45 minutes without pulling a unit off a higher-severity ward.
220.0,2025-09-28T14:40:00Z,REPLAY,predicted,I001:mass_transport:2,I001,mass_transport,w-pc-11,5,No unit able to provide mass transport could reach this ward within 45 minutes without pulling a unit off a higher-severity ward.
220.0,2025-09-28T14:40:00Z,REPLAY,predicted,I006:mass_transport:0,I006,mass_transport,w-pc-14,5,No unit able to provide mass transport could reach this ward within 45 minutes without pulling a unit off a higher-severity ward.
220.0,2025-09-28T14:40:00Z,REPLAY,predicted,I006:mass_transport:1,I006,mass_transport,w-pc-14,5,No unit able to provide mass transport could reach this ward within 45 minutes without pulling a unit off a higher-severity ward.
220.0,2025-09-28T14:40:00Z,REPLAY,predicted,I006:mass_transport:2,I006,mass_transport,w-pc-14,5,No unit able to provide mass transport could reach this ward within 45 minutes without pulling a unit off a higher-severity ward.
220.0,2025-09-28T14:40:00Z,REPLAY,predicted,I009:mass_transport:0,I009,mass_transport,w-pc-07,4,No unit able to provide mass transport could reach this ward within 45 minutes without pulling a unit off a higher-severity ward.
220.0,2025-09-28T14:40:00Z,REPLAY,predicted,I009:mass_transport:1,I009,mass_transport,w-pc-07,4,No unit able to provide mass transport could reach this ward within 45 minutes without pulling a unit off a higher-severity ward.
220.0,2025-09-28T14:40:00Z,REPLAY,predicted,I011:mass_transport:0,I011,mass_transport,w-pc-14,4,No unit able to provide mass transport could reach this ward within 45 minutes without pulling a unit off a higher-severity ward.
220.0,2025-09-28T14:40:00Z,REPLAY,predicted,I011:mass_transport:1,I011,mass_transport,w-pc-14,4,No unit able to provide mass transport could reach this ward within 45 minutes without pulling a unit off a higher-severity ward.
220.0,2025-09-28T14:40:00Z,REPLAY,predicted,I015:mass_transport:0,I015,mass_transport,w-pc-11,4,No unit able to provide mass transport could reach this ward within 45 minutes without pulling a unit off a higher-severity ward.
220.0,2025-09-28T14:40:00Z,REPLAY,predicted,I015:mass_transport:1,I015,mass_transport,w-pc-11,4,No unit able to provide mass transport could reach this ward within 45 minutes without pulling a unit off a higher-severity ward.
220.0,2025-09-28T14:40:00Z,REPLAY,predicted,I017:mass_transport:0,I017,mass_transport,w-pc-07,5,No unit able to provide mass transport could reach this ward within 45 minutes without pulling a unit off a higher-severity ward.
220.0,2025-09-28T14:40:00Z,REPLAY,predicted,I017:mass_transport:1,I017,mass_transport,w-pc-07,5,No unit able to provide mass transport could reach this ward within 45 minutes without pulling a unit off a higher-severity ward.
220.0,2025-09-28T14:40:00Z,REPLAY,predicted,I024:mass_transport:0,I024,mass_transport,w-pc-06,4,No unit able to provide mass transport could reach this ward within 45 minutes without pulling a unit off a higher-severity ward.
220.0,2025-09-28T14:40:00Z,REPLAY,predicted,I024:mass_transport:1,I024,mass_transport,w-pc-06,4,No unit able to provide mass transport could reach this ward within 45 minutes without pulling a unit off a higher-severity ward.
220.0,2025-09-28T14:40:00Z,REPLAY,predicted,I027:mass_transport:0,I027,mass_transport,w-pc-10,4,No unit able to provide mass transport could reach this ward within 45 minutes without pulling a unit off a higher-severity ward.
220.0,2025-09-28T14:40:00Z,REPLAY,predicted,I027:mass_transport:1,I027,mass_transport,w-pc-10,4,No unit able to provide mass transport could reach this ward within 45 minutes without pulling a unit off a higher-severity ward.
220.0,2025-09-28T14:40:00Z,REPLAY,predicted,I029:mass_transport:0,I029,mass_transport,w-pc-13,4,No unit able to provide mass transport could reach this ward within 45 minutes without pulling a unit off a higher-severity ward.
220.0,2025-09-28T14:40:00Z,REPLAY,predicted,I030:mass_transport:0,I030,mass_transport,w-pc-06,4,No unit able to provide mass transport could reach this ward within 45 minutes without pulling a unit off a higher-severity ward.
220.0,2025-09-28T14:40:00Z,REPLAY,predicted,I030:mass_transport:1,I030,mass_transport,w-pc-06,4,No unit able to provide mass transport could reach this ward within 45 minutes without pulling a unit off a higher-severity ward.
220.0,2025-09-28T14:40:00Z,REPLAY,predicted,I036:mass_transport:0,I036,mass_transport,w-pc-11,5,No unit able to provide mass transport could reach this ward within 45 minutes without pulling a unit off a higher-severity ward.
220.0,2025-09-28T14:40:00Z,REPLAY,predicted,I036:mass_transport:1,I036,mass_transport,w-pc-11,5,No unit able to provide mass transport could reach this ward within 45 minutes without pulling a unit off a higher-severity ward.
220.0,2025-09-28T14:40:00Z,REPLAY,predicted,I036:mass_transport:2,I036,mass_transport,w-pc-11,5,No unit able to provide mass transport could reach this ward within 45 minutes without pulling a unit off a higher-severity ward.
220.0,2025-09-28T14:40:00Z,REPLAY,predicted,I039:mass_transport:0,I039,mass_transport,w-pc-11,4,No unit able to provide mass transport could reach this ward within 45 minutes without pulling a unit off a higher-severity ward.
220.0,2025-09-28T14:40:00Z,REPLAY,predicted,I039:mass_transport:1,I039,mass_transport,w-pc-11,4,No unit able to provide mass transport could reach this ward within 45 minutes without pulling a unit off a higher-severity ward.
220.0,2025-09-28T14:40:00Z,REPLAY,predicted,I040:mass_transport:0,I040,mass_transport,w-pc-13,4,No unit able to provide mass transport could reach this ward within 45 minutes without pulling a unit off a higher-severity ward.
220.0,2025-09-28T14:40:00Z,REPLAY,predicted,I040:dewatering:0,I040,dewatering,w-pc-13,4,No unit able to provide dewatering could reach this ward within 45 minutes without pulling a unit off a higher-severity ward.
220.0,2025-09-28T14:40:00Z,REPLAY,predicted,I043:mass_transport:0,I043,mass_transport,w-pc-02,4,No unit able to provide mass transport could reach this ward within 45 minutes without pulling a unit off a higher-severity ward.
220.0,2025-09-28T14:40:00Z,REPLAY,predicted,I043:mass_transport:1,I043,mass_transport,w-pc-02,4,No unit able to provide mass transport could reach this ward within 45 minutes without pulling a unit off a higher-severity ward.
220.0,2025-09-28T14:40:00Z,REPLAY,predicted,I047:mass_transport:0,I047,mass_transport,w-pc-11,5,No unit able to provide mass transport could reach this ward within 45 minutes without pulling a unit off a higher-severity ward.
220.0,2025-09-28T14:40:00Z,REPLAY,predicted,I047:mass_transport:1,I047,mass_transport,w-pc-11,5,No unit able to provide mass transport could reach this ward within 45 minutes without pulling a unit off a higher-severity ward.
220.0,2025-09-28T14:40:00Z,REPLAY,predicted,I047:mass_transport:2,I047,mass_transport,w-pc-11,5,No unit able to provide mass transport could reach this ward within 45 minutes without pulling a unit off a higher-severity ward.
230.0,2025-09-28T14:50:00Z,REPLAY,predicted,I001:mass_transport:0,I001,mass_transport,w-pc-11,5,No unit able to provide mass transport could reach this ward within 45 minutes without pulling a unit off a higher-severity ward.
230.0,2025-09-28T14:50:00Z,REPLAY,predicted,I001:mass_transport:1,I001,mass_transport,w-pc-11,5,No unit able to provide mass transport could reach this ward within 45 minutes without pulling a unit off a higher-severity ward.
230.0,2025-09-28T14:50:00Z,REPLAY,predicted,I001:mass_transport:2,I001,mass_transport,w-pc-11,5,No unit able to provide mass transport could reach this ward within 45 minutes without pulling a unit off a higher-severity ward.
230.0,2025-09-28T14:50:00Z,REPLAY,predicted,I006:mass_transport:0,I006,mass_transport,w-pc-14,5,No unit able to provide mass transport could reach this ward within 45 minutes without pulling a unit off a higher-severity ward.
230.0,2025-09-28T14:50:00Z,REPLAY,predicted,I006:mass_transport:1,I006,mass_transport,w-pc-14,5,No unit able to provide mass transport could reach this ward within 45 minutes without pulling a unit off a higher-severity ward.
230.0,2025-09-28T14:50:00Z,REPLAY,predicted,I006:mass_transport:2,I006,mass_transport,w-pc-14,5,No unit able to provide mass transport could reach this ward within 45 minutes without pulling a unit off a higher-severity ward.
230.0,2025-09-28T14:50:00Z,REPLAY,predicted,I009:mass_transport:0,I009,mass_transport,w-pc-07,4,No unit able to provide mass transport could reach this ward within 45 minutes without pulling a unit off a higher-severity ward.
230.0,2025-09-28T14:50:00Z,REPLAY,predicted,I009:mass_transport:1,I009,mass_transport,w-pc-07,4,No unit able to provide mass transport could reach this ward within 45 minutes without pulling a unit off a higher-severity ward.
230.0,2025-09-28T14:50:00Z,REPLAY,predicted,I011:mass_transport:0,I011,mass_transport,w-pc-14,4,No unit able to provide mass transport could reach this ward within 45 minutes without pulling a unit off a higher-severity ward.
230.0,2025-09-28T14:50:00Z,REPLAY,predicted,I011:mass_transport:1,I011,mass_transport,w-pc-14,4,No unit able to provide mass transport could reach this ward within 45 minutes without pulling a unit off a higher-severity ward.
230.0,2025-09-28T14:50:00Z,REPLAY,predicted,I015:mass_transport:0,I015,mass_transport,w-pc-11,4,No unit able to provide mass transport could reach this ward within 45 minutes without pulling a unit off a higher-severity ward.
230.0,2025-09-28T14:50:00Z,REPLAY,predicted,I015:mass_transport:1,I015,mass_transport,w-pc-11,4,No unit able to provide mass transport could reach this ward within 45 minutes without pulling a unit off a higher-severity ward.
230.0,2025-09-28T14:50:00Z,REPLAY,predicted,I017:mass_transport:0,I017,mass_transport,w-pc-07,5,No unit able to provide mass transport could reach this ward within 45 minutes without pulling a unit off a higher-severity ward.
230.0,2025-09-28T14:50:00Z,REPLAY,predicted,I017:mass_transport:1,I017,mass_transport,w-pc-07,5,No unit able to provide mass transport could reach this ward within 45 minutes without pulling a unit off a higher-severity ward.
230.0,2025-09-28T14:50:00Z,REPLAY,predicted,I024:mass_transport:0,I024,mass_transport,w-pc-06,4,No unit able to provide mass transport could reach this ward within 45 minutes without pulling a unit off a higher-severity ward.
230.0,2025-09-28T14:50:00Z,REPLAY,predicted,I024:mass_transport:1,I024,mass_transport,w-pc-06,4,No unit able to provide mass transport could reach this ward within 45 minutes without pulling a unit off a higher-severity ward.
230.0,2025-09-28T14:50:00Z,REPLAY,predicted,I027:mass_transport:0,I027,mass_transport,w-pc-10,4,No unit able to provide mass transport could reach this ward within 45 minutes without pulling a unit off a higher-severity ward.
230.0,2025-09-28T14:50:00Z,REPLAY,predicted,I027:mass_transport:1,I027,mass_transport,w-pc-10,4,No unit able to provide mass transport could reach this ward within 45 minutes without pulling a unit off a higher-severity ward.
230.0,2025-09-28T14:50:00Z,REPLAY,predicted,I029:mass_transport:0,I029,mass_transport,w-pc-13,4,No unit able to provide mass transport could reach this ward within 45 minutes without pulling a unit off a higher-severity ward.
230.0,2025-09-28T14:50:00Z,REPLAY,predicted,I030:mass_transport:0,I030,mass_transport,w-pc-06,4,No unit able to provide mass transport could reach this ward within 45 minutes without pulling a unit off a higher-severity ward.
230.0,2025-09-28T14:50:00Z,REPLAY,predicted,I030:mass_transport:1,I030,mass_transport,w-pc-06,4,No unit able to provide mass transport could reach this ward within 45 minutes without pulling a unit off a higher-severity ward.
230.0,2025-09-28T14:50:00Z,REPLAY,predicted,I036:mass_transport:0,I036,mass_transport,w-pc-11,5,No unit able to provide mass transport could reach this ward within 45 minutes without pulling a unit off a higher-severity ward.
230.0,2025-09-28T14:50:00Z,REPLAY,predicted,I036:mass_transport:1,I036,mass_transport,w-pc-11,5,No unit able to provide mass transport could reach this ward within 45 minutes without pulling a unit off a higher-severity ward.
230.0,2025-09-28T14:50:00Z,REPLAY,predicted,I036:mass_transport:2,I036,mass_transport,w-pc-11,5,No unit able to provide mass transport could reach this ward within 45 minutes without pulling a unit off a higher-severity ward.
230.0,2025-09-28T14:50:00Z,REPLAY,predicted,I039:mass_transport:1,I039,mass_transport,w-pc-11,4,No unit able to provide mass transport could reach this ward within 45 minutes without pulling a unit off a higher-severity ward.
230.0,2025-09-28T14:50:00Z,REPLAY,predicted,I040:mass_transport:0,I040,mass_transport,w-pc-13,4,No unit able to provide mass transport could reach this ward within 45 minutes without pulling a unit off a higher-severity ward.
230.0,2025-09-28T14:50:00Z,REPLAY,predicted,I043:mass_transport:0,I043,mass_transport,w-pc-02,4,No unit able to provide mass transport could reach this ward within 45 minutes without pulling a unit off a higher-severity ward.
230.0,2025-09-28T14:50:00Z,REPLAY,predicted,I043:mass_transport:1,I043,mass_transport,w-pc-02,4,No unit able to provide mass transport could reach this ward within 45 minutes without pulling a unit off a higher-severity ward.
230.0,2025-09-28T14:50:00Z,REPLAY,predicted,I047:mass_transport:0,I047,mass_transport,w-pc-11,5,No unit able to provide mass transport could reach this ward within 45 minutes without pulling a unit off a higher-severity ward.
230.0,2025-09-28T14:50:00Z,REPLAY,predicted,I047:mass_transport:1,I047,mass_transport,w-pc-11,5,No unit able to provide mass transport could reach this ward within 45 minutes without pulling a unit off a higher-severity ward.
230.0,2025-09-28T14:50:00Z,REPLAY,predicted,I047:mass_transport:2,I047,mass_transport,w-pc-11,5,No unit able to provide mass transport could reach this ward within 45 minutes without pulling a unit off a higher-severity ward.
240.0,2025-09-28T15:00:00Z,REPLAY,predicted,I001:mass_transport:0,I001,mass_transport,w-pc-11,5,No unit able to provide mass transport could reach this ward within 45 minutes without pulling a unit off a higher-severity ward.
240.0,2025-09-28T15:00:00Z,REPLAY,predicted,I001:mass_transport:1,I001,mass_transport,w-pc-11,5,No unit able to provide mass transport could reach this ward within 45 minutes without pulling a unit off a higher-severity ward.
240.0,2025-09-28T15:00:00Z,REPLAY,predicted,I001:mass_transport:2,I001,mass_transport,w-pc-11,5,No unit able to provide mass transport could reach this ward within 45 minutes without pulling a unit off a higher-severity ward.
240.0,2025-09-28T15:00:00Z,REPLAY,predicted,I006:mass_transport:0,I006,mass_transport,w-pc-14,5,No unit able to provide mass transport could reach this ward within 45 minutes without pulling a unit off a higher-severity ward.
240.0,2025-09-28T15:00:00Z,REPLAY,predicted,I006:mass_transport:1,I006,mass_transport,w-pc-14,5,No unit able to provide mass transport could reach this ward within 45 minutes without pulling a unit off a higher-severity ward.
240.0,2025-09-28T15:00:00Z,REPLAY,predicted,I006:mass_transport:2,I006,mass_transport,w-pc-14,5,No unit able to provide mass transport could reach this ward within 45 minutes without pulling a unit off a higher-severity ward.
240.0,2025-09-28T15:00:00Z,REPLAY,predicted,I009:mass_transport:0,I009,mass_transport,w-pc-07,4,No unit able to provide mass transport could reach this ward within 45 minutes without pulling a unit off a higher-severity ward.
240.0,2025-09-28T15:00:00Z,REPLAY,predicted,I009:mass_transport:1,I009,mass_transport,w-pc-07,4,No unit able to provide mass transport could reach this ward within 45 minutes without pulling a unit off a higher-severity ward.
240.0,2025-09-28T15:00:00Z,REPLAY,predicted,I011:mass_transport:0,I011,mass_transport,w-pc-14,4,No unit able to provide mass transport could reach this ward within 45 minutes without pulling a unit off a higher-severity ward.
240.0,2025-09-28T15:00:00Z,REPLAY,predicted,I011:mass_transport:1,I011,mass_transport,w-pc-14,4,No unit able to provide mass transport could reach this ward within 45 minutes without pulling a unit off a higher-severity ward.
240.0,2025-09-28T15:00:00Z,REPLAY,predicted,I015:mass_transport:0,I015,mass_transport,w-pc-11,4,No unit able to provide mass transport could reach this ward within 45 minutes without pulling a unit off a higher-severity ward.
240.0,2025-09-28T15:00:00Z,REPLAY,predicted,I015:mass_transport:1,I015,mass_transport,w-pc-11,4,No unit able to provide mass transport could reach this ward within 45 minutes without pulling a unit off a higher-severity ward.
240.0,2025-09-28T15:00:00Z,REPLAY,predicted,I017:mass_transport:0,I017,mass_transport,w-pc-07,5,No unit able to provide mass transport could reach this ward within 45 minutes without pulling a unit off a higher-severity ward.
240.0,2025-09-28T15:00:00Z,REPLAY,predicted,I017:mass_transport:1,I017,mass_transport,w-pc-07,5,No unit able to provide mass transport could reach this ward within 45 minutes without pulling a unit off a higher-severity ward.
240.0,2025-09-28T15:00:00Z,REPLAY,predicted,I024:mass_transport:0,I024,mass_transport,w-pc-06,4,No unit able to provide mass transport could reach this ward within 45 minutes without pulling a unit off a higher-severity ward.
240.0,2025-09-28T15:00:00Z,REPLAY,predicted,I024:mass_transport:1,I024,mass_transport,w-pc-06,4,No unit able to provide mass transport could reach this ward within 45 minutes without pulling a unit off a higher-severity ward.
240.0,2025-09-28T15:00:00Z,REPLAY,predicted,I027:mass_transport:0,I027,mass_transport,w-pc-10,4,No unit able to provide mass transport could reach this ward within 45 minutes without pulling a unit off a higher-severity ward.
240.0,2025-09-28T15:00:00Z,REPLAY,predicted,I027:mass_transport:1,I027,mass_transport,w-pc-10,4,No unit able to provide mass transport could reach this ward within 45 minutes without pulling a unit off a higher-severity ward.
240.0,2025-09-28T15:00:00Z,REPLAY,predicted,I029:mass_transport:0,I029,mass_transport,w-pc-13,4,No unit able to provide mass transport could reach this ward within 45 minutes without pulling a unit off a higher-severity ward.
240.0,2025-09-28T15:00:00Z,REPLAY,predicted,I030:mass_transport:0,I030,mass_transport,w-pc-06,4,No unit able to provide mass transport could reach this ward within 45 minutes without pulling a unit off a higher-severity ward.
240.0,2025-09-28T15:00:00Z,REPLAY,predicted,I030:mass_transport:1,I030,mass_transport,w-pc-06,4,No unit able to provide mass transport could reach this ward within 45 minutes without pulling a unit off a higher-severity ward.
240.0,2025-09-28T15:00:00Z,REPLAY,predicted,I036:mass_transport:0,I036,mass_transport,w-pc-11,5,No unit able to provide mass transport could reach this ward within 45 minutes without pulling a unit off a higher-severity ward.
240.0,2025-09-28T15:00:00Z,REPLAY,predicted,I036:mass_transport:1,I036,mass_transport,w-pc-11,5,No unit able to provide mass transport could reach this ward within 45 minutes without pulling a unit off a higher-severity ward.
240.0,2025-09-28T15:00:00Z,REPLAY,predicted,I036:mass_transport:2,I036,mass_transport,w-pc-11,5,No unit able to provide mass transport could reach this ward within 45 minutes without pulling a unit off a higher-severity ward.
240.0,2025-09-28T15:00:00Z,REPLAY,predicted,I039:mass_transport:0,I039,mass_transport,w-pc-11,4,No unit able to provide mass transport could reach this ward within 45 minutes without pulling a unit off a higher-severity ward.
240.0,2025-09-28T15:00:00Z,REPLAY,predicted,I040:mass_transport:0,I040,mass_transport,w-pc-13,4,No unit able to provide mass transport could reach this ward within 45 minutes without pulling a unit off a higher-severity ward.
240.0,2025-09-28T15:00:00Z,REPLAY,predicted,I043:mass_transport:0,I043,mass_transport,w-pc-02,4,No unit able to provide mass transport could reach this ward within 45 minutes without pulling a unit off a higher-severity ward.
240.0,2025-09-28T15:00:00Z,REPLAY,predicted,I043:mass_transport:1,I043,mass_transport,w-pc-02,4,No unit able to provide mass transport could reach this ward within 45 minutes without pulling a unit off a higher-severity ward.
240.0,2025-09-28T15:00:00Z,REPLAY,predicted,I047:mass_transport:0,I047,mass_transport,w-pc-11,5,No unit able to provide mass transport could reach this ward within 45 minutes without pulling a unit off a higher-severity ward.
240.0,2025-09-28T15:00:00Z,REPLAY,predicted,I047:mass_transport:1,I047,mass_transport,w-pc-11,5,No unit able to provide mass transport could reach this ward within 45 minutes without pulling a unit off a higher-severity ward.
240.0,2025-09-28T15:00:00Z,REPLAY,predicted,I047:mass_transport:2,I047,mass_transport,w-pc-11,5,No unit able to provide mass transport could reach this ward within 45 minutes without pulling a unit off a higher-severity ward.
240.0,2025-09-28T15:00:00Z,REPLAY,predicted,I049:water_rescue:0,I049,water_rescue,w-pc-07,5,No unit able to provide water rescue could reach this ward within 45 minutes without pulling a unit off a higher-severity ward.
240.0,2025-09-28T15:00:00Z,REPLAY,predicted,I049:mass_transport:0,I049,mass_transport,w-pc-07,5,No unit able to provide mass transport could reach this ward within 45 minutes without pulling a unit off a higher-severity ward.
240.0,2025-09-28T15:00:00Z,REPLAY,predicted,I049:mass_transport:1,I049,mass_transport,w-pc-07,5,No unit able to provide mass transport could reach this ward within 45 minutes without pulling a unit off a higher-severity ward.
240.0,2025-09-28T15:00:00Z,REPLAY,predicted,I049:mass_transport:2,I049,mass_transport,w-pc-07,5,No unit able to provide mass transport could reach this ward within 45 minutes without pulling a unit off a higher-severity ward.
250.0,2025-09-28T15:10:00Z,REPLAY,predicted,I001:mass_transport:0,I001,mass_transport,w-pc-11,5,No unit able to provide mass transport could reach this ward within 45 minutes without pulling a unit off a higher-severity ward.
250.0,2025-09-28T15:10:00Z,REPLAY,predicted,I001:mass_transport:1,I001,mass_transport,w-pc-11,5,No unit able to provide mass transport could reach this ward within 45 minutes without pulling a unit off a higher-severity ward.
250.0,2025-09-28T15:10:00Z,REPLAY,predicted,I001:mass_transport:2,I001,mass_transport,w-pc-11,5,No unit able to provide mass transport could reach this ward within 45 minutes without pulling a unit off a higher-severity ward.
250.0,2025-09-28T15:10:00Z,REPLAY,predicted,I006:mass_transport:0,I006,mass_transport,w-pc-14,5,No unit able to provide mass transport could reach this ward within 45 minutes without pulling a unit off a higher-severity ward.
250.0,2025-09-28T15:10:00Z,REPLAY,predicted,I006:mass_transport:1,I006,mass_transport,w-pc-14,5,No unit able to provide mass transport could reach this ward within 45 minutes without pulling a unit off a higher-severity ward.
250.0,2025-09-28T15:10:00Z,REPLAY,predicted,I006:mass_transport:2,I006,mass_transport,w-pc-14,5,No unit able to provide mass transport could reach this ward within 45 minutes without pulling a unit off a higher-severity ward.
250.0,2025-09-28T15:10:00Z,REPLAY,predicted,I009:mass_transport:0,I009,mass_transport,w-pc-07,4,No unit able to provide mass transport could reach this ward within 45 minutes without pulling a unit off a higher-severity ward.
250.0,2025-09-28T15:10:00Z,REPLAY,predicted,I009:mass_transport:1,I009,mass_transport,w-pc-07,4,No unit able to provide mass transport could reach this ward within 45 minutes without pulling a unit off a higher-severity ward.
250.0,2025-09-28T15:10:00Z,REPLAY,predicted,I011:mass_transport:0,I011,mass_transport,w-pc-14,4,No unit able to provide mass transport could reach this ward within 45 minutes without pulling a unit off a higher-severity ward.
250.0,2025-09-28T15:10:00Z,REPLAY,predicted,I011:mass_transport:1,I011,mass_transport,w-pc-14,4,No unit able to provide mass transport could reach this ward within 45 minutes without pulling a unit off a higher-severity ward.
250.0,2025-09-28T15:10:00Z,REPLAY,predicted,I015:mass_transport:0,I015,mass_transport,w-pc-11,4,No unit able to provide mass transport could reach this ward within 45 minutes without pulling a unit off a higher-severity ward.
250.0,2025-09-28T15:10:00Z,REPLAY,predicted,I015:mass_transport:1,I015,mass_transport,w-pc-11,4,No unit able to provide mass transport could reach this ward within 45 minutes without pulling a unit off a higher-severity ward.
250.0,2025-09-28T15:10:00Z,REPLAY,predicted,I017:mass_transport:0,I017,mass_transport,w-pc-07,5,No unit able to provide mass transport could reach this ward within 45 minutes without pulling a unit off a higher-severity ward.
250.0,2025-09-28T15:10:00Z,REPLAY,predicted,I017:mass_transport:1,I017,mass_transport,w-pc-07,5,No unit able to provide mass transport could reach this ward within 45 minutes without pulling a unit off a higher-severity ward.
250.0,2025-09-28T15:10:00Z,REPLAY,predicted,I024:mass_transport:0,I024,mass_transport,w-pc-06,4,No unit able to provide mass transport could reach this ward within 45 minutes without pulling a unit off a higher-severity ward.
250.0,2025-09-28T15:10:00Z,REPLAY,predicted,I024:mass_transport:1,I024,mass_transport,w-pc-06,4,No unit able to provide mass transport could reach this ward within 45 minutes without pulling a unit off a higher-severity ward.
250.0,2025-09-28T15:10:00Z,REPLAY,predicted,I027:mass_transport:0,I027,mass_transport,w-pc-10,4,No unit able to provide mass transport could reach this ward within 45 minutes without pulling a unit off a higher-severity ward.
250.0,2025-09-28T15:10:00Z,REPLAY,predicted,I027:mass_transport:1,I027,mass_transport,w-pc-10,4,No unit able to provide mass transport could reach this ward within 45 minutes without pulling a unit off a higher-severity ward.
250.0,2025-09-28T15:10:00Z,REPLAY,predicted,I029:mass_transport:0,I029,mass_transport,w-pc-13,4,No unit able to provide mass transport could reach this ward within 45 minutes without pulling a unit off a higher-severity ward.
250.0,2025-09-28T15:10:00Z,REPLAY,predicted,I030:mass_transport:0,I030,mass_transport,w-pc-06,4,No unit able to provide mass transport could reach this ward within 45 minutes without pulling a unit off a higher-severity ward.
250.0,2025-09-28T15:10:00Z,REPLAY,predicted,I030:mass_transport:1,I030,mass_transport,w-pc-06,4,No unit able to provide mass transport could reach this ward within 45 minutes without pulling a unit off a higher-severity ward.
250.0,2025-09-28T15:10:00Z,REPLAY,predicted,I036:mass_transport:0,I036,mass_transport,w-pc-11,5,No unit able to provide mass transport could reach this ward within 45 minutes without pulling a unit off a higher-severity ward.
250.0,2025-09-28T15:10:00Z,REPLAY,predicted,I036:mass_transport:1,I036,mass_transport,w-pc-11,5,No unit able to provide mass transport could reach this ward within 45 minutes without pulling a unit off a higher-severity ward.
250.0,2025-09-28T15:10:00Z,REPLAY,predicted,I036:mass_transport:2,I036,mass_transport,w-pc-11,5,No unit able to provide mass transport could reach this ward within 45 minutes without pulling a unit off a higher-severity ward.
250.0,2025-09-28T15:10:00Z,REPLAY,predicted,I039:mass_transport:0,I039,mass_transport,w-pc-11,4,No unit able to provide mass transport could reach this ward within 45 minutes without pulling a unit off a higher-severity ward.
250.0,2025-09-28T15:10:00Z,REPLAY,predicted,I040:mass_transport:0,I040,mass_transport,w-pc-13,4,No unit able to provide mass transport could reach this ward within 45 minutes without pulling a unit off a higher-severity ward.
250.0,2025-09-28T15:10:00Z,REPLAY,predicted,I043:mass_transport:0,I043,mass_transport,w-pc-02,4,No unit able to provide mass transport could reach this ward within 45 minutes without pulling a unit off a higher-severity ward.
250.0,2025-09-28T15:10:00Z,REPLAY,predicted,I043:mass_transport:1,I043,mass_transport,w-pc-02,4,No unit able to provide mass transport could reach this ward within 45 minutes without pulling a unit off a higher-severity ward.
250.0,2025-09-28T15:10:00Z,REPLAY,predicted,I047:mass_transport:0,I047,mass_transport,w-pc-11,5,No unit able to provide mass transport could reach this ward within 45 minutes without pulling a unit off a higher-severity ward.
250.0,2025-09-28T15:10:00Z,REPLAY,predicted,I047:mass_transport:1,I047,mass_transport,w-pc-11,5,No unit able to provide mass transport could reach this ward within 45 minutes without pulling a unit off a higher-severity ward.
250.0,2025-09-28T15:10:00Z,REPLAY,predicted,I047:mass_transport:2,I047,mass_transport,w-pc-11,5,No unit able to provide mass transport could reach this ward within 45 minutes without pulling a unit off a higher-severity ward.
250.0,2025-09-28T15:10:00Z,REPLAY,predicted,I049:mass_transport:0,I049,mass_transport,w-pc-07,5,No unit able to provide mass transport could reach this ward within 45 minutes without pulling a unit off a higher-severity ward.
250.0,2025-09-28T15:10:00Z,REPLAY,predicted,I049:mass_transport:1,I049,mass_transport,w-pc-07,5,No unit able to provide mass transport could reach this ward within 45 minutes without pulling a unit off a higher-severity ward.
250.0,2025-09-28T15:10:00Z,REPLAY,predicted,I049:mass_transport:2,I049,mass_transport,w-pc-07,5,No unit able to provide mass transport could reach this ward within 45 minutes without pulling a unit off a higher-severity ward.
250.0,2025-09-28T15:10:00Z,REPLAY,predicted,I054:field_assessment:0,I054,field_assessment,w-pc-07,2,No unit able to provide field assessment could reach this ward within 45 minutes without pulling a unit off a higher-severity ward.
250.0,2025-09-28T15:10:00Z,REPLAY,predicted,I055:mass_transport:0,I055,mass_transport,w-pc-10,5,No unit able to provide mass transport could reach this ward within 45 minutes without pulling a unit off a higher-severity ward.
250.0,2025-09-28T15:10:00Z,REPLAY,predicted,I055:mass_transport:1,I055,mass_transport,w-pc-10,5,No unit able to provide mass transport could reach this ward within 45 minutes without pulling a unit off a higher-severity ward.
250.0,2025-09-28T15:10:00Z,REPLAY,predicted,I055:mass_transport:2,I055,mass_transport,w-pc-10,5,No unit able to provide mass transport could reach this ward within 45 minutes without pulling a unit off a higher-severity ward.
260.0,2025-09-28T15:20:00Z,REPLAY,predicted,I001:mass_transport:0,I001,mass_transport,w-pc-11,5,No unit able to provide mass transport could reach this ward within 45 minutes without pulling a unit off a higher-severity ward.
260.0,2025-09-28T15:20:00Z,REPLAY,predicted,I001:mass_transport:1,I001,mass_transport,w-pc-11,5,No unit able to provide mass transport could reach this ward within 45 minutes without pulling a unit off a higher-severity ward.
260.0,2025-09-28T15:20:00Z,REPLAY,predicted,I001:mass_transport:2,I001,mass_transport,w-pc-11,5,No unit able to provide mass transport could reach this ward within 45 minutes without pulling a unit off a higher-severity ward.
260.0,2025-09-28T15:20:00Z,REPLAY,predicted,I006:mass_transport:0,I006,mass_transport,w-pc-14,5,No unit able to provide mass transport could reach this ward within 45 minutes without pulling a unit off a higher-severity ward.
260.0,2025-09-28T15:20:00Z,REPLAY,predicted,I006:mass_transport:1,I006,mass_transport,w-pc-14,5,No unit able to provide mass transport could reach this ward within 45 minutes without pulling a unit off a higher-severity ward.
260.0,2025-09-28T15:20:00Z,REPLAY,predicted,I006:mass_transport:2,I006,mass_transport,w-pc-14,5,No unit able to provide mass transport could reach this ward within 45 minutes without pulling a unit off a higher-severity ward.
260.0,2025-09-28T15:20:00Z,REPLAY,predicted,I009:mass_transport:0,I009,mass_transport,w-pc-07,4,No unit able to provide mass transport could reach this ward within 45 minutes without pulling a unit off a higher-severity ward.
260.0,2025-09-28T15:20:00Z,REPLAY,predicted,I009:mass_transport:1,I009,mass_transport,w-pc-07,4,No unit able to provide mass transport could reach this ward within 45 minutes without pulling a unit off a higher-severity ward.
260.0,2025-09-28T15:20:00Z,REPLAY,predicted,I011:mass_transport:0,I011,mass_transport,w-pc-14,4,No unit able to provide mass transport could reach this ward within 45 minutes without pulling a unit off a higher-severity ward.
260.0,2025-09-28T15:20:00Z,REPLAY,predicted,I011:mass_transport:1,I011,mass_transport,w-pc-14,4,No unit able to provide mass transport could reach this ward within 45 minutes without pulling a unit off a higher-severity ward.
260.0,2025-09-28T15:20:00Z,REPLAY,predicted,I015:mass_transport:0,I015,mass_transport,w-pc-11,4,No unit able to provide mass transport could reach this ward within 45 minutes without pulling a unit off a higher-severity ward.
260.0,2025-09-28T15:20:00Z,REPLAY,predicted,I015:mass_transport:1,I015,mass_transport,w-pc-11,4,No unit able to provide mass transport could reach this ward within 45 minutes without pulling a unit off a higher-severity ward.
260.0,2025-09-28T15:20:00Z,REPLAY,predicted,I017:mass_transport:0,I017,mass_transport,w-pc-07,5,No unit able to provide mass transport could reach this ward within 45 minutes without pulling a unit off a higher-severity ward.
260.0,2025-09-28T15:20:00Z,REPLAY,predicted,I017:mass_transport:1,I017,mass_transport,w-pc-07,5,No unit able to provide mass transport could reach this ward within 45 minutes without pulling a unit off a higher-severity ward.
260.0,2025-09-28T15:20:00Z,REPLAY,predicted,I024:mass_transport:0,I024,mass_transport,w-pc-06,4,No unit able to provide mass transport could reach this ward within 45 minutes without pulling a unit off a higher-severity ward.
260.0,2025-09-28T15:20:00Z,REPLAY,predicted,I024:mass_transport:1,I024,mass_transport,w-pc-06,4,No unit able to provide mass transport could reach this ward within 45 minutes without pulling a unit off a higher-severity ward.
260.0,2025-09-28T15:20:00Z,REPLAY,predicted,I027:mass_transport:0,I027,mass_transport,w-pc-10,4,No unit able to provide mass transport could reach this ward within 45 minutes without pulling a unit off a higher-severity ward.
260.0,2025-09-28T15:20:00Z,REPLAY,predicted,I027:mass_transport:1,I027,mass_transport,w-pc-10,4,No unit able to provide mass transport could reach this ward within 45 minutes without pulling a unit off a higher-severity ward.
260.0,2025-09-28T15:20:00Z,REPLAY,predicted,I029:mass_transport:0,I029,mass_transport,w-pc-13,4,No unit able to provide mass transport could reach this ward within 45 minutes without pulling a unit off a higher-severity ward.
260.0,2025-09-28T15:20:00Z,REPLAY,predicted,I030:mass_transport:0,I030,mass_transport,w-pc-06,4,No unit able to provide mass transport could reach this ward within 45 minutes without pulling a unit off a higher-severity ward.
260.0,2025-09-28T15:20:00Z,REPLAY,predicted,I030:mass_transport:1,I030,mass_transport,w-pc-06,4,No unit able to provide mass transport could reach this ward within 45 minutes without pulling a unit off a higher-severity ward.
260.0,2025-09-28T15:20:00Z,REPLAY,predicted,I036:mass_transport:0,I036,mass_transport,w-pc-11,5,No unit able to provide mass transport could reach this ward within 45 minutes without pulling a unit off a higher-severity ward.
260.0,2025-09-28T15:20:00Z,REPLAY,predicted,I036:mass_transport:1,I036,mass_transport,w-pc-11,5,No unit able to provide mass transport could reach this ward within 45 minutes without pulling a unit off a higher-severity ward.
260.0,2025-09-28T15:20:00Z,REPLAY,predicted,I036:mass_transport:2,I036,mass_transport,w-pc-11,5,No unit able to provide mass transport could reach this ward within 45 minutes without pulling a unit off a higher-severity ward.
260.0,2025-09-28T15:20:00Z,REPLAY,predicted,I039:mass_transport:0,I039,mass_transport,w-pc-11,4,No unit able to provide mass transport could reach this ward within 45 minutes without pulling a unit off a higher-severity ward.
260.0,2025-09-28T15:20:00Z,REPLAY,predicted,I040:mass_transport:0,I040,mass_transport,w-pc-13,4,No unit able to provide mass transport could reach this ward within 45 minutes without pulling a unit off a higher-severity ward.
260.0,2025-09-28T15:20:00Z,REPLAY,predicted,I043:mass_transport:0,I043,mass_transport,w-pc-02,4,No unit able to provide mass transport could reach this ward within 45 minutes without pulling a unit off a higher-severity ward.
260.0,2025-09-28T15:20:00Z,REPLAY,predicted,I043:mass_transport:1,I043,mass_transport,w-pc-02,4,No unit able to provide mass transport could reach this ward within 45 minutes without pulling a unit off a higher-severity ward.
260.0,2025-09-28T15:20:00Z,REPLAY,predicted,I047:mass_transport:0,I047,mass_transport,w-pc-11,5,No unit able to provide mass transport could reach this ward within 45 minutes without pulling a unit off a higher-severity ward.
260.0,2025-09-28T15:20:00Z,REPLAY,predicted,I047:mass_transport:1,I047,mass_transport,w-pc-11,5,No unit able to provide mass transport could reach this ward within 45 minutes without pulling a unit off a higher-severity ward.
260.0,2025-09-28T15:20:00Z,REPLAY,predicted,I047:mass_transport:2,I047,mass_transport,w-pc-11,5,No unit able to provide mass transport could reach this ward within 45 minutes without pulling a unit off a higher-severity ward.
260.0,2025-09-28T15:20:00Z,REPLAY,predicted,I049:mass_transport:0,I049,mass_transport,w-pc-07,5,No unit able to provide mass transport could reach this ward within 45 minutes without pulling a unit off a higher-severity ward.
260.0,2025-09-28T15:20:00Z,REPLAY,predicted,I049:mass_transport:1,I049,mass_transport,w-pc-07,5,No unit able to provide mass transport could reach this ward within 45 minutes without pulling a unit off a higher-severity ward.
260.0,2025-09-28T15:20:00Z,REPLAY,predicted,I049:mass_transport:2,I049,mass_transport,w-pc-07,5,No unit able to provide mass transport could reach this ward within 45 minutes without pulling a unit off a higher-severity ward.
260.0,2025-09-28T15:20:00Z,REPLAY,predicted,I054:field_assessment:0,I054,field_assessment,w-pc-07,2,No unit able to provide field assessment could reach this ward within 45 minutes without pulling a unit off a higher-severity ward.
260.0,2025-09-28T15:20:00Z,REPLAY,predicted,I055:mass_transport:0,I055,mass_transport,w-pc-10,5,No unit able to provide mass transport could reach this ward within 45 minutes without pulling a unit off a higher-severity ward.
260.0,2025-09-28T15:20:00Z,REPLAY,predicted,I055:mass_transport:1,I055,mass_transport,w-pc-10,5,No unit able to provide mass transport could reach this ward within 45 minutes without pulling a unit off a higher-severity ward.
260.0,2025-09-28T15:20:00Z,REPLAY,predicted,I055:mass_transport:2,I055,mass_transport,w-pc-10,5,No unit able to provide mass transport could reach this ward within 45 minutes without pulling a unit off a higher-severity ward.
270.0,2025-09-28T15:30:00Z,REPLAY,predicted,I001:mass_transport:0,I001,mass_transport,w-pc-11,5,No unit able to provide mass transport could reach this ward within 45 minutes without pulling a unit off a higher-severity ward.
270.0,2025-09-28T15:30:00Z,REPLAY,predicted,I001:mass_transport:1,I001,mass_transport,w-pc-11,5,No unit able to provide mass transport could reach this ward within 45 minutes without pulling a unit off a higher-severity ward.
270.0,2025-09-28T15:30:00Z,REPLAY,predicted,I001:mass_transport:2,I001,mass_transport,w-pc-11,5,No unit able to provide mass transport could reach this ward within 45 minutes without pulling a unit off a higher-severity ward.
270.0,2025-09-28T15:30:00Z,REPLAY,predicted,I006:mass_transport:0,I006,mass_transport,w-pc-14,5,No unit able to provide mass transport could reach this ward within 45 minutes without pulling a unit off a higher-severity ward.
270.0,2025-09-28T15:30:00Z,REPLAY,predicted,I006:mass_transport:1,I006,mass_transport,w-pc-14,5,No unit able to provide mass transport could reach this ward within 45 minutes without pulling a unit off a higher-severity ward.
270.0,2025-09-28T15:30:00Z,REPLAY,predicted,I006:mass_transport:2,I006,mass_transport,w-pc-14,5,No unit able to provide mass transport could reach this ward within 45 minutes without pulling a unit off a higher-severity ward.
270.0,2025-09-28T15:30:00Z,REPLAY,predicted,I009:mass_transport:0,I009,mass_transport,w-pc-07,4,No unit able to provide mass transport could reach this ward within 45 minutes without pulling a unit off a higher-severity ward.
270.0,2025-09-28T15:30:00Z,REPLAY,predicted,I009:mass_transport:1,I009,mass_transport,w-pc-07,4,No unit able to provide mass transport could reach this ward within 45 minutes without pulling a unit off a higher-severity ward.
270.0,2025-09-28T15:30:00Z,REPLAY,predicted,I011:mass_transport:0,I011,mass_transport,w-pc-14,4,No unit able to provide mass transport could reach this ward within 45 minutes without pulling a unit off a higher-severity ward.
270.0,2025-09-28T15:30:00Z,REPLAY,predicted,I011:mass_transport:1,I011,mass_transport,w-pc-14,4,No unit able to provide mass transport could reach this ward within 45 minutes without pulling a unit off a higher-severity ward.
270.0,2025-09-28T15:30:00Z,REPLAY,predicted,I015:mass_transport:0,I015,mass_transport,w-pc-11,4,No unit able to provide mass transport could reach this ward within 45 minutes without pulling a unit off a higher-severity ward.
270.0,2025-09-28T15:30:00Z,REPLAY,predicted,I015:mass_transport:1,I015,mass_transport,w-pc-11,4,No unit able to provide mass transport could reach this ward within 45 minutes without pulling a unit off a higher-severity ward.
270.0,2025-09-28T15:30:00Z,REPLAY,predicted,I017:mass_transport:0,I017,mass_transport,w-pc-07,5,No unit able to provide mass transport could reach this ward within 45 minutes without pulling a unit off a higher-severity ward.
270.0,2025-09-28T15:30:00Z,REPLAY,predicted,I017:mass_transport:1,I017,mass_transport,w-pc-07,5,No unit able to provide mass transport could reach this ward within 45 minutes without pulling a unit off a higher-severity ward.
270.0,2025-09-28T15:30:00Z,REPLAY,predicted,I024:mass_transport:0,I024,mass_transport,w-pc-06,4,No unit able to provide mass transport could reach this ward within 45 minutes without pulling a unit off a higher-severity ward.
270.0,2025-09-28T15:30:00Z,REPLAY,predicted,I024:mass_transport:1,I024,mass_transport,w-pc-06,4,No unit able to provide mass transport could reach this ward within 45 minutes without pulling a unit off a higher-severity ward.
270.0,2025-09-28T15:30:00Z,REPLAY,predicted,I027:mass_transport:0,I027,mass_transport,w-pc-10,4,No unit able to provide mass transport could reach this ward within 45 minutes without pulling a unit off a higher-severity ward.
270.0,2025-09-28T15:30:00Z,REPLAY,predicted,I027:mass_transport:1,I027,mass_transport,w-pc-10,4,No unit able to provide mass transport could reach this ward within 45 minutes without pulling a unit off a higher-severity ward.
270.0,2025-09-28T15:30:00Z,REPLAY,predicted,I029:mass_transport:0,I029,mass_transport,w-pc-13,4,No unit able to provide mass transport could reach this ward within 45 minutes without pulling a unit off a higher-severity ward.
270.0,2025-09-28T15:30:00Z,REPLAY,predicted,I030:mass_transport:0,I030,mass_transport,w-pc-06,4,No unit able to provide mass transport could reach this ward within 45 minutes without pulling a unit off a higher-severity ward.
270.0,2025-09-28T15:30:00Z,REPLAY,predicted,I030:mass_transport:1,I030,mass_transport,w-pc-06,4,No unit able to provide mass transport could reach this ward within 45 minutes without pulling a unit off a higher-severity ward.
270.0,2025-09-28T15:30:00Z,REPLAY,predicted,I036:mass_transport:0,I036,mass_transport,w-pc-11,5,No unit able to provide mass transport could reach this ward within 45 minutes without pulling a unit off a higher-severity ward.
270.0,2025-09-28T15:30:00Z,REPLAY,predicted,I036:mass_transport:1,I036,mass_transport,w-pc-11,5,No unit able to provide mass transport could reach this ward within 45 minutes without pulling a unit off a higher-severity ward.
270.0,2025-09-28T15:30:00Z,REPLAY,predicted,I036:mass_transport:2,I036,mass_transport,w-pc-11,5,No unit able to provide mass transport could reach this ward within 45 minutes without pulling a unit off a higher-severity ward.
270.0,2025-09-28T15:30:00Z,REPLAY,predicted,I039:mass_transport:0,I039,mass_transport,w-pc-11,4,No unit able to provide mass transport could reach this ward within 45 minutes without pulling a unit off a higher-severity ward.
270.0,2025-09-28T15:30:00Z,REPLAY,predicted,I040:mass_transport:0,I040,mass_transport,w-pc-13,4,No unit able to provide mass transport could reach this ward within 45 minutes without pulling a unit off a higher-severity ward.
270.0,2025-09-28T15:30:00Z,REPLAY,predicted,I043:mass_transport:0,I043,mass_transport,w-pc-02,4,No unit able to provide mass transport could reach this ward within 45 minutes without pulling a unit off a higher-severity ward.
270.0,2025-09-28T15:30:00Z,REPLAY,predicted,I043:mass_transport:1,I043,mass_transport,w-pc-02,4,No unit able to provide mass transport could reach this ward within 45 minutes without pulling a unit off a higher-severity ward.
270.0,2025-09-28T15:30:00Z,REPLAY,predicted,I047:mass_transport:0,I047,mass_transport,w-pc-11,5,No unit able to provide mass transport could reach this ward within 45 minutes without pulling a unit off a higher-severity ward.
270.0,2025-09-28T15:30:00Z,REPLAY,predicted,I047:mass_transport:1,I047,mass_transport,w-pc-11,5,No unit able to provide mass transport could reach this ward within 45 minutes without pulling a unit off a higher-severity ward.
270.0,2025-09-28T15:30:00Z,REPLAY,predicted,I047:mass_transport:2,I047,mass_transport,w-pc-11,5,No unit able to provide mass transport could reach this ward within 45 minutes without pulling a unit off a higher-severity ward.
270.0,2025-09-28T15:30:00Z,REPLAY,predicted,I049:mass_transport:0,I049,mass_transport,w-pc-07,5,No unit able to provide mass transport could reach this ward within 45 minutes without pulling a unit off a higher-severity ward.
270.0,2025-09-28T15:30:00Z,REPLAY,predicted,I049:mass_transport:1,I049,mass_transport,w-pc-07,5,No unit able to provide mass transport could reach this ward within 45 minutes without pulling a unit off a higher-severity ward.
270.0,2025-09-28T15:30:00Z,REPLAY,predicted,I049:mass_transport:2,I049,mass_transport,w-pc-07,5,No unit able to provide mass transport could reach this ward within 45 minutes without pulling a unit off a higher-severity ward.
270.0,2025-09-28T15:30:00Z,REPLAY,predicted,I055:mass_transport:0,I055,mass_transport,w-pc-10,5,No unit able to provide mass transport could reach this ward within 45 minutes without pulling a unit off a higher-severity ward.
270.0,2025-09-28T15:30:00Z,REPLAY,predicted,I055:mass_transport:1,I055,mass_transport,w-pc-10,5,No unit able to provide mass transport could reach this ward within 45 minutes without pulling a unit off a higher-severity ward.
270.0,2025-09-28T15:30:00Z,REPLAY,predicted,I055:mass_transport:2,I055,mass_transport,w-pc-10,5,No unit able to provide mass transport could reach this ward within 45 minutes without pulling a unit off a higher-severity ward.
280.0,2025-09-28T15:40:00Z,REPLAY,predicted,I001:mass_transport:0,I001,mass_transport,w-pc-11,5,No unit able to provide mass transport could reach this ward within 45 minutes without pulling a unit off a higher-severity ward.
280.0,2025-09-28T15:40:00Z,REPLAY,predicted,I001:mass_transport:1,I001,mass_transport,w-pc-11,5,No unit able to provide mass transport could reach this ward within 45 minutes without pulling a unit off a higher-severity ward.
280.0,2025-09-28T15:40:00Z,REPLAY,predicted,I001:mass_transport:2,I001,mass_transport,w-pc-11,5,No unit able to provide mass transport could reach this ward within 45 minutes without pulling a unit off a higher-severity ward.
280.0,2025-09-28T15:40:00Z,REPLAY,predicted,I006:mass_transport:0,I006,mass_transport,w-pc-14,5,No unit able to provide mass transport could reach this ward within 45 minutes without pulling a unit off a higher-severity ward.
280.0,2025-09-28T15:40:00Z,REPLAY,predicted,I006:mass_transport:1,I006,mass_transport,w-pc-14,5,No unit able to provide mass transport could reach this ward within 45 minutes without pulling a unit off a higher-severity ward.
280.0,2025-09-28T15:40:00Z,REPLAY,predicted,I006:mass_transport:2,I006,mass_transport,w-pc-14,5,No unit able to provide mass transport could reach this ward within 45 minutes without pulling a unit off a higher-severity ward.
280.0,2025-09-28T15:40:00Z,REPLAY,predicted,I009:mass_transport:0,I009,mass_transport,w-pc-07,4,No unit able to provide mass transport could reach this ward within 45 minutes without pulling a unit off a higher-severity ward.
280.0,2025-09-28T15:40:00Z,REPLAY,predicted,I009:mass_transport:1,I009,mass_transport,w-pc-07,4,No unit able to provide mass transport could reach this ward within 45 minutes without pulling a unit off a higher-severity ward.
280.0,2025-09-28T15:40:00Z,REPLAY,predicted,I011:mass_transport:0,I011,mass_transport,w-pc-14,4,No unit able to provide mass transport could reach this ward within 45 minutes without pulling a unit off a higher-severity ward.
280.0,2025-09-28T15:40:00Z,REPLAY,predicted,I011:mass_transport:1,I011,mass_transport,w-pc-14,4,No unit able to provide mass transport could reach this ward within 45 minutes without pulling a unit off a higher-severity ward.
280.0,2025-09-28T15:40:00Z,REPLAY,predicted,I015:mass_transport:0,I015,mass_transport,w-pc-11,4,No unit able to provide mass transport could reach this ward within 45 minutes without pulling a unit off a higher-severity ward.
280.0,2025-09-28T15:40:00Z,REPLAY,predicted,I015:mass_transport:1,I015,mass_transport,w-pc-11,4,No unit able to provide mass transport could reach this ward within 45 minutes without pulling a unit off a higher-severity ward.
280.0,2025-09-28T15:40:00Z,REPLAY,predicted,I017:mass_transport:0,I017,mass_transport,w-pc-07,5,No unit able to provide mass transport could reach this ward within 45 minutes without pulling a unit off a higher-severity ward.
280.0,2025-09-28T15:40:00Z,REPLAY,predicted,I017:mass_transport:1,I017,mass_transport,w-pc-07,5,No unit able to provide mass transport could reach this ward within 45 minutes without pulling a unit off a higher-severity ward.
280.0,2025-09-28T15:40:00Z,REPLAY,predicted,I024:mass_transport:0,I024,mass_transport,w-pc-06,4,No unit able to provide mass transport could reach this ward within 45 minutes without pulling a unit off a higher-severity ward.
280.0,2025-09-28T15:40:00Z,REPLAY,predicted,I024:mass_transport:1,I024,mass_transport,w-pc-06,4,No unit able to provide mass transport could reach this ward within 45 minutes without pulling a unit off a higher-severity ward.
280.0,2025-09-28T15:40:00Z,REPLAY,predicted,I027:mass_transport:0,I027,mass_transport,w-pc-10,4,No unit able to provide mass transport could reach this ward within 45 minutes without pulling a unit off a higher-severity ward.
280.0,2025-09-28T15:40:00Z,REPLAY,predicted,I027:mass_transport:1,I027,mass_transport,w-pc-10,4,No unit able to provide mass transport could reach this ward within 45 minutes without pulling a unit off a higher-severity ward.
280.0,2025-09-28T15:40:00Z,REPLAY,predicted,I029:mass_transport:0,I029,mass_transport,w-pc-13,4,No unit able to provide mass transport could reach this ward within 45 minutes without pulling a unit off a higher-severity ward.
280.0,2025-09-28T15:40:00Z,REPLAY,predicted,I030:mass_transport:0,I030,mass_transport,w-pc-06,4,No unit able to provide mass transport could reach this ward within 45 minutes without pulling a unit off a higher-severity ward.
280.0,2025-09-28T15:40:00Z,REPLAY,predicted,I030:mass_transport:1,I030,mass_transport,w-pc-06,4,No unit able to provide mass transport could reach this ward within 45 minutes without pulling a unit off a higher-severity ward.
280.0,2025-09-28T15:40:00Z,REPLAY,predicted,I036:mass_transport:0,I036,mass_transport,w-pc-11,5,No unit able to provide mass transport could reach this ward within 45 minutes without pulling a unit off a higher-severity ward.
280.0,2025-09-28T15:40:00Z,REPLAY,predicted,I036:mass_transport:1,I036,mass_transport,w-pc-11,5,No unit able to provide mass transport could reach this ward within 45 minutes without pulling a unit off a higher-severity ward.
280.0,2025-09-28T15:40:00Z,REPLAY,predicted,I036:mass_transport:2,I036,mass_transport,w-pc-11,5,No unit able to provide mass transport could reach this ward within 45 minutes without pulling a unit off a higher-severity ward.
280.0,2025-09-28T15:40:00Z,REPLAY,predicted,I040:mass_transport:0,I040,mass_transport,w-pc-13,4,No unit able to provide mass transport could reach this ward within 45 minutes without pulling a unit off a higher-severity ward.
280.0,2025-09-28T15:40:00Z,REPLAY,predicted,I043:mass_transport:0,I043,mass_transport,w-pc-02,4,No unit able to provide mass transport could reach this ward within 45 minutes without pulling a unit off a higher-severity ward.
280.0,2025-09-28T15:40:00Z,REPLAY,predicted,I043:mass_transport:1,I043,mass_transport,w-pc-02,4,No unit able to provide mass transport could reach this ward within 45 minutes without pulling a unit off a higher-severity ward.
280.0,2025-09-28T15:40:00Z,REPLAY,predicted,I047:mass_transport:0,I047,mass_transport,w-pc-11,5,No unit able to provide mass transport could reach this ward within 45 minutes without pulling a unit off a higher-severity ward.
280.0,2025-09-28T15:40:00Z,REPLAY,predicted,I047:mass_transport:1,I047,mass_transport,w-pc-11,5,No unit able to provide mass transport could reach this ward within 45 minutes without pulling a unit off a higher-severity ward.
280.0,2025-09-28T15:40:00Z,REPLAY,predicted,I047:mass_transport:2,I047,mass_transport,w-pc-11,5,No unit able to provide mass transport could reach this ward within 45 minutes without pulling a unit off a higher-severity ward.
280.0,2025-09-28T15:40:00Z,REPLAY,predicted,I049:mass_transport:0,I049,mass_transport,w-pc-07,5,No unit able to provide mass transport could reach this ward within 45 minutes without pulling a unit off a higher-severity ward.
280.0,2025-09-28T15:40:00Z,REPLAY,predicted,I049:mass_transport:1,I049,mass_transport,w-pc-07,5,No unit able to provide mass transport could reach this ward within 45 minutes without pulling a unit off a higher-severity ward.
280.0,2025-09-28T15:40:00Z,REPLAY,predicted,I049:mass_transport:2,I049,mass_transport,w-pc-07,5,No unit able to provide mass transport could reach this ward within 45 minutes without pulling a unit off a higher-severity ward.
280.0,2025-09-28T15:40:00Z,REPLAY,predicted,I055:mass_transport:0,I055,mass_transport,w-pc-10,5,No unit able to provide mass transport could reach this ward within 45 minutes without pulling a unit off a higher-severity ward.
280.0,2025-09-28T15:40:00Z,REPLAY,predicted,I055:mass_transport:1,I055,mass_transport,w-pc-10,5,No unit able to provide mass transport could reach this ward within 45 minutes without pulling a unit off a higher-severity ward.
280.0,2025-09-28T15:40:00Z,REPLAY,predicted,I055:mass_transport:2,I055,mass_transport,w-pc-10,5,No unit able to provide mass transport could reach this ward within 45 minutes without pulling a unit off a higher-severity ward.
280.0,2025-09-28T15:40:00Z,REPLAY,predicted,I060:field_assessment:0,I060,field_assessment,w-pc-08,2,No unit able to provide field assessment could reach this ward within 45 minutes without pulling a unit off a higher-severity ward.
290.0,2025-09-28T15:50:00Z,REPLAY,predicted,I001:mass_transport:0,I001,mass_transport,w-pc-11,5,No unit able to provide mass transport could reach this ward within 45 minutes without pulling a unit off a higher-severity ward.
290.0,2025-09-28T15:50:00Z,REPLAY,predicted,I001:mass_transport:1,I001,mass_transport,w-pc-11,5,No unit able to provide mass transport could reach this ward within 45 minutes without pulling a unit off a higher-severity ward.
290.0,2025-09-28T15:50:00Z,REPLAY,predicted,I001:mass_transport:2,I001,mass_transport,w-pc-11,5,No unit able to provide mass transport could reach this ward within 45 minutes without pulling a unit off a higher-severity ward.
290.0,2025-09-28T15:50:00Z,REPLAY,predicted,I006:mass_transport:0,I006,mass_transport,w-pc-14,5,No unit able to provide mass transport could reach this ward within 45 minutes without pulling a unit off a higher-severity ward.
290.0,2025-09-28T15:50:00Z,REPLAY,predicted,I006:mass_transport:1,I006,mass_transport,w-pc-14,5,No unit able to provide mass transport could reach this ward within 45 minutes without pulling a unit off a higher-severity ward.
290.0,2025-09-28T15:50:00Z,REPLAY,predicted,I006:mass_transport:2,I006,mass_transport,w-pc-14,5,No unit able to provide mass transport could reach this ward within 45 minutes without pulling a unit off a higher-severity ward.
290.0,2025-09-28T15:50:00Z,REPLAY,predicted,I009:mass_transport:0,I009,mass_transport,w-pc-07,4,No unit able to provide mass transport could reach this ward within 45 minutes without pulling a unit off a higher-severity ward.
290.0,2025-09-28T15:50:00Z,REPLAY,predicted,I009:mass_transport:1,I009,mass_transport,w-pc-07,4,No unit able to provide mass transport could reach this ward within 45 minutes without pulling a unit off a higher-severity ward.
290.0,2025-09-28T15:50:00Z,REPLAY,predicted,I011:mass_transport:0,I011,mass_transport,w-pc-14,4,No unit able to provide mass transport could reach this ward within 45 minutes without pulling a unit off a higher-severity ward.
290.0,2025-09-28T15:50:00Z,REPLAY,predicted,I011:mass_transport:1,I011,mass_transport,w-pc-14,4,No unit able to provide mass transport could reach this ward within 45 minutes without pulling a unit off a higher-severity ward.
290.0,2025-09-28T15:50:00Z,REPLAY,predicted,I015:mass_transport:0,I015,mass_transport,w-pc-11,4,No unit able to provide mass transport could reach this ward within 45 minutes without pulling a unit off a higher-severity ward.
290.0,2025-09-28T15:50:00Z,REPLAY,predicted,I015:mass_transport:1,I015,mass_transport,w-pc-11,4,No unit able to provide mass transport could reach this ward within 45 minutes without pulling a unit off a higher-severity ward.
290.0,2025-09-28T15:50:00Z,REPLAY,predicted,I017:mass_transport:0,I017,mass_transport,w-pc-07,5,No unit able to provide mass transport could reach this ward within 45 minutes without pulling a unit off a higher-severity ward.
290.0,2025-09-28T15:50:00Z,REPLAY,predicted,I017:mass_transport:1,I017,mass_transport,w-pc-07,5,No unit able to provide mass transport could reach this ward within 45 minutes without pulling a unit off a higher-severity ward.
290.0,2025-09-28T15:50:00Z,REPLAY,predicted,I024:mass_transport:0,I024,mass_transport,w-pc-06,4,No unit able to provide mass transport could reach this ward within 45 minutes without pulling a unit off a higher-severity ward.
290.0,2025-09-28T15:50:00Z,REPLAY,predicted,I024:mass_transport:1,I024,mass_transport,w-pc-06,4,No unit able to provide mass transport could reach this ward within 45 minutes without pulling a unit off a higher-severity ward.
290.0,2025-09-28T15:50:00Z,REPLAY,predicted,I027:mass_transport:0,I027,mass_transport,w-pc-10,4,No unit able to provide mass transport could reach this ward within 45 minutes without pulling a unit off a higher-severity ward.
290.0,2025-09-28T15:50:00Z,REPLAY,predicted,I027:mass_transport:1,I027,mass_transport,w-pc-10,4,No unit able to provide mass transport could reach this ward within 45 minutes without pulling a unit off a higher-severity ward.
290.0,2025-09-28T15:50:00Z,REPLAY,predicted,I029:mass_transport:0,I029,mass_transport,w-pc-13,4,No unit able to provide mass transport could reach this ward within 45 minutes without pulling a unit off a higher-severity ward.
290.0,2025-09-28T15:50:00Z,REPLAY,predicted,I030:mass_transport:0,I030,mass_transport,w-pc-06,4,No unit able to provide mass transport could reach this ward within 45 minutes without pulling a unit off a higher-severity ward.
290.0,2025-09-28T15:50:00Z,REPLAY,predicted,I030:mass_transport:1,I030,mass_transport,w-pc-06,4,No unit able to provide mass transport could reach this ward within 45 minutes without pulling a unit off a higher-severity ward.
290.0,2025-09-28T15:50:00Z,REPLAY,predicted,I036:mass_transport:0,I036,mass_transport,w-pc-11,5,No unit able to provide mass transport could reach this ward within 45 minutes without pulling a unit off a higher-severity ward.
290.0,2025-09-28T15:50:00Z,REPLAY,predicted,I036:mass_transport:1,I036,mass_transport,w-pc-11,5,No unit able to provide mass transport could reach this ward within 45 minutes without pulling a unit off a higher-severity ward.
290.0,2025-09-28T15:50:00Z,REPLAY,predicted,I036:mass_transport:2,I036,mass_transport,w-pc-11,5,No unit able to provide mass transport could reach this ward within 45 minutes without pulling a unit off a higher-severity ward.
290.0,2025-09-28T15:50:00Z,REPLAY,predicted,I040:mass_transport:0,I040,mass_transport,w-pc-13,4,No unit able to provide mass transport could reach this ward within 45 minutes without pulling a unit off a higher-severity ward.
290.0,2025-09-28T15:50:00Z,REPLAY,predicted,I043:mass_transport:0,I043,mass_transport,w-pc-02,4,No unit able to provide mass transport could reach this ward within 45 minutes without pulling a unit off a higher-severity ward.
290.0,2025-09-28T15:50:00Z,REPLAY,predicted,I043:mass_transport:1,I043,mass_transport,w-pc-02,4,No unit able to provide mass transport could reach this ward within 45 minutes without pulling a unit off a higher-severity ward.
290.0,2025-09-28T15:50:00Z,REPLAY,predicted,I047:mass_transport:0,I047,mass_transport,w-pc-11,5,No unit able to provide mass transport could reach this ward within 45 minutes without pulling a unit off a higher-severity ward.
290.0,2025-09-28T15:50:00Z,REPLAY,predicted,I047:mass_transport:1,I047,mass_transport,w-pc-11,5,No unit able to provide mass transport could reach this ward within 45 minutes without pulling a unit off a higher-severity ward.
290.0,2025-09-28T15:50:00Z,REPLAY,predicted,I047:mass_transport:2,I047,mass_transport,w-pc-11,5,No unit able to provide mass transport could reach this ward within 45 minutes without pulling a unit off a higher-severity ward.
290.0,2025-09-28T15:50:00Z,REPLAY,predicted,I049:mass_transport:0,I049,mass_transport,w-pc-07,5,No unit able to provide mass transport could reach this ward within 45 minutes without pulling a unit off a higher-severity ward.
290.0,2025-09-28T15:50:00Z,REPLAY,predicted,I049:mass_transport:1,I049,mass_transport,w-pc-07,5,No unit able to provide mass transport could reach this ward within 45 minutes without pulling a unit off a higher-severity ward.
290.0,2025-09-28T15:50:00Z,REPLAY,predicted,I049:mass_transport:2,I049,mass_transport,w-pc-07,5,No unit able to provide mass transport could reach this ward within 45 minutes without pulling a unit off a higher-severity ward.
290.0,2025-09-28T15:50:00Z,REPLAY,predicted,I055:mass_transport:0,I055,mass_transport,w-pc-10,5,No unit able to provide mass transport could reach this ward within 45 minutes without pulling a unit off a higher-severity ward.
290.0,2025-09-28T15:50:00Z,REPLAY,predicted,I055:mass_transport:1,I055,mass_transport,w-pc-10,5,No unit able to provide mass transport could reach this ward within 45 minutes without pulling a unit off a higher-severity ward.
290.0,2025-09-28T15:50:00Z,REPLAY,predicted,I055:mass_transport:2,I055,mass_transport,w-pc-10,5,No unit able to provide mass transport could reach this ward within 45 minutes without pulling a unit off a higher-severity ward.
290.0,2025-09-28T15:50:00Z,REPLAY,predicted,I058:mass_transport:0,I058,mass_transport,w-pc-02,4,No unit able to provide mass transport could reach this ward within 45 minutes without pulling a unit off a higher-severity ward.
290.0,2025-09-28T15:50:00Z,REPLAY,predicted,I058:mass_transport:1,I058,mass_transport,w-pc-02,4,No unit able to provide mass transport could reach this ward within 45 minutes without pulling a unit off a higher-severity ward.
290.0,2025-09-28T15:50:00Z,REPLAY,predicted,I062:water_rescue:0,I062,water_rescue,w-pc-11,5,No unit able to provide water rescue could reach this ward within 45 minutes without pulling a unit off a higher-severity ward.
290.0,2025-09-28T15:50:00Z,REPLAY,predicted,I062:mass_transport:0,I062,mass_transport,w-pc-11,5,No unit able to provide mass transport could reach this ward within 45 minutes without pulling a unit off a higher-severity ward.
290.0,2025-09-28T15:50:00Z,REPLAY,predicted,I062:mass_transport:1,I062,mass_transport,w-pc-11,5,No unit able to provide mass transport could reach this ward within 45 minutes without pulling a unit off a higher-severity ward.
290.0,2025-09-28T15:50:00Z,REPLAY,predicted,I062:mass_transport:2,I062,mass_transport,w-pc-11,5,No unit able to provide mass transport could reach this ward within 45 minutes without pulling a unit off a higher-severity ward.
290.0,2025-09-28T15:50:00Z,REPLAY,predicted,I063:mass_transport:0,I063,mass_transport,w-pc-10,4,No unit able to provide mass transport could reach this ward within 45 minutes without pulling a unit off a higher-severity ward.
290.0,2025-09-28T15:50:00Z,REPLAY,predicted,I063:mass_transport:1,I063,mass_transport,w-pc-10,4,No unit able to provide mass transport could reach this ward within 45 minutes without pulling a unit off a higher-severity ward.
290.0,2025-09-28T15:50:00Z,REPLAY,predicted,I063:dewatering:0,I063,dewatering,w-pc-10,4,No unit able to provide dewatering could reach this ward within 45 minutes without pulling a unit off a higher-severity ward.
290.0,2025-09-28T15:50:00Z,REPLAY,predicted,I064:field_assessment:0,I064,field_assessment,w-pc-13,2,No unit able to provide field assessment could reach this ward within 45 minutes without pulling a unit off a higher-severity ward.
290.0,2025-09-28T15:50:00Z,REPLAY,predicted,I066:field_assessment:0,I066,field_assessment,w-pc-11,2,No unit able to provide field assessment could reach this ward within 45 minutes without pulling a unit off a higher-severity ward.
300.0,2025-09-28T16:00:00Z,REPLAY,predicted,I001:mass_transport:0,I001,mass_transport,w-pc-11,5,No unit able to provide mass transport could reach this ward within 45 minutes without pulling a unit off a higher-severity ward.
300.0,2025-09-28T16:00:00Z,REPLAY,predicted,I001:mass_transport:1,I001,mass_transport,w-pc-11,5,No unit able to provide mass transport could reach this ward within 45 minutes without pulling a unit off a higher-severity ward.
300.0,2025-09-28T16:00:00Z,REPLAY,predicted,I001:mass_transport:2,I001,mass_transport,w-pc-11,5,No unit able to provide mass transport could reach this ward within 45 minutes without pulling a unit off a higher-severity ward.
300.0,2025-09-28T16:00:00Z,REPLAY,predicted,I006:mass_transport:0,I006,mass_transport,w-pc-14,5,No unit able to provide mass transport could reach this ward within 45 minutes without pulling a unit off a higher-severity ward.
300.0,2025-09-28T16:00:00Z,REPLAY,predicted,I006:mass_transport:1,I006,mass_transport,w-pc-14,5,No unit able to provide mass transport could reach this ward within 45 minutes without pulling a unit off a higher-severity ward.
300.0,2025-09-28T16:00:00Z,REPLAY,predicted,I006:mass_transport:2,I006,mass_transport,w-pc-14,5,No unit able to provide mass transport could reach this ward within 45 minutes without pulling a unit off a higher-severity ward.
300.0,2025-09-28T16:00:00Z,REPLAY,predicted,I009:mass_transport:0,I009,mass_transport,w-pc-07,4,No unit able to provide mass transport could reach this ward within 45 minutes without pulling a unit off a higher-severity ward.
300.0,2025-09-28T16:00:00Z,REPLAY,predicted,I009:mass_transport:1,I009,mass_transport,w-pc-07,4,No unit able to provide mass transport could reach this ward within 45 minutes without pulling a unit off a higher-severity ward.
300.0,2025-09-28T16:00:00Z,REPLAY,predicted,I011:mass_transport:0,I011,mass_transport,w-pc-14,4,No unit able to provide mass transport could reach this ward within 45 minutes without pulling a unit off a higher-severity ward.
300.0,2025-09-28T16:00:00Z,REPLAY,predicted,I011:mass_transport:1,I011,mass_transport,w-pc-14,4,No unit able to provide mass transport could reach this ward within 45 minutes without pulling a unit off a higher-severity ward.
300.0,2025-09-28T16:00:00Z,REPLAY,predicted,I015:mass_transport:0,I015,mass_transport,w-pc-11,4,No unit able to provide mass transport could reach this ward within 45 minutes without pulling a unit off a higher-severity ward.
300.0,2025-09-28T16:00:00Z,REPLAY,predicted,I015:mass_transport:1,I015,mass_transport,w-pc-11,4,No unit able to provide mass transport could reach this ward within 45 minutes without pulling a unit off a higher-severity ward.
300.0,2025-09-28T16:00:00Z,REPLAY,predicted,I017:mass_transport:0,I017,mass_transport,w-pc-07,5,No unit able to provide mass transport could reach this ward within 45 minutes without pulling a unit off a higher-severity ward.
300.0,2025-09-28T16:00:00Z,REPLAY,predicted,I017:mass_transport:1,I017,mass_transport,w-pc-07,5,No unit able to provide mass transport could reach this ward within 45 minutes without pulling a unit off a higher-severity ward.
300.0,2025-09-28T16:00:00Z,REPLAY,predicted,I024:mass_transport:0,I024,mass_transport,w-pc-06,4,No unit able to provide mass transport could reach this ward within 45 minutes without pulling a unit off a higher-severity ward.
300.0,2025-09-28T16:00:00Z,REPLAY,predicted,I024:mass_transport:1,I024,mass_transport,w-pc-06,4,No unit able to provide mass transport could reach this ward within 45 minutes without pulling a unit off a higher-severity ward.
300.0,2025-09-28T16:00:00Z,REPLAY,predicted,I027:mass_transport:0,I027,mass_transport,w-pc-10,4,No unit able to provide mass transport could reach this ward within 45 minutes without pulling a unit off a higher-severity ward.
300.0,2025-09-28T16:00:00Z,REPLAY,predicted,I027:mass_transport:1,I027,mass_transport,w-pc-10,4,No unit able to provide mass transport could reach this ward within 45 minutes without pulling a unit off a higher-severity ward.
300.0,2025-09-28T16:00:00Z,REPLAY,predicted,I029:mass_transport:0,I029,mass_transport,w-pc-13,4,No unit able to provide mass transport could reach this ward within 45 minutes without pulling a unit off a higher-severity ward.
300.0,2025-09-28T16:00:00Z,REPLAY,predicted,I030:mass_transport:0,I030,mass_transport,w-pc-06,4,No unit able to provide mass transport could reach this ward within 45 minutes without pulling a unit off a higher-severity ward.
300.0,2025-09-28T16:00:00Z,REPLAY,predicted,I030:mass_transport:1,I030,mass_transport,w-pc-06,4,No unit able to provide mass transport could reach this ward within 45 minutes without pulling a unit off a higher-severity ward.
300.0,2025-09-28T16:00:00Z,REPLAY,predicted,I036:mass_transport:0,I036,mass_transport,w-pc-11,5,No unit able to provide mass transport could reach this ward within 45 minutes without pulling a unit off a higher-severity ward.
300.0,2025-09-28T16:00:00Z,REPLAY,predicted,I036:mass_transport:1,I036,mass_transport,w-pc-11,5,No unit able to provide mass transport could reach this ward within 45 minutes without pulling a unit off a higher-severity ward.
300.0,2025-09-28T16:00:00Z,REPLAY,predicted,I036:mass_transport:2,I036,mass_transport,w-pc-11,5,No unit able to provide mass transport could reach this ward within 45 minutes without pulling a unit off a higher-severity ward.
300.0,2025-09-28T16:00:00Z,REPLAY,predicted,I040:mass_transport:0,I040,mass_transport,w-pc-13,4,No unit able to provide mass transport could reach this ward within 45 minutes without pulling a unit off a higher-severity ward.
300.0,2025-09-28T16:00:00Z,REPLAY,predicted,I043:mass_transport:0,I043,mass_transport,w-pc-02,4,No unit able to provide mass transport could reach this ward within 45 minutes without pulling a unit off a higher-severity ward.
300.0,2025-09-28T16:00:00Z,REPLAY,predicted,I043:mass_transport:1,I043,mass_transport,w-pc-02,4,No unit able to provide mass transport could reach this ward within 45 minutes without pulling a unit off a higher-severity ward.
300.0,2025-09-28T16:00:00Z,REPLAY,predicted,I047:mass_transport:0,I047,mass_transport,w-pc-11,5,No unit able to provide mass transport could reach this ward within 45 minutes without pulling a unit off a higher-severity ward.
300.0,2025-09-28T16:00:00Z,REPLAY,predicted,I047:mass_transport:1,I047,mass_transport,w-pc-11,5,No unit able to provide mass transport could reach this ward within 45 minutes without pulling a unit off a higher-severity ward.
300.0,2025-09-28T16:00:00Z,REPLAY,predicted,I047:mass_transport:2,I047,mass_transport,w-pc-11,5,No unit able to provide mass transport could reach this ward within 45 minutes without pulling a unit off a higher-severity ward.
300.0,2025-09-28T16:00:00Z,REPLAY,predicted,I049:mass_transport:0,I049,mass_transport,w-pc-07,5,No unit able to provide mass transport could reach this ward within 45 minutes without pulling a unit off a higher-severity ward.
300.0,2025-09-28T16:00:00Z,REPLAY,predicted,I049:mass_transport:1,I049,mass_transport,w-pc-07,5,No unit able to provide mass transport could reach this ward within 45 minutes without pulling a unit off a higher-severity ward.
300.0,2025-09-28T16:00:00Z,REPLAY,predicted,I049:mass_transport:2,I049,mass_transport,w-pc-07,5,No unit able to provide mass transport could reach this ward within 45 minutes without pulling a unit off a higher-severity ward.
300.0,2025-09-28T16:00:00Z,REPLAY,predicted,I055:mass_transport:0,I055,mass_transport,w-pc-10,5,No unit able to provide mass transport could reach this ward within 45 minutes without pulling a unit off a higher-severity ward.
300.0,2025-09-28T16:00:00Z,REPLAY,predicted,I055:mass_transport:1,I055,mass_transport,w-pc-10,5,No unit able to provide mass transport could reach this ward within 45 minutes without pulling a unit off a higher-severity ward.
300.0,2025-09-28T16:00:00Z,REPLAY,predicted,I055:mass_transport:2,I055,mass_transport,w-pc-10,5,No unit able to provide mass transport could reach this ward within 45 minutes without pulling a unit off a higher-severity ward.
300.0,2025-09-28T16:00:00Z,REPLAY,predicted,I058:mass_transport:0,I058,mass_transport,w-pc-02,4,No unit able to provide mass transport could reach this ward within 45 minutes without pulling a unit off a higher-severity ward.
300.0,2025-09-28T16:00:00Z,REPLAY,predicted,I058:mass_transport:1,I058,mass_transport,w-pc-02,4,No unit able to provide mass transport could reach this ward within 45 minutes without pulling a unit off a higher-severity ward.
300.0,2025-09-28T16:00:00Z,REPLAY,predicted,I061:mass_transport:0,I061,mass_transport,w-pc-06,5,No unit able to provide mass transport could reach this ward within 45 minutes without pulling a unit off a higher-severity ward.
300.0,2025-09-28T16:00:00Z,REPLAY,predicted,I061:mass_transport:1,I061,mass_transport,w-pc-06,5,No unit able to provide mass transport could reach this ward within 45 minutes without pulling a unit off a higher-severity ward.
300.0,2025-09-28T16:00:00Z,REPLAY,predicted,I061:mass_transport:2,I061,mass_transport,w-pc-06,5,No unit able to provide mass transport could reach this ward within 45 minutes without pulling a unit off a higher-severity ward.
300.0,2025-09-28T16:00:00Z,REPLAY,predicted,I062:mass_transport:0,I062,mass_transport,w-pc-11,5,No unit able to provide mass transport could reach this ward within 45 minutes without pulling a unit off a higher-severity ward.
300.0,2025-09-28T16:00:00Z,REPLAY,predicted,I062:mass_transport:1,I062,mass_transport,w-pc-11,5,No unit able to provide mass transport could reach this ward within 45 minutes without pulling a unit off a higher-severity ward.
300.0,2025-09-28T16:00:00Z,REPLAY,predicted,I062:mass_transport:2,I062,mass_transport,w-pc-11,5,No unit able to provide mass transport could reach this ward within 45 minutes without pulling a unit off a higher-severity ward.
300.0,2025-09-28T16:00:00Z,REPLAY,predicted,I063:mass_transport:0,I063,mass_transport,w-pc-10,4,No unit able to provide mass transport could reach this ward within 45 minutes without pulling a unit off a higher-severity ward.
300.0,2025-09-28T16:00:00Z,REPLAY,predicted,I063:mass_transport:1,I063,mass_transport,w-pc-10,4,No unit able to provide mass transport could reach this ward within 45 minutes without pulling a unit off a higher-severity ward.
300.0,2025-09-28T16:00:00Z,REPLAY,predicted,I065:water_rescue:0,I065,water_rescue,w-pc-11,5,No unit able to provide water rescue could reach this ward within 45 minutes without pulling a unit off a higher-severity ward.
300.0,2025-09-28T16:00:00Z,REPLAY,predicted,I065:mass_transport:0,I065,mass_transport,w-pc-11,5,No unit able to provide mass transport could reach this ward within 45 minutes without pulling a unit off a higher-severity ward.
300.0,2025-09-28T16:00:00Z,REPLAY,predicted,I065:mass_transport:1,I065,mass_transport,w-pc-11,5,No unit able to provide mass transport could reach this ward within 45 minutes without pulling a unit off a higher-severity ward.
300.0,2025-09-28T16:00:00Z,REPLAY,predicted,I065:mass_transport:2,I065,mass_transport,w-pc-11,5,No unit able to provide mass transport could reach this ward within 45 minutes without pulling a unit off a higher-severity ward.
300.0,2025-09-28T16:00:00Z,REPLAY,predicted,I066:field_assessment:0,I066,field_assessment,w-pc-11,2,No unit able to provide field assessment could reach this ward within 45 minutes without pulling a unit off a higher-severity ward.
300.0,2025-09-28T16:00:00Z,REPLAY,predicted,I067:field_assessment:0,I067,field_assessment,w-pc-10,2,No unit able to provide field assessment could reach this ward within 45 minutes without pulling a unit off a higher-severity ward.
300.0,2025-09-28T16:00:00Z,REPLAY,predicted,I068:field_assessment:0,I068,field_assessment,w-pc-14,2,No unit able to provide field assessment could reach this ward within 45 minutes without pulling a unit off a higher-severity ward.
310.0,2025-09-28T16:10:00Z,REPLAY,predicted,I001:mass_transport:0,I001,mass_transport,w-pc-11,5,No unit able to provide mass transport could reach this ward within 45 minutes without pulling a unit off a higher-severity ward.
310.0,2025-09-28T16:10:00Z,REPLAY,predicted,I001:mass_transport:1,I001,mass_transport,w-pc-11,5,No unit able to provide mass transport could reach this ward within 45 minutes without pulling a unit off a higher-severity ward.
310.0,2025-09-28T16:10:00Z,REPLAY,predicted,I001:mass_transport:2,I001,mass_transport,w-pc-11,5,No unit able to provide mass transport could reach this ward within 45 minutes without pulling a unit off a higher-severity ward.
310.0,2025-09-28T16:10:00Z,REPLAY,predicted,I006:mass_transport:0,I006,mass_transport,w-pc-14,5,No unit able to provide mass transport could reach this ward within 45 minutes without pulling a unit off a higher-severity ward.
310.0,2025-09-28T16:10:00Z,REPLAY,predicted,I006:mass_transport:1,I006,mass_transport,w-pc-14,5,No unit able to provide mass transport could reach this ward within 45 minutes without pulling a unit off a higher-severity ward.
310.0,2025-09-28T16:10:00Z,REPLAY,predicted,I006:mass_transport:2,I006,mass_transport,w-pc-14,5,No unit able to provide mass transport could reach this ward within 45 minutes without pulling a unit off a higher-severity ward.
310.0,2025-09-28T16:10:00Z,REPLAY,predicted,I009:mass_transport:0,I009,mass_transport,w-pc-07,4,No unit able to provide mass transport could reach this ward within 45 minutes without pulling a unit off a higher-severity ward.
310.0,2025-09-28T16:10:00Z,REPLAY,predicted,I009:mass_transport:1,I009,mass_transport,w-pc-07,4,No unit able to provide mass transport could reach this ward within 45 minutes without pulling a unit off a higher-severity ward.
310.0,2025-09-28T16:10:00Z,REPLAY,predicted,I011:mass_transport:0,I011,mass_transport,w-pc-14,4,No unit able to provide mass transport could reach this ward within 45 minutes without pulling a unit off a higher-severity ward.
310.0,2025-09-28T16:10:00Z,REPLAY,predicted,I011:mass_transport:1,I011,mass_transport,w-pc-14,4,No unit able to provide mass transport could reach this ward within 45 minutes without pulling a unit off a higher-severity ward.
310.0,2025-09-28T16:10:00Z,REPLAY,predicted,I015:mass_transport:0,I015,mass_transport,w-pc-11,4,No unit able to provide mass transport could reach this ward within 45 minutes without pulling a unit off a higher-severity ward.
310.0,2025-09-28T16:10:00Z,REPLAY,predicted,I015:mass_transport:1,I015,mass_transport,w-pc-11,4,No unit able to provide mass transport could reach this ward within 45 minutes without pulling a unit off a higher-severity ward.
310.0,2025-09-28T16:10:00Z,REPLAY,predicted,I017:mass_transport:0,I017,mass_transport,w-pc-07,5,No unit able to provide mass transport could reach this ward within 45 minutes without pulling a unit off a higher-severity ward.
310.0,2025-09-28T16:10:00Z,REPLAY,predicted,I017:mass_transport:1,I017,mass_transport,w-pc-07,5,No unit able to provide mass transport could reach this ward within 45 minutes without pulling a unit off a higher-severity ward.
310.0,2025-09-28T16:10:00Z,REPLAY,predicted,I024:mass_transport:0,I024,mass_transport,w-pc-06,4,No unit able to provide mass transport could reach this ward within 45 minutes without pulling a unit off a higher-severity ward.
310.0,2025-09-28T16:10:00Z,REPLAY,predicted,I024:mass_transport:1,I024,mass_transport,w-pc-06,4,No unit able to provide mass transport could reach this ward within 45 minutes without pulling a unit off a higher-severity ward.
310.0,2025-09-28T16:10:00Z,REPLAY,predicted,I027:mass_transport:0,I027,mass_transport,w-pc-10,4,No unit able to provide mass transport could reach this ward within 45 minutes without pulling a unit off a higher-severity ward.
310.0,2025-09-28T16:10:00Z,REPLAY,predicted,I027:mass_transport:1,I027,mass_transport,w-pc-10,4,No unit able to provide mass transport could reach this ward within 45 minutes without pulling a unit off a higher-severity ward.
310.0,2025-09-28T16:10:00Z,REPLAY,predicted,I029:mass_transport:0,I029,mass_transport,w-pc-13,4,No unit able to provide mass transport could reach this ward within 45 minutes without pulling a unit off a higher-severity ward.
310.0,2025-09-28T16:10:00Z,REPLAY,predicted,I030:mass_transport:0,I030,mass_transport,w-pc-06,4,No unit able to provide mass transport could reach this ward within 45 minutes without pulling a unit off a higher-severity ward.
310.0,2025-09-28T16:10:00Z,REPLAY,predicted,I030:mass_transport:1,I030,mass_transport,w-pc-06,4,No unit able to provide mass transport could reach this ward within 45 minutes without pulling a unit off a higher-severity ward.
310.0,2025-09-28T16:10:00Z,REPLAY,predicted,I036:mass_transport:0,I036,mass_transport,w-pc-11,5,No unit able to provide mass transport could reach this ward within 45 minutes without pulling a unit off a higher-severity ward.
310.0,2025-09-28T16:10:00Z,REPLAY,predicted,I036:mass_transport:1,I036,mass_transport,w-pc-11,5,No unit able to provide mass transport could reach this ward within 45 minutes without pulling a unit off a higher-severity ward.
310.0,2025-09-28T16:10:00Z,REPLAY,predicted,I036:mass_transport:2,I036,mass_transport,w-pc-11,5,No unit able to provide mass transport could reach this ward within 45 minutes without pulling a unit off a higher-severity ward.
310.0,2025-09-28T16:10:00Z,REPLAY,predicted,I040:mass_transport:0,I040,mass_transport,w-pc-13,4,No unit able to provide mass transport could reach this ward within 45 minutes without pulling a unit off a higher-severity ward.
310.0,2025-09-28T16:10:00Z,REPLAY,predicted,I043:mass_transport:0,I043,mass_transport,w-pc-02,4,No unit able to provide mass transport could reach this ward within 45 minutes without pulling a unit off a higher-severity ward.
310.0,2025-09-28T16:10:00Z,REPLAY,predicted,I043:mass_transport:1,I043,mass_transport,w-pc-02,4,No unit able to provide mass transport could reach this ward within 45 minutes without pulling a unit off a higher-severity ward.
310.0,2025-09-28T16:10:00Z,REPLAY,predicted,I047:mass_transport:0,I047,mass_transport,w-pc-11,5,No unit able to provide mass transport could reach this ward within 45 minutes without pulling a unit off a higher-severity ward.
310.0,2025-09-28T16:10:00Z,REPLAY,predicted,I047:mass_transport:1,I047,mass_transport,w-pc-11,5,No unit able to provide mass transport could reach this ward within 45 minutes without pulling a unit off a higher-severity ward.
310.0,2025-09-28T16:10:00Z,REPLAY,predicted,I047:mass_transport:2,I047,mass_transport,w-pc-11,5,No unit able to provide mass transport could reach this ward within 45 minutes without pulling a unit off a higher-severity ward.
310.0,2025-09-28T16:10:00Z,REPLAY,predicted,I049:mass_transport:0,I049,mass_transport,w-pc-07,5,No unit able to provide mass transport could reach this ward within 45 minutes without pulling a unit off a higher-severity ward.
310.0,2025-09-28T16:10:00Z,REPLAY,predicted,I049:mass_transport:1,I049,mass_transport,w-pc-07,5,No unit able to provide mass transport could reach this ward within 45 minutes without pulling a unit off a higher-severity ward.
310.0,2025-09-28T16:10:00Z,REPLAY,predicted,I049:mass_transport:2,I049,mass_transport,w-pc-07,5,No unit able to provide mass transport could reach this ward within 45 minutes without pulling a unit off a higher-severity ward.
310.0,2025-09-28T16:10:00Z,REPLAY,predicted,I055:mass_transport:0,I055,mass_transport,w-pc-10,5,No unit able to provide mass transport could reach this ward within 45 minutes without pulling a unit off a higher-severity ward.
310.0,2025-09-28T16:10:00Z,REPLAY,predicted,I055:mass_transport:1,I055,mass_transport,w-pc-10,5,No unit able to provide mass transport could reach this ward within 45 minutes without pulling a unit off a higher-severity ward.
310.0,2025-09-28T16:10:00Z,REPLAY,predicted,I055:mass_transport:2,I055,mass_transport,w-pc-10,5,No unit able to provide mass transport could reach this ward within 45 minutes without pulling a unit off a higher-severity ward.
310.0,2025-09-28T16:10:00Z,REPLAY,predicted,I058:mass_transport:0,I058,mass_transport,w-pc-02,4,No unit able to provide mass transport could reach this ward within 45 minutes without pulling a unit off a higher-severity ward.
310.0,2025-09-28T16:10:00Z,REPLAY,predicted,I058:mass_transport:1,I058,mass_transport,w-pc-02,4,No unit able to provide mass transport could reach this ward within 45 minutes without pulling a unit off a higher-severity ward.
310.0,2025-09-28T16:10:00Z,REPLAY,predicted,I061:mass_transport:0,I061,mass_transport,w-pc-06,5,No unit able to provide mass transport could reach this ward within 45 minutes without pulling a unit off a higher-severity ward.
310.0,2025-09-28T16:10:00Z,REPLAY,predicted,I061:mass_transport:1,I061,mass_transport,w-pc-06,5,No unit able to provide mass transport could reach this ward within 45 minutes without pulling a unit off a higher-severity ward.
310.0,2025-09-28T16:10:00Z,REPLAY,predicted,I061:mass_transport:2,I061,mass_transport,w-pc-06,5,No unit able to provide mass transport could reach this ward within 45 minutes without pulling a unit off a higher-severity ward.
310.0,2025-09-28T16:10:00Z,REPLAY,predicted,I062:mass_transport:0,I062,mass_transport,w-pc-11,5,No unit able to provide mass transport could reach this ward within 45 minutes without pulling a unit off a higher-severity ward.
310.0,2025-09-28T16:10:00Z,REPLAY,predicted,I062:mass_transport:1,I062,mass_transport,w-pc-11,5,No unit able to provide mass transport could reach this ward within 45 minutes without pulling a unit off a higher-severity ward.
310.0,2025-09-28T16:10:00Z,REPLAY,predicted,I062:mass_transport:2,I062,mass_transport,w-pc-11,5,No unit able to provide mass transport could reach this ward within 45 minutes without pulling a unit off a higher-severity ward.
310.0,2025-09-28T16:10:00Z,REPLAY,predicted,I063:mass_transport:0,I063,mass_transport,w-pc-10,4,No unit able to provide mass transport could reach this ward within 45 minutes without pulling a unit off a higher-severity ward.
310.0,2025-09-28T16:10:00Z,REPLAY,predicted,I063:mass_transport:1,I063,mass_transport,w-pc-10,4,No unit able to provide mass transport could reach this ward within 45 minutes without pulling a unit off a higher-severity ward.
310.0,2025-09-28T16:10:00Z,REPLAY,predicted,I065:water_rescue:0,I065,water_rescue,w-pc-11,5,No unit able to provide water rescue could reach this ward within 45 minutes without pulling a unit off a higher-severity ward.
310.0,2025-09-28T16:10:00Z,REPLAY,predicted,I065:mass_transport:0,I065,mass_transport,w-pc-11,5,No unit able to provide mass transport could reach this ward within 45 minutes without pulling a unit off a higher-severity ward.
310.0,2025-09-28T16:10:00Z,REPLAY,predicted,I065:mass_transport:1,I065,mass_transport,w-pc-11,5,No unit able to provide mass transport could reach this ward within 45 minutes without pulling a unit off a higher-severity ward.
310.0,2025-09-28T16:10:00Z,REPLAY,predicted,I065:mass_transport:2,I065,mass_transport,w-pc-11,5,No unit able to provide mass transport could reach this ward within 45 minutes without pulling a unit off a higher-severity ward.
310.0,2025-09-28T16:10:00Z,REPLAY,predicted,I067:field_assessment:0,I067,field_assessment,w-pc-10,2,No unit able to provide field assessment could reach this ward within 45 minutes without pulling a unit off a higher-severity ward.
320.0,2025-09-28T16:20:00Z,REPLAY,predicted,I001:mass_transport:0,I001,mass_transport,w-pc-11,5,No unit able to provide mass transport could reach this ward within 45 minutes without pulling a unit off a higher-severity ward.
320.0,2025-09-28T16:20:00Z,REPLAY,predicted,I001:mass_transport:1,I001,mass_transport,w-pc-11,5,No unit able to provide mass transport could reach this ward within 45 minutes without pulling a unit off a higher-severity ward.
320.0,2025-09-28T16:20:00Z,REPLAY,predicted,I001:mass_transport:2,I001,mass_transport,w-pc-11,5,No unit able to provide mass transport could reach this ward within 45 minutes without pulling a unit off a higher-severity ward.
320.0,2025-09-28T16:20:00Z,REPLAY,predicted,I006:mass_transport:0,I006,mass_transport,w-pc-14,5,No unit able to provide mass transport could reach this ward within 45 minutes without pulling a unit off a higher-severity ward.
320.0,2025-09-28T16:20:00Z,REPLAY,predicted,I006:mass_transport:1,I006,mass_transport,w-pc-14,5,No unit able to provide mass transport could reach this ward within 45 minutes without pulling a unit off a higher-severity ward.
320.0,2025-09-28T16:20:00Z,REPLAY,predicted,I006:mass_transport:2,I006,mass_transport,w-pc-14,5,No unit able to provide mass transport could reach this ward within 45 minutes without pulling a unit off a higher-severity ward.
320.0,2025-09-28T16:20:00Z,REPLAY,predicted,I009:mass_transport:0,I009,mass_transport,w-pc-07,4,No unit able to provide mass transport could reach this ward within 45 minutes without pulling a unit off a higher-severity ward.
320.0,2025-09-28T16:20:00Z,REPLAY,predicted,I009:mass_transport:1,I009,mass_transport,w-pc-07,4,No unit able to provide mass transport could reach this ward within 45 minutes without pulling a unit off a higher-severity ward.
320.0,2025-09-28T16:20:00Z,REPLAY,predicted,I011:mass_transport:0,I011,mass_transport,w-pc-14,4,No unit able to provide mass transport could reach this ward within 45 minutes without pulling a unit off a higher-severity ward.
320.0,2025-09-28T16:20:00Z,REPLAY,predicted,I011:mass_transport:1,I011,mass_transport,w-pc-14,4,No unit able to provide mass transport could reach this ward within 45 minutes without pulling a unit off a higher-severity ward.
320.0,2025-09-28T16:20:00Z,REPLAY,predicted,I015:mass_transport:0,I015,mass_transport,w-pc-11,4,No unit able to provide mass transport could reach this ward within 45 minutes without pulling a unit off a higher-severity ward.
320.0,2025-09-28T16:20:00Z,REPLAY,predicted,I015:mass_transport:1,I015,mass_transport,w-pc-11,4,No unit able to provide mass transport could reach this ward within 45 minutes without pulling a unit off a higher-severity ward.
320.0,2025-09-28T16:20:00Z,REPLAY,predicted,I017:mass_transport:0,I017,mass_transport,w-pc-07,5,No unit able to provide mass transport could reach this ward within 45 minutes without pulling a unit off a higher-severity ward.
320.0,2025-09-28T16:20:00Z,REPLAY,predicted,I017:mass_transport:1,I017,mass_transport,w-pc-07,5,No unit able to provide mass transport could reach this ward within 45 minutes without pulling a unit off a higher-severity ward.
320.0,2025-09-28T16:20:00Z,REPLAY,predicted,I024:mass_transport:0,I024,mass_transport,w-pc-06,4,No unit able to provide mass transport could reach this ward within 45 minutes without pulling a unit off a higher-severity ward.
320.0,2025-09-28T16:20:00Z,REPLAY,predicted,I024:mass_transport:1,I024,mass_transport,w-pc-06,4,No unit able to provide mass transport could reach this ward within 45 minutes without pulling a unit off a higher-severity ward.
320.0,2025-09-28T16:20:00Z,REPLAY,predicted,I027:mass_transport:0,I027,mass_transport,w-pc-10,4,No unit able to provide mass transport could reach this ward within 45 minutes without pulling a unit off a higher-severity ward.
320.0,2025-09-28T16:20:00Z,REPLAY,predicted,I027:mass_transport:1,I027,mass_transport,w-pc-10,4,No unit able to provide mass transport could reach this ward within 45 minutes without pulling a unit off a higher-severity ward.
320.0,2025-09-28T16:20:00Z,REPLAY,predicted,I029:mass_transport:0,I029,mass_transport,w-pc-13,4,No unit able to provide mass transport could reach this ward within 45 minutes without pulling a unit off a higher-severity ward.
320.0,2025-09-28T16:20:00Z,REPLAY,predicted,I030:mass_transport:0,I030,mass_transport,w-pc-06,4,No unit able to provide mass transport could reach this ward within 45 minutes without pulling a unit off a higher-severity ward.
320.0,2025-09-28T16:20:00Z,REPLAY,predicted,I030:mass_transport:1,I030,mass_transport,w-pc-06,4,No unit able to provide mass transport could reach this ward within 45 minutes without pulling a unit off a higher-severity ward.
320.0,2025-09-28T16:20:00Z,REPLAY,predicted,I036:mass_transport:0,I036,mass_transport,w-pc-11,5,No unit able to provide mass transport could reach this ward within 45 minutes without pulling a unit off a higher-severity ward.
320.0,2025-09-28T16:20:00Z,REPLAY,predicted,I036:mass_transport:1,I036,mass_transport,w-pc-11,5,No unit able to provide mass transport could reach this ward within 45 minutes without pulling a unit off a higher-severity ward.
320.0,2025-09-28T16:20:00Z,REPLAY,predicted,I036:mass_transport:2,I036,mass_transport,w-pc-11,5,No unit able to provide mass transport could reach this ward within 45 minutes without pulling a unit off a higher-severity ward.
320.0,2025-09-28T16:20:00Z,REPLAY,predicted,I040:mass_transport:0,I040,mass_transport,w-pc-13,4,No unit able to provide mass transport could reach this ward within 45 minutes without pulling a unit off a higher-severity ward.
320.0,2025-09-28T16:20:00Z,REPLAY,predicted,I043:mass_transport:0,I043,mass_transport,w-pc-02,4,No unit able to provide mass transport could reach this ward within 45 minutes without pulling a unit off a higher-severity ward.
320.0,2025-09-28T16:20:00Z,REPLAY,predicted,I043:mass_transport:1,I043,mass_transport,w-pc-02,4,No unit able to provide mass transport could reach this ward within 45 minutes without pulling a unit off a higher-severity ward.
320.0,2025-09-28T16:20:00Z,REPLAY,predicted,I047:mass_transport:0,I047,mass_transport,w-pc-11,5,No unit able to provide mass transport could reach this ward within 45 minutes without pulling a unit off a higher-severity ward.
320.0,2025-09-28T16:20:00Z,REPLAY,predicted,I047:mass_transport:1,I047,mass_transport,w-pc-11,5,No unit able to provide mass transport could reach this ward within 45 minutes without pulling a unit off a higher-severity ward.
320.0,2025-09-28T16:20:00Z,REPLAY,predicted,I047:mass_transport:2,I047,mass_transport,w-pc-11,5,No unit able to provide mass transport could reach this ward within 45 minutes without pulling a unit off a higher-severity ward.
320.0,2025-09-28T16:20:00Z,REPLAY,predicted,I049:mass_transport:0,I049,mass_transport,w-pc-07,5,No unit able to provide mass transport could reach this ward within 45 minutes without pulling a unit off a higher-severity ward.
320.0,2025-09-28T16:20:00Z,REPLAY,predicted,I049:mass_transport:1,I049,mass_transport,w-pc-07,5,No unit able to provide mass transport could reach this ward within 45 minutes without pulling a unit off a higher-severity ward.
320.0,2025-09-28T16:20:00Z,REPLAY,predicted,I049:mass_transport:2,I049,mass_transport,w-pc-07,5,No unit able to provide mass transport could reach this ward within 45 minutes without pulling a unit off a higher-severity ward.
320.0,2025-09-28T16:20:00Z,REPLAY,predicted,I055:mass_transport:0,I055,mass_transport,w-pc-10,5,No unit able to provide mass transport could reach this ward within 45 minutes without pulling a unit off a higher-severity ward.
320.0,2025-09-28T16:20:00Z,REPLAY,predicted,I055:mass_transport:1,I055,mass_transport,w-pc-10,5,No unit able to provide mass transport could reach this ward within 45 minutes without pulling a unit off a higher-severity ward.
320.0,2025-09-28T16:20:00Z,REPLAY,predicted,I055:mass_transport:2,I055,mass_transport,w-pc-10,5,No unit able to provide mass transport could reach this ward within 45 minutes without pulling a unit off a higher-severity ward.
320.0,2025-09-28T16:20:00Z,REPLAY,predicted,I058:mass_transport:0,I058,mass_transport,w-pc-02,4,No unit able to provide mass transport could reach this ward within 45 minutes without pulling a unit off a higher-severity ward.
320.0,2025-09-28T16:20:00Z,REPLAY,predicted,I058:mass_transport:1,I058,mass_transport,w-pc-02,4,No unit able to provide mass transport could reach this ward within 45 minutes without pulling a unit off a higher-severity ward.
320.0,2025-09-28T16:20:00Z,REPLAY,predicted,I061:mass_transport:0,I061,mass_transport,w-pc-06,5,No unit able to provide mass transport could reach this ward within 45 minutes without pulling a unit off a higher-severity ward.
320.0,2025-09-28T16:20:00Z,REPLAY,predicted,I061:mass_transport:1,I061,mass_transport,w-pc-06,5,No unit able to provide mass transport could reach this ward within 45 minutes without pulling a unit off a higher-severity ward.
320.0,2025-09-28T16:20:00Z,REPLAY,predicted,I061:mass_transport:2,I061,mass_transport,w-pc-06,5,No unit able to provide mass transport could reach this ward within 45 minutes without pulling a unit off a higher-severity ward.
320.0,2025-09-28T16:20:00Z,REPLAY,predicted,I062:mass_transport:0,I062,mass_transport,w-pc-11,5,No unit able to provide mass transport could reach this ward within 45 minutes without pulling a unit off a higher-severity ward.
320.0,2025-09-28T16:20:00Z,REPLAY,predicted,I062:mass_transport:1,I062,mass_transport,w-pc-11,5,No unit able to provide mass transport could reach this ward within 45 minutes without pulling a unit off a higher-severity ward.
320.0,2025-09-28T16:20:00Z,REPLAY,predicted,I062:mass_transport:2,I062,mass_transport,w-pc-11,5,No unit able to provide mass transport could reach this ward within 45 minutes without pulling a unit off a higher-severity ward.
320.0,2025-09-28T16:20:00Z,REPLAY,predicted,I063:mass_transport:0,I063,mass_transport,w-pc-10,4,No unit able to provide mass transport could reach this ward within 45 minutes without pulling a unit off a higher-severity ward.
320.0,2025-09-28T16:20:00Z,REPLAY,predicted,I063:mass_transport:1,I063,mass_transport,w-pc-10,4,No unit able to provide mass transport could reach this ward within 45 minutes without pulling a unit off a higher-severity ward.
320.0,2025-09-28T16:20:00Z,REPLAY,predicted,I065:mass_transport:0,I065,mass_transport,w-pc-11,5,No unit able to provide mass transport could reach this ward within 45 minutes without pulling a unit off a higher-severity ward.
320.0,2025-09-28T16:20:00Z,REPLAY,predicted,I065:mass_transport:1,I065,mass_transport,w-pc-11,5,No unit able to provide mass transport could reach this ward within 45 minutes without pulling a unit off a higher-severity ward.
320.0,2025-09-28T16:20:00Z,REPLAY,predicted,I065:mass_transport:2,I065,mass_transport,w-pc-11,5,No unit able to provide mass transport could reach this ward within 45 minutes without pulling a unit off a higher-severity ward.
320.0,2025-09-28T16:20:00Z,REPLAY,predicted,I067:field_assessment:0,I067,field_assessment,w-pc-10,2,No unit able to provide field assessment could reach this ward within 45 minutes without pulling a unit off a higher-severity ward.
320.0,2025-09-28T16:20:00Z,REPLAY,predicted,I069:mass_transport:0,I069,mass_transport,w-pc-10,4,No unit able to provide mass transport could reach this ward within 45 minutes without pulling a unit off a higher-severity ward.
320.0,2025-09-28T16:20:00Z,REPLAY,predicted,I069:mass_transport:1,I069,mass_transport,w-pc-10,4,No unit able to provide mass transport could reach this ward within 45 minutes without pulling a unit off a higher-severity ward.
320.0,2025-09-28T16:20:00Z,REPLAY,predicted,I069:dewatering:0,I069,dewatering,w-pc-10,4,No unit able to provide dewatering could reach this ward within 45 minutes without pulling a unit off a higher-severity ward.
330.0,2025-09-28T16:30:00Z,REPLAY,predicted,I001:mass_transport:0,I001,mass_transport,w-pc-11,5,No unit able to provide mass transport could reach this ward within 45 minutes without pulling a unit off a higher-severity ward.
330.0,2025-09-28T16:30:00Z,REPLAY,predicted,I001:mass_transport:1,I001,mass_transport,w-pc-11,5,No unit able to provide mass transport could reach this ward within 45 minutes without pulling a unit off a higher-severity ward.
330.0,2025-09-28T16:30:00Z,REPLAY,predicted,I001:mass_transport:2,I001,mass_transport,w-pc-11,5,No unit able to provide mass transport could reach this ward within 45 minutes without pulling a unit off a higher-severity ward.
330.0,2025-09-28T16:30:00Z,REPLAY,predicted,I006:mass_transport:0,I006,mass_transport,w-pc-14,5,No unit able to provide mass transport could reach this ward within 45 minutes without pulling a unit off a higher-severity ward.
330.0,2025-09-28T16:30:00Z,REPLAY,predicted,I006:mass_transport:1,I006,mass_transport,w-pc-14,5,No unit able to provide mass transport could reach this ward within 45 minutes without pulling a unit off a higher-severity ward.
330.0,2025-09-28T16:30:00Z,REPLAY,predicted,I006:mass_transport:2,I006,mass_transport,w-pc-14,5,No unit able to provide mass transport could reach this ward within 45 minutes without pulling a unit off a higher-severity ward.
330.0,2025-09-28T16:30:00Z,REPLAY,predicted,I009:mass_transport:0,I009,mass_transport,w-pc-07,4,No unit able to provide mass transport could reach this ward within 45 minutes without pulling a unit off a higher-severity ward.
330.0,2025-09-28T16:30:00Z,REPLAY,predicted,I009:mass_transport:1,I009,mass_transport,w-pc-07,4,No unit able to provide mass transport could reach this ward within 45 minutes without pulling a unit off a higher-severity ward.
330.0,2025-09-28T16:30:00Z,REPLAY,predicted,I011:mass_transport:0,I011,mass_transport,w-pc-14,4,No unit able to provide mass transport could reach this ward within 45 minutes without pulling a unit off a higher-severity ward.
330.0,2025-09-28T16:30:00Z,REPLAY,predicted,I011:mass_transport:1,I011,mass_transport,w-pc-14,4,No unit able to provide mass transport could reach this ward within 45 minutes without pulling a unit off a higher-severity ward.
330.0,2025-09-28T16:30:00Z,REPLAY,predicted,I015:mass_transport:0,I015,mass_transport,w-pc-11,4,No unit able to provide mass transport could reach this ward within 45 minutes without pulling a unit off a higher-severity ward.
330.0,2025-09-28T16:30:00Z,REPLAY,predicted,I015:mass_transport:1,I015,mass_transport,w-pc-11,4,No unit able to provide mass transport could reach this ward within 45 minutes without pulling a unit off a higher-severity ward.
330.0,2025-09-28T16:30:00Z,REPLAY,predicted,I017:mass_transport:0,I017,mass_transport,w-pc-07,5,No unit able to provide mass transport could reach this ward within 45 minutes without pulling a unit off a higher-severity ward.
330.0,2025-09-28T16:30:00Z,REPLAY,predicted,I017:mass_transport:1,I017,mass_transport,w-pc-07,5,No unit able to provide mass transport could reach this ward within 45 minutes without pulling a unit off a higher-severity ward.
330.0,2025-09-28T16:30:00Z,REPLAY,predicted,I024:mass_transport:0,I024,mass_transport,w-pc-06,4,No unit able to provide mass transport could reach this ward within 45 minutes without pulling a unit off a higher-severity ward.
330.0,2025-09-28T16:30:00Z,REPLAY,predicted,I024:mass_transport:1,I024,mass_transport,w-pc-06,4,No unit able to provide mass transport could reach this ward within 45 minutes without pulling a unit off a higher-severity ward.
330.0,2025-09-28T16:30:00Z,REPLAY,predicted,I027:mass_transport:0,I027,mass_transport,w-pc-10,4,No unit able to provide mass transport could reach this ward within 45 minutes without pulling a unit off a higher-severity ward.
330.0,2025-09-28T16:30:00Z,REPLAY,predicted,I027:mass_transport:1,I027,mass_transport,w-pc-10,4,No unit able to provide mass transport could reach this ward within 45 minutes without pulling a unit off a higher-severity ward.
330.0,2025-09-28T16:30:00Z,REPLAY,predicted,I029:mass_transport:0,I029,mass_transport,w-pc-13,4,No unit able to provide mass transport could reach this ward within 45 minutes without pulling a unit off a higher-severity ward.
330.0,2025-09-28T16:30:00Z,REPLAY,predicted,I030:mass_transport:0,I030,mass_transport,w-pc-06,4,No unit able to provide mass transport could reach this ward within 45 minutes without pulling a unit off a higher-severity ward.
330.0,2025-09-28T16:30:00Z,REPLAY,predicted,I030:mass_transport:1,I030,mass_transport,w-pc-06,4,No unit able to provide mass transport could reach this ward within 45 minutes without pulling a unit off a higher-severity ward.
330.0,2025-09-28T16:30:00Z,REPLAY,predicted,I036:mass_transport:0,I036,mass_transport,w-pc-11,5,No unit able to provide mass transport could reach this ward within 45 minutes without pulling a unit off a higher-severity ward.
330.0,2025-09-28T16:30:00Z,REPLAY,predicted,I036:mass_transport:1,I036,mass_transport,w-pc-11,5,No unit able to provide mass transport could reach this ward within 45 minutes without pulling a unit off a higher-severity ward.
330.0,2025-09-28T16:30:00Z,REPLAY,predicted,I036:mass_transport:2,I036,mass_transport,w-pc-11,5,No unit able to provide mass transport could reach this ward within 45 minutes without pulling a unit off a higher-severity ward.
330.0,2025-09-28T16:30:00Z,REPLAY,predicted,I040:mass_transport:0,I040,mass_transport,w-pc-13,4,No unit able to provide mass transport could reach this ward within 45 minutes without pulling a unit off a higher-severity ward.
330.0,2025-09-28T16:30:00Z,REPLAY,predicted,I043:mass_transport:1,I043,mass_transport,w-pc-02,4,No unit able to provide mass transport could reach this ward within 45 minutes without pulling a unit off a higher-severity ward.
330.0,2025-09-28T16:30:00Z,REPLAY,predicted,I047:mass_transport:0,I047,mass_transport,w-pc-11,5,No unit able to provide mass transport could reach this ward within 45 minutes without pulling a unit off a higher-severity ward.
330.0,2025-09-28T16:30:00Z,REPLAY,predicted,I047:mass_transport:1,I047,mass_transport,w-pc-11,5,No unit able to provide mass transport could reach this ward within 45 minutes without pulling a unit off a higher-severity ward.
330.0,2025-09-28T16:30:00Z,REPLAY,predicted,I047:mass_transport:2,I047,mass_transport,w-pc-11,5,No unit able to provide mass transport could reach this ward within 45 minutes without pulling a unit off a higher-severity ward.
330.0,2025-09-28T16:30:00Z,REPLAY,predicted,I049:mass_transport:0,I049,mass_transport,w-pc-07,5,No unit able to provide mass transport could reach this ward within 45 minutes without pulling a unit off a higher-severity ward.
330.0,2025-09-28T16:30:00Z,REPLAY,predicted,I049:mass_transport:1,I049,mass_transport,w-pc-07,5,No unit able to provide mass transport could reach this ward within 45 minutes without pulling a unit off a higher-severity ward.
330.0,2025-09-28T16:30:00Z,REPLAY,predicted,I049:mass_transport:2,I049,mass_transport,w-pc-07,5,No unit able to provide mass transport could reach this ward within 45 minutes without pulling a unit off a higher-severity ward.
330.0,2025-09-28T16:30:00Z,REPLAY,predicted,I055:mass_transport:0,I055,mass_transport,w-pc-10,5,No unit able to provide mass transport could reach this ward within 45 minutes without pulling a unit off a higher-severity ward.
330.0,2025-09-28T16:30:00Z,REPLAY,predicted,I055:mass_transport:1,I055,mass_transport,w-pc-10,5,No unit able to provide mass transport could reach this ward within 45 minutes without pulling a unit off a higher-severity ward.
330.0,2025-09-28T16:30:00Z,REPLAY,predicted,I055:mass_transport:2,I055,mass_transport,w-pc-10,5,No unit able to provide mass transport could reach this ward within 45 minutes without pulling a unit off a higher-severity ward.
330.0,2025-09-28T16:30:00Z,REPLAY,predicted,I058:mass_transport:0,I058,mass_transport,w-pc-02,4,No unit able to provide mass transport could reach this ward within 45 minutes without pulling a unit off a higher-severity ward.
330.0,2025-09-28T16:30:00Z,REPLAY,predicted,I058:mass_transport:1,I058,mass_transport,w-pc-02,4,No unit able to provide mass transport could reach this ward within 45 minutes without pulling a unit off a higher-severity ward.
330.0,2025-09-28T16:30:00Z,REPLAY,predicted,I061:mass_transport:0,I061,mass_transport,w-pc-06,5,No unit able to provide mass transport could reach this ward within 45 minutes without pulling a unit off a higher-severity ward.
330.0,2025-09-28T16:30:00Z,REPLAY,predicted,I061:mass_transport:1,I061,mass_transport,w-pc-06,5,No unit able to provide mass transport could reach this ward within 45 minutes without pulling a unit off a higher-severity ward.
330.0,2025-09-28T16:30:00Z,REPLAY,predicted,I061:mass_transport:2,I061,mass_transport,w-pc-06,5,No unit able to provide mass transport could reach this ward within 45 minutes without pulling a unit off a higher-severity ward.
330.0,2025-09-28T16:30:00Z,REPLAY,predicted,I062:mass_transport:0,I062,mass_transport,w-pc-11,5,No unit able to provide mass transport could reach this ward within 45 minutes without pulling a unit off a higher-severity ward.
330.0,2025-09-28T16:30:00Z,REPLAY,predicted,I062:mass_transport:1,I062,mass_transport,w-pc-11,5,No unit able to provide mass transport could reach this ward within 45 minutes without pulling a unit off a higher-severity ward.
330.0,2025-09-28T16:30:00Z,REPLAY,predicted,I062:mass_transport:2,I062,mass_transport,w-pc-11,5,No unit able to provide mass transport could reach this ward within 45 minutes without pulling a unit off a higher-severity ward.
330.0,2025-09-28T16:30:00Z,REPLAY,predicted,I063:mass_transport:0,I063,mass_transport,w-pc-10,4,No unit able to provide mass transport could reach this ward within 45 minutes without pulling a unit off a higher-severity ward.
330.0,2025-09-28T16:30:00Z,REPLAY,predicted,I063:mass_transport:1,I063,mass_transport,w-pc-10,4,No unit able to provide mass transport could reach this ward within 45 minutes without pulling a unit off a higher-severity ward.
330.0,2025-09-28T16:30:00Z,REPLAY,predicted,I064:water_rescue:0,I064,water_rescue,w-pc-13,5,No unit able to provide water rescue could reach this ward within 45 minutes without pulling a unit off a higher-severity ward.
330.0,2025-09-28T16:30:00Z,REPLAY,predicted,I064:mass_transport:0,I064,mass_transport,w-pc-13,5,No unit able to provide mass transport could reach this ward within 45 minutes without pulling a unit off a higher-severity ward.
330.0,2025-09-28T16:30:00Z,REPLAY,predicted,I064:mass_transport:1,I064,mass_transport,w-pc-13,5,No unit able to provide mass transport could reach this ward within 45 minutes without pulling a unit off a higher-severity ward.
330.0,2025-09-28T16:30:00Z,REPLAY,predicted,I064:mass_transport:2,I064,mass_transport,w-pc-13,5,No unit able to provide mass transport could reach this ward within 45 minutes without pulling a unit off a higher-severity ward.
330.0,2025-09-28T16:30:00Z,REPLAY,predicted,I065:mass_transport:0,I065,mass_transport,w-pc-11,5,No unit able to provide mass transport could reach this ward within 45 minutes without pulling a unit off a higher-severity ward.
330.0,2025-09-28T16:30:00Z,REPLAY,predicted,I065:mass_transport:1,I065,mass_transport,w-pc-11,5,No unit able to provide mass transport could reach this ward within 45 minutes without pulling a unit off a higher-severity ward.
330.0,2025-09-28T16:30:00Z,REPLAY,predicted,I065:mass_transport:2,I065,mass_transport,w-pc-11,5,No unit able to provide mass transport could reach this ward within 45 minutes without pulling a unit off a higher-severity ward.
330.0,2025-09-28T16:30:00Z,REPLAY,predicted,I066:mass_transport:0,I066,mass_transport,w-pc-11,4,No unit able to provide mass transport could reach this ward within 45 minutes without pulling a unit off a higher-severity ward.
330.0,2025-09-28T16:30:00Z,REPLAY,predicted,I066:mass_transport:1,I066,mass_transport,w-pc-11,4,No unit able to provide mass transport could reach this ward within 45 minutes without pulling a unit off a higher-severity ward.
330.0,2025-09-28T16:30:00Z,REPLAY,predicted,I066:dewatering:0,I066,dewatering,w-pc-11,4,No unit able to provide dewatering could reach this ward within 45 minutes without pulling a unit off a higher-severity ward.
330.0,2025-09-28T16:30:00Z,REPLAY,predicted,I069:mass_transport:0,I069,mass_transport,w-pc-10,4,No unit able to provide mass transport could reach this ward within 45 minutes without pulling a unit off a higher-severity ward.
330.0,2025-09-28T16:30:00Z,REPLAY,predicted,I069:mass_transport:1,I069,mass_transport,w-pc-10,4,No unit able to provide mass transport could reach this ward within 45 minutes without pulling a unit off a higher-severity ward.
330.0,2025-09-28T16:30:00Z,REPLAY,predicted,I069:dewatering:0,I069,dewatering,w-pc-10,4,No unit able to provide dewatering could reach this ward within 45 minutes without pulling a unit off a higher-severity ward.
330.0,2025-09-28T16:30:00Z,REPLAY,predicted,I072:mass_transport:0,I072,mass_transport,w-pc-07,4,No unit able to provide mass transport could reach this ward within 45 minutes without pulling a unit off a higher-severity ward.
330.0,2025-09-28T16:30:00Z,REPLAY,predicted,I072:mass_transport:1,I072,mass_transport,w-pc-07,4,No unit able to provide mass transport could reach this ward within 45 minutes without pulling a unit off a higher-severity ward.
330.0,2025-09-28T16:30:00Z,REPLAY,predicted,I072:dewatering:0,I072,dewatering,w-pc-07,4,No unit able to provide dewatering could reach this ward within 45 minutes without pulling a unit off a higher-severity ward.
330.0,2025-09-28T16:30:00Z,REPLAY,predicted,I073:mass_transport:0,I073,mass_transport,w-pc-14,4,No unit able to provide mass transport could reach this ward within 45 minutes without pulling a unit off a higher-severity ward.
330.0,2025-09-28T16:30:00Z,REPLAY,predicted,I073:mass_transport:1,I073,mass_transport,w-pc-14,4,No unit able to provide mass transport could reach this ward within 45 minutes without pulling a unit off a higher-severity ward.
330.0,2025-09-28T16:30:00Z,REPLAY,predicted,I073:dewatering:0,I073,dewatering,w-pc-14,4,No unit able to provide dewatering could reach this ward within 45 minutes without pulling a unit off a higher-severity ward.
340.0,2025-09-28T16:40:00Z,REPLAY,predicted,I001:mass_transport:0,I001,mass_transport,w-pc-11,5,No unit able to provide mass transport could reach this ward within 45 minutes without pulling a unit off a higher-severity ward.
340.0,2025-09-28T16:40:00Z,REPLAY,predicted,I001:mass_transport:1,I001,mass_transport,w-pc-11,5,No unit able to provide mass transport could reach this ward within 45 minutes without pulling a unit off a higher-severity ward.
340.0,2025-09-28T16:40:00Z,REPLAY,predicted,I001:mass_transport:2,I001,mass_transport,w-pc-11,5,No unit able to provide mass transport could reach this ward within 45 minutes without pulling a unit off a higher-severity ward.
340.0,2025-09-28T16:40:00Z,REPLAY,predicted,I006:mass_transport:0,I006,mass_transport,w-pc-14,5,No unit able to provide mass transport could reach this ward within 45 minutes without pulling a unit off a higher-severity ward.
340.0,2025-09-28T16:40:00Z,REPLAY,predicted,I006:mass_transport:1,I006,mass_transport,w-pc-14,5,No unit able to provide mass transport could reach this ward within 45 minutes without pulling a unit off a higher-severity ward.
340.0,2025-09-28T16:40:00Z,REPLAY,predicted,I006:mass_transport:2,I006,mass_transport,w-pc-14,5,No unit able to provide mass transport could reach this ward within 45 minutes without pulling a unit off a higher-severity ward.
340.0,2025-09-28T16:40:00Z,REPLAY,predicted,I009:mass_transport:0,I009,mass_transport,w-pc-07,4,No unit able to provide mass transport could reach this ward within 45 minutes without pulling a unit off a higher-severity ward.
340.0,2025-09-28T16:40:00Z,REPLAY,predicted,I009:mass_transport:1,I009,mass_transport,w-pc-07,4,No unit able to provide mass transport could reach this ward within 45 minutes without pulling a unit off a higher-severity ward.
340.0,2025-09-28T16:40:00Z,REPLAY,predicted,I011:mass_transport:0,I011,mass_transport,w-pc-14,4,No unit able to provide mass transport could reach this ward within 45 minutes without pulling a unit off a higher-severity ward.
340.0,2025-09-28T16:40:00Z,REPLAY,predicted,I011:mass_transport:1,I011,mass_transport,w-pc-14,4,No unit able to provide mass transport could reach this ward within 45 minutes without pulling a unit off a higher-severity ward.
340.0,2025-09-28T16:40:00Z,REPLAY,predicted,I015:mass_transport:0,I015,mass_transport,w-pc-11,4,No unit able to provide mass transport could reach this ward within 45 minutes without pulling a unit off a higher-severity ward.
340.0,2025-09-28T16:40:00Z,REPLAY,predicted,I015:mass_transport:1,I015,mass_transport,w-pc-11,4,No unit able to provide mass transport could reach this ward within 45 minutes without pulling a unit off a higher-severity ward.
340.0,2025-09-28T16:40:00Z,REPLAY,predicted,I017:mass_transport:0,I017,mass_transport,w-pc-07,5,No unit able to provide mass transport could reach this ward within 45 minutes without pulling a unit off a higher-severity ward.
340.0,2025-09-28T16:40:00Z,REPLAY,predicted,I017:mass_transport:1,I017,mass_transport,w-pc-07,5,No unit able to provide mass transport could reach this ward within 45 minutes without pulling a unit off a higher-severity ward.
340.0,2025-09-28T16:40:00Z,REPLAY,predicted,I024:mass_transport:0,I024,mass_transport,w-pc-06,4,No unit able to provide mass transport could reach this ward within 45 minutes without pulling a unit off a higher-severity ward.
340.0,2025-09-28T16:40:00Z,REPLAY,predicted,I024:mass_transport:1,I024,mass_transport,w-pc-06,4,No unit able to provide mass transport could reach this ward within 45 minutes without pulling a unit off a higher-severity ward.
340.0,2025-09-28T16:40:00Z,REPLAY,predicted,I027:mass_transport:0,I027,mass_transport,w-pc-10,4,No unit able to provide mass transport could reach this ward within 45 minutes without pulling a unit off a higher-severity ward.
340.0,2025-09-28T16:40:00Z,REPLAY,predicted,I027:mass_transport:1,I027,mass_transport,w-pc-10,4,No unit able to provide mass transport could reach this ward within 45 minutes without pulling a unit off a higher-severity ward.
340.0,2025-09-28T16:40:00Z,REPLAY,predicted,I029:mass_transport:0,I029,mass_transport,w-pc-13,4,No unit able to provide mass transport could reach this ward within 45 minutes without pulling a unit off a higher-severity ward.
340.0,2025-09-28T16:40:00Z,REPLAY,predicted,I030:mass_transport:0,I030,mass_transport,w-pc-06,4,No unit able to provide mass transport could reach this ward within 45 minutes without pulling a unit off a higher-severity ward.
340.0,2025-09-28T16:40:00Z,REPLAY,predicted,I030:mass_transport:1,I030,mass_transport,w-pc-06,4,No unit able to provide mass transport could reach this ward within 45 minutes without pulling a unit off a higher-severity ward.
340.0,2025-09-28T16:40:00Z,REPLAY,predicted,I036:mass_transport:0,I036,mass_transport,w-pc-11,5,No unit able to provide mass transport could reach this ward within 45 minutes without pulling a unit off a higher-severity ward.
340.0,2025-09-28T16:40:00Z,REPLAY,predicted,I036:mass_transport:1,I036,mass_transport,w-pc-11,5,No unit able to provide mass transport could reach this ward within 45 minutes without pulling a unit off a higher-severity ward.
340.0,2025-09-28T16:40:00Z,REPLAY,predicted,I036:mass_transport:2,I036,mass_transport,w-pc-11,5,No unit able to provide mass transport could reach this ward within 45 minutes without pulling a unit off a higher-severity ward.
340.0,2025-09-28T16:40:00Z,REPLAY,predicted,I040:mass_transport:0,I040,mass_transport,w-pc-13,4,No unit able to provide mass transport could reach this ward within 45 minutes without pulling a unit off a higher-severity ward.
340.0,2025-09-28T16:40:00Z,REPLAY,predicted,I043:mass_transport:0,I043,mass_transport,w-pc-02,4,No unit able to provide mass transport could reach this ward within 45 minutes without pulling a unit off a higher-severity ward.
340.0,2025-09-28T16:40:00Z,REPLAY,predicted,I047:mass_transport:0,I047,mass_transport,w-pc-11,5,No unit able to provide mass transport could reach this ward within 45 minutes without pulling a unit off a higher-severity ward.
340.0,2025-09-28T16:40:00Z,REPLAY,predicted,I047:mass_transport:1,I047,mass_transport,w-pc-11,5,No unit able to provide mass transport could reach this ward within 45 minutes without pulling a unit off a higher-severity ward.
340.0,2025-09-28T16:40:00Z,REPLAY,predicted,I047:mass_transport:2,I047,mass_transport,w-pc-11,5,No unit able to provide mass transport could reach this ward within 45 minutes without pulling a unit off a higher-severity ward.
340.0,2025-09-28T16:40:00Z,REPLAY,predicted,I049:mass_transport:0,I049,mass_transport,w-pc-07,5,No unit able to provide mass transport could reach this ward within 45 minutes without pulling a unit off a higher-severity ward.
340.0,2025-09-28T16:40:00Z,REPLAY,predicted,I049:mass_transport:1,I049,mass_transport,w-pc-07,5,No unit able to provide mass transport could reach this ward within 45 minutes without pulling a unit off a higher-severity ward.
340.0,2025-09-28T16:40:00Z,REPLAY,predicted,I049:mass_transport:2,I049,mass_transport,w-pc-07,5,No unit able to provide mass transport could reach this ward within 45 minutes without pulling a unit off a higher-severity ward.
340.0,2025-09-28T16:40:00Z,REPLAY,predicted,I055:mass_transport:0,I055,mass_transport,w-pc-10,5,No unit able to provide mass transport could reach this ward within 45 minutes without pulling a unit off a higher-severity ward.
340.0,2025-09-28T16:40:00Z,REPLAY,predicted,I055:mass_transport:1,I055,mass_transport,w-pc-10,5,No unit able to provide mass transport could reach this ward within 45 minutes without pulling a unit off a higher-severity ward.
340.0,2025-09-28T16:40:00Z,REPLAY,predicted,I055:mass_transport:2,I055,mass_transport,w-pc-10,5,No unit able to provide mass transport could reach this ward within 45 minutes without pulling a unit off a higher-severity ward.
340.0,2025-09-28T16:40:00Z,REPLAY,predicted,I058:mass_transport:0,I058,mass_transport,w-pc-02,4,No unit able to provide mass transport could reach this ward within 45 minutes without pulling a unit off a higher-severity ward.
340.0,2025-09-28T16:40:00Z,REPLAY,predicted,I058:mass_transport:1,I058,mass_transport,w-pc-02,4,No unit able to provide mass transport could reach this ward within 45 minutes without pulling a unit off a higher-severity ward.
340.0,2025-09-28T16:40:00Z,REPLAY,predicted,I061:mass_transport:0,I061,mass_transport,w-pc-06,5,No unit able to provide mass transport could reach this ward within 45 minutes without pulling a unit off a higher-severity ward.
340.0,2025-09-28T16:40:00Z,REPLAY,predicted,I061:mass_transport:1,I061,mass_transport,w-pc-06,5,No unit able to provide mass transport could reach this ward within 45 minutes without pulling a unit off a higher-severity ward.
340.0,2025-09-28T16:40:00Z,REPLAY,predicted,I061:mass_transport:2,I061,mass_transport,w-pc-06,5,No unit able to provide mass transport could reach this ward within 45 minutes without pulling a unit off a higher-severity ward.
340.0,2025-09-28T16:40:00Z,REPLAY,predicted,I062:mass_transport:0,I062,mass_transport,w-pc-11,5,No unit able to provide mass transport could reach this ward within 45 minutes without pulling a unit off a higher-severity ward.
340.0,2025-09-28T16:40:00Z,REPLAY,predicted,I062:mass_transport:1,I062,mass_transport,w-pc-11,5,No unit able to provide mass transport could reach this ward within 45 minutes without pulling a unit off a higher-severity ward.
340.0,2025-09-28T16:40:00Z,REPLAY,predicted,I062:mass_transport:2,I062,mass_transport,w-pc-11,5,No unit able to provide mass transport could reach this ward within 45 minutes without pulling a unit off a higher-severity ward.
340.0,2025-09-28T16:40:00Z,REPLAY,predicted,I063:mass_transport:0,I063,mass_transport,w-pc-10,4,No unit able to provide mass transport could reach this ward within 45 minutes without pulling a unit off a higher-severity ward.
340.0,2025-09-28T16:40:00Z,REPLAY,predicted,I063:mass_transport:1,I063,mass_transport,w-pc-10,4,No unit able to provide mass transport could reach this ward within 45 minutes without pulling a unit off a higher-severity ward.
340.0,2025-09-28T16:40:00Z,REPLAY,predicted,I064:mass_transport:0,I064,mass_transport,w-pc-13,5,No unit able to provide mass transport could reach this ward within 45 minutes without pulling a unit off a higher-severity ward.
340.0,2025-09-28T16:40:00Z,REPLAY,predicted,I064:mass_transport:1,I064,mass_transport,w-pc-13,5,No unit able to provide mass transport could reach this ward within 45 minutes without pulling a unit off a higher-severity ward.
340.0,2025-09-28T16:40:00Z,REPLAY,predicted,I064:mass_transport:2,I064,mass_transport,w-pc-13,5,No unit able to provide mass transport could reach this ward within 45 minutes without pulling a unit off a higher-severity ward.
340.0,2025-09-28T16:40:00Z,REPLAY,predicted,I065:mass_transport:0,I065,mass_transport,w-pc-11,5,No unit able to provide mass transport could reach this ward within 45 minutes without pulling a unit off a higher-severity ward.
340.0,2025-09-28T16:40:00Z,REPLAY,predicted,I065:mass_transport:1,I065,mass_transport,w-pc-11,5,No unit able to provide mass transport could reach this ward within 45 minutes without pulling a unit off a higher-severity ward.
340.0,2025-09-28T16:40:00Z,REPLAY,predicted,I065:mass_transport:2,I065,mass_transport,w-pc-11,5,No unit able to provide mass transport could reach this ward within 45 minutes without pulling a unit off a higher-severity ward.
340.0,2025-09-28T16:40:00Z,REPLAY,predicted,I066:mass_transport:0,I066,mass_transport,w-pc-11,4,No unit able to provide mass transport could reach this ward within 45 minutes without pulling a unit off a higher-severity ward.
340.0,2025-09-28T16:40:00Z,REPLAY,predicted,I066:mass_transport:1,I066,mass_transport,w-pc-11,4,No unit able to provide mass transport could reach this ward within 45 minutes without pulling a unit off a higher-severity ward.
340.0,2025-09-28T16:40:00Z,REPLAY,predicted,I066:dewatering:0,I066,dewatering,w-pc-11,4,No unit able to provide dewatering could reach this ward within 45 minutes without pulling a unit off a higher-severity ward.
340.0,2025-09-28T16:40:00Z,REPLAY,predicted,I069:mass_transport:0,I069,mass_transport,w-pc-10,4,No unit able to provide mass transport could reach this ward within 45 minutes without pulling a unit off a higher-severity ward.
340.0,2025-09-28T16:40:00Z,REPLAY,predicted,I069:mass_transport:1,I069,mass_transport,w-pc-10,4,No unit able to provide mass transport could reach this ward within 45 minutes without pulling a unit off a higher-severity ward.
340.0,2025-09-28T16:40:00Z,REPLAY,predicted,I069:dewatering:0,I069,dewatering,w-pc-10,4,No unit able to provide dewatering could reach this ward within 45 minutes without pulling a unit off a higher-severity ward.
340.0,2025-09-28T16:40:00Z,REPLAY,predicted,I072:mass_transport:0,I072,mass_transport,w-pc-07,4,No unit able to provide mass transport could reach this ward within 45 minutes without pulling a unit off a higher-severity ward.
340.0,2025-09-28T16:40:00Z,REPLAY,predicted,I072:mass_transport:1,I072,mass_transport,w-pc-07,4,No unit able to provide mass transport could reach this ward within 45 minutes without pulling a unit off a higher-severity ward.
340.0,2025-09-28T16:40:00Z,REPLAY,predicted,I072:dewatering:0,I072,dewatering,w-pc-07,4,No unit able to provide dewatering could reach this ward within 45 minutes without pulling a unit off a higher-severity ward.
340.0,2025-09-28T16:40:00Z,REPLAY,predicted,I073:mass_transport:0,I073,mass_transport,w-pc-14,4,No unit able to provide mass transport could reach this ward within 45 minutes without pulling a unit off a higher-severity ward.
340.0,2025-09-28T16:40:00Z,REPLAY,predicted,I073:mass_transport:1,I073,mass_transport,w-pc-14,4,No unit able to provide mass transport could reach this ward within 45 minutes without pulling a unit off a higher-severity ward.
340.0,2025-09-28T16:40:00Z,REPLAY,predicted,I073:dewatering:0,I073,dewatering,w-pc-14,4,No unit able to provide dewatering could reach this ward within 45 minutes without pulling a unit off a higher-severity ward.
350.0,2025-09-28T16:50:00Z,REPLAY,predicted,I001:mass_transport:0,I001,mass_transport,w-pc-11,5,No unit able to provide mass transport could reach this ward within 45 minutes without pulling a unit off a higher-severity ward.
350.0,2025-09-28T16:50:00Z,REPLAY,predicted,I001:mass_transport:1,I001,mass_transport,w-pc-11,5,No unit able to provide mass transport could reach this ward within 45 minutes without pulling a unit off a higher-severity ward.
350.0,2025-09-28T16:50:00Z,REPLAY,predicted,I001:mass_transport:2,I001,mass_transport,w-pc-11,5,No unit able to provide mass transport could reach this ward within 45 minutes without pulling a unit off a higher-severity ward.
350.0,2025-09-28T16:50:00Z,REPLAY,predicted,I006:mass_transport:0,I006,mass_transport,w-pc-14,5,No unit able to provide mass transport could reach this ward within 45 minutes without pulling a unit off a higher-severity ward.
350.0,2025-09-28T16:50:00Z,REPLAY,predicted,I006:mass_transport:1,I006,mass_transport,w-pc-14,5,No unit able to provide mass transport could reach this ward within 45 minutes without pulling a unit off a higher-severity ward.
350.0,2025-09-28T16:50:00Z,REPLAY,predicted,I006:mass_transport:2,I006,mass_transport,w-pc-14,5,No unit able to provide mass transport could reach this ward within 45 minutes without pulling a unit off a higher-severity ward.
350.0,2025-09-28T16:50:00Z,REPLAY,predicted,I009:mass_transport:0,I009,mass_transport,w-pc-07,4,No unit able to provide mass transport could reach this ward within 45 minutes without pulling a unit off a higher-severity ward.
350.0,2025-09-28T16:50:00Z,REPLAY,predicted,I009:mass_transport:1,I009,mass_transport,w-pc-07,4,No unit able to provide mass transport could reach this ward within 45 minutes without pulling a unit off a higher-severity ward.
350.0,2025-09-28T16:50:00Z,REPLAY,predicted,I011:mass_transport:0,I011,mass_transport,w-pc-14,4,No unit able to provide mass transport could reach this ward within 45 minutes without pulling a unit off a higher-severity ward.
350.0,2025-09-28T16:50:00Z,REPLAY,predicted,I011:mass_transport:1,I011,mass_transport,w-pc-14,4,No unit able to provide mass transport could reach this ward within 45 minutes without pulling a unit off a higher-severity ward.
350.0,2025-09-28T16:50:00Z,REPLAY,predicted,I015:mass_transport:0,I015,mass_transport,w-pc-11,4,No unit able to provide mass transport could reach this ward within 45 minutes without pulling a unit off a higher-severity ward.
350.0,2025-09-28T16:50:00Z,REPLAY,predicted,I015:mass_transport:1,I015,mass_transport,w-pc-11,4,No unit able to provide mass transport could reach this ward within 45 minutes without pulling a unit off a higher-severity ward.
350.0,2025-09-28T16:50:00Z,REPLAY,predicted,I017:mass_transport:0,I017,mass_transport,w-pc-07,5,No unit able to provide mass transport could reach this ward within 45 minutes without pulling a unit off a higher-severity ward.
350.0,2025-09-28T16:50:00Z,REPLAY,predicted,I017:mass_transport:1,I017,mass_transport,w-pc-07,5,No unit able to provide mass transport could reach this ward within 45 minutes without pulling a unit off a higher-severity ward.
350.0,2025-09-28T16:50:00Z,REPLAY,predicted,I024:mass_transport:0,I024,mass_transport,w-pc-06,4,No unit able to provide mass transport could reach this ward within 45 minutes without pulling a unit off a higher-severity ward.
350.0,2025-09-28T16:50:00Z,REPLAY,predicted,I024:mass_transport:1,I024,mass_transport,w-pc-06,4,No unit able to provide mass transport could reach this ward within 45 minutes without pulling a unit off a higher-severity ward.
350.0,2025-09-28T16:50:00Z,REPLAY,predicted,I027:mass_transport:0,I027,mass_transport,w-pc-10,4,No unit able to provide mass transport could reach this ward within 45 minutes without pulling a unit off a higher-severity ward.
350.0,2025-09-28T16:50:00Z,REPLAY,predicted,I027:mass_transport:1,I027,mass_transport,w-pc-10,4,No unit able to provide mass transport could reach this ward within 45 minutes without pulling a unit off a higher-severity ward.
350.0,2025-09-28T16:50:00Z,REPLAY,predicted,I029:mass_transport:0,I029,mass_transport,w-pc-13,4,No unit able to provide mass transport could reach this ward within 45 minutes without pulling a unit off a higher-severity ward.
350.0,2025-09-28T16:50:00Z,REPLAY,predicted,I030:mass_transport:0,I030,mass_transport,w-pc-06,4,No unit able to provide mass transport could reach this ward within 45 minutes without pulling a unit off a higher-severity ward.
350.0,2025-09-28T16:50:00Z,REPLAY,predicted,I030:mass_transport:1,I030,mass_transport,w-pc-06,4,No unit able to provide mass transport could reach this ward within 45 minutes without pulling a unit off a higher-severity ward.
350.0,2025-09-28T16:50:00Z,REPLAY,predicted,I036:mass_transport:0,I036,mass_transport,w-pc-11,5,No unit able to provide mass transport could reach this ward within 45 minutes without pulling a unit off a higher-severity ward.
350.0,2025-09-28T16:50:00Z,REPLAY,predicted,I036:mass_transport:1,I036,mass_transport,w-pc-11,5,No unit able to provide mass transport could reach this ward within 45 minutes without pulling a unit off a higher-severity ward.
350.0,2025-09-28T16:50:00Z,REPLAY,predicted,I036:mass_transport:2,I036,mass_transport,w-pc-11,5,No unit able to provide mass transport could reach this ward within 45 minutes without pulling a unit off a higher-severity ward.
350.0,2025-09-28T16:50:00Z,REPLAY,predicted,I040:mass_transport:0,I040,mass_transport,w-pc-13,4,No unit able to provide mass transport could reach this ward within 45 minutes without pulling a unit off a higher-severity ward.
350.0,2025-09-28T16:50:00Z,REPLAY,predicted,I043:mass_transport:0,I043,mass_transport,w-pc-02,4,No unit able to provide mass transport could reach this ward within 45 minutes without pulling a unit off a higher-severity ward.
350.0,2025-09-28T16:50:00Z,REPLAY,predicted,I047:mass_transport:0,I047,mass_transport,w-pc-11,5,No unit able to provide mass transport could reach this ward within 45 minutes without pulling a unit off a higher-severity ward.
350.0,2025-09-28T16:50:00Z,REPLAY,predicted,I047:mass_transport:1,I047,mass_transport,w-pc-11,5,No unit able to provide mass transport could reach this ward within 45 minutes without pulling a unit off a higher-severity ward.
350.0,2025-09-28T16:50:00Z,REPLAY,predicted,I047:mass_transport:2,I047,mass_transport,w-pc-11,5,No unit able to provide mass transport could reach this ward within 45 minutes without pulling a unit off a higher-severity ward.
350.0,2025-09-28T16:50:00Z,REPLAY,predicted,I049:mass_transport:0,I049,mass_transport,w-pc-07,5,No unit able to provide mass transport could reach this ward within 45 minutes without pulling a unit off a higher-severity ward.
350.0,2025-09-28T16:50:00Z,REPLAY,predicted,I049:mass_transport:1,I049,mass_transport,w-pc-07,5,No unit able to provide mass transport could reach this ward within 45 minutes without pulling a unit off a higher-severity ward.
350.0,2025-09-28T16:50:00Z,REPLAY,predicted,I049:mass_transport:2,I049,mass_transport,w-pc-07,5,No unit able to provide mass transport could reach this ward within 45 minutes without pulling a unit off a higher-severity ward.
350.0,2025-09-28T16:50:00Z,REPLAY,predicted,I055:mass_transport:0,I055,mass_transport,w-pc-10,5,No unit able to provide mass transport could reach this ward within 45 minutes without pulling a unit off a higher-severity ward.
350.0,2025-09-28T16:50:00Z,REPLAY,predicted,I055:mass_transport:1,I055,mass_transport,w-pc-10,5,No unit able to provide mass transport could reach this ward within 45 minutes without pulling a unit off a higher-severity ward.
350.0,2025-09-28T16:50:00Z,REPLAY,predicted,I055:mass_transport:2,I055,mass_transport,w-pc-10,5,No unit able to provide mass transport could reach this ward within 45 minutes without pulling a unit off a higher-severity ward.
350.0,2025-09-28T16:50:00Z,REPLAY,predicted,I058:mass_transport:0,I058,mass_transport,w-pc-02,4,No unit able to provide mass transport could reach this ward within 45 minutes without pulling a unit off a higher-severity ward.
350.0,2025-09-28T16:50:00Z,REPLAY,predicted,I058:mass_transport:1,I058,mass_transport,w-pc-02,4,No unit able to provide mass transport could reach this ward within 45 minutes without pulling a unit off a higher-severity ward.
350.0,2025-09-28T16:50:00Z,REPLAY,predicted,I061:mass_transport:0,I061,mass_transport,w-pc-06,5,No unit able to provide mass transport could reach this ward within 45 minutes without pulling a unit off a higher-severity ward.
350.0,2025-09-28T16:50:00Z,REPLAY,predicted,I061:mass_transport:1,I061,mass_transport,w-pc-06,5,No unit able to provide mass transport could reach this ward within 45 minutes without pulling a unit off a higher-severity ward.
350.0,2025-09-28T16:50:00Z,REPLAY,predicted,I061:mass_transport:2,I061,mass_transport,w-pc-06,5,No unit able to provide mass transport could reach this ward within 45 minutes without pulling a unit off a higher-severity ward.
350.0,2025-09-28T16:50:00Z,REPLAY,predicted,I062:mass_transport:0,I062,mass_transport,w-pc-11,5,No unit able to provide mass transport could reach this ward within 45 minutes without pulling a unit off a higher-severity ward.
350.0,2025-09-28T16:50:00Z,REPLAY,predicted,I062:mass_transport:1,I062,mass_transport,w-pc-11,5,No unit able to provide mass transport could reach this ward within 45 minutes without pulling a unit off a higher-severity ward.
350.0,2025-09-28T16:50:00Z,REPLAY,predicted,I062:mass_transport:2,I062,mass_transport,w-pc-11,5,No unit able to provide mass transport could reach this ward within 45 minutes without pulling a unit off a higher-severity ward.
350.0,2025-09-28T16:50:00Z,REPLAY,predicted,I063:mass_transport:0,I063,mass_transport,w-pc-10,4,No unit able to provide mass transport could reach this ward within 45 minutes without pulling a unit off a higher-severity ward.
350.0,2025-09-28T16:50:00Z,REPLAY,predicted,I063:mass_transport:1,I063,mass_transport,w-pc-10,4,No unit able to provide mass transport could reach this ward within 45 minutes without pulling a unit off a higher-severity ward.
350.0,2025-09-28T16:50:00Z,REPLAY,predicted,I064:mass_transport:0,I064,mass_transport,w-pc-13,5,No unit able to provide mass transport could reach this ward within 45 minutes without pulling a unit off a higher-severity ward.
350.0,2025-09-28T16:50:00Z,REPLAY,predicted,I064:mass_transport:1,I064,mass_transport,w-pc-13,5,No unit able to provide mass transport could reach this ward within 45 minutes without pulling a unit off a higher-severity ward.
350.0,2025-09-28T16:50:00Z,REPLAY,predicted,I064:mass_transport:2,I064,mass_transport,w-pc-13,5,No unit able to provide mass transport could reach this ward within 45 minutes without pulling a unit off a higher-severity ward.
350.0,2025-09-28T16:50:00Z,REPLAY,predicted,I065:mass_transport:0,I065,mass_transport,w-pc-11,5,No unit able to provide mass transport could reach this ward within 45 minutes without pulling a unit off a higher-severity ward.
350.0,2025-09-28T16:50:00Z,REPLAY,predicted,I065:mass_transport:1,I065,mass_transport,w-pc-11,5,No unit able to provide mass transport could reach this ward within 45 minutes without pulling a unit off a higher-severity ward.
350.0,2025-09-28T16:50:00Z,REPLAY,predicted,I065:mass_transport:2,I065,mass_transport,w-pc-11,5,No unit able to provide mass transport could reach this ward within 45 minutes without pulling a unit off a higher-severity ward.
350.0,2025-09-28T16:50:00Z,REPLAY,predicted,I066:mass_transport:0,I066,mass_transport,w-pc-11,4,No unit able to provide mass transport could reach this ward within 45 minutes without pulling a unit off a higher-severity ward.
350.0,2025-09-28T16:50:00Z,REPLAY,predicted,I066:mass_transport:1,I066,mass_transport,w-pc-11,4,No unit able to provide mass transport could reach this ward within 45 minutes without pulling a unit off a higher-severity ward.
350.0,2025-09-28T16:50:00Z,REPLAY,predicted,I066:dewatering:0,I066,dewatering,w-pc-11,4,No unit able to provide dewatering could reach this ward within 45 minutes without pulling a unit off a higher-severity ward.
350.0,2025-09-28T16:50:00Z,REPLAY,predicted,I069:mass_transport:0,I069,mass_transport,w-pc-10,4,No unit able to provide mass transport could reach this ward within 45 minutes without pulling a unit off a higher-severity ward.
350.0,2025-09-28T16:50:00Z,REPLAY,predicted,I069:mass_transport:1,I069,mass_transport,w-pc-10,4,No unit able to provide mass transport could reach this ward within 45 minutes without pulling a unit off a higher-severity ward.
350.0,2025-09-28T16:50:00Z,REPLAY,predicted,I069:dewatering:0,I069,dewatering,w-pc-10,4,No unit able to provide dewatering could reach this ward within 45 minutes without pulling a unit off a higher-severity ward.
350.0,2025-09-28T16:50:00Z,REPLAY,predicted,I072:mass_transport:0,I072,mass_transport,w-pc-07,4,No unit able to provide mass transport could reach this ward within 45 minutes without pulling a unit off a higher-severity ward.
350.0,2025-09-28T16:50:00Z,REPLAY,predicted,I072:mass_transport:1,I072,mass_transport,w-pc-07,4,No unit able to provide mass transport could reach this ward within 45 minutes without pulling a unit off a higher-severity ward.
350.0,2025-09-28T16:50:00Z,REPLAY,predicted,I072:dewatering:0,I072,dewatering,w-pc-07,4,No unit able to provide dewatering could reach this ward within 45 minutes without pulling a unit off a higher-severity ward.
350.0,2025-09-28T16:50:00Z,REPLAY,predicted,I073:mass_transport:0,I073,mass_transport,w-pc-14,4,No unit able to provide mass transport could reach this ward within 45 minutes without pulling a unit off a higher-severity ward.
350.0,2025-09-28T16:50:00Z,REPLAY,predicted,I073:mass_transport:1,I073,mass_transport,w-pc-14,4,No unit able to provide mass transport could reach this ward within 45 minutes without pulling a unit off a higher-severity ward.
350.0,2025-09-28T16:50:00Z,REPLAY,predicted,I073:dewatering:0,I073,dewatering,w-pc-14,4,No unit able to provide dewatering could reach this ward within 45 minutes without pulling a unit off a higher-severity ward.
350.0,2025-09-28T16:50:00Z,REPLAY,predicted,I079:field_assessment:0,I079,field_assessment,w-pc-04,2,No unit able to provide field assessment could reach this ward within 45 minutes without pulling a unit off a higher-severity ward.
360.0,2025-09-28T17:00:00Z,REPLAY,predicted,I001:mass_transport:0,I001,mass_transport,w-pc-11,5,No unit able to provide mass transport could reach this ward within 45 minutes without pulling a unit off a higher-severity ward.
360.0,2025-09-28T17:00:00Z,REPLAY,predicted,I001:mass_transport:1,I001,mass_transport,w-pc-11,5,No unit able to provide mass transport could reach this ward within 45 minutes without pulling a unit off a higher-severity ward.
360.0,2025-09-28T17:00:00Z,REPLAY,predicted,I001:mass_transport:2,I001,mass_transport,w-pc-11,5,No unit able to provide mass transport could reach this ward within 45 minutes without pulling a unit off a higher-severity ward.
360.0,2025-09-28T17:00:00Z,REPLAY,predicted,I006:mass_transport:0,I006,mass_transport,w-pc-14,5,No unit able to provide mass transport could reach this ward within 45 minutes without pulling a unit off a higher-severity ward.
360.0,2025-09-28T17:00:00Z,REPLAY,predicted,I006:mass_transport:1,I006,mass_transport,w-pc-14,5,No unit able to provide mass transport could reach this ward within 45 minutes without pulling a unit off a higher-severity ward.
360.0,2025-09-28T17:00:00Z,REPLAY,predicted,I006:mass_transport:2,I006,mass_transport,w-pc-14,5,No unit able to provide mass transport could reach this ward within 45 minutes without pulling a unit off a higher-severity ward.
360.0,2025-09-28T17:00:00Z,REPLAY,predicted,I009:mass_transport:0,I009,mass_transport,w-pc-07,4,No unit able to provide mass transport could reach this ward within 45 minutes without pulling a unit off a higher-severity ward.
360.0,2025-09-28T17:00:00Z,REPLAY,predicted,I009:mass_transport:1,I009,mass_transport,w-pc-07,4,No unit able to provide mass transport could reach this ward within 45 minutes without pulling a unit off a higher-severity ward.
360.0,2025-09-28T17:00:00Z,REPLAY,predicted,I011:mass_transport:0,I011,mass_transport,w-pc-14,4,No unit able to provide mass transport could reach this ward within 45 minutes without pulling a unit off a higher-severity ward.
360.0,2025-09-28T17:00:00Z,REPLAY,predicted,I011:mass_transport:1,I011,mass_transport,w-pc-14,4,No unit able to provide mass transport could reach this ward within 45 minutes without pulling a unit off a higher-severity ward.
360.0,2025-09-28T17:00:00Z,REPLAY,predicted,I015:mass_transport:0,I015,mass_transport,w-pc-11,4,No unit able to provide mass transport could reach this ward within 45 minutes without pulling a unit off a higher-severity ward.
360.0,2025-09-28T17:00:00Z,REPLAY,predicted,I015:mass_transport:1,I015,mass_transport,w-pc-11,4,No unit able to provide mass transport could reach this ward within 45 minutes without pulling a unit off a higher-severity ward.
360.0,2025-09-28T17:00:00Z,REPLAY,predicted,I017:mass_transport:0,I017,mass_transport,w-pc-07,5,No unit able to provide mass transport could reach this ward within 45 minutes without pulling a unit off a higher-severity ward.
360.0,2025-09-28T17:00:00Z,REPLAY,predicted,I017:mass_transport:1,I017,mass_transport,w-pc-07,5,No unit able to provide mass transport could reach this ward within 45 minutes without pulling a unit off a higher-severity ward.
360.0,2025-09-28T17:00:00Z,REPLAY,predicted,I024:mass_transport:0,I024,mass_transport,w-pc-06,4,No unit able to provide mass transport could reach this ward within 45 minutes without pulling a unit off a higher-severity ward.
360.0,2025-09-28T17:00:00Z,REPLAY,predicted,I024:mass_transport:1,I024,mass_transport,w-pc-06,4,No unit able to provide mass transport could reach this ward within 45 minutes without pulling a unit off a higher-severity ward.
360.0,2025-09-28T17:00:00Z,REPLAY,predicted,I027:mass_transport:0,I027,mass_transport,w-pc-10,4,No unit able to provide mass transport could reach this ward within 45 minutes without pulling a unit off a higher-severity ward.
360.0,2025-09-28T17:00:00Z,REPLAY,predicted,I027:mass_transport:1,I027,mass_transport,w-pc-10,4,No unit able to provide mass transport could reach this ward within 45 minutes without pulling a unit off a higher-severity ward.
360.0,2025-09-28T17:00:00Z,REPLAY,predicted,I029:mass_transport:0,I029,mass_transport,w-pc-13,4,No unit able to provide mass transport could reach this ward within 45 minutes without pulling a unit off a higher-severity ward.
360.0,2025-09-28T17:00:00Z,REPLAY,predicted,I030:mass_transport:0,I030,mass_transport,w-pc-06,4,No unit able to provide mass transport could reach this ward within 45 minutes without pulling a unit off a higher-severity ward.
360.0,2025-09-28T17:00:00Z,REPLAY,predicted,I030:mass_transport:1,I030,mass_transport,w-pc-06,4,No unit able to provide mass transport could reach this ward within 45 minutes without pulling a unit off a higher-severity ward.
360.0,2025-09-28T17:00:00Z,REPLAY,predicted,I036:mass_transport:0,I036,mass_transport,w-pc-11,5,No unit able to provide mass transport could reach this ward within 45 minutes without pulling a unit off a higher-severity ward.
360.0,2025-09-28T17:00:00Z,REPLAY,predicted,I036:mass_transport:1,I036,mass_transport,w-pc-11,5,No unit able to provide mass transport could reach this ward within 45 minutes without pulling a unit off a higher-severity ward.
360.0,2025-09-28T17:00:00Z,REPLAY,predicted,I036:mass_transport:2,I036,mass_transport,w-pc-11,5,No unit able to provide mass transport could reach this ward within 45 minutes without pulling a unit off a higher-severity ward.
360.0,2025-09-28T17:00:00Z,REPLAY,predicted,I040:mass_transport:0,I040,mass_transport,w-pc-13,4,No unit able to provide mass transport could reach this ward within 45 minutes without pulling a unit off a higher-severity ward.
360.0,2025-09-28T17:00:00Z,REPLAY,predicted,I043:mass_transport:0,I043,mass_transport,w-pc-02,4,No unit able to provide mass transport could reach this ward within 45 minutes without pulling a unit off a higher-severity ward.
360.0,2025-09-28T17:00:00Z,REPLAY,predicted,I047:mass_transport:0,I047,mass_transport,w-pc-11,5,No unit able to provide mass transport could reach this ward within 45 minutes without pulling a unit off a higher-severity ward.
360.0,2025-09-28T17:00:00Z,REPLAY,predicted,I047:mass_transport:1,I047,mass_transport,w-pc-11,5,No unit able to provide mass transport could reach this ward within 45 minutes without pulling a unit off a higher-severity ward.
360.0,2025-09-28T17:00:00Z,REPLAY,predicted,I047:mass_transport:2,I047,mass_transport,w-pc-11,5,No unit able to provide mass transport could reach this ward within 45 minutes without pulling a unit off a higher-severity ward.
360.0,2025-09-28T17:00:00Z,REPLAY,predicted,I049:mass_transport:0,I049,mass_transport,w-pc-07,5,No unit able to provide mass transport could reach this ward within 45 minutes without pulling a unit off a higher-severity ward.
360.0,2025-09-28T17:00:00Z,REPLAY,predicted,I049:mass_transport:1,I049,mass_transport,w-pc-07,5,No unit able to provide mass transport could reach this ward within 45 minutes without pulling a unit off a higher-severity ward.
360.0,2025-09-28T17:00:00Z,REPLAY,predicted,I049:mass_transport:2,I049,mass_transport,w-pc-07,5,No unit able to provide mass transport could reach this ward within 45 minutes without pulling a unit off a higher-severity ward.
360.0,2025-09-28T17:00:00Z,REPLAY,predicted,I055:mass_transport:0,I055,mass_transport,w-pc-10,5,No unit able to provide mass transport could reach this ward within 45 minutes without pulling a unit off a higher-severity ward.
360.0,2025-09-28T17:00:00Z,REPLAY,predicted,I055:mass_transport:1,I055,mass_transport,w-pc-10,5,No unit able to provide mass transport could reach this ward within 45 minutes without pulling a unit off a higher-severity ward.
360.0,2025-09-28T17:00:00Z,REPLAY,predicted,I055:mass_transport:2,I055,mass_transport,w-pc-10,5,No unit able to provide mass transport could reach this ward within 45 minutes without pulling a unit off a higher-severity ward.
360.0,2025-09-28T17:00:00Z,REPLAY,predicted,I058:mass_transport:0,I058,mass_transport,w-pc-02,4,No unit able to provide mass transport could reach this ward within 45 minutes without pulling a unit off a higher-severity ward.
360.0,2025-09-28T17:00:00Z,REPLAY,predicted,I058:mass_transport:1,I058,mass_transport,w-pc-02,4,No unit able to provide mass transport could reach this ward within 45 minutes without pulling a unit off a higher-severity ward.
360.0,2025-09-28T17:00:00Z,REPLAY,predicted,I061:mass_transport:0,I061,mass_transport,w-pc-06,5,No unit able to provide mass transport could reach this ward within 45 minutes without pulling a unit off a higher-severity ward.
360.0,2025-09-28T17:00:00Z,REPLAY,predicted,I061:mass_transport:1,I061,mass_transport,w-pc-06,5,No unit able to provide mass transport could reach this ward within 45 minutes without pulling a unit off a higher-severity ward.
360.0,2025-09-28T17:00:00Z,REPLAY,predicted,I061:mass_transport:2,I061,mass_transport,w-pc-06,5,No unit able to provide mass transport could reach this ward within 45 minutes without pulling a unit off a higher-severity ward.
360.0,2025-09-28T17:00:00Z,REPLAY,predicted,I062:mass_transport:0,I062,mass_transport,w-pc-11,5,No unit able to provide mass transport could reach this ward within 45 minutes without pulling a unit off a higher-severity ward.
360.0,2025-09-28T17:00:00Z,REPLAY,predicted,I062:mass_transport:1,I062,mass_transport,w-pc-11,5,No unit able to provide mass transport could reach this ward within 45 minutes without pulling a unit off a higher-severity ward.
360.0,2025-09-28T17:00:00Z,REPLAY,predicted,I062:mass_transport:2,I062,mass_transport,w-pc-11,5,No unit able to provide mass transport could reach this ward within 45 minutes without pulling a unit off a higher-severity ward.
360.0,2025-09-28T17:00:00Z,REPLAY,predicted,I063:mass_transport:0,I063,mass_transport,w-pc-10,4,No unit able to provide mass transport could reach this ward within 45 minutes without pulling a unit off a higher-severity ward.
360.0,2025-09-28T17:00:00Z,REPLAY,predicted,I063:mass_transport:1,I063,mass_transport,w-pc-10,4,No unit able to provide mass transport could reach this ward within 45 minutes without pulling a unit off a higher-severity ward.
360.0,2025-09-28T17:00:00Z,REPLAY,predicted,I064:mass_transport:0,I064,mass_transport,w-pc-13,5,No unit able to provide mass transport could reach this ward within 45 minutes without pulling a unit off a higher-severity ward.
360.0,2025-09-28T17:00:00Z,REPLAY,predicted,I064:mass_transport:1,I064,mass_transport,w-pc-13,5,No unit able to provide mass transport could reach this ward within 45 minutes without pulling a unit off a higher-severity ward.
360.0,2025-09-28T17:00:00Z,REPLAY,predicted,I064:mass_transport:2,I064,mass_transport,w-pc-13,5,No unit able to provide mass transport could reach this ward within 45 minutes without pulling a unit off a higher-severity ward.
360.0,2025-09-28T17:00:00Z,REPLAY,predicted,I065:mass_transport:0,I065,mass_transport,w-pc-11,5,No unit able to provide mass transport could reach this ward within 45 minutes without pulling a unit off a higher-severity ward.
360.0,2025-09-28T17:00:00Z,REPLAY,predicted,I065:mass_transport:1,I065,mass_transport,w-pc-11,5,No unit able to provide mass transport could reach this ward within 45 minutes without pulling a unit off a higher-severity ward.
360.0,2025-09-28T17:00:00Z,REPLAY,predicted,I065:mass_transport:2,I065,mass_transport,w-pc-11,5,No unit able to provide mass transport could reach this ward within 45 minutes without pulling a unit off a higher-severity ward.
360.0,2025-09-28T17:00:00Z,REPLAY,predicted,I066:mass_transport:0,I066,mass_transport,w-pc-11,4,No unit able to provide mass transport could reach this ward within 45 minutes without pulling a unit off a higher-severity ward.
360.0,2025-09-28T17:00:00Z,REPLAY,predicted,I066:mass_transport:1,I066,mass_transport,w-pc-11,4,No unit able to provide mass transport could reach this ward within 45 minutes without pulling a unit off a higher-severity ward.
360.0,2025-09-28T17:00:00Z,REPLAY,predicted,I069:mass_transport:0,I069,mass_transport,w-pc-10,4,No unit able to provide mass transport could reach this ward within 45 minutes without pulling a unit off a higher-severity ward.
360.0,2025-09-28T17:00:00Z,REPLAY,predicted,I069:mass_transport:1,I069,mass_transport,w-pc-10,4,No unit able to provide mass transport could reach this ward within 45 minutes without pulling a unit off a higher-severity ward.
360.0,2025-09-28T17:00:00Z,REPLAY,predicted,I069:dewatering:0,I069,dewatering,w-pc-10,4,No unit able to provide dewatering could reach this ward within 45 minutes without pulling a unit off a higher-severity ward.
360.0,2025-09-28T17:00:00Z,REPLAY,predicted,I072:mass_transport:0,I072,mass_transport,w-pc-07,4,No unit able to provide mass transport could reach this ward within 45 minutes without pulling a unit off a higher-severity ward.
360.0,2025-09-28T17:00:00Z,REPLAY,predicted,I072:mass_transport:1,I072,mass_transport,w-pc-07,4,No unit able to provide mass transport could reach this ward within 45 minutes without pulling a unit off a higher-severity ward.
360.0,2025-09-28T17:00:00Z,REPLAY,predicted,I072:dewatering:0,I072,dewatering,w-pc-07,4,No unit able to provide dewatering could reach this ward within 45 minutes without pulling a unit off a higher-severity ward.
360.0,2025-09-28T17:00:00Z,REPLAY,predicted,I073:mass_transport:0,I073,mass_transport,w-pc-14,4,No unit able to provide mass transport could reach this ward within 45 minutes without pulling a unit off a higher-severity ward.
360.0,2025-09-28T17:00:00Z,REPLAY,predicted,I073:mass_transport:1,I073,mass_transport,w-pc-14,4,No unit able to provide mass transport could reach this ward within 45 minutes without pulling a unit off a higher-severity ward.
360.0,2025-09-28T17:00:00Z,REPLAY,predicted,I073:dewatering:0,I073,dewatering,w-pc-14,4,No unit able to provide dewatering could reach this ward within 45 minutes without pulling a unit off a higher-severity ward.
360.0,2025-09-28T17:00:00Z,REPLAY,predicted,I079:field_assessment:0,I079,field_assessment,w-pc-04,2,No unit able to provide field assessment could reach this ward within 45 minutes without pulling a unit off a higher-severity ward.
360.0,2025-09-28T17:00:00Z,REPLAY,predicted,I080:field_assessment:0,I080,field_assessment,w-pc-07,2,No unit able to provide field assessment could reach this ward within 45 minutes without pulling a unit off a higher-severity ward.
360.0,2025-09-28T17:00:00Z,REPLAY,predicted,I081:field_assessment:0,I081,field_assessment,w-pc-07,2,No unit able to provide field assessment could reach this ward within 45 minutes without pulling a unit off a higher-severity ward.
370.0,2025-09-28T17:10:00Z,REPLAY,predicted,I001:mass_transport:0,I001,mass_transport,w-pc-11,5,No unit able to provide mass transport could reach this ward within 45 minutes without pulling a unit off a higher-severity ward.
370.0,2025-09-28T17:10:00Z,REPLAY,predicted,I001:mass_transport:1,I001,mass_transport,w-pc-11,5,No unit able to provide mass transport could reach this ward within 45 minutes without pulling a unit off a higher-severity ward.
370.0,2025-09-28T17:10:00Z,REPLAY,predicted,I001:mass_transport:2,I001,mass_transport,w-pc-11,5,No unit able to provide mass transport could reach this ward within 45 minutes without pulling a unit off a higher-severity ward.
370.0,2025-09-28T17:10:00Z,REPLAY,predicted,I006:mass_transport:0,I006,mass_transport,w-pc-14,5,No unit able to provide mass transport could reach this ward within 45 minutes without pulling a unit off a higher-severity ward.
370.0,2025-09-28T17:10:00Z,REPLAY,predicted,I006:mass_transport:1,I006,mass_transport,w-pc-14,5,No unit able to provide mass transport could reach this ward within 45 minutes without pulling a unit off a higher-severity ward.
370.0,2025-09-28T17:10:00Z,REPLAY,predicted,I006:mass_transport:2,I006,mass_transport,w-pc-14,5,No unit able to provide mass transport could reach this ward within 45 minutes without pulling a unit off a higher-severity ward.
370.0,2025-09-28T17:10:00Z,REPLAY,predicted,I009:mass_transport:0,I009,mass_transport,w-pc-07,4,No unit able to provide mass transport could reach this ward within 45 minutes without pulling a unit off a higher-severity ward.
370.0,2025-09-28T17:10:00Z,REPLAY,predicted,I009:mass_transport:1,I009,mass_transport,w-pc-07,4,No unit able to provide mass transport could reach this ward within 45 minutes without pulling a unit off a higher-severity ward.
370.0,2025-09-28T17:10:00Z,REPLAY,predicted,I011:mass_transport:0,I011,mass_transport,w-pc-14,4,No unit able to provide mass transport could reach this ward within 45 minutes without pulling a unit off a higher-severity ward.
370.0,2025-09-28T17:10:00Z,REPLAY,predicted,I011:mass_transport:1,I011,mass_transport,w-pc-14,4,No unit able to provide mass transport could reach this ward within 45 minutes without pulling a unit off a higher-severity ward.
370.0,2025-09-28T17:10:00Z,REPLAY,predicted,I015:mass_transport:0,I015,mass_transport,w-pc-11,4,No unit able to provide mass transport could reach this ward within 45 minutes without pulling a unit off a higher-severity ward.
370.0,2025-09-28T17:10:00Z,REPLAY,predicted,I015:mass_transport:1,I015,mass_transport,w-pc-11,4,No unit able to provide mass transport could reach this ward within 45 minutes without pulling a unit off a higher-severity ward.
370.0,2025-09-28T17:10:00Z,REPLAY,predicted,I017:mass_transport:0,I017,mass_transport,w-pc-07,5,No unit able to provide mass transport could reach this ward within 45 minutes without pulling a unit off a higher-severity ward.
370.0,2025-09-28T17:10:00Z,REPLAY,predicted,I017:mass_transport:1,I017,mass_transport,w-pc-07,5,No unit able to provide mass transport could reach this ward within 45 minutes without pulling a unit off a higher-severity ward.
370.0,2025-09-28T17:10:00Z,REPLAY,predicted,I024:mass_transport:0,I024,mass_transport,w-pc-06,4,No unit able to provide mass transport could reach this ward within 45 minutes without pulling a unit off a higher-severity ward.
370.0,2025-09-28T17:10:00Z,REPLAY,predicted,I024:mass_transport:1,I024,mass_transport,w-pc-06,4,No unit able to provide mass transport could reach this ward within 45 minutes without pulling a unit off a higher-severity ward.
370.0,2025-09-28T17:10:00Z,REPLAY,predicted,I027:mass_transport:0,I027,mass_transport,w-pc-10,4,No unit able to provide mass transport could reach this ward within 45 minutes without pulling a unit off a higher-severity ward.
370.0,2025-09-28T17:10:00Z,REPLAY,predicted,I027:mass_transport:1,I027,mass_transport,w-pc-10,4,No unit able to provide mass transport could reach this ward within 45 minutes without pulling a unit off a higher-severity ward.
370.0,2025-09-28T17:10:00Z,REPLAY,predicted,I029:mass_transport:0,I029,mass_transport,w-pc-13,4,No unit able to provide mass transport could reach this ward within 45 minutes without pulling a unit off a higher-severity ward.
370.0,2025-09-28T17:10:00Z,REPLAY,predicted,I030:mass_transport:0,I030,mass_transport,w-pc-06,4,No unit able to provide mass transport could reach this ward within 45 minutes without pulling a unit off a higher-severity ward.
370.0,2025-09-28T17:10:00Z,REPLAY,predicted,I030:mass_transport:1,I030,mass_transport,w-pc-06,4,No unit able to provide mass transport could reach this ward within 45 minutes without pulling a unit off a higher-severity ward.
370.0,2025-09-28T17:10:00Z,REPLAY,predicted,I036:mass_transport:0,I036,mass_transport,w-pc-11,5,No unit able to provide mass transport could reach this ward within 45 minutes without pulling a unit off a higher-severity ward.
370.0,2025-09-28T17:10:00Z,REPLAY,predicted,I036:mass_transport:1,I036,mass_transport,w-pc-11,5,No unit able to provide mass transport could reach this ward within 45 minutes without pulling a unit off a higher-severity ward.
370.0,2025-09-28T17:10:00Z,REPLAY,predicted,I036:mass_transport:2,I036,mass_transport,w-pc-11,5,No unit able to provide mass transport could reach this ward within 45 minutes without pulling a unit off a higher-severity ward.
370.0,2025-09-28T17:10:00Z,REPLAY,predicted,I040:mass_transport:0,I040,mass_transport,w-pc-13,4,No unit able to provide mass transport could reach this ward within 45 minutes without pulling a unit off a higher-severity ward.
370.0,2025-09-28T17:10:00Z,REPLAY,predicted,I047:mass_transport:0,I047,mass_transport,w-pc-11,5,No unit able to provide mass transport could reach this ward within 45 minutes without pulling a unit off a higher-severity ward.
370.0,2025-09-28T17:10:00Z,REPLAY,predicted,I047:mass_transport:1,I047,mass_transport,w-pc-11,5,No unit able to provide mass transport could reach this ward within 45 minutes without pulling a unit off a higher-severity ward.
370.0,2025-09-28T17:10:00Z,REPLAY,predicted,I047:mass_transport:2,I047,mass_transport,w-pc-11,5,No unit able to provide mass transport could reach this ward within 45 minutes without pulling a unit off a higher-severity ward.
370.0,2025-09-28T17:10:00Z,REPLAY,predicted,I049:mass_transport:0,I049,mass_transport,w-pc-07,5,No unit able to provide mass transport could reach this ward within 45 minutes without pulling a unit off a higher-severity ward.
370.0,2025-09-28T17:10:00Z,REPLAY,predicted,I049:mass_transport:1,I049,mass_transport,w-pc-07,5,No unit able to provide mass transport could reach this ward within 45 minutes without pulling a unit off a higher-severity ward.
370.0,2025-09-28T17:10:00Z,REPLAY,predicted,I049:mass_transport:2,I049,mass_transport,w-pc-07,5,No unit able to provide mass transport could reach this ward within 45 minutes without pulling a unit off a higher-severity ward.
370.0,2025-09-28T17:10:00Z,REPLAY,predicted,I055:mass_transport:0,I055,mass_transport,w-pc-10,5,No unit able to provide mass transport could reach this ward within 45 minutes without pulling a unit off a higher-severity ward.
370.0,2025-09-28T17:10:00Z,REPLAY,predicted,I055:mass_transport:1,I055,mass_transport,w-pc-10,5,No unit able to provide mass transport could reach this ward within 45 minutes without pulling a unit off a higher-severity ward.
370.0,2025-09-28T17:10:00Z,REPLAY,predicted,I055:mass_transport:2,I055,mass_transport,w-pc-10,5,No unit able to provide mass transport could reach this ward within 45 minutes without pulling a unit off a higher-severity ward.
370.0,2025-09-28T17:10:00Z,REPLAY,predicted,I058:mass_transport:0,I058,mass_transport,w-pc-02,4,No unit able to provide mass transport could reach this ward within 45 minutes without pulling a unit off a higher-severity ward.
370.0,2025-09-28T17:10:00Z,REPLAY,predicted,I058:mass_transport:1,I058,mass_transport,w-pc-02,4,No unit able to provide mass transport could reach this ward within 45 minutes without pulling a unit off a higher-severity ward.
370.0,2025-09-28T17:10:00Z,REPLAY,predicted,I061:mass_transport:0,I061,mass_transport,w-pc-06,5,No unit able to provide mass transport could reach this ward within 45 minutes without pulling a unit off a higher-severity ward.
370.0,2025-09-28T17:10:00Z,REPLAY,predicted,I061:mass_transport:1,I061,mass_transport,w-pc-06,5,No unit able to provide mass transport could reach this ward within 45 minutes without pulling a unit off a higher-severity ward.
370.0,2025-09-28T17:10:00Z,REPLAY,predicted,I061:mass_transport:2,I061,mass_transport,w-pc-06,5,No unit able to provide mass transport could reach this ward within 45 minutes without pulling a unit off a higher-severity ward.
370.0,2025-09-28T17:10:00Z,REPLAY,predicted,I062:mass_transport:0,I062,mass_transport,w-pc-11,5,No unit able to provide mass transport could reach this ward within 45 minutes without pulling a unit off a higher-severity ward.
370.0,2025-09-28T17:10:00Z,REPLAY,predicted,I062:mass_transport:1,I062,mass_transport,w-pc-11,5,No unit able to provide mass transport could reach this ward within 45 minutes without pulling a unit off a higher-severity ward.
370.0,2025-09-28T17:10:00Z,REPLAY,predicted,I062:mass_transport:2,I062,mass_transport,w-pc-11,5,No unit able to provide mass transport could reach this ward within 45 minutes without pulling a unit off a higher-severity ward.
370.0,2025-09-28T17:10:00Z,REPLAY,predicted,I063:mass_transport:0,I063,mass_transport,w-pc-10,4,No unit able to provide mass transport could reach this ward within 45 minutes without pulling a unit off a higher-severity ward.
370.0,2025-09-28T17:10:00Z,REPLAY,predicted,I063:mass_transport:1,I063,mass_transport,w-pc-10,4,No unit able to provide mass transport could reach this ward within 45 minutes without pulling a unit off a higher-severity ward.
370.0,2025-09-28T17:10:00Z,REPLAY,predicted,I064:mass_transport:0,I064,mass_transport,w-pc-13,5,No unit able to provide mass transport could reach this ward within 45 minutes without pulling a unit off a higher-severity ward.
370.0,2025-09-28T17:10:00Z,REPLAY,predicted,I064:mass_transport:1,I064,mass_transport,w-pc-13,5,No unit able to provide mass transport could reach this ward within 45 minutes without pulling a unit off a higher-severity ward.
370.0,2025-09-28T17:10:00Z,REPLAY,predicted,I064:mass_transport:2,I064,mass_transport,w-pc-13,5,No unit able to provide mass transport could reach this ward within 45 minutes without pulling a unit off a higher-severity ward.
370.0,2025-09-28T17:10:00Z,REPLAY,predicted,I065:mass_transport:0,I065,mass_transport,w-pc-11,5,No unit able to provide mass transport could reach this ward within 45 minutes without pulling a unit off a higher-severity ward.
370.0,2025-09-28T17:10:00Z,REPLAY,predicted,I065:mass_transport:1,I065,mass_transport,w-pc-11,5,No unit able to provide mass transport could reach this ward within 45 minutes without pulling a unit off a higher-severity ward.
370.0,2025-09-28T17:10:00Z,REPLAY,predicted,I065:mass_transport:2,I065,mass_transport,w-pc-11,5,No unit able to provide mass transport could reach this ward within 45 minutes without pulling a unit off a higher-severity ward.
370.0,2025-09-28T17:10:00Z,REPLAY,predicted,I066:mass_transport:0,I066,mass_transport,w-pc-11,4,No unit able to provide mass transport could reach this ward within 45 minutes without pulling a unit off a higher-severity ward.
370.0,2025-09-28T17:10:00Z,REPLAY,predicted,I066:mass_transport:1,I066,mass_transport,w-pc-11,4,No unit able to provide mass transport could reach this ward within 45 minutes without pulling a unit off a higher-severity ward.
370.0,2025-09-28T17:10:00Z,REPLAY,predicted,I069:mass_transport:0,I069,mass_transport,w-pc-10,4,No unit able to provide mass transport could reach this ward within 45 minutes without pulling a unit off a higher-severity ward.
370.0,2025-09-28T17:10:00Z,REPLAY,predicted,I069:mass_transport:1,I069,mass_transport,w-pc-10,4,No unit able to provide mass transport could reach this ward within 45 minutes without pulling a unit off a higher-severity ward.
370.0,2025-09-28T17:10:00Z,REPLAY,predicted,I069:dewatering:0,I069,dewatering,w-pc-10,4,No unit able to provide dewatering could reach this ward within 45 minutes without pulling a unit off a higher-severity ward.
370.0,2025-09-28T17:10:00Z,REPLAY,predicted,I072:mass_transport:0,I072,mass_transport,w-pc-07,4,No unit able to provide mass transport could reach this ward within 45 minutes without pulling a unit off a higher-severity ward.
370.0,2025-09-28T17:10:00Z,REPLAY,predicted,I072:mass_transport:1,I072,mass_transport,w-pc-07,4,No unit able to provide mass transport could reach this ward within 45 minutes without pulling a unit off a higher-severity ward.
370.0,2025-09-28T17:10:00Z,REPLAY,predicted,I072:dewatering:0,I072,dewatering,w-pc-07,4,No unit able to provide dewatering could reach this ward within 45 minutes without pulling a unit off a higher-severity ward.
370.0,2025-09-28T17:10:00Z,REPLAY,predicted,I073:mass_transport:0,I073,mass_transport,w-pc-14,4,No unit able to provide mass transport could reach this ward within 45 minutes without pulling a unit off a higher-severity ward.
370.0,2025-09-28T17:10:00Z,REPLAY,predicted,I073:mass_transport:1,I073,mass_transport,w-pc-14,4,No unit able to provide mass transport could reach this ward within 45 minutes without pulling a unit off a higher-severity ward.
370.0,2025-09-28T17:10:00Z,REPLAY,predicted,I073:dewatering:0,I073,dewatering,w-pc-14,4,No unit able to provide dewatering could reach this ward within 45 minutes without pulling a unit off a higher-severity ward.
370.0,2025-09-28T17:10:00Z,REPLAY,predicted,I078:mass_transport:0,I078,mass_transport,w-pc-13,4,No unit able to provide mass transport could reach this ward within 45 minutes without pulling a unit off a higher-severity ward.
370.0,2025-09-28T17:10:00Z,REPLAY,predicted,I078:mass_transport:1,I078,mass_transport,w-pc-13,4,No unit able to provide mass transport could reach this ward within 45 minutes without pulling a unit off a higher-severity ward.
370.0,2025-09-28T17:10:00Z,REPLAY,predicted,I082:field_assessment:0,I082,field_assessment,w-pc-09,2,No unit able to provide field assessment could reach this ward within 45 minutes without pulling a unit off a higher-severity ward.
370.0,2025-09-28T17:10:00Z,REPLAY,predicted,I083:field_assessment:0,I083,field_assessment,w-pc-12,2,No unit able to provide field assessment could reach this ward within 45 minutes without pulling a unit off a higher-severity ward.
370.0,2025-09-28T17:10:00Z,REPLAY,predicted,I084:field_assessment:0,I084,field_assessment,w-pc-11,2,No unit able to provide field assessment could reach this ward within 45 minutes without pulling a unit off a higher-severity ward.
380.0,2025-09-28T17:20:00Z,REPLAY,predicted,I001:mass_transport:0,I001,mass_transport,w-pc-11,5,No unit able to provide mass transport could reach this ward within 45 minutes without pulling a unit off a higher-severity ward.
380.0,2025-09-28T17:20:00Z,REPLAY,predicted,I001:mass_transport:1,I001,mass_transport,w-pc-11,5,No unit able to provide mass transport could reach this ward within 45 minutes without pulling a unit off a higher-severity ward.
380.0,2025-09-28T17:20:00Z,REPLAY,predicted,I001:mass_transport:2,I001,mass_transport,w-pc-11,5,No unit able to provide mass transport could reach this ward within 45 minutes without pulling a unit off a higher-severity ward.
380.0,2025-09-28T17:20:00Z,REPLAY,predicted,I006:mass_transport:0,I006,mass_transport,w-pc-14,5,No unit able to provide mass transport could reach this ward within 45 minutes without pulling a unit off a higher-severity ward.
380.0,2025-09-28T17:20:00Z,REPLAY,predicted,I006:mass_transport:1,I006,mass_transport,w-pc-14,5,No unit able to provide mass transport could reach this ward within 45 minutes without pulling a unit off a higher-severity ward.
380.0,2025-09-28T17:20:00Z,REPLAY,predicted,I006:mass_transport:2,I006,mass_transport,w-pc-14,5,No unit able to provide mass transport could reach this ward within 45 minutes without pulling a unit off a higher-severity ward.
380.0,2025-09-28T17:20:00Z,REPLAY,predicted,I009:mass_transport:0,I009,mass_transport,w-pc-07,4,No unit able to provide mass transport could reach this ward within 45 minutes without pulling a unit off a higher-severity ward.
380.0,2025-09-28T17:20:00Z,REPLAY,predicted,I009:mass_transport:1,I009,mass_transport,w-pc-07,4,No unit able to provide mass transport could reach this ward within 45 minutes without pulling a unit off a higher-severity ward.
380.0,2025-09-28T17:20:00Z,REPLAY,predicted,I011:mass_transport:0,I011,mass_transport,w-pc-14,4,No unit able to provide mass transport could reach this ward within 45 minutes without pulling a unit off a higher-severity ward.
380.0,2025-09-28T17:20:00Z,REPLAY,predicted,I011:mass_transport:1,I011,mass_transport,w-pc-14,4,No unit able to provide mass transport could reach this ward within 45 minutes without pulling a unit off a higher-severity ward.
380.0,2025-09-28T17:20:00Z,REPLAY,predicted,I015:mass_transport:0,I015,mass_transport,w-pc-11,4,No unit able to provide mass transport could reach this ward within 45 minutes without pulling a unit off a higher-severity ward.
380.0,2025-09-28T17:20:00Z,REPLAY,predicted,I015:mass_transport:1,I015,mass_transport,w-pc-11,4,No unit able to provide mass transport could reach this ward within 45 minutes without pulling a unit off a higher-severity ward.
380.0,2025-09-28T17:20:00Z,REPLAY,predicted,I017:mass_transport:0,I017,mass_transport,w-pc-07,5,No unit able to provide mass transport could reach this ward within 45 minutes without pulling a unit off a higher-severity ward.
380.0,2025-09-28T17:20:00Z,REPLAY,predicted,I017:mass_transport:1,I017,mass_transport,w-pc-07,5,No unit able to provide mass transport could reach this ward within 45 minutes without pulling a unit off a higher-severity ward.
380.0,2025-09-28T17:20:00Z,REPLAY,predicted,I024:mass_transport:0,I024,mass_transport,w-pc-06,4,No unit able to provide mass transport could reach this ward within 45 minutes without pulling a unit off a higher-severity ward.
380.0,2025-09-28T17:20:00Z,REPLAY,predicted,I024:mass_transport:1,I024,mass_transport,w-pc-06,4,No unit able to provide mass transport could reach this ward within 45 minutes without pulling a unit off a higher-severity ward.
380.0,2025-09-28T17:20:00Z,REPLAY,predicted,I027:mass_transport:0,I027,mass_transport,w-pc-10,4,No unit able to provide mass transport could reach this ward within 45 minutes without pulling a unit off a higher-severity ward.
380.0,2025-09-28T17:20:00Z,REPLAY,predicted,I027:mass_transport:1,I027,mass_transport,w-pc-10,4,No unit able to provide mass transport could reach this ward within 45 minutes without pulling a unit off a higher-severity ward.
380.0,2025-09-28T17:20:00Z,REPLAY,predicted,I029:mass_transport:0,I029,mass_transport,w-pc-13,4,No unit able to provide mass transport could reach this ward within 45 minutes without pulling a unit off a higher-severity ward.
380.0,2025-09-28T17:20:00Z,REPLAY,predicted,I030:mass_transport:0,I030,mass_transport,w-pc-06,4,No unit able to provide mass transport could reach this ward within 45 minutes without pulling a unit off a higher-severity ward.
380.0,2025-09-28T17:20:00Z,REPLAY,predicted,I030:mass_transport:1,I030,mass_transport,w-pc-06,4,No unit able to provide mass transport could reach this ward within 45 minutes without pulling a unit off a higher-severity ward.
380.0,2025-09-28T17:20:00Z,REPLAY,predicted,I036:mass_transport:0,I036,mass_transport,w-pc-11,5,No unit able to provide mass transport could reach this ward within 45 minutes without pulling a unit off a higher-severity ward.
380.0,2025-09-28T17:20:00Z,REPLAY,predicted,I036:mass_transport:1,I036,mass_transport,w-pc-11,5,No unit able to provide mass transport could reach this ward within 45 minutes without pulling a unit off a higher-severity ward.
380.0,2025-09-28T17:20:00Z,REPLAY,predicted,I036:mass_transport:2,I036,mass_transport,w-pc-11,5,No unit able to provide mass transport could reach this ward within 45 minutes without pulling a unit off a higher-severity ward.
380.0,2025-09-28T17:20:00Z,REPLAY,predicted,I040:mass_transport:0,I040,mass_transport,w-pc-13,4,No unit able to provide mass transport could reach this ward within 45 minutes without pulling a unit off a higher-severity ward.
380.0,2025-09-28T17:20:00Z,REPLAY,predicted,I047:mass_transport:0,I047,mass_transport,w-pc-11,5,No unit able to provide mass transport could reach this ward within 45 minutes without pulling a unit off a higher-severity ward.
380.0,2025-09-28T17:20:00Z,REPLAY,predicted,I047:mass_transport:1,I047,mass_transport,w-pc-11,5,No unit able to provide mass transport could reach this ward within 45 minutes without pulling a unit off a higher-severity ward.
380.0,2025-09-28T17:20:00Z,REPLAY,predicted,I047:mass_transport:2,I047,mass_transport,w-pc-11,5,No unit able to provide mass transport could reach this ward within 45 minutes without pulling a unit off a higher-severity ward.
380.0,2025-09-28T17:20:00Z,REPLAY,predicted,I049:mass_transport:0,I049,mass_transport,w-pc-07,5,No unit able to provide mass transport could reach this ward within 45 minutes without pulling a unit off a higher-severity ward.
380.0,2025-09-28T17:20:00Z,REPLAY,predicted,I049:mass_transport:1,I049,mass_transport,w-pc-07,5,No unit able to provide mass transport could reach this ward within 45 minutes without pulling a unit off a higher-severity ward.
380.0,2025-09-28T17:20:00Z,REPLAY,predicted,I049:mass_transport:2,I049,mass_transport,w-pc-07,5,No unit able to provide mass transport could reach this ward within 45 minutes without pulling a unit off a higher-severity ward.
380.0,2025-09-28T17:20:00Z,REPLAY,predicted,I055:mass_transport:0,I055,mass_transport,w-pc-10,5,No unit able to provide mass transport could reach this ward within 45 minutes without pulling a unit off a higher-severity ward.
380.0,2025-09-28T17:20:00Z,REPLAY,predicted,I055:mass_transport:1,I055,mass_transport,w-pc-10,5,No unit able to provide mass transport could reach this ward within 45 minutes without pulling a unit off a higher-severity ward.
380.0,2025-09-28T17:20:00Z,REPLAY,predicted,I055:mass_transport:2,I055,mass_transport,w-pc-10,5,No unit able to provide mass transport could reach this ward within 45 minutes without pulling a unit off a higher-severity ward.
380.0,2025-09-28T17:20:00Z,REPLAY,predicted,I058:mass_transport:0,I058,mass_transport,w-pc-02,4,No unit able to provide mass transport could reach this ward within 45 minutes without pulling a unit off a higher-severity ward.
380.0,2025-09-28T17:20:00Z,REPLAY,predicted,I058:mass_transport:1,I058,mass_transport,w-pc-02,4,No unit able to provide mass transport could reach this ward within 45 minutes without pulling a unit off a higher-severity ward.
380.0,2025-09-28T17:20:00Z,REPLAY,predicted,I061:mass_transport:0,I061,mass_transport,w-pc-06,5,No unit able to provide mass transport could reach this ward within 45 minutes without pulling a unit off a higher-severity ward.
380.0,2025-09-28T17:20:00Z,REPLAY,predicted,I061:mass_transport:1,I061,mass_transport,w-pc-06,5,No unit able to provide mass transport could reach this ward within 45 minutes without pulling a unit off a higher-severity ward.
380.0,2025-09-28T17:20:00Z,REPLAY,predicted,I061:mass_transport:2,I061,mass_transport,w-pc-06,5,No unit able to provide mass transport could reach this ward within 45 minutes without pulling a unit off a higher-severity ward.
380.0,2025-09-28T17:20:00Z,REPLAY,predicted,I062:mass_transport:0,I062,mass_transport,w-pc-11,5,No unit able to provide mass transport could reach this ward within 45 minutes without pulling a unit off a higher-severity ward.
380.0,2025-09-28T17:20:00Z,REPLAY,predicted,I062:mass_transport:1,I062,mass_transport,w-pc-11,5,No unit able to provide mass transport could reach this ward within 45 minutes without pulling a unit off a higher-severity ward.
380.0,2025-09-28T17:20:00Z,REPLAY,predicted,I062:mass_transport:2,I062,mass_transport,w-pc-11,5,No unit able to provide mass transport could reach this ward within 45 minutes without pulling a unit off a higher-severity ward.
380.0,2025-09-28T17:20:00Z,REPLAY,predicted,I063:mass_transport:0,I063,mass_transport,w-pc-10,4,No unit able to provide mass transport could reach this ward within 45 minutes without pulling a unit off a higher-severity ward.
380.0,2025-09-28T17:20:00Z,REPLAY,predicted,I063:mass_transport:1,I063,mass_transport,w-pc-10,4,No unit able to provide mass transport could reach this ward within 45 minutes without pulling a unit off a higher-severity ward.
380.0,2025-09-28T17:20:00Z,REPLAY,predicted,I064:mass_transport:0,I064,mass_transport,w-pc-13,5,No unit able to provide mass transport could reach this ward within 45 minutes without pulling a unit off a higher-severity ward.
380.0,2025-09-28T17:20:00Z,REPLAY,predicted,I064:mass_transport:1,I064,mass_transport,w-pc-13,5,No unit able to provide mass transport could reach this ward within 45 minutes without pulling a unit off a higher-severity ward.
380.0,2025-09-28T17:20:00Z,REPLAY,predicted,I064:mass_transport:2,I064,mass_transport,w-pc-13,5,No unit able to provide mass transport could reach this ward within 45 minutes without pulling a unit off a higher-severity ward.
380.0,2025-09-28T17:20:00Z,REPLAY,predicted,I065:mass_transport:0,I065,mass_transport,w-pc-11,5,No unit able to provide mass transport could reach this ward within 45 minutes without pulling a unit off a higher-severity ward.
380.0,2025-09-28T17:20:00Z,REPLAY,predicted,I065:mass_transport:1,I065,mass_transport,w-pc-11,5,No unit able to provide mass transport could reach this ward within 45 minutes without pulling a unit off a higher-severity ward.
380.0,2025-09-28T17:20:00Z,REPLAY,predicted,I065:mass_transport:2,I065,mass_transport,w-pc-11,5,No unit able to provide mass transport could reach this ward within 45 minutes without pulling a unit off a higher-severity ward.
380.0,2025-09-28T17:20:00Z,REPLAY,predicted,I066:mass_transport:0,I066,mass_transport,w-pc-11,4,No unit able to provide mass transport could reach this ward within 45 minutes without pulling a unit off a higher-severity ward.
380.0,2025-09-28T17:20:00Z,REPLAY,predicted,I066:mass_transport:1,I066,mass_transport,w-pc-11,4,No unit able to provide mass transport could reach this ward within 45 minutes without pulling a unit off a higher-severity ward.
380.0,2025-09-28T17:20:00Z,REPLAY,predicted,I069:mass_transport:0,I069,mass_transport,w-pc-10,4,No unit able to provide mass transport could reach this ward within 45 minutes without pulling a unit off a higher-severity ward.
380.0,2025-09-28T17:20:00Z,REPLAY,predicted,I069:mass_transport:1,I069,mass_transport,w-pc-10,4,No unit able to provide mass transport could reach this ward within 45 minutes without pulling a unit off a higher-severity ward.
380.0,2025-09-28T17:20:00Z,REPLAY,predicted,I069:dewatering:0,I069,dewatering,w-pc-10,4,No unit able to provide dewatering could reach this ward within 45 minutes without pulling a unit off a higher-severity ward.
380.0,2025-09-28T17:20:00Z,REPLAY,predicted,I072:mass_transport:0,I072,mass_transport,w-pc-07,4,No unit able to provide mass transport could reach this ward within 45 minutes without pulling a unit off a higher-severity ward.
380.0,2025-09-28T17:20:00Z,REPLAY,predicted,I072:mass_transport:1,I072,mass_transport,w-pc-07,4,No unit able to provide mass transport could reach this ward within 45 minutes without pulling a unit off a higher-severity ward.
380.0,2025-09-28T17:20:00Z,REPLAY,predicted,I072:dewatering:0,I072,dewatering,w-pc-07,4,No unit able to provide dewatering could reach this ward within 45 minutes without pulling a unit off a higher-severity ward.
380.0,2025-09-28T17:20:00Z,REPLAY,predicted,I073:mass_transport:0,I073,mass_transport,w-pc-14,4,No unit able to provide mass transport could reach this ward within 45 minutes without pulling a unit off a higher-severity ward.
380.0,2025-09-28T17:20:00Z,REPLAY,predicted,I073:mass_transport:1,I073,mass_transport,w-pc-14,4,No unit able to provide mass transport could reach this ward within 45 minutes without pulling a unit off a higher-severity ward.
380.0,2025-09-28T17:20:00Z,REPLAY,predicted,I073:dewatering:0,I073,dewatering,w-pc-14,4,No unit able to provide dewatering could reach this ward within 45 minutes without pulling a unit off a higher-severity ward.
380.0,2025-09-28T17:20:00Z,REPLAY,predicted,I075:mass_transport:0,I075,mass_transport,w-pc-02,4,No unit able to provide mass transport could reach this ward within 45 minutes without pulling a unit off a higher-severity ward.
380.0,2025-09-28T17:20:00Z,REPLAY,predicted,I075:mass_transport:1,I075,mass_transport,w-pc-02,4,No unit able to provide mass transport could reach this ward within 45 minutes without pulling a unit off a higher-severity ward.
380.0,2025-09-28T17:20:00Z,REPLAY,predicted,I078:mass_transport:0,I078,mass_transport,w-pc-13,4,No unit able to provide mass transport could reach this ward within 45 minutes without pulling a unit off a higher-severity ward.
380.0,2025-09-28T17:20:00Z,REPLAY,predicted,I078:mass_transport:1,I078,mass_transport,w-pc-13,4,No unit able to provide mass transport could reach this ward within 45 minutes without pulling a unit off a higher-severity ward.
380.0,2025-09-28T17:20:00Z,REPLAY,predicted,I080:mass_transport:0,I080,mass_transport,w-pc-07,4,No unit able to provide mass transport could reach this ward within 45 minutes without pulling a unit off a higher-severity ward.
380.0,2025-09-28T17:20:00Z,REPLAY,predicted,I080:mass_transport:1,I080,mass_transport,w-pc-07,4,No unit able to provide mass transport could reach this ward within 45 minutes without pulling a unit off a higher-severity ward.
380.0,2025-09-28T17:20:00Z,REPLAY,predicted,I080:dewatering:0,I080,dewatering,w-pc-07,4,No unit able to provide dewatering could reach this ward within 45 minutes without pulling a unit off a higher-severity ward.
380.0,2025-09-28T17:20:00Z,REPLAY,predicted,I084:field_assessment:0,I084,field_assessment,w-pc-11,2,No unit able to provide field assessment could reach this ward within 45 minutes without pulling a unit off a higher-severity ward.
390.0,2025-09-28T17:30:00Z,REPLAY,predicted,I001:mass_transport:0,I001,mass_transport,w-pc-11,5,No unit able to provide mass transport could reach this ward within 45 minutes without pulling a unit off a higher-severity ward.
390.0,2025-09-28T17:30:00Z,REPLAY,predicted,I001:mass_transport:1,I001,mass_transport,w-pc-11,5,No unit able to provide mass transport could reach this ward within 45 minutes without pulling a unit off a higher-severity ward.
390.0,2025-09-28T17:30:00Z,REPLAY,predicted,I001:mass_transport:2,I001,mass_transport,w-pc-11,5,No unit able to provide mass transport could reach this ward within 45 minutes without pulling a unit off a higher-severity ward.
390.0,2025-09-28T17:30:00Z,REPLAY,predicted,I006:mass_transport:0,I006,mass_transport,w-pc-14,5,No unit able to provide mass transport could reach this ward within 45 minutes without pulling a unit off a higher-severity ward.
390.0,2025-09-28T17:30:00Z,REPLAY,predicted,I006:mass_transport:1,I006,mass_transport,w-pc-14,5,No unit able to provide mass transport could reach this ward within 45 minutes without pulling a unit off a higher-severity ward.
390.0,2025-09-28T17:30:00Z,REPLAY,predicted,I006:mass_transport:2,I006,mass_transport,w-pc-14,5,No unit able to provide mass transport could reach this ward within 45 minutes without pulling a unit off a higher-severity ward.
390.0,2025-09-28T17:30:00Z,REPLAY,predicted,I009:mass_transport:0,I009,mass_transport,w-pc-07,4,No unit able to provide mass transport could reach this ward within 45 minutes without pulling a unit off a higher-severity ward.
390.0,2025-09-28T17:30:00Z,REPLAY,predicted,I009:mass_transport:1,I009,mass_transport,w-pc-07,4,No unit able to provide mass transport could reach this ward within 45 minutes without pulling a unit off a higher-severity ward.
390.0,2025-09-28T17:30:00Z,REPLAY,predicted,I011:mass_transport:0,I011,mass_transport,w-pc-14,4,No unit able to provide mass transport could reach this ward within 45 minutes without pulling a unit off a higher-severity ward.
390.0,2025-09-28T17:30:00Z,REPLAY,predicted,I011:mass_transport:1,I011,mass_transport,w-pc-14,4,No unit able to provide mass transport could reach this ward within 45 minutes without pulling a unit off a higher-severity ward.
390.0,2025-09-28T17:30:00Z,REPLAY,predicted,I015:mass_transport:0,I015,mass_transport,w-pc-11,4,No unit able to provide mass transport could reach this ward within 45 minutes without pulling a unit off a higher-severity ward.
390.0,2025-09-28T17:30:00Z,REPLAY,predicted,I015:mass_transport:1,I015,mass_transport,w-pc-11,4,No unit able to provide mass transport could reach this ward within 45 minutes without pulling a unit off a higher-severity ward.
390.0,2025-09-28T17:30:00Z,REPLAY,predicted,I017:mass_transport:0,I017,mass_transport,w-pc-07,5,No unit able to provide mass transport could reach this ward within 45 minutes without pulling a unit off a higher-severity ward.
390.0,2025-09-28T17:30:00Z,REPLAY,predicted,I017:mass_transport:1,I017,mass_transport,w-pc-07,5,No unit able to provide mass transport could reach this ward within 45 minutes without pulling a unit off a higher-severity ward.
390.0,2025-09-28T17:30:00Z,REPLAY,predicted,I024:mass_transport:0,I024,mass_transport,w-pc-06,4,No unit able to provide mass transport could reach this ward within 45 minutes without pulling a unit off a higher-severity ward.
390.0,2025-09-28T17:30:00Z,REPLAY,predicted,I024:mass_transport:1,I024,mass_transport,w-pc-06,4,No unit able to provide mass transport could reach this ward within 45 minutes without pulling a unit off a higher-severity ward.
390.0,2025-09-28T17:30:00Z,REPLAY,predicted,I027:mass_transport:0,I027,mass_transport,w-pc-10,4,No unit able to provide mass transport could reach this ward within 45 minutes without pulling a unit off a higher-severity ward.
390.0,2025-09-28T17:30:00Z,REPLAY,predicted,I027:mass_transport:1,I027,mass_transport,w-pc-10,4,No unit able to provide mass transport could reach this ward within 45 minutes without pulling a unit off a higher-severity ward.
390.0,2025-09-28T17:30:00Z,REPLAY,predicted,I029:mass_transport:0,I029,mass_transport,w-pc-13,4,No unit able to provide mass transport could reach this ward within 45 minutes without pulling a unit off a higher-severity ward.
390.0,2025-09-28T17:30:00Z,REPLAY,predicted,I030:mass_transport:0,I030,mass_transport,w-pc-06,4,No unit able to provide mass transport could reach this ward within 45 minutes without pulling a unit off a higher-severity ward.
390.0,2025-09-28T17:30:00Z,REPLAY,predicted,I030:mass_transport:1,I030,mass_transport,w-pc-06,4,No unit able to provide mass transport could reach this ward within 45 minutes without pulling a unit off a higher-severity ward.
390.0,2025-09-28T17:30:00Z,REPLAY,predicted,I036:mass_transport:0,I036,mass_transport,w-pc-11,5,No unit able to provide mass transport could reach this ward within 45 minutes without pulling a unit off a higher-severity ward.
390.0,2025-09-28T17:30:00Z,REPLAY,predicted,I036:mass_transport:1,I036,mass_transport,w-pc-11,5,No unit able to provide mass transport could reach this ward within 45 minutes without pulling a unit off a higher-severity ward.
390.0,2025-09-28T17:30:00Z,REPLAY,predicted,I036:mass_transport:2,I036,mass_transport,w-pc-11,5,No unit able to provide mass transport could reach this ward within 45 minutes without pulling a unit off a higher-severity ward.
390.0,2025-09-28T17:30:00Z,REPLAY,predicted,I040:mass_transport:0,I040,mass_transport,w-pc-13,4,No unit able to provide mass transport could reach this ward within 45 minutes without pulling a unit off a higher-severity ward.
390.0,2025-09-28T17:30:00Z,REPLAY,predicted,I047:mass_transport:0,I047,mass_transport,w-pc-11,5,No unit able to provide mass transport could reach this ward within 45 minutes without pulling a unit off a higher-severity ward.
390.0,2025-09-28T17:30:00Z,REPLAY,predicted,I047:mass_transport:1,I047,mass_transport,w-pc-11,5,No unit able to provide mass transport could reach this ward within 45 minutes without pulling a unit off a higher-severity ward.
390.0,2025-09-28T17:30:00Z,REPLAY,predicted,I047:mass_transport:2,I047,mass_transport,w-pc-11,5,No unit able to provide mass transport could reach this ward within 45 minutes without pulling a unit off a higher-severity ward.
390.0,2025-09-28T17:30:00Z,REPLAY,predicted,I049:mass_transport:0,I049,mass_transport,w-pc-07,5,No unit able to provide mass transport could reach this ward within 45 minutes without pulling a unit off a higher-severity ward.
390.0,2025-09-28T17:30:00Z,REPLAY,predicted,I049:mass_transport:1,I049,mass_transport,w-pc-07,5,No unit able to provide mass transport could reach this ward within 45 minutes without pulling a unit off a higher-severity ward.
390.0,2025-09-28T17:30:00Z,REPLAY,predicted,I049:mass_transport:2,I049,mass_transport,w-pc-07,5,No unit able to provide mass transport could reach this ward within 45 minutes without pulling a unit off a higher-severity ward.
390.0,2025-09-28T17:30:00Z,REPLAY,predicted,I055:mass_transport:0,I055,mass_transport,w-pc-10,5,No unit able to provide mass transport could reach this ward within 45 minutes without pulling a unit off a higher-severity ward.
390.0,2025-09-28T17:30:00Z,REPLAY,predicted,I055:mass_transport:1,I055,mass_transport,w-pc-10,5,No unit able to provide mass transport could reach this ward within 45 minutes without pulling a unit off a higher-severity ward.
390.0,2025-09-28T17:30:00Z,REPLAY,predicted,I055:mass_transport:2,I055,mass_transport,w-pc-10,5,No unit able to provide mass transport could reach this ward within 45 minutes without pulling a unit off a higher-severity ward.
390.0,2025-09-28T17:30:00Z,REPLAY,predicted,I058:mass_transport:0,I058,mass_transport,w-pc-02,4,No unit able to provide mass transport could reach this ward within 45 minutes without pulling a unit off a higher-severity ward.
390.0,2025-09-28T17:30:00Z,REPLAY,predicted,I058:mass_transport:1,I058,mass_transport,w-pc-02,4,No unit able to provide mass transport could reach this ward within 45 minutes without pulling a unit off a higher-severity ward.
390.0,2025-09-28T17:30:00Z,REPLAY,predicted,I061:mass_transport:0,I061,mass_transport,w-pc-06,5,No unit able to provide mass transport could reach this ward within 45 minutes without pulling a unit off a higher-severity ward.
390.0,2025-09-28T17:30:00Z,REPLAY,predicted,I061:mass_transport:1,I061,mass_transport,w-pc-06,5,No unit able to provide mass transport could reach this ward within 45 minutes without pulling a unit off a higher-severity ward.
390.0,2025-09-28T17:30:00Z,REPLAY,predicted,I061:mass_transport:2,I061,mass_transport,w-pc-06,5,No unit able to provide mass transport could reach this ward within 45 minutes without pulling a unit off a higher-severity ward.
390.0,2025-09-28T17:30:00Z,REPLAY,predicted,I062:mass_transport:0,I062,mass_transport,w-pc-11,5,No unit able to provide mass transport could reach this ward within 45 minutes without pulling a unit off a higher-severity ward.
390.0,2025-09-28T17:30:00Z,REPLAY,predicted,I062:mass_transport:1,I062,mass_transport,w-pc-11,5,No unit able to provide mass transport could reach this ward within 45 minutes without pulling a unit off a higher-severity ward.
390.0,2025-09-28T17:30:00Z,REPLAY,predicted,I062:mass_transport:2,I062,mass_transport,w-pc-11,5,No unit able to provide mass transport could reach this ward within 45 minutes without pulling a unit off a higher-severity ward.
390.0,2025-09-28T17:30:00Z,REPLAY,predicted,I063:mass_transport:0,I063,mass_transport,w-pc-10,4,No unit able to provide mass transport could reach this ward within 45 minutes without pulling a unit off a higher-severity ward.
390.0,2025-09-28T17:30:00Z,REPLAY,predicted,I063:mass_transport:1,I063,mass_transport,w-pc-10,4,No unit able to provide mass transport could reach this ward within 45 minutes without pulling a unit off a higher-severity ward.
390.0,2025-09-28T17:30:00Z,REPLAY,predicted,I064:mass_transport:0,I064,mass_transport,w-pc-13,5,No unit able to provide mass transport could reach this ward within 45 minutes without pulling a unit off a higher-severity ward.
390.0,2025-09-28T17:30:00Z,REPLAY,predicted,I064:mass_transport:1,I064,mass_transport,w-pc-13,5,No unit able to provide mass transport could reach this ward within 45 minutes without pulling a unit off a higher-severity ward.
390.0,2025-09-28T17:30:00Z,REPLAY,predicted,I064:mass_transport:2,I064,mass_transport,w-pc-13,5,No unit able to provide mass transport could reach this ward within 45 minutes without pulling a unit off a higher-severity ward.
390.0,2025-09-28T17:30:00Z,REPLAY,predicted,I065:mass_transport:0,I065,mass_transport,w-pc-11,5,No unit able to provide mass transport could reach this ward within 45 minutes without pulling a unit off a higher-severity ward.
390.0,2025-09-28T17:30:00Z,REPLAY,predicted,I065:mass_transport:1,I065,mass_transport,w-pc-11,5,No unit able to provide mass transport could reach this ward within 45 minutes without pulling a unit off a higher-severity ward.
390.0,2025-09-28T17:30:00Z,REPLAY,predicted,I065:mass_transport:2,I065,mass_transport,w-pc-11,5,No unit able to provide mass transport could reach this ward within 45 minutes without pulling a unit off a higher-severity ward.
390.0,2025-09-28T17:30:00Z,REPLAY,predicted,I066:mass_transport:0,I066,mass_transport,w-pc-11,4,No unit able to provide mass transport could reach this ward within 45 minutes without pulling a unit off a higher-severity ward.
390.0,2025-09-28T17:30:00Z,REPLAY,predicted,I066:mass_transport:1,I066,mass_transport,w-pc-11,4,No unit able to provide mass transport could reach this ward within 45 minutes without pulling a unit off a higher-severity ward.
390.0,2025-09-28T17:30:00Z,REPLAY,predicted,I069:mass_transport:0,I069,mass_transport,w-pc-10,4,No unit able to provide mass transport could reach this ward within 45 minutes without pulling a unit off a higher-severity ward.
390.0,2025-09-28T17:30:00Z,REPLAY,predicted,I069:mass_transport:1,I069,mass_transport,w-pc-10,4,No unit able to provide mass transport could reach this ward within 45 minutes without pulling a unit off a higher-severity ward.
390.0,2025-09-28T17:30:00Z,REPLAY,predicted,I072:mass_transport:0,I072,mass_transport,w-pc-07,4,No unit able to provide mass transport could reach this ward within 45 minutes without pulling a unit off a higher-severity ward.
390.0,2025-09-28T17:30:00Z,REPLAY,predicted,I072:mass_transport:1,I072,mass_transport,w-pc-07,4,No unit able to provide mass transport could reach this ward within 45 minutes without pulling a unit off a higher-severity ward.
390.0,2025-09-28T17:30:00Z,REPLAY,predicted,I073:mass_transport:0,I073,mass_transport,w-pc-14,4,No unit able to provide mass transport could reach this ward within 45 minutes without pulling a unit off a higher-severity ward.
390.0,2025-09-28T17:30:00Z,REPLAY,predicted,I073:mass_transport:1,I073,mass_transport,w-pc-14,4,No unit able to provide mass transport could reach this ward within 45 minutes without pulling a unit off a higher-severity ward.
390.0,2025-09-28T17:30:00Z,REPLAY,predicted,I075:mass_transport:0,I075,mass_transport,w-pc-02,4,No unit able to provide mass transport could reach this ward within 45 minutes without pulling a unit off a higher-severity ward.
390.0,2025-09-28T17:30:00Z,REPLAY,predicted,I075:mass_transport:1,I075,mass_transport,w-pc-02,4,No unit able to provide mass transport could reach this ward within 45 minutes without pulling a unit off a higher-severity ward.
390.0,2025-09-28T17:30:00Z,REPLAY,predicted,I078:mass_transport:0,I078,mass_transport,w-pc-13,4,No unit able to provide mass transport could reach this ward within 45 minutes without pulling a unit off a higher-severity ward.
390.0,2025-09-28T17:30:00Z,REPLAY,predicted,I078:mass_transport:1,I078,mass_transport,w-pc-13,4,No unit able to provide mass transport could reach this ward within 45 minutes without pulling a unit off a higher-severity ward.
390.0,2025-09-28T17:30:00Z,REPLAY,predicted,I079:field_assessment:0,I079,field_assessment,w-pc-04,2,No unit able to provide field assessment could reach this ward within 45 minutes without pulling a unit off a higher-severity ward.
390.0,2025-09-28T17:30:00Z,REPLAY,predicted,I080:mass_transport:0,I080,mass_transport,w-pc-07,4,No unit able to provide mass transport could reach this ward within 45 minutes without pulling a unit off a higher-severity ward.
390.0,2025-09-28T17:30:00Z,REPLAY,predicted,I080:mass_transport:1,I080,mass_transport,w-pc-07,4,No unit able to provide mass transport could reach this ward within 45 minutes without pulling a unit off a higher-severity ward.
390.0,2025-09-28T17:30:00Z,REPLAY,predicted,I080:dewatering:0,I080,dewatering,w-pc-07,4,No unit able to provide dewatering could reach this ward within 45 minutes without pulling a unit off a higher-severity ward.
390.0,2025-09-28T17:30:00Z,REPLAY,predicted,I082:field_assessment:0,I082,field_assessment,w-pc-09,2,No unit able to provide field assessment could reach this ward within 45 minutes without pulling a unit off a higher-severity ward.
390.0,2025-09-28T17:30:00Z,REPLAY,predicted,I084:field_assessment:0,I084,field_assessment,w-pc-11,2,No unit able to provide field assessment could reach this ward within 45 minutes without pulling a unit off a higher-severity ward.
400.0,2025-09-28T17:40:00Z,REPLAY,predicted,I001:mass_transport:0,I001,mass_transport,w-pc-11,5,No unit able to provide mass transport could reach this ward within 45 minutes without pulling a unit off a higher-severity ward.
400.0,2025-09-28T17:40:00Z,REPLAY,predicted,I001:mass_transport:1,I001,mass_transport,w-pc-11,5,No unit able to provide mass transport could reach this ward within 45 minutes without pulling a unit off a higher-severity ward.
400.0,2025-09-28T17:40:00Z,REPLAY,predicted,I001:mass_transport:2,I001,mass_transport,w-pc-11,5,No unit able to provide mass transport could reach this ward within 45 minutes without pulling a unit off a higher-severity ward.
400.0,2025-09-28T17:40:00Z,REPLAY,predicted,I006:mass_transport:0,I006,mass_transport,w-pc-14,5,No unit able to provide mass transport could reach this ward within 45 minutes without pulling a unit off a higher-severity ward.
400.0,2025-09-28T17:40:00Z,REPLAY,predicted,I006:mass_transport:1,I006,mass_transport,w-pc-14,5,No unit able to provide mass transport could reach this ward within 45 minutes without pulling a unit off a higher-severity ward.
400.0,2025-09-28T17:40:00Z,REPLAY,predicted,I006:mass_transport:2,I006,mass_transport,w-pc-14,5,No unit able to provide mass transport could reach this ward within 45 minutes without pulling a unit off a higher-severity ward.
400.0,2025-09-28T17:40:00Z,REPLAY,predicted,I009:mass_transport:0,I009,mass_transport,w-pc-07,4,No unit able to provide mass transport could reach this ward within 45 minutes without pulling a unit off a higher-severity ward.
400.0,2025-09-28T17:40:00Z,REPLAY,predicted,I009:mass_transport:1,I009,mass_transport,w-pc-07,4,No unit able to provide mass transport could reach this ward within 45 minutes without pulling a unit off a higher-severity ward.
400.0,2025-09-28T17:40:00Z,REPLAY,predicted,I011:mass_transport:0,I011,mass_transport,w-pc-14,4,No unit able to provide mass transport could reach this ward within 45 minutes without pulling a unit off a higher-severity ward.
400.0,2025-09-28T17:40:00Z,REPLAY,predicted,I011:mass_transport:1,I011,mass_transport,w-pc-14,4,No unit able to provide mass transport could reach this ward within 45 minutes without pulling a unit off a higher-severity ward.
400.0,2025-09-28T17:40:00Z,REPLAY,predicted,I015:mass_transport:0,I015,mass_transport,w-pc-11,4,No unit able to provide mass transport could reach this ward within 45 minutes without pulling a unit off a higher-severity ward.
400.0,2025-09-28T17:40:00Z,REPLAY,predicted,I015:mass_transport:1,I015,mass_transport,w-pc-11,4,No unit able to provide mass transport could reach this ward within 45 minutes without pulling a unit off a higher-severity ward.
400.0,2025-09-28T17:40:00Z,REPLAY,predicted,I017:mass_transport:0,I017,mass_transport,w-pc-07,5,No unit able to provide mass transport could reach this ward within 45 minutes without pulling a unit off a higher-severity ward.
400.0,2025-09-28T17:40:00Z,REPLAY,predicted,I017:mass_transport:1,I017,mass_transport,w-pc-07,5,No unit able to provide mass transport could reach this ward within 45 minutes without pulling a unit off a higher-severity ward.
400.0,2025-09-28T17:40:00Z,REPLAY,predicted,I024:mass_transport:0,I024,mass_transport,w-pc-06,4,No unit able to provide mass transport could reach this ward within 45 minutes without pulling a unit off a higher-severity ward.
400.0,2025-09-28T17:40:00Z,REPLAY,predicted,I024:mass_transport:1,I024,mass_transport,w-pc-06,4,No unit able to provide mass transport could reach this ward within 45 minutes without pulling a unit off a higher-severity ward.
400.0,2025-09-28T17:40:00Z,REPLAY,predicted,I027:mass_transport:0,I027,mass_transport,w-pc-10,4,No unit able to provide mass transport could reach this ward within 45 minutes without pulling a unit off a higher-severity ward.
400.0,2025-09-28T17:40:00Z,REPLAY,predicted,I027:mass_transport:1,I027,mass_transport,w-pc-10,4,No unit able to provide mass transport could reach this ward within 45 minutes without pulling a unit off a higher-severity ward.
400.0,2025-09-28T17:40:00Z,REPLAY,predicted,I029:mass_transport:0,I029,mass_transport,w-pc-13,4,No unit able to provide mass transport could reach this ward within 45 minutes without pulling a unit off a higher-severity ward.
400.0,2025-09-28T17:40:00Z,REPLAY,predicted,I030:mass_transport:0,I030,mass_transport,w-pc-06,4,No unit able to provide mass transport could reach this ward within 45 minutes without pulling a unit off a higher-severity ward.
400.0,2025-09-28T17:40:00Z,REPLAY,predicted,I030:mass_transport:1,I030,mass_transport,w-pc-06,4,No unit able to provide mass transport could reach this ward within 45 minutes without pulling a unit off a higher-severity ward.
400.0,2025-09-28T17:40:00Z,REPLAY,predicted,I036:mass_transport:0,I036,mass_transport,w-pc-11,5,No unit able to provide mass transport could reach this ward within 45 minutes without pulling a unit off a higher-severity ward.
400.0,2025-09-28T17:40:00Z,REPLAY,predicted,I036:mass_transport:1,I036,mass_transport,w-pc-11,5,No unit able to provide mass transport could reach this ward within 45 minutes without pulling a unit off a higher-severity ward.
400.0,2025-09-28T17:40:00Z,REPLAY,predicted,I036:mass_transport:2,I036,mass_transport,w-pc-11,5,No unit able to provide mass transport could reach this ward within 45 minutes without pulling a unit off a higher-severity ward.
400.0,2025-09-28T17:40:00Z,REPLAY,predicted,I040:mass_transport:0,I040,mass_transport,w-pc-13,4,No unit able to provide mass transport could reach this ward within 45 minutes without pulling a unit off a higher-severity ward.
400.0,2025-09-28T17:40:00Z,REPLAY,predicted,I047:mass_transport:0,I047,mass_transport,w-pc-11,5,No unit able to provide mass transport could reach this ward within 45 minutes without pulling a unit off a higher-severity ward.
400.0,2025-09-28T17:40:00Z,REPLAY,predicted,I047:mass_transport:1,I047,mass_transport,w-pc-11,5,No unit able to provide mass transport could reach this ward within 45 minutes without pulling a unit off a higher-severity ward.
400.0,2025-09-28T17:40:00Z,REPLAY,predicted,I047:mass_transport:2,I047,mass_transport,w-pc-11,5,No unit able to provide mass transport could reach this ward within 45 minutes without pulling a unit off a higher-severity ward.
400.0,2025-09-28T17:40:00Z,REPLAY,predicted,I049:mass_transport:0,I049,mass_transport,w-pc-07,5,No unit able to provide mass transport could reach this ward within 45 minutes without pulling a unit off a higher-severity ward.
400.0,2025-09-28T17:40:00Z,REPLAY,predicted,I049:mass_transport:1,I049,mass_transport,w-pc-07,5,No unit able to provide mass transport could reach this ward within 45 minutes without pulling a unit off a higher-severity ward.
400.0,2025-09-28T17:40:00Z,REPLAY,predicted,I049:mass_transport:2,I049,mass_transport,w-pc-07,5,No unit able to provide mass transport could reach this ward within 45 minutes without pulling a unit off a higher-severity ward.
400.0,2025-09-28T17:40:00Z,REPLAY,predicted,I055:mass_transport:0,I055,mass_transport,w-pc-10,5,No unit able to provide mass transport could reach this ward within 45 minutes without pulling a unit off a higher-severity ward.
400.0,2025-09-28T17:40:00Z,REPLAY,predicted,I055:mass_transport:1,I055,mass_transport,w-pc-10,5,No unit able to provide mass transport could reach this ward within 45 minutes without pulling a unit off a higher-severity ward.
400.0,2025-09-28T17:40:00Z,REPLAY,predicted,I055:mass_transport:2,I055,mass_transport,w-pc-10,5,No unit able to provide mass transport could reach this ward within 45 minutes without pulling a unit off a higher-severity ward.
400.0,2025-09-28T17:40:00Z,REPLAY,predicted,I058:mass_transport:0,I058,mass_transport,w-pc-02,4,No unit able to provide mass transport could reach this ward within 45 minutes without pulling a unit off a higher-severity ward.
400.0,2025-09-28T17:40:00Z,REPLAY,predicted,I058:mass_transport:1,I058,mass_transport,w-pc-02,4,No unit able to provide mass transport could reach this ward within 45 minutes without pulling a unit off a higher-severity ward.
400.0,2025-09-28T17:40:00Z,REPLAY,predicted,I061:mass_transport:0,I061,mass_transport,w-pc-06,5,No unit able to provide mass transport could reach this ward within 45 minutes without pulling a unit off a higher-severity ward.
400.0,2025-09-28T17:40:00Z,REPLAY,predicted,I061:mass_transport:1,I061,mass_transport,w-pc-06,5,No unit able to provide mass transport could reach this ward within 45 minutes without pulling a unit off a higher-severity ward.
400.0,2025-09-28T17:40:00Z,REPLAY,predicted,I061:mass_transport:2,I061,mass_transport,w-pc-06,5,No unit able to provide mass transport could reach this ward within 45 minutes without pulling a unit off a higher-severity ward.
400.0,2025-09-28T17:40:00Z,REPLAY,predicted,I062:mass_transport:0,I062,mass_transport,w-pc-11,5,No unit able to provide mass transport could reach this ward within 45 minutes without pulling a unit off a higher-severity ward.
400.0,2025-09-28T17:40:00Z,REPLAY,predicted,I062:mass_transport:1,I062,mass_transport,w-pc-11,5,No unit able to provide mass transport could reach this ward within 45 minutes without pulling a unit off a higher-severity ward.
400.0,2025-09-28T17:40:00Z,REPLAY,predicted,I062:mass_transport:2,I062,mass_transport,w-pc-11,5,No unit able to provide mass transport could reach this ward within 45 minutes without pulling a unit off a higher-severity ward.
400.0,2025-09-28T17:40:00Z,REPLAY,predicted,I063:mass_transport:0,I063,mass_transport,w-pc-10,4,No unit able to provide mass transport could reach this ward within 45 minutes without pulling a unit off a higher-severity ward.
400.0,2025-09-28T17:40:00Z,REPLAY,predicted,I063:mass_transport:1,I063,mass_transport,w-pc-10,4,No unit able to provide mass transport could reach this ward within 45 minutes without pulling a unit off a higher-severity ward.
400.0,2025-09-28T17:40:00Z,REPLAY,predicted,I064:mass_transport:0,I064,mass_transport,w-pc-13,5,No unit able to provide mass transport could reach this ward within 45 minutes without pulling a unit off a higher-severity ward.
400.0,2025-09-28T17:40:00Z,REPLAY,predicted,I064:mass_transport:1,I064,mass_transport,w-pc-13,5,No unit able to provide mass transport could reach this ward within 45 minutes without pulling a unit off a higher-severity ward.
400.0,2025-09-28T17:40:00Z,REPLAY,predicted,I064:mass_transport:2,I064,mass_transport,w-pc-13,5,No unit able to provide mass transport could reach this ward within 45 minutes without pulling a unit off a higher-severity ward.
400.0,2025-09-28T17:40:00Z,REPLAY,predicted,I065:mass_transport:0,I065,mass_transport,w-pc-11,5,No unit able to provide mass transport could reach this ward within 45 minutes without pulling a unit off a higher-severity ward.
400.0,2025-09-28T17:40:00Z,REPLAY,predicted,I065:mass_transport:1,I065,mass_transport,w-pc-11,5,No unit able to provide mass transport could reach this ward within 45 minutes without pulling a unit off a higher-severity ward.
400.0,2025-09-28T17:40:00Z,REPLAY,predicted,I065:mass_transport:2,I065,mass_transport,w-pc-11,5,No unit able to provide mass transport could reach this ward within 45 minutes without pulling a unit off a higher-severity ward.
400.0,2025-09-28T17:40:00Z,REPLAY,predicted,I066:mass_transport:0,I066,mass_transport,w-pc-11,4,No unit able to provide mass transport could reach this ward within 45 minutes without pulling a unit off a higher-severity ward.
400.0,2025-09-28T17:40:00Z,REPLAY,predicted,I066:mass_transport:1,I066,mass_transport,w-pc-11,4,No unit able to provide mass transport could reach this ward within 45 minutes without pulling a unit off a higher-severity ward.
400.0,2025-09-28T17:40:00Z,REPLAY,predicted,I069:mass_transport:0,I069,mass_transport,w-pc-10,4,No unit able to provide mass transport could reach this ward within 45 minutes without pulling a unit off a higher-severity ward.
400.0,2025-09-28T17:40:00Z,REPLAY,predicted,I069:mass_transport:1,I069,mass_transport,w-pc-10,4,No unit able to provide mass transport could reach this ward within 45 minutes without pulling a unit off a higher-severity ward.
400.0,2025-09-28T17:40:00Z,REPLAY,predicted,I072:mass_transport:0,I072,mass_transport,w-pc-07,4,No unit able to provide mass transport could reach this ward within 45 minutes without pulling a unit off a higher-severity ward.
400.0,2025-09-28T17:40:00Z,REPLAY,predicted,I072:mass_transport:1,I072,mass_transport,w-pc-07,4,No unit able to provide mass transport could reach this ward within 45 minutes without pulling a unit off a higher-severity ward.
400.0,2025-09-28T17:40:00Z,REPLAY,predicted,I073:mass_transport:0,I073,mass_transport,w-pc-14,4,No unit able to provide mass transport could reach this ward within 45 minutes without pulling a unit off a higher-severity ward.
400.0,2025-09-28T17:40:00Z,REPLAY,predicted,I073:mass_transport:1,I073,mass_transport,w-pc-14,4,No unit able to provide mass transport could reach this ward within 45 minutes without pulling a unit off a higher-severity ward.
400.0,2025-09-28T17:40:00Z,REPLAY,predicted,I073:dewatering:0,I073,dewatering,w-pc-14,4,No unit able to provide dewatering could reach this ward within 45 minutes without pulling a unit off a higher-severity ward.
400.0,2025-09-28T17:40:00Z,REPLAY,predicted,I075:mass_transport:0,I075,mass_transport,w-pc-02,4,No unit able to provide mass transport could reach this ward within 45 minutes without pulling a unit off a higher-severity ward.
400.0,2025-09-28T17:40:00Z,REPLAY,predicted,I075:mass_transport:1,I075,mass_transport,w-pc-02,4,No unit able to provide mass transport could reach this ward within 45 minutes without pulling a unit off a higher-severity ward.
400.0,2025-09-28T17:40:00Z,REPLAY,predicted,I078:mass_transport:0,I078,mass_transport,w-pc-13,4,No unit able to provide mass transport could reach this ward within 45 minutes without pulling a unit off a higher-severity ward.
400.0,2025-09-28T17:40:00Z,REPLAY,predicted,I078:mass_transport:1,I078,mass_transport,w-pc-13,4,No unit able to provide mass transport could reach this ward within 45 minutes without pulling a unit off a higher-severity ward.
400.0,2025-09-28T17:40:00Z,REPLAY,predicted,I080:mass_transport:0,I080,mass_transport,w-pc-07,4,No unit able to provide mass transport could reach this ward within 45 minutes without pulling a unit off a higher-severity ward.
400.0,2025-09-28T17:40:00Z,REPLAY,predicted,I080:mass_transport:1,I080,mass_transport,w-pc-07,4,No unit able to provide mass transport could reach this ward within 45 minutes without pulling a unit off a higher-severity ward.
400.0,2025-09-28T17:40:00Z,REPLAY,predicted,I080:dewatering:0,I080,dewatering,w-pc-07,4,No unit able to provide dewatering could reach this ward within 45 minutes without pulling a unit off a higher-severity ward.
400.0,2025-09-28T17:40:00Z,REPLAY,predicted,I082:field_assessment:0,I082,field_assessment,w-pc-09,2,No unit able to provide field assessment could reach this ward within 45 minutes without pulling a unit off a higher-severity ward.
400.0,2025-09-28T17:40:00Z,REPLAY,predicted,I083:debris_clearance:0,I083,debris_clearance,w-pc-12,3,No unit able to provide debris clearance could reach this ward within 45 minutes without pulling a unit off a higher-severity ward.
400.0,2025-09-28T17:40:00Z,REPLAY,predicted,I086:field_assessment:0,I086,field_assessment,w-pc-09,2,No unit able to provide field assessment could reach this ward within 45 minutes without pulling a unit off a higher-severity ward.
400.0,2025-09-28T17:40:00Z,REPLAY,predicted,I087:field_assessment:0,I087,field_assessment,w-pc-13,2,No unit able to provide field assessment could reach this ward within 45 minutes without pulling a unit off a higher-severity ward.
400.0,2025-09-28T17:40:00Z,REPLAY,predicted,I088:field_assessment:0,I088,field_assessment,w-pc-08,2,No unit able to provide field assessment could reach this ward within 45 minutes without pulling a unit off a higher-severity ward.
400.0,2025-09-28T17:40:00Z,REPLAY,predicted,I089:mass_transport:0,I089,mass_transport,w-pc-13,4,No unit able to provide mass transport could reach this ward within 45 minutes without pulling a unit off a higher-severity ward.
410.0,2025-09-28T17:50:00Z,REPLAY,predicted,I001:mass_transport:0,I001,mass_transport,w-pc-11,5,No unit able to provide mass transport could reach this ward within 45 minutes without pulling a unit off a higher-severity ward.
410.0,2025-09-28T17:50:00Z,REPLAY,predicted,I001:mass_transport:1,I001,mass_transport,w-pc-11,5,No unit able to provide mass transport could reach this ward within 45 minutes without pulling a unit off a higher-severity ward.
410.0,2025-09-28T17:50:00Z,REPLAY,predicted,I001:mass_transport:2,I001,mass_transport,w-pc-11,5,No unit able to provide mass transport could reach this ward within 45 minutes without pulling a unit off a higher-severity ward.
410.0,2025-09-28T17:50:00Z,REPLAY,predicted,I006:mass_transport:0,I006,mass_transport,w-pc-14,5,No unit able to provide mass transport could reach this ward within 45 minutes without pulling a unit off a higher-severity ward.
410.0,2025-09-28T17:50:00Z,REPLAY,predicted,I006:mass_transport:1,I006,mass_transport,w-pc-14,5,No unit able to provide mass transport could reach this ward within 45 minutes without pulling a unit off a higher-severity ward.
410.0,2025-09-28T17:50:00Z,REPLAY,predicted,I006:mass_transport:2,I006,mass_transport,w-pc-14,5,No unit able to provide mass transport could reach this ward within 45 minutes without pulling a unit off a higher-severity ward.
410.0,2025-09-28T17:50:00Z,REPLAY,predicted,I009:mass_transport:0,I009,mass_transport,w-pc-07,4,No unit able to provide mass transport could reach this ward within 45 minutes without pulling a unit off a higher-severity ward.
410.0,2025-09-28T17:50:00Z,REPLAY,predicted,I009:mass_transport:1,I009,mass_transport,w-pc-07,4,No unit able to provide mass transport could reach this ward within 45 minutes without pulling a unit off a higher-severity ward.
410.0,2025-09-28T17:50:00Z,REPLAY,predicted,I011:mass_transport:0,I011,mass_transport,w-pc-14,4,No unit able to provide mass transport could reach this ward within 45 minutes without pulling a unit off a higher-severity ward.
410.0,2025-09-28T17:50:00Z,REPLAY,predicted,I011:mass_transport:1,I011,mass_transport,w-pc-14,4,No unit able to provide mass transport could reach this ward within 45 minutes without pulling a unit off a higher-severity ward.
410.0,2025-09-28T17:50:00Z,REPLAY,predicted,I015:mass_transport:0,I015,mass_transport,w-pc-11,4,No unit able to provide mass transport could reach this ward within 45 minutes without pulling a unit off a higher-severity ward.
410.0,2025-09-28T17:50:00Z,REPLAY,predicted,I015:mass_transport:1,I015,mass_transport,w-pc-11,4,No unit able to provide mass transport could reach this ward within 45 minutes without pulling a unit off a higher-severity ward.
410.0,2025-09-28T17:50:00Z,REPLAY,predicted,I017:mass_transport:0,I017,mass_transport,w-pc-07,5,No unit able to provide mass transport could reach this ward within 45 minutes without pulling a unit off a higher-severity ward.
410.0,2025-09-28T17:50:00Z,REPLAY,predicted,I017:mass_transport:1,I017,mass_transport,w-pc-07,5,No unit able to provide mass transport could reach this ward within 45 minutes without pulling a unit off a higher-severity ward.
410.0,2025-09-28T17:50:00Z,REPLAY,predicted,I024:mass_transport:0,I024,mass_transport,w-pc-06,4,No unit able to provide mass transport could reach this ward within 45 minutes without pulling a unit off a higher-severity ward.
410.0,2025-09-28T17:50:00Z,REPLAY,predicted,I024:mass_transport:1,I024,mass_transport,w-pc-06,4,No unit able to provide mass transport could reach this ward within 45 minutes without pulling a unit off a higher-severity ward.
410.0,2025-09-28T17:50:00Z,REPLAY,predicted,I027:mass_transport:0,I027,mass_transport,w-pc-10,4,No unit able to provide mass transport could reach this ward within 45 minutes without pulling a unit off a higher-severity ward.
410.0,2025-09-28T17:50:00Z,REPLAY,predicted,I027:mass_transport:1,I027,mass_transport,w-pc-10,4,No unit able to provide mass transport could reach this ward within 45 minutes without pulling a unit off a higher-severity ward.
410.0,2025-09-28T17:50:00Z,REPLAY,predicted,I029:mass_transport:0,I029,mass_transport,w-pc-13,4,No unit able to provide mass transport could reach this ward within 45 minutes without pulling a unit off a higher-severity ward.
410.0,2025-09-28T17:50:00Z,REPLAY,predicted,I030:mass_transport:0,I030,mass_transport,w-pc-06,4,No unit able to provide mass transport could reach this ward within 45 minutes without pulling a unit off a higher-severity ward.
410.0,2025-09-28T17:50:00Z,REPLAY,predicted,I030:mass_transport:1,I030,mass_transport,w-pc-06,4,No unit able to provide mass transport could reach this ward within 45 minutes without pulling a unit off a higher-severity ward.
410.0,2025-09-28T17:50:00Z,REPLAY,predicted,I036:mass_transport:0,I036,mass_transport,w-pc-11,5,No unit able to provide mass transport could reach this ward within 45 minutes without pulling a unit off a higher-severity ward.
410.0,2025-09-28T17:50:00Z,REPLAY,predicted,I036:mass_transport:1,I036,mass_transport,w-pc-11,5,No unit able to provide mass transport could reach this ward within 45 minutes without pulling a unit off a higher-severity ward.
410.0,2025-09-28T17:50:00Z,REPLAY,predicted,I036:mass_transport:2,I036,mass_transport,w-pc-11,5,No unit able to provide mass transport could reach this ward within 45 minutes without pulling a unit off a higher-severity ward.
410.0,2025-09-28T17:50:00Z,REPLAY,predicted,I040:mass_transport:0,I040,mass_transport,w-pc-13,4,No unit able to provide mass transport could reach this ward within 45 minutes without pulling a unit off a higher-severity ward.
410.0,2025-09-28T17:50:00Z,REPLAY,predicted,I047:mass_transport:0,I047,mass_transport,w-pc-11,5,No unit able to provide mass transport could reach this ward within 45 minutes without pulling a unit off a higher-severity ward.
410.0,2025-09-28T17:50:00Z,REPLAY,predicted,I047:mass_transport:1,I047,mass_transport,w-pc-11,5,No unit able to provide mass transport could reach this ward within 45 minutes without pulling a unit off a higher-severity ward.
410.0,2025-09-28T17:50:00Z,REPLAY,predicted,I047:mass_transport:2,I047,mass_transport,w-pc-11,5,No unit able to provide mass transport could reach this ward within 45 minutes without pulling a unit off a higher-severity ward.
410.0,2025-09-28T17:50:00Z,REPLAY,predicted,I049:mass_transport:0,I049,mass_transport,w-pc-07,5,No unit able to provide mass transport could reach this ward within 45 minutes without pulling a unit off a higher-severity ward.
410.0,2025-09-28T17:50:00Z,REPLAY,predicted,I049:mass_transport:1,I049,mass_transport,w-pc-07,5,No unit able to provide mass transport could reach this ward within 45 minutes without pulling a unit off a higher-severity ward.
410.0,2025-09-28T17:50:00Z,REPLAY,predicted,I049:mass_transport:2,I049,mass_transport,w-pc-07,5,No unit able to provide mass transport could reach this ward within 45 minutes without pulling a unit off a higher-severity ward.
410.0,2025-09-28T17:50:00Z,REPLAY,predicted,I055:mass_transport:0,I055,mass_transport,w-pc-10,5,No unit able to provide mass transport could reach this ward within 45 minutes without pulling a unit off a higher-severity ward.
410.0,2025-09-28T17:50:00Z,REPLAY,predicted,I055:mass_transport:1,I055,mass_transport,w-pc-10,5,No unit able to provide mass transport could reach this ward within 45 minutes without pulling a unit off a higher-severity ward.
410.0,2025-09-28T17:50:00Z,REPLAY,predicted,I055:mass_transport:2,I055,mass_transport,w-pc-10,5,No unit able to provide mass transport could reach this ward within 45 minutes without pulling a unit off a higher-severity ward.
410.0,2025-09-28T17:50:00Z,REPLAY,predicted,I058:mass_transport:0,I058,mass_transport,w-pc-02,4,No unit able to provide mass transport could reach this ward within 45 minutes without pulling a unit off a higher-severity ward.
410.0,2025-09-28T17:50:00Z,REPLAY,predicted,I058:mass_transport:1,I058,mass_transport,w-pc-02,4,No unit able to provide mass transport could reach this ward within 45 minutes without pulling a unit off a higher-severity ward.
410.0,2025-09-28T17:50:00Z,REPLAY,predicted,I061:mass_transport:0,I061,mass_transport,w-pc-06,5,No unit able to provide mass transport could reach this ward within 45 minutes without pulling a unit off a higher-severity ward.
410.0,2025-09-28T17:50:00Z,REPLAY,predicted,I061:mass_transport:1,I061,mass_transport,w-pc-06,5,No unit able to provide mass transport could reach this ward within 45 minutes without pulling a unit off a higher-severity ward.
410.0,2025-09-28T17:50:00Z,REPLAY,predicted,I061:mass_transport:2,I061,mass_transport,w-pc-06,5,No unit able to provide mass transport could reach this ward within 45 minutes without pulling a unit off a higher-severity ward.
410.0,2025-09-28T17:50:00Z,REPLAY,predicted,I062:mass_transport:0,I062,mass_transport,w-pc-11,5,No unit able to provide mass transport could reach this ward within 45 minutes without pulling a unit off a higher-severity ward.
410.0,2025-09-28T17:50:00Z,REPLAY,predicted,I062:mass_transport:1,I062,mass_transport,w-pc-11,5,No unit able to provide mass transport could reach this ward within 45 minutes without pulling a unit off a higher-severity ward.
410.0,2025-09-28T17:50:00Z,REPLAY,predicted,I062:mass_transport:2,I062,mass_transport,w-pc-11,5,No unit able to provide mass transport could reach this ward within 45 minutes without pulling a unit off a higher-severity ward.
410.0,2025-09-28T17:50:00Z,REPLAY,predicted,I063:mass_transport:0,I063,mass_transport,w-pc-10,4,No unit able to provide mass transport could reach this ward within 45 minutes without pulling a unit off a higher-severity ward.
410.0,2025-09-28T17:50:00Z,REPLAY,predicted,I063:mass_transport:1,I063,mass_transport,w-pc-10,4,No unit able to provide mass transport could reach this ward within 45 minutes without pulling a unit off a higher-severity ward.
410.0,2025-09-28T17:50:00Z,REPLAY,predicted,I064:mass_transport:0,I064,mass_transport,w-pc-13,5,No unit able to provide mass transport could reach this ward within 45 minutes without pulling a unit off a higher-severity ward.
410.0,2025-09-28T17:50:00Z,REPLAY,predicted,I064:mass_transport:1,I064,mass_transport,w-pc-13,5,No unit able to provide mass transport could reach this ward within 45 minutes without pulling a unit off a higher-severity ward.
410.0,2025-09-28T17:50:00Z,REPLAY,predicted,I064:mass_transport:2,I064,mass_transport,w-pc-13,5,No unit able to provide mass transport could reach this ward within 45 minutes without pulling a unit off a higher-severity ward.
410.0,2025-09-28T17:50:00Z,REPLAY,predicted,I065:mass_transport:0,I065,mass_transport,w-pc-11,5,No unit able to provide mass transport could reach this ward within 45 minutes without pulling a unit off a higher-severity ward.
410.0,2025-09-28T17:50:00Z,REPLAY,predicted,I065:mass_transport:1,I065,mass_transport,w-pc-11,5,No unit able to provide mass transport could reach this ward within 45 minutes without pulling a unit off a higher-severity ward.
410.0,2025-09-28T17:50:00Z,REPLAY,predicted,I065:mass_transport:2,I065,mass_transport,w-pc-11,5,No unit able to provide mass transport could reach this ward within 45 minutes without pulling a unit off a higher-severity ward.
410.0,2025-09-28T17:50:00Z,REPLAY,predicted,I066:mass_transport:0,I066,mass_transport,w-pc-11,4,No unit able to provide mass transport could reach this ward within 45 minutes without pulling a unit off a higher-severity ward.
410.0,2025-09-28T17:50:00Z,REPLAY,predicted,I066:mass_transport:1,I066,mass_transport,w-pc-11,4,No unit able to provide mass transport could reach this ward within 45 minutes without pulling a unit off a higher-severity ward.
410.0,2025-09-28T17:50:00Z,REPLAY,predicted,I069:mass_transport:0,I069,mass_transport,w-pc-10,4,No unit able to provide mass transport could reach this ward within 45 minutes without pulling a unit off a higher-severity ward.
410.0,2025-09-28T17:50:00Z,REPLAY,predicted,I069:mass_transport:1,I069,mass_transport,w-pc-10,4,No unit able to provide mass transport could reach this ward within 45 minutes without pulling a unit off a higher-severity ward.
410.0,2025-09-28T17:50:00Z,REPLAY,predicted,I072:mass_transport:0,I072,mass_transport,w-pc-07,4,No unit able to provide mass transport could reach this ward within 45 minutes without pulling a unit off a higher-severity ward.
410.0,2025-09-28T17:50:00Z,REPLAY,predicted,I072:mass_transport:1,I072,mass_transport,w-pc-07,4,No unit able to provide mass transport could reach this ward within 45 minutes without pulling a unit off a higher-severity ward.
410.0,2025-09-28T17:50:00Z,REPLAY,predicted,I073:mass_transport:0,I073,mass_transport,w-pc-14,4,No unit able to provide mass transport could reach this ward within 45 minutes without pulling a unit off a higher-severity ward.
410.0,2025-09-28T17:50:00Z,REPLAY,predicted,I073:mass_transport:1,I073,mass_transport,w-pc-14,4,No unit able to provide mass transport could reach this ward within 45 minutes without pulling a unit off a higher-severity ward.
410.0,2025-09-28T17:50:00Z,REPLAY,predicted,I073:dewatering:0,I073,dewatering,w-pc-14,4,No unit able to provide dewatering could reach this ward within 45 minutes without pulling a unit off a higher-severity ward.
410.0,2025-09-28T17:50:00Z,REPLAY,predicted,I075:mass_transport:0,I075,mass_transport,w-pc-02,4,No unit able to provide mass transport could reach this ward within 45 minutes without pulling a unit off a higher-severity ward.
410.0,2025-09-28T17:50:00Z,REPLAY,predicted,I075:mass_transport:1,I075,mass_transport,w-pc-02,4,No unit able to provide mass transport could reach this ward within 45 minutes without pulling a unit off a higher-severity ward.
410.0,2025-09-28T17:50:00Z,REPLAY,predicted,I078:mass_transport:0,I078,mass_transport,w-pc-13,4,No unit able to provide mass transport could reach this ward within 45 minutes without pulling a unit off a higher-severity ward.
410.0,2025-09-28T17:50:00Z,REPLAY,predicted,I078:mass_transport:1,I078,mass_transport,w-pc-13,4,No unit able to provide mass transport could reach this ward within 45 minutes without pulling a unit off a higher-severity ward.
410.0,2025-09-28T17:50:00Z,REPLAY,predicted,I080:mass_transport:0,I080,mass_transport,w-pc-07,4,No unit able to provide mass transport could reach this ward within 45 minutes without pulling a unit off a higher-severity ward.
410.0,2025-09-28T17:50:00Z,REPLAY,predicted,I080:mass_transport:1,I080,mass_transport,w-pc-07,4,No unit able to provide mass transport could reach this ward within 45 minutes without pulling a unit off a higher-severity ward.
410.0,2025-09-28T17:50:00Z,REPLAY,predicted,I083:debris_clearance:0,I083,debris_clearance,w-pc-12,3,No unit able to provide debris clearance could reach this ward within 45 minutes without pulling a unit off a higher-severity ward.
410.0,2025-09-28T17:50:00Z,REPLAY,predicted,I086:field_assessment:0,I086,field_assessment,w-pc-09,2,No unit able to provide field assessment could reach this ward within 45 minutes without pulling a unit off a higher-severity ward.
410.0,2025-09-28T17:50:00Z,REPLAY,predicted,I087:field_assessment:0,I087,field_assessment,w-pc-13,2,No unit able to provide field assessment could reach this ward within 45 minutes without pulling a unit off a higher-severity ward.
410.0,2025-09-28T17:50:00Z,REPLAY,predicted,I088:field_assessment:0,I088,field_assessment,w-pc-08,2,No unit able to provide field assessment could reach this ward within 45 minutes without pulling a unit off a higher-severity ward.
410.0,2025-09-28T17:50:00Z,REPLAY,predicted,I089:mass_transport:0,I089,mass_transport,w-pc-13,4,No unit able to provide mass transport could reach this ward within 45 minutes without pulling a unit off a higher-severity ward.
410.0,2025-09-28T17:50:00Z,REPLAY,predicted,I092:mass_transport:0,I092,mass_transport,w-pc-11,5,No unit able to provide mass transport could reach this ward within 45 minutes without pulling a unit off a higher-severity ward.
410.0,2025-09-28T17:50:00Z,REPLAY,predicted,I092:mass_transport:1,I092,mass_transport,w-pc-11,5,No unit able to provide mass transport could reach this ward within 45 minutes without pulling a unit off a higher-severity ward.
410.0,2025-09-28T17:50:00Z,REPLAY,predicted,I092:mass_transport:2,I092,mass_transport,w-pc-11,5,No unit able to provide mass transport could reach this ward within 45 minutes without pulling a unit off a higher-severity ward.
420.0,2025-09-28T18:00:00Z,REPLAY,predicted,I001:mass_transport:0,I001,mass_transport,w-pc-11,5,No unit able to provide mass transport could reach this ward within 45 minutes without pulling a unit off a higher-severity ward.
420.0,2025-09-28T18:00:00Z,REPLAY,predicted,I001:mass_transport:1,I001,mass_transport,w-pc-11,5,No unit able to provide mass transport could reach this ward within 45 minutes without pulling a unit off a higher-severity ward.
420.0,2025-09-28T18:00:00Z,REPLAY,predicted,I001:mass_transport:2,I001,mass_transport,w-pc-11,5,No unit able to provide mass transport could reach this ward within 45 minutes without pulling a unit off a higher-severity ward.
420.0,2025-09-28T18:00:00Z,REPLAY,predicted,I006:mass_transport:0,I006,mass_transport,w-pc-14,5,No unit able to provide mass transport could reach this ward within 45 minutes without pulling a unit off a higher-severity ward.
420.0,2025-09-28T18:00:00Z,REPLAY,predicted,I006:mass_transport:1,I006,mass_transport,w-pc-14,5,No unit able to provide mass transport could reach this ward within 45 minutes without pulling a unit off a higher-severity ward.
420.0,2025-09-28T18:00:00Z,REPLAY,predicted,I006:mass_transport:2,I006,mass_transport,w-pc-14,5,No unit able to provide mass transport could reach this ward within 45 minutes without pulling a unit off a higher-severity ward.
420.0,2025-09-28T18:00:00Z,REPLAY,predicted,I009:mass_transport:0,I009,mass_transport,w-pc-07,4,No unit able to provide mass transport could reach this ward within 45 minutes without pulling a unit off a higher-severity ward.
420.0,2025-09-28T18:00:00Z,REPLAY,predicted,I009:mass_transport:1,I009,mass_transport,w-pc-07,4,No unit able to provide mass transport could reach this ward within 45 minutes without pulling a unit off a higher-severity ward.
420.0,2025-09-28T18:00:00Z,REPLAY,predicted,I011:mass_transport:0,I011,mass_transport,w-pc-14,4,No unit able to provide mass transport could reach this ward within 45 minutes without pulling a unit off a higher-severity ward.
420.0,2025-09-28T18:00:00Z,REPLAY,predicted,I011:mass_transport:1,I011,mass_transport,w-pc-14,4,No unit able to provide mass transport could reach this ward within 45 minutes without pulling a unit off a higher-severity ward.
420.0,2025-09-28T18:00:00Z,REPLAY,predicted,I015:mass_transport:0,I015,mass_transport,w-pc-11,4,No unit able to provide mass transport could reach this ward within 45 minutes without pulling a unit off a higher-severity ward.
420.0,2025-09-28T18:00:00Z,REPLAY,predicted,I015:mass_transport:1,I015,mass_transport,w-pc-11,4,No unit able to provide mass transport could reach this ward within 45 minutes without pulling a unit off a higher-severity ward.
420.0,2025-09-28T18:00:00Z,REPLAY,predicted,I017:mass_transport:0,I017,mass_transport,w-pc-07,5,No unit able to provide mass transport could reach this ward within 45 minutes without pulling a unit off a higher-severity ward.
420.0,2025-09-28T18:00:00Z,REPLAY,predicted,I017:mass_transport:1,I017,mass_transport,w-pc-07,5,No unit able to provide mass transport could reach this ward within 45 minutes without pulling a unit off a higher-severity ward.
420.0,2025-09-28T18:00:00Z,REPLAY,predicted,I024:mass_transport:0,I024,mass_transport,w-pc-06,4,No unit able to provide mass transport could reach this ward within 45 minutes without pulling a unit off a higher-severity ward.
420.0,2025-09-28T18:00:00Z,REPLAY,predicted,I024:mass_transport:1,I024,mass_transport,w-pc-06,4,No unit able to provide mass transport could reach this ward within 45 minutes without pulling a unit off a higher-severity ward.
420.0,2025-09-28T18:00:00Z,REPLAY,predicted,I027:mass_transport:0,I027,mass_transport,w-pc-10,4,No unit able to provide mass transport could reach this ward within 45 minutes without pulling a unit off a higher-severity ward.
420.0,2025-09-28T18:00:00Z,REPLAY,predicted,I027:mass_transport:1,I027,mass_transport,w-pc-10,4,No unit able to provide mass transport could reach this ward within 45 minutes without pulling a unit off a higher-severity ward.
420.0,2025-09-28T18:00:00Z,REPLAY,predicted,I029:mass_transport:0,I029,mass_transport,w-pc-13,4,No unit able to provide mass transport could reach this ward within 45 minutes without pulling a unit off a higher-severity ward.
420.0,2025-09-28T18:00:00Z,REPLAY,predicted,I030:mass_transport:0,I030,mass_transport,w-pc-06,4,No unit able to provide mass transport could reach this ward within 45 minutes without pulling a unit off a higher-severity ward.
420.0,2025-09-28T18:00:00Z,REPLAY,predicted,I030:mass_transport:1,I030,mass_transport,w-pc-06,4,No unit able to provide mass transport could reach this ward within 45 minutes without pulling a unit off a higher-severity ward.
420.0,2025-09-28T18:00:00Z,REPLAY,predicted,I036:mass_transport:0,I036,mass_transport,w-pc-11,5,No unit able to provide mass transport could reach this ward within 45 minutes without pulling a unit off a higher-severity ward.
420.0,2025-09-28T18:00:00Z,REPLAY,predicted,I036:mass_transport:1,I036,mass_transport,w-pc-11,5,No unit able to provide mass transport could reach this ward within 45 minutes without pulling a unit off a higher-severity ward.
420.0,2025-09-28T18:00:00Z,REPLAY,predicted,I036:mass_transport:2,I036,mass_transport,w-pc-11,5,No unit able to provide mass transport could reach this ward within 45 minutes without pulling a unit off a higher-severity ward.
420.0,2025-09-28T18:00:00Z,REPLAY,predicted,I040:mass_transport:0,I040,mass_transport,w-pc-13,4,No unit able to provide mass transport could reach this ward within 45 minutes without pulling a unit off a higher-severity ward.
420.0,2025-09-28T18:00:00Z,REPLAY,predicted,I047:mass_transport:0,I047,mass_transport,w-pc-11,5,No unit able to provide mass transport could reach this ward within 45 minutes without pulling a unit off a higher-severity ward.
420.0,2025-09-28T18:00:00Z,REPLAY,predicted,I047:mass_transport:1,I047,mass_transport,w-pc-11,5,No unit able to provide mass transport could reach this ward within 45 minutes without pulling a unit off a higher-severity ward.
420.0,2025-09-28T18:00:00Z,REPLAY,predicted,I047:mass_transport:2,I047,mass_transport,w-pc-11,5,No unit able to provide mass transport could reach this ward within 45 minutes without pulling a unit off a higher-severity ward.
420.0,2025-09-28T18:00:00Z,REPLAY,predicted,I049:mass_transport:0,I049,mass_transport,w-pc-07,5,No unit able to provide mass transport could reach this ward within 45 minutes without pulling a unit off a higher-severity ward.
420.0,2025-09-28T18:00:00Z,REPLAY,predicted,I049:mass_transport:1,I049,mass_transport,w-pc-07,5,No unit able to provide mass transport could reach this ward within 45 minutes without pulling a unit off a higher-severity ward.
420.0,2025-09-28T18:00:00Z,REPLAY,predicted,I049:mass_transport:2,I049,mass_transport,w-pc-07,5,No unit able to provide mass transport could reach this ward within 45 minutes without pulling a unit off a higher-severity ward.
420.0,2025-09-28T18:00:00Z,REPLAY,predicted,I055:mass_transport:0,I055,mass_transport,w-pc-10,5,No unit able to provide mass transport could reach this ward within 45 minutes without pulling a unit off a higher-severity ward.
420.0,2025-09-28T18:00:00Z,REPLAY,predicted,I055:mass_transport:1,I055,mass_transport,w-pc-10,5,No unit able to provide mass transport could reach this ward within 45 minutes without pulling a unit off a higher-severity ward.
420.0,2025-09-28T18:00:00Z,REPLAY,predicted,I055:mass_transport:2,I055,mass_transport,w-pc-10,5,No unit able to provide mass transport could reach this ward within 45 minutes without pulling a unit off a higher-severity ward.
420.0,2025-09-28T18:00:00Z,REPLAY,predicted,I058:mass_transport:1,I058,mass_transport,w-pc-02,4,No unit able to provide mass transport could reach this ward within 45 minutes without pulling a unit off a higher-severity ward.
420.0,2025-09-28T18:00:00Z,REPLAY,predicted,I061:mass_transport:0,I061,mass_transport,w-pc-06,5,No unit able to provide mass transport could reach this ward within 45 minutes without pulling a unit off a higher-severity ward.
420.0,2025-09-28T18:00:00Z,REPLAY,predicted,I061:mass_transport:1,I061,mass_transport,w-pc-06,5,No unit able to provide mass transport could reach this ward within 45 minutes without pulling a unit off a higher-severity ward.
420.0,2025-09-28T18:00:00Z,REPLAY,predicted,I061:mass_transport:2,I061,mass_transport,w-pc-06,5,No unit able to provide mass transport could reach this ward within 45 minutes without pulling a unit off a higher-severity ward.
420.0,2025-09-28T18:00:00Z,REPLAY,predicted,I062:mass_transport:0,I062,mass_transport,w-pc-11,5,No unit able to provide mass transport could reach this ward within 45 minutes without pulling a unit off a higher-severity ward.
420.0,2025-09-28T18:00:00Z,REPLAY,predicted,I062:mass_transport:1,I062,mass_transport,w-pc-11,5,No unit able to provide mass transport could reach this ward within 45 minutes without pulling a unit off a higher-severity ward.
420.0,2025-09-28T18:00:00Z,REPLAY,predicted,I062:mass_transport:2,I062,mass_transport,w-pc-11,5,No unit able to provide mass transport could reach this ward within 45 minutes without pulling a unit off a higher-severity ward.
420.0,2025-09-28T18:00:00Z,REPLAY,predicted,I063:mass_transport:0,I063,mass_transport,w-pc-10,4,No unit able to provide mass transport could reach this ward within 45 minutes without pulling a unit off a higher-severity ward.
420.0,2025-09-28T18:00:00Z,REPLAY,predicted,I063:mass_transport:1,I063,mass_transport,w-pc-10,4,No unit able to provide mass transport could reach this ward within 45 minutes without pulling a unit off a higher-severity ward.
420.0,2025-09-28T18:00:00Z,REPLAY,predicted,I064:mass_transport:0,I064,mass_transport,w-pc-13,5,No unit able to provide mass transport could reach this ward within 45 minutes without pulling a unit off a higher-severity ward.
420.0,2025-09-28T18:00:00Z,REPLAY,predicted,I064:mass_transport:1,I064,mass_transport,w-pc-13,5,No unit able to provide mass transport could reach this ward within 45 minutes without pulling a unit off a higher-severity ward.
420.0,2025-09-28T18:00:00Z,REPLAY,predicted,I064:mass_transport:2,I064,mass_transport,w-pc-13,5,No unit able to provide mass transport could reach this ward within 45 minutes without pulling a unit off a higher-severity ward.
420.0,2025-09-28T18:00:00Z,REPLAY,predicted,I065:mass_transport:0,I065,mass_transport,w-pc-11,5,No unit able to provide mass transport could reach this ward within 45 minutes without pulling a unit off a higher-severity ward.
420.0,2025-09-28T18:00:00Z,REPLAY,predicted,I065:mass_transport:1,I065,mass_transport,w-pc-11,5,No unit able to provide mass transport could reach this ward within 45 minutes without pulling a unit off a higher-severity ward.
420.0,2025-09-28T18:00:00Z,REPLAY,predicted,I065:mass_transport:2,I065,mass_transport,w-pc-11,5,No unit able to provide mass transport could reach this ward within 45 minutes without pulling a unit off a higher-severity ward.
420.0,2025-09-28T18:00:00Z,REPLAY,predicted,I066:mass_transport:0,I066,mass_transport,w-pc-11,4,No unit able to provide mass transport could reach this ward within 45 minutes without pulling a unit off a higher-severity ward.
420.0,2025-09-28T18:00:00Z,REPLAY,predicted,I066:mass_transport:1,I066,mass_transport,w-pc-11,4,No unit able to provide mass transport could reach this ward within 45 minutes without pulling a unit off a higher-severity ward.
420.0,2025-09-28T18:00:00Z,REPLAY,predicted,I069:mass_transport:0,I069,mass_transport,w-pc-10,4,No unit able to provide mass transport could reach this ward within 45 minutes without pulling a unit off a higher-severity ward.
420.0,2025-09-28T18:00:00Z,REPLAY,predicted,I069:mass_transport:1,I069,mass_transport,w-pc-10,4,No unit able to provide mass transport could reach this ward within 45 minutes without pulling a unit off a higher-severity ward.
420.0,2025-09-28T18:00:00Z,REPLAY,predicted,I072:mass_transport:0,I072,mass_transport,w-pc-07,4,No unit able to provide mass transport could reach this ward within 45 minutes without pulling a unit off a higher-severity ward.
420.0,2025-09-28T18:00:00Z,REPLAY,predicted,I072:mass_transport:1,I072,mass_transport,w-pc-07,4,No unit able to provide mass transport could reach this ward within 45 minutes without pulling a unit off a higher-severity ward.
420.0,2025-09-28T18:00:00Z,REPLAY,predicted,I073:mass_transport:0,I073,mass_transport,w-pc-14,4,No unit able to provide mass transport could reach this ward within 45 minutes without pulling a unit off a higher-severity ward.
420.0,2025-09-28T18:00:00Z,REPLAY,predicted,I073:mass_transport:1,I073,mass_transport,w-pc-14,4,No unit able to provide mass transport could reach this ward within 45 minutes without pulling a unit off a higher-severity ward.
420.0,2025-09-28T18:00:00Z,REPLAY,predicted,I073:dewatering:0,I073,dewatering,w-pc-14,4,No unit able to provide dewatering could reach this ward within 45 minutes without pulling a unit off a higher-severity ward.
420.0,2025-09-28T18:00:00Z,REPLAY,predicted,I075:mass_transport:0,I075,mass_transport,w-pc-02,4,No unit able to provide mass transport could reach this ward within 45 minutes without pulling a unit off a higher-severity ward.
420.0,2025-09-28T18:00:00Z,REPLAY,predicted,I075:mass_transport:1,I075,mass_transport,w-pc-02,4,No unit able to provide mass transport could reach this ward within 45 minutes without pulling a unit off a higher-severity ward.
420.0,2025-09-28T18:00:00Z,REPLAY,predicted,I078:mass_transport:0,I078,mass_transport,w-pc-13,4,No unit able to provide mass transport could reach this ward within 45 minutes without pulling a unit off a higher-severity ward.
420.0,2025-09-28T18:00:00Z,REPLAY,predicted,I078:mass_transport:1,I078,mass_transport,w-pc-13,4,No unit able to provide mass transport could reach this ward within 45 minutes without pulling a unit off a higher-severity ward.
420.0,2025-09-28T18:00:00Z,REPLAY,predicted,I079:mass_transport:0,I079,mass_transport,w-pc-04,4,No unit able to provide mass transport could reach this ward within 45 minutes without pulling a unit off a higher-severity ward.
420.0,2025-09-28T18:00:00Z,REPLAY,predicted,I079:mass_transport:1,I079,mass_transport,w-pc-04,4,No unit able to provide mass transport could reach this ward within 45 minutes without pulling a unit off a higher-severity ward.
420.0,2025-09-28T18:00:00Z,REPLAY,predicted,I079:dewatering:0,I079,dewatering,w-pc-04,4,No unit able to provide dewatering could reach this ward within 45 minutes without pulling a unit off a higher-severity ward.
420.0,2025-09-28T18:00:00Z,REPLAY,predicted,I080:mass_transport:0,I080,mass_transport,w-pc-07,4,No unit able to provide mass transport could reach this ward within 45 minutes without pulling a unit off a higher-severity ward.
420.0,2025-09-28T18:00:00Z,REPLAY,predicted,I080:mass_transport:1,I080,mass_transport,w-pc-07,4,No unit able to provide mass transport could reach this ward within 45 minutes without pulling a unit off a higher-severity ward.
420.0,2025-09-28T18:00:00Z,REPLAY,predicted,I083:debris_clearance:0,I083,debris_clearance,w-pc-12,3,No unit able to provide debris clearance could reach this ward within 45 minutes without pulling a unit off a higher-severity ward.
420.0,2025-09-28T18:00:00Z,REPLAY,predicted,I089:mass_transport:0,I089,mass_transport,w-pc-13,4,No unit able to provide mass transport could reach this ward within 45 minutes without pulling a unit off a higher-severity ward.
420.0,2025-09-28T18:00:00Z,REPLAY,predicted,I092:mass_transport:0,I092,mass_transport,w-pc-11,5,No unit able to provide mass transport could reach this ward within 45 minutes without pulling a unit off a higher-severity ward.
420.0,2025-09-28T18:00:00Z,REPLAY,predicted,I092:mass_transport:1,I092,mass_transport,w-pc-11,5,No unit able to provide mass transport could reach this ward within 45 minutes without pulling a unit off a higher-severity ward.
420.0,2025-09-28T18:00:00Z,REPLAY,predicted,I092:mass_transport:2,I092,mass_transport,w-pc-11,5,No unit able to provide mass transport could reach this ward within 45 minutes without pulling a unit off a higher-severity ward.
420.0,2025-09-28T18:00:00Z,REPLAY,predicted,I093:field_assessment:0,I093,field_assessment,w-pc-11,2,No unit able to provide field assessment could reach this ward within 45 minutes without pulling a unit off a higher-severity ward.
420.0,2025-09-28T18:00:00Z,REPLAY,predicted,I094:field_assessment:0,I094,field_assessment,w-pc-11,2,No unit able to provide field assessment could reach this ward within 45 minutes without pulling a unit off a higher-severity ward.
420.0,2025-09-28T18:00:00Z,REPLAY,predicted,I095:field_assessment:0,I095,field_assessment,w-pc-07,2,No unit able to provide field assessment could reach this ward within 45 minutes without pulling a unit off a higher-severity ward.
430.0,2025-09-28T18:10:00Z,REPLAY,predicted,I001:mass_transport:0,I001,mass_transport,w-pc-11,5,No unit able to provide mass transport could reach this ward within 45 minutes without pulling a unit off a higher-severity ward.
430.0,2025-09-28T18:10:00Z,REPLAY,predicted,I001:mass_transport:1,I001,mass_transport,w-pc-11,5,No unit able to provide mass transport could reach this ward within 45 minutes without pulling a unit off a higher-severity ward.
430.0,2025-09-28T18:10:00Z,REPLAY,predicted,I001:mass_transport:2,I001,mass_transport,w-pc-11,5,No unit able to provide mass transport could reach this ward within 45 minutes without pulling a unit off a higher-severity ward.
430.0,2025-09-28T18:10:00Z,REPLAY,predicted,I006:mass_transport:0,I006,mass_transport,w-pc-14,5,No unit able to provide mass transport could reach this ward within 45 minutes without pulling a unit off a higher-severity ward.
430.0,2025-09-28T18:10:00Z,REPLAY,predicted,I006:mass_transport:1,I006,mass_transport,w-pc-14,5,No unit able to provide mass transport could reach this ward within 45 minutes without pulling a unit off a higher-severity ward.
430.0,2025-09-28T18:10:00Z,REPLAY,predicted,I006:mass_transport:2,I006,mass_transport,w-pc-14,5,No unit able to provide mass transport could reach this ward within 45 minutes without pulling a unit off a higher-severity ward.
430.0,2025-09-28T18:10:00Z,REPLAY,predicted,I009:mass_transport:0,I009,mass_transport,w-pc-07,4,No unit able to provide mass transport could reach this ward within 45 minutes without pulling a unit off a higher-severity ward.
430.0,2025-09-28T18:10:00Z,REPLAY,predicted,I009:mass_transport:1,I009,mass_transport,w-pc-07,4,No unit able to provide mass transport could reach this ward within 45 minutes without pulling a unit off a higher-severity ward.
430.0,2025-09-28T18:10:00Z,REPLAY,predicted,I011:mass_transport:0,I011,mass_transport,w-pc-14,4,No unit able to provide mass transport could reach this ward within 45 minutes without pulling a unit off a higher-severity ward.
430.0,2025-09-28T18:10:00Z,REPLAY,predicted,I011:mass_transport:1,I011,mass_transport,w-pc-14,4,No unit able to provide mass transport could reach this ward within 45 minutes without pulling a unit off a higher-severity ward.
430.0,2025-09-28T18:10:00Z,REPLAY,predicted,I015:mass_transport:0,I015,mass_transport,w-pc-11,4,No unit able to provide mass transport could reach this ward within 45 minutes without pulling a unit off a higher-severity ward.
430.0,2025-09-28T18:10:00Z,REPLAY,predicted,I015:mass_transport:1,I015,mass_transport,w-pc-11,4,No unit able to provide mass transport could reach this ward within 45 minutes without pulling a unit off a higher-severity ward.
430.0,2025-09-28T18:10:00Z,REPLAY,predicted,I017:mass_transport:0,I017,mass_transport,w-pc-07,5,No unit able to provide mass transport could reach this ward within 45 minutes without pulling a unit off a higher-severity ward.
430.0,2025-09-28T18:10:00Z,REPLAY,predicted,I017:mass_transport:1,I017,mass_transport,w-pc-07,5,No unit able to provide mass transport could reach this ward within 45 minutes without pulling a unit off a higher-severity ward.
430.0,2025-09-28T18:10:00Z,REPLAY,predicted,I024:mass_transport:0,I024,mass_transport,w-pc-06,4,No unit able to provide mass transport could reach this ward within 45 minutes without pulling a unit off a higher-severity ward.
430.0,2025-09-28T18:10:00Z,REPLAY,predicted,I024:mass_transport:1,I024,mass_transport,w-pc-06,4,No unit able to provide mass transport could reach this ward within 45 minutes without pulling a unit off a higher-severity ward.
430.0,2025-09-28T18:10:00Z,REPLAY,predicted,I027:mass_transport:0,I027,mass_transport,w-pc-10,4,No unit able to provide mass transport could reach this ward within 45 minutes without pulling a unit off a higher-severity ward.
430.0,2025-09-28T18:10:00Z,REPLAY,predicted,I027:mass_transport:1,I027,mass_transport,w-pc-10,4,No unit able to provide mass transport could reach this ward within 45 minutes without pulling a unit off a higher-severity ward.
430.0,2025-09-28T18:10:00Z,REPLAY,predicted,I029:mass_transport:0,I029,mass_transport,w-pc-13,4,No unit able to provide mass transport could reach this ward within 45 minutes without pulling a unit off a higher-severity ward.
430.0,2025-09-28T18:10:00Z,REPLAY,predicted,I030:mass_transport:0,I030,mass_transport,w-pc-06,4,No unit able to provide mass transport could reach this ward within 45 minutes without pulling a unit off a higher-severity ward.
430.0,2025-09-28T18:10:00Z,REPLAY,predicted,I030:mass_transport:1,I030,mass_transport,w-pc-06,4,No unit able to provide mass transport could reach this ward within 45 minutes without pulling a unit off a higher-severity ward.
430.0,2025-09-28T18:10:00Z,REPLAY,predicted,I036:mass_transport:0,I036,mass_transport,w-pc-11,5,No unit able to provide mass transport could reach this ward within 45 minutes without pulling a unit off a higher-severity ward.
430.0,2025-09-28T18:10:00Z,REPLAY,predicted,I036:mass_transport:1,I036,mass_transport,w-pc-11,5,No unit able to provide mass transport could reach this ward within 45 minutes without pulling a unit off a higher-severity ward.
430.0,2025-09-28T18:10:00Z,REPLAY,predicted,I036:mass_transport:2,I036,mass_transport,w-pc-11,5,No unit able to provide mass transport could reach this ward within 45 minutes without pulling a unit off a higher-severity ward.
430.0,2025-09-28T18:10:00Z,REPLAY,predicted,I040:mass_transport:0,I040,mass_transport,w-pc-13,4,No unit able to provide mass transport could reach this ward within 45 minutes without pulling a unit off a higher-severity ward.
430.0,2025-09-28T18:10:00Z,REPLAY,predicted,I047:mass_transport:0,I047,mass_transport,w-pc-11,5,No unit able to provide mass transport could reach this ward within 45 minutes without pulling a unit off a higher-severity ward.
430.0,2025-09-28T18:10:00Z,REPLAY,predicted,I047:mass_transport:1,I047,mass_transport,w-pc-11,5,No unit able to provide mass transport could reach this ward within 45 minutes without pulling a unit off a higher-severity ward.
430.0,2025-09-28T18:10:00Z,REPLAY,predicted,I047:mass_transport:2,I047,mass_transport,w-pc-11,5,No unit able to provide mass transport could reach this ward within 45 minutes without pulling a unit off a higher-severity ward.
430.0,2025-09-28T18:10:00Z,REPLAY,predicted,I049:mass_transport:0,I049,mass_transport,w-pc-07,5,No unit able to provide mass transport could reach this ward within 45 minutes without pulling a unit off a higher-severity ward.
430.0,2025-09-28T18:10:00Z,REPLAY,predicted,I049:mass_transport:1,I049,mass_transport,w-pc-07,5,No unit able to provide mass transport could reach this ward within 45 minutes without pulling a unit off a higher-severity ward.
430.0,2025-09-28T18:10:00Z,REPLAY,predicted,I049:mass_transport:2,I049,mass_transport,w-pc-07,5,No unit able to provide mass transport could reach this ward within 45 minutes without pulling a unit off a higher-severity ward.
430.0,2025-09-28T18:10:00Z,REPLAY,predicted,I055:mass_transport:0,I055,mass_transport,w-pc-10,5,No unit able to provide mass transport could reach this ward within 45 minutes without pulling a unit off a higher-severity ward.
430.0,2025-09-28T18:10:00Z,REPLAY,predicted,I055:mass_transport:1,I055,mass_transport,w-pc-10,5,No unit able to provide mass transport could reach this ward within 45 minutes without pulling a unit off a higher-severity ward.
430.0,2025-09-28T18:10:00Z,REPLAY,predicted,I055:mass_transport:2,I055,mass_transport,w-pc-10,5,No unit able to provide mass transport could reach this ward within 45 minutes without pulling a unit off a higher-severity ward.
430.0,2025-09-28T18:10:00Z,REPLAY,predicted,I058:mass_transport:1,I058,mass_transport,w-pc-02,4,No unit able to provide mass transport could reach this ward within 45 minutes without pulling a unit off a higher-severity ward.
430.0,2025-09-28T18:10:00Z,REPLAY,predicted,I061:mass_transport:0,I061,mass_transport,w-pc-06,5,No unit able to provide mass transport could reach this ward within 45 minutes without pulling a unit off a higher-severity ward.
430.0,2025-09-28T18:10:00Z,REPLAY,predicted,I061:mass_transport:1,I061,mass_transport,w-pc-06,5,No unit able to provide mass transport could reach this ward within 45 minutes without pulling a unit off a higher-severity ward.
430.0,2025-09-28T18:10:00Z,REPLAY,predicted,I061:mass_transport:2,I061,mass_transport,w-pc-06,5,No unit able to provide mass transport could reach this ward within 45 minutes without pulling a unit off a higher-severity ward.
430.0,2025-09-28T18:10:00Z,REPLAY,predicted,I062:mass_transport:0,I062,mass_transport,w-pc-11,5,No unit able to provide mass transport could reach this ward within 45 minutes without pulling a unit off a higher-severity ward.
430.0,2025-09-28T18:10:00Z,REPLAY,predicted,I062:mass_transport:1,I062,mass_transport,w-pc-11,5,No unit able to provide mass transport could reach this ward within 45 minutes without pulling a unit off a higher-severity ward.
430.0,2025-09-28T18:10:00Z,REPLAY,predicted,I062:mass_transport:2,I062,mass_transport,w-pc-11,5,No unit able to provide mass transport could reach this ward within 45 minutes without pulling a unit off a higher-severity ward.
430.0,2025-09-28T18:10:00Z,REPLAY,predicted,I063:mass_transport:0,I063,mass_transport,w-pc-10,4,No unit able to provide mass transport could reach this ward within 45 minutes without pulling a unit off a higher-severity ward.
430.0,2025-09-28T18:10:00Z,REPLAY,predicted,I063:mass_transport:1,I063,mass_transport,w-pc-10,4,No unit able to provide mass transport could reach this ward within 45 minutes without pulling a unit off a higher-severity ward.
430.0,2025-09-28T18:10:00Z,REPLAY,predicted,I064:mass_transport:0,I064,mass_transport,w-pc-13,5,No unit able to provide mass transport could reach this ward within 45 minutes without pulling a unit off a higher-severity ward.
430.0,2025-09-28T18:10:00Z,REPLAY,predicted,I064:mass_transport:1,I064,mass_transport,w-pc-13,5,No unit able to provide mass transport could reach this ward within 45 minutes without pulling a unit off a higher-severity ward.
430.0,2025-09-28T18:10:00Z,REPLAY,predicted,I064:mass_transport:2,I064,mass_transport,w-pc-13,5,No unit able to provide mass transport could reach this ward within 45 minutes without pulling a unit off a higher-severity ward.
430.0,2025-09-28T18:10:00Z,REPLAY,predicted,I065:mass_transport:0,I065,mass_transport,w-pc-11,5,No unit able to provide mass transport could reach this ward within 45 minutes without pulling a unit off a higher-severity ward.
430.0,2025-09-28T18:10:00Z,REPLAY,predicted,I065:mass_transport:1,I065,mass_transport,w-pc-11,5,No unit able to provide mass transport could reach this ward within 45 minutes without pulling a unit off a higher-severity ward.
430.0,2025-09-28T18:10:00Z,REPLAY,predicted,I065:mass_transport:2,I065,mass_transport,w-pc-11,5,No unit able to provide mass transport could reach this ward within 45 minutes without pulling a unit off a higher-severity ward.
430.0,2025-09-28T18:10:00Z,REPLAY,predicted,I066:mass_transport:0,I066,mass_transport,w-pc-11,4,No unit able to provide mass transport could reach this ward within 45 minutes without pulling a unit off a higher-severity ward.
430.0,2025-09-28T18:10:00Z,REPLAY,predicted,I066:mass_transport:1,I066,mass_transport,w-pc-11,4,No unit able to provide mass transport could reach this ward within 45 minutes without pulling a unit off a higher-severity ward.
430.0,2025-09-28T18:10:00Z,REPLAY,predicted,I069:mass_transport:0,I069,mass_transport,w-pc-10,4,No unit able to provide mass transport could reach this ward within 45 minutes without pulling a unit off a higher-severity ward.
430.0,2025-09-28T18:10:00Z,REPLAY,predicted,I069:mass_transport:1,I069,mass_transport,w-pc-10,4,No unit able to provide mass transport could reach this ward within 45 minutes without pulling a unit off a higher-severity ward.
430.0,2025-09-28T18:10:00Z,REPLAY,predicted,I072:mass_transport:0,I072,mass_transport,w-pc-07,4,No unit able to provide mass transport could reach this ward within 45 minutes without pulling a unit off a higher-severity ward.
430.0,2025-09-28T18:10:00Z,REPLAY,predicted,I072:mass_transport:1,I072,mass_transport,w-pc-07,4,No unit able to provide mass transport could reach this ward within 45 minutes without pulling a unit off a higher-severity ward.
430.0,2025-09-28T18:10:00Z,REPLAY,predicted,I073:mass_transport:0,I073,mass_transport,w-pc-14,4,No unit able to provide mass transport could reach this ward within 45 minutes without pulling a unit off a higher-severity ward.
430.0,2025-09-28T18:10:00Z,REPLAY,predicted,I073:mass_transport:1,I073,mass_transport,w-pc-14,4,No unit able to provide mass transport could reach this ward within 45 minutes without pulling a unit off a higher-severity ward.
430.0,2025-09-28T18:10:00Z,REPLAY,predicted,I073:dewatering:0,I073,dewatering,w-pc-14,4,No unit able to provide dewatering could reach this ward within 45 minutes without pulling a unit off a higher-severity ward.
430.0,2025-09-28T18:10:00Z,REPLAY,predicted,I075:mass_transport:0,I075,mass_transport,w-pc-02,4,No unit able to provide mass transport could reach this ward within 45 minutes without pulling a unit off a higher-severity ward.
430.0,2025-09-28T18:10:00Z,REPLAY,predicted,I075:mass_transport:1,I075,mass_transport,w-pc-02,4,No unit able to provide mass transport could reach this ward within 45 minutes without pulling a unit off a higher-severity ward.
430.0,2025-09-28T18:10:00Z,REPLAY,predicted,I078:mass_transport:0,I078,mass_transport,w-pc-13,4,No unit able to provide mass transport could reach this ward within 45 minutes without pulling a unit off a higher-severity ward.
430.0,2025-09-28T18:10:00Z,REPLAY,predicted,I078:mass_transport:1,I078,mass_transport,w-pc-13,4,No unit able to provide mass transport could reach this ward within 45 minutes without pulling a unit off a higher-severity ward.
430.0,2025-09-28T18:10:00Z,REPLAY,predicted,I079:mass_transport:0,I079,mass_transport,w-pc-04,4,No unit able to provide mass transport could reach this ward within 45 minutes without pulling a unit off a higher-severity ward.
430.0,2025-09-28T18:10:00Z,REPLAY,predicted,I079:mass_transport:1,I079,mass_transport,w-pc-04,4,No unit able to provide mass transport could reach this ward within 45 minutes without pulling a unit off a higher-severity ward.
430.0,2025-09-28T18:10:00Z,REPLAY,predicted,I079:dewatering:0,I079,dewatering,w-pc-04,4,No unit able to provide dewatering could reach this ward within 45 minutes without pulling a unit off a higher-severity ward.
430.0,2025-09-28T18:10:00Z,REPLAY,predicted,I080:mass_transport:0,I080,mass_transport,w-pc-07,4,No unit able to provide mass transport could reach this ward within 45 minutes without pulling a unit off a higher-severity ward.
430.0,2025-09-28T18:10:00Z,REPLAY,predicted,I080:mass_transport:1,I080,mass_transport,w-pc-07,4,No unit able to provide mass transport could reach this ward within 45 minutes without pulling a unit off a higher-severity ward.
430.0,2025-09-28T18:10:00Z,REPLAY,predicted,I083:debris_clearance:0,I083,debris_clearance,w-pc-12,3,No unit able to provide debris clearance could reach this ward within 45 minutes without pulling a unit off a higher-severity ward.
430.0,2025-09-28T18:10:00Z,REPLAY,predicted,I084:dewatering:0,I084,dewatering,w-pc-11,2,No unit able to provide dewatering could reach this ward within 45 minutes without pulling a unit off a higher-severity ward.
430.0,2025-09-28T18:10:00Z,REPLAY,predicted,I086:mass_transport:0,I086,mass_transport,w-pc-09,4,No unit able to provide mass transport could reach this ward within 45 minutes without pulling a unit off a higher-severity ward.
430.0,2025-09-28T18:10:00Z,REPLAY,predicted,I086:mass_transport:1,I086,mass_transport,w-pc-09,4,No unit able to provide mass transport could reach this ward within 45 minutes without pulling a unit off a higher-severity ward.
430.0,2025-09-28T18:10:00Z,REPLAY,predicted,I086:dewatering:0,I086,dewatering,w-pc-09,4,No unit able to provide dewatering could reach this ward within 45 minutes without pulling a unit off a higher-severity ward.
430.0,2025-09-28T18:10:00Z,REPLAY,predicted,I087:dewatering:0,I087,dewatering,w-pc-13,2,No unit able to provide dewatering could reach this ward within 45 minutes without pulling a unit off a higher-severity ward.
430.0,2025-09-28T18:10:00Z,REPLAY,predicted,I088:field_assessment:0,I088,field_assessment,w-pc-08,2,No unit able to provide field assessment could reach this ward within 45 minutes without pulling a unit off a higher-severity ward.
430.0,2025-09-28T18:10:00Z,REPLAY,predicted,I089:mass_transport:0,I089,mass_transport,w-pc-13,4,No unit able to provide mass transport could reach this ward within 45 minutes without pulling a unit off a higher-severity ward.
430.0,2025-09-28T18:10:00Z,REPLAY,predicted,I092:mass_transport:0,I092,mass_transport,w-pc-11,5,No unit able to provide mass transport could reach this ward within 45 minutes without pulling a unit off a higher-severity ward.
430.0,2025-09-28T18:10:00Z,REPLAY,predicted,I092:mass_transport:1,I092,mass_transport,w-pc-11,5,No unit able to provide mass transport could reach this ward within 45 minutes without pulling a unit off a higher-severity ward.
430.0,2025-09-28T18:10:00Z,REPLAY,predicted,I092:mass_transport:2,I092,mass_transport,w-pc-11,5,No unit able to provide mass transport could reach this ward within 45 minutes without pulling a unit off a higher-severity ward.
430.0,2025-09-28T18:10:00Z,REPLAY,predicted,I094:field_assessment:0,I094,field_assessment,w-pc-11,2,No unit able to provide field assessment could reach this ward within 45 minutes without pulling a unit off a higher-severity ward.
440.0,2025-09-28T18:20:00Z,REPLAY,predicted,I001:mass_transport:0,I001,mass_transport,w-pc-11,5,No unit able to provide mass transport could reach this ward within 45 minutes without pulling a unit off a higher-severity ward.
440.0,2025-09-28T18:20:00Z,REPLAY,predicted,I001:mass_transport:1,I001,mass_transport,w-pc-11,5,No unit able to provide mass transport could reach this ward within 45 minutes without pulling a unit off a higher-severity ward.
440.0,2025-09-28T18:20:00Z,REPLAY,predicted,I001:mass_transport:2,I001,mass_transport,w-pc-11,5,No unit able to provide mass transport could reach this ward within 45 minutes without pulling a unit off a higher-severity ward.
440.0,2025-09-28T18:20:00Z,REPLAY,predicted,I006:mass_transport:0,I006,mass_transport,w-pc-14,5,No unit able to provide mass transport could reach this ward within 45 minutes without pulling a unit off a higher-severity ward.
440.0,2025-09-28T18:20:00Z,REPLAY,predicted,I006:mass_transport:1,I006,mass_transport,w-pc-14,5,No unit able to provide mass transport could reach this ward within 45 minutes without pulling a unit off a higher-severity ward.
440.0,2025-09-28T18:20:00Z,REPLAY,predicted,I006:mass_transport:2,I006,mass_transport,w-pc-14,5,No unit able to provide mass transport could reach this ward within 45 minutes without pulling a unit off a higher-severity ward.
440.0,2025-09-28T18:20:00Z,REPLAY,predicted,I009:mass_transport:0,I009,mass_transport,w-pc-07,4,No unit able to provide mass transport could reach this ward within 45 minutes without pulling a unit off a higher-severity ward.
440.0,2025-09-28T18:20:00Z,REPLAY,predicted,I009:mass_transport:1,I009,mass_transport,w-pc-07,4,No unit able to provide mass transport could reach this ward within 45 minutes without pulling a unit off a higher-severity ward.
440.0,2025-09-28T18:20:00Z,REPLAY,predicted,I011:mass_transport:0,I011,mass_transport,w-pc-14,4,No unit able to provide mass transport could reach this ward within 45 minutes without pulling a unit off a higher-severity ward.
440.0,2025-09-28T18:20:00Z,REPLAY,predicted,I011:mass_transport:1,I011,mass_transport,w-pc-14,4,No unit able to provide mass transport could reach this ward within 45 minutes without pulling a unit off a higher-severity ward.
440.0,2025-09-28T18:20:00Z,REPLAY,predicted,I015:mass_transport:0,I015,mass_transport,w-pc-11,4,No unit able to provide mass transport could reach this ward within 45 minutes without pulling a unit off a higher-severity ward.
440.0,2025-09-28T18:20:00Z,REPLAY,predicted,I015:mass_transport:1,I015,mass_transport,w-pc-11,4,No unit able to provide mass transport could reach this ward within 45 minutes without pulling a unit off a higher-severity ward.
440.0,2025-09-28T18:20:00Z,REPLAY,predicted,I017:mass_transport:0,I017,mass_transport,w-pc-07,5,No unit able to provide mass transport could reach this ward within 45 minutes without pulling a unit off a higher-severity ward.
440.0,2025-09-28T18:20:00Z,REPLAY,predicted,I017:mass_transport:1,I017,mass_transport,w-pc-07,5,No unit able to provide mass transport could reach this ward within 45 minutes without pulling a unit off a higher-severity ward.
440.0,2025-09-28T18:20:00Z,REPLAY,predicted,I024:mass_transport:0,I024,mass_transport,w-pc-06,4,No unit able to provide mass transport could reach this ward within 45 minutes without pulling a unit off a higher-severity ward.
440.0,2025-09-28T18:20:00Z,REPLAY,predicted,I024:mass_transport:1,I024,mass_transport,w-pc-06,4,No unit able to provide mass transport could reach this ward within 45 minutes without pulling a unit off a higher-severity ward.
440.0,2025-09-28T18:20:00Z,REPLAY,predicted,I027:mass_transport:0,I027,mass_transport,w-pc-10,4,No unit able to provide mass transport could reach this ward within 45 minutes without pulling a unit off a higher-severity ward.
440.0,2025-09-28T18:20:00Z,REPLAY,predicted,I027:mass_transport:1,I027,mass_transport,w-pc-10,4,No unit able to provide mass transport could reach this ward within 45 minutes without pulling a unit off a higher-severity ward.
440.0,2025-09-28T18:20:00Z,REPLAY,predicted,I029:mass_transport:0,I029,mass_transport,w-pc-13,4,No unit able to provide mass transport could reach this ward within 45 minutes without pulling a unit off a higher-severity ward.
440.0,2025-09-28T18:20:00Z,REPLAY,predicted,I030:mass_transport:0,I030,mass_transport,w-pc-06,4,No unit able to provide mass transport could reach this ward within 45 minutes without pulling a unit off a higher-severity ward.
440.0,2025-09-28T18:20:00Z,REPLAY,predicted,I030:mass_transport:1,I030,mass_transport,w-pc-06,4,No unit able to provide mass transport could reach this ward within 45 minutes without pulling a unit off a higher-severity ward.
440.0,2025-09-28T18:20:00Z,REPLAY,predicted,I036:mass_transport:0,I036,mass_transport,w-pc-11,5,No unit able to provide mass transport could reach this ward within 45 minutes without pulling a unit off a higher-severity ward.
440.0,2025-09-28T18:20:00Z,REPLAY,predicted,I036:mass_transport:1,I036,mass_transport,w-pc-11,5,No unit able to provide mass transport could reach this ward within 45 minutes without pulling a unit off a higher-severity ward.
440.0,2025-09-28T18:20:00Z,REPLAY,predicted,I036:mass_transport:2,I036,mass_transport,w-pc-11,5,No unit able to provide mass transport could reach this ward within 45 minutes without pulling a unit off a higher-severity ward.
440.0,2025-09-28T18:20:00Z,REPLAY,predicted,I040:mass_transport:0,I040,mass_transport,w-pc-13,4,No unit able to provide mass transport could reach this ward within 45 minutes without pulling a unit off a higher-severity ward.
440.0,2025-09-28T18:20:00Z,REPLAY,predicted,I047:mass_transport:0,I047,mass_transport,w-pc-11,5,No unit able to provide mass transport could reach this ward within 45 minutes without pulling a unit off a higher-severity ward.
440.0,2025-09-28T18:20:00Z,REPLAY,predicted,I047:mass_transport:1,I047,mass_transport,w-pc-11,5,No unit able to provide mass transport could reach this ward within 45 minutes without pulling a unit off a higher-severity ward.
440.0,2025-09-28T18:20:00Z,REPLAY,predicted,I047:mass_transport:2,I047,mass_transport,w-pc-11,5,No unit able to provide mass transport could reach this ward within 45 minutes without pulling a unit off a higher-severity ward.
440.0,2025-09-28T18:20:00Z,REPLAY,predicted,I049:mass_transport:0,I049,mass_transport,w-pc-07,5,No unit able to provide mass transport could reach this ward within 45 minutes without pulling a unit off a higher-severity ward.
440.0,2025-09-28T18:20:00Z,REPLAY,predicted,I049:mass_transport:1,I049,mass_transport,w-pc-07,5,No unit able to provide mass transport could reach this ward within 45 minutes without pulling a unit off a higher-severity ward.
440.0,2025-09-28T18:20:00Z,REPLAY,predicted,I049:mass_transport:2,I049,mass_transport,w-pc-07,5,No unit able to provide mass transport could reach this ward within 45 minutes without pulling a unit off a higher-severity ward.
440.0,2025-09-28T18:20:00Z,REPLAY,predicted,I055:mass_transport:0,I055,mass_transport,w-pc-10,5,No unit able to provide mass transport could reach this ward within 45 minutes without pulling a unit off a higher-severity ward.
440.0,2025-09-28T18:20:00Z,REPLAY,predicted,I055:mass_transport:1,I055,mass_transport,w-pc-10,5,No unit able to provide mass transport could reach this ward within 45 minutes without pulling a unit off a higher-severity ward.
440.0,2025-09-28T18:20:00Z,REPLAY,predicted,I055:mass_transport:2,I055,mass_transport,w-pc-10,5,No unit able to provide mass transport could reach this ward within 45 minutes without pulling a unit off a higher-severity ward.
440.0,2025-09-28T18:20:00Z,REPLAY,predicted,I058:mass_transport:0,I058,mass_transport,w-pc-02,4,No unit able to provide mass transport could reach this ward within 45 minutes without pulling a unit off a higher-severity ward.
440.0,2025-09-28T18:20:00Z,REPLAY,predicted,I061:mass_transport:0,I061,mass_transport,w-pc-06,5,No unit able to provide mass transport could reach this ward within 45 minutes without pulling a unit off a higher-severity ward.
440.0,2025-09-28T18:20:00Z,REPLAY,predicted,I061:mass_transport:1,I061,mass_transport,w-pc-06,5,No unit able to provide mass transport could reach this ward within 45 minutes without pulling a unit off a higher-severity ward.
440.0,2025-09-28T18:20:00Z,REPLAY,predicted,I061:mass_transport:2,I061,mass_transport,w-pc-06,5,No unit able to provide mass transport could reach this ward within 45 minutes without pulling a unit off a higher-severity ward.
440.0,2025-09-28T18:20:00Z,REPLAY,predicted,I062:mass_transport:0,I062,mass_transport,w-pc-11,5,No unit able to provide mass transport could reach this ward within 45 minutes without pulling a unit off a higher-severity ward.
440.0,2025-09-28T18:20:00Z,REPLAY,predicted,I062:mass_transport:1,I062,mass_transport,w-pc-11,5,No unit able to provide mass transport could reach this ward within 45 minutes without pulling a unit off a higher-severity ward.
440.0,2025-09-28T18:20:00Z,REPLAY,predicted,I062:mass_transport:2,I062,mass_transport,w-pc-11,5,No unit able to provide mass transport could reach this ward within 45 minutes without pulling a unit off a higher-severity ward.
440.0,2025-09-28T18:20:00Z,REPLAY,predicted,I063:mass_transport:0,I063,mass_transport,w-pc-10,4,No unit able to provide mass transport could reach this ward within 45 minutes without pulling a unit off a higher-severity ward.
440.0,2025-09-28T18:20:00Z,REPLAY,predicted,I063:mass_transport:1,I063,mass_transport,w-pc-10,4,No unit able to provide mass transport could reach this ward within 45 minutes without pulling a unit off a higher-severity ward.
440.0,2025-09-28T18:20:00Z,REPLAY,predicted,I064:mass_transport:0,I064,mass_transport,w-pc-13,5,No unit able to provide mass transport could reach this ward within 45 minutes without pulling a unit off a higher-severity ward.
440.0,2025-09-28T18:20:00Z,REPLAY,predicted,I064:mass_transport:1,I064,mass_transport,w-pc-13,5,No unit able to provide mass transport could reach this ward within 45 minutes without pulling a unit off a higher-severity ward.
440.0,2025-09-28T18:20:00Z,REPLAY,predicted,I064:mass_transport:2,I064,mass_transport,w-pc-13,5,No unit able to provide mass transport could reach this ward within 45 minutes without pulling a unit off a higher-severity ward.
440.0,2025-09-28T18:20:00Z,REPLAY,predicted,I065:mass_transport:0,I065,mass_transport,w-pc-11,5,No unit able to provide mass transport could reach this ward within 45 minutes without pulling a unit off a higher-severity ward.
440.0,2025-09-28T18:20:00Z,REPLAY,predicted,I065:mass_transport:1,I065,mass_transport,w-pc-11,5,No unit able to provide mass transport could reach this ward within 45 minutes without pulling a unit off a higher-severity ward.
440.0,2025-09-28T18:20:00Z,REPLAY,predicted,I065:mass_transport:2,I065,mass_transport,w-pc-11,5,No unit able to provide mass transport could reach this ward within 45 minutes without pulling a unit off a higher-severity ward.
440.0,2025-09-28T18:20:00Z,REPLAY,predicted,I066:mass_transport:0,I066,mass_transport,w-pc-11,4,No unit able to provide mass transport could reach this ward within 45 minutes without pulling a unit off a higher-severity ward.
440.0,2025-09-28T18:20:00Z,REPLAY,predicted,I066:mass_transport:1,I066,mass_transport,w-pc-11,4,No unit able to provide mass transport could reach this ward within 45 minutes without pulling a unit off a higher-severity ward.
440.0,2025-09-28T18:20:00Z,REPLAY,predicted,I069:mass_transport:0,I069,mass_transport,w-pc-10,4,No unit able to provide mass transport could reach this ward within 45 minutes without pulling a unit off a higher-severity ward.
440.0,2025-09-28T18:20:00Z,REPLAY,predicted,I069:mass_transport:1,I069,mass_transport,w-pc-10,4,No unit able to provide mass transport could reach this ward within 45 minutes without pulling a unit off a higher-severity ward.
440.0,2025-09-28T18:20:00Z,REPLAY,predicted,I072:mass_transport:0,I072,mass_transport,w-pc-07,4,No unit able to provide mass transport could reach this ward within 45 minutes without pulling a unit off a higher-severity ward.
440.0,2025-09-28T18:20:00Z,REPLAY,predicted,I072:mass_transport:1,I072,mass_transport,w-pc-07,4,No unit able to provide mass transport could reach this ward within 45 minutes without pulling a unit off a higher-severity ward.
440.0,2025-09-28T18:20:00Z,REPLAY,predicted,I073:mass_transport:0,I073,mass_transport,w-pc-14,4,No unit able to provide mass transport could reach this ward within 45 minutes without pulling a unit off a higher-severity ward.
440.0,2025-09-28T18:20:00Z,REPLAY,predicted,I073:mass_transport:1,I073,mass_transport,w-pc-14,4,No unit able to provide mass transport could reach this ward within 45 minutes without pulling a unit off a higher-severity ward.
440.0,2025-09-28T18:20:00Z,REPLAY,predicted,I073:dewatering:0,I073,dewatering,w-pc-14,4,No unit able to provide dewatering could reach this ward within 45 minutes without pulling a unit off a higher-severity ward.
440.0,2025-09-28T18:20:00Z,REPLAY,predicted,I075:mass_transport:0,I075,mass_transport,w-pc-02,4,No unit able to provide mass transport could reach this ward within 45 minutes without pulling a unit off a higher-severity ward.
440.0,2025-09-28T18:20:00Z,REPLAY,predicted,I075:mass_transport:1,I075,mass_transport,w-pc-02,4,No unit able to provide mass transport could reach this ward within 45 minutes without pulling a unit off a higher-severity ward.
440.0,2025-09-28T18:20:00Z,REPLAY,predicted,I078:mass_transport:0,I078,mass_transport,w-pc-13,4,No unit able to provide mass transport could reach this ward within 45 minutes without pulling a unit off a higher-severity ward.
440.0,2025-09-28T18:20:00Z,REPLAY,predicted,I078:mass_transport:1,I078,mass_transport,w-pc-13,4,No unit able to provide mass transport could reach this ward within 45 minutes without pulling a unit off a higher-severity ward.
440.0,2025-09-28T18:20:00Z,REPLAY,predicted,I079:mass_transport:0,I079,mass_transport,w-pc-04,4,No unit able to provide mass transport could reach this ward within 45 minutes without pulling a unit off a higher-severity ward.
440.0,2025-09-28T18:20:00Z,REPLAY,predicted,I079:mass_transport:1,I079,mass_transport,w-pc-04,4,No unit able to provide mass transport could reach this ward within 45 minutes without pulling a unit off a higher-severity ward.
440.0,2025-09-28T18:20:00Z,REPLAY,predicted,I079:dewatering:0,I079,dewatering,w-pc-04,4,No unit able to provide dewatering could reach this ward within 45 minutes without pulling a unit off a higher-severity ward.
440.0,2025-09-28T18:20:00Z,REPLAY,predicted,I080:mass_transport:0,I080,mass_transport,w-pc-07,4,No unit able to provide mass transport could reach this ward within 45 minutes without pulling a unit off a higher-severity ward.
440.0,2025-09-28T18:20:00Z,REPLAY,predicted,I080:mass_transport:1,I080,mass_transport,w-pc-07,4,No unit able to provide mass transport could reach this ward within 45 minutes without pulling a unit off a higher-severity ward.
440.0,2025-09-28T18:20:00Z,REPLAY,predicted,I082:mass_transport:0,I082,mass_transport,w-pc-09,5,No unit able to provide mass transport could reach this ward within 45 minutes without pulling a unit off a higher-severity ward.
440.0,2025-09-28T18:20:00Z,REPLAY,predicted,I082:mass_transport:1,I082,mass_transport,w-pc-09,5,No unit able to provide mass transport could reach this ward within 45 minutes without pulling a unit off a higher-severity ward.
440.0,2025-09-28T18:20:00Z,REPLAY,predicted,I082:mass_transport:2,I082,mass_transport,w-pc-09,5,No unit able to provide mass transport could reach this ward within 45 minutes without pulling a unit off a higher-severity ward.
440.0,2025-09-28T18:20:00Z,REPLAY,predicted,I083:debris_clearance:0,I083,debris_clearance,w-pc-12,3,No unit able to provide debris clearance could reach this ward within 45 minutes without pulling a unit off a higher-severity ward.
440.0,2025-09-28T18:20:00Z,REPLAY,predicted,I084:dewatering:0,I084,dewatering,w-pc-11,2,No unit able to provide dewatering could reach this ward within 45 minutes without pulling a unit off a higher-severity ward.
440.0,2025-09-28T18:20:00Z,REPLAY,predicted,I086:mass_transport:0,I086,mass_transport,w-pc-09,4,No unit able to provide mass transport could reach this ward within 45 minutes without pulling a unit off a higher-severity ward.
440.0,2025-09-28T18:20:00Z,REPLAY,predicted,I086:mass_transport:1,I086,mass_transport,w-pc-09,4,No unit able to provide mass transport could reach this ward within 45 minutes without pulling a unit off a higher-severity ward.
440.0,2025-09-28T18:20:00Z,REPLAY,predicted,I086:dewatering:0,I086,dewatering,w-pc-09,4,No unit able to provide dewatering could reach this ward within 45 minutes without pulling a unit off a higher-severity ward.
440.0,2025-09-28T18:20:00Z,REPLAY,predicted,I089:mass_transport:0,I089,mass_transport,w-pc-13,4,No unit able to provide mass transport could reach this ward within 45 minutes without pulling a unit off a higher-severity ward.
440.0,2025-09-28T18:20:00Z,REPLAY,predicted,I092:mass_transport:0,I092,mass_transport,w-pc-11,5,No unit able to provide mass transport could reach this ward within 45 minutes without pulling a unit off a higher-severity ward.
440.0,2025-09-28T18:20:00Z,REPLAY,predicted,I092:mass_transport:1,I092,mass_transport,w-pc-11,5,No unit able to provide mass transport could reach this ward within 45 minutes without pulling a unit off a higher-severity ward.
440.0,2025-09-28T18:20:00Z,REPLAY,predicted,I092:mass_transport:2,I092,mass_transport,w-pc-11,5,No unit able to provide mass transport could reach this ward within 45 minutes without pulling a unit off a higher-severity ward.
440.0,2025-09-28T18:20:00Z,REPLAY,predicted,I094:field_assessment:0,I094,field_assessment,w-pc-11,2,No unit able to provide field assessment could reach this ward within 45 minutes without pulling a unit off a higher-severity ward.
440.0,2025-09-28T18:20:00Z,REPLAY,predicted,I097:field_assessment:0,I097,field_assessment,w-pc-10,2,No unit able to provide field assessment could reach this ward within 45 minutes without pulling a unit off a higher-severity ward.
440.0,2025-09-28T18:20:00Z,REPLAY,predicted,I098:field_assessment:0,I098,field_assessment,w-pc-11,2,No unit able to provide field assessment could reach this ward within 45 minutes without pulling a unit off a higher-severity ward.
450.0,2025-09-28T18:30:00Z,REPLAY,predicted,I001:mass_transport:0,I001,mass_transport,w-pc-11,5,No unit able to provide mass transport could reach this ward within 45 minutes without pulling a unit off a higher-severity ward.
450.0,2025-09-28T18:30:00Z,REPLAY,predicted,I001:mass_transport:1,I001,mass_transport,w-pc-11,5,No unit able to provide mass transport could reach this ward within 45 minutes without pulling a unit off a higher-severity ward.
450.0,2025-09-28T18:30:00Z,REPLAY,predicted,I001:mass_transport:2,I001,mass_transport,w-pc-11,5,No unit able to provide mass transport could reach this ward within 45 minutes without pulling a unit off a higher-severity ward.
450.0,2025-09-28T18:30:00Z,REPLAY,predicted,I006:mass_transport:0,I006,mass_transport,w-pc-14,5,No unit able to provide mass transport could reach this ward within 45 minutes without pulling a unit off a higher-severity ward.
450.0,2025-09-28T18:30:00Z,REPLAY,predicted,I006:mass_transport:1,I006,mass_transport,w-pc-14,5,No unit able to provide mass transport could reach this ward within 45 minutes without pulling a unit off a higher-severity ward.
450.0,2025-09-28T18:30:00Z,REPLAY,predicted,I006:mass_transport:2,I006,mass_transport,w-pc-14,5,No unit able to provide mass transport could reach this ward within 45 minutes without pulling a unit off a higher-severity ward.
450.0,2025-09-28T18:30:00Z,REPLAY,predicted,I009:mass_transport:0,I009,mass_transport,w-pc-07,4,No unit able to provide mass transport could reach this ward within 45 minutes without pulling a unit off a higher-severity ward.
450.0,2025-09-28T18:30:00Z,REPLAY,predicted,I009:mass_transport:1,I009,mass_transport,w-pc-07,4,No unit able to provide mass transport could reach this ward within 45 minutes without pulling a unit off a higher-severity ward.
450.0,2025-09-28T18:30:00Z,REPLAY,predicted,I011:mass_transport:0,I011,mass_transport,w-pc-14,4,No unit able to provide mass transport could reach this ward within 45 minutes without pulling a unit off a higher-severity ward.
450.0,2025-09-28T18:30:00Z,REPLAY,predicted,I011:mass_transport:1,I011,mass_transport,w-pc-14,4,No unit able to provide mass transport could reach this ward within 45 minutes without pulling a unit off a higher-severity ward.
450.0,2025-09-28T18:30:00Z,REPLAY,predicted,I015:mass_transport:0,I015,mass_transport,w-pc-11,4,No unit able to provide mass transport could reach this ward within 45 minutes without pulling a unit off a higher-severity ward.
450.0,2025-09-28T18:30:00Z,REPLAY,predicted,I015:mass_transport:1,I015,mass_transport,w-pc-11,4,No unit able to provide mass transport could reach this ward within 45 minutes without pulling a unit off a higher-severity ward.
450.0,2025-09-28T18:30:00Z,REPLAY,predicted,I017:mass_transport:0,I017,mass_transport,w-pc-07,5,No unit able to provide mass transport could reach this ward within 45 minutes without pulling a unit off a higher-severity ward.
450.0,2025-09-28T18:30:00Z,REPLAY,predicted,I017:mass_transport:1,I017,mass_transport,w-pc-07,5,No unit able to provide mass transport could reach this ward within 45 minutes without pulling a unit off a higher-severity ward.
450.0,2025-09-28T18:30:00Z,REPLAY,predicted,I024:mass_transport:0,I024,mass_transport,w-pc-06,4,No unit able to provide mass transport could reach this ward within 45 minutes without pulling a unit off a higher-severity ward.
450.0,2025-09-28T18:30:00Z,REPLAY,predicted,I024:mass_transport:1,I024,mass_transport,w-pc-06,4,No unit able to provide mass transport could reach this ward within 45 minutes without pulling a unit off a higher-severity ward.
450.0,2025-09-28T18:30:00Z,REPLAY,predicted,I027:mass_transport:0,I027,mass_transport,w-pc-10,4,No unit able to provide mass transport could reach this ward within 45 minutes without pulling a unit off a higher-severity ward.
450.0,2025-09-28T18:30:00Z,REPLAY,predicted,I027:mass_transport:1,I027,mass_transport,w-pc-10,4,No unit able to provide mass transport could reach this ward within 45 minutes without pulling a unit off a higher-severity ward.
450.0,2025-09-28T18:30:00Z,REPLAY,predicted,I029:mass_transport:0,I029,mass_transport,w-pc-13,4,No unit able to provide mass transport could reach this ward within 45 minutes without pulling a unit off a higher-severity ward.
450.0,2025-09-28T18:30:00Z,REPLAY,predicted,I030:mass_transport:0,I030,mass_transport,w-pc-06,4,No unit able to provide mass transport could reach this ward within 45 minutes without pulling a unit off a higher-severity ward.
450.0,2025-09-28T18:30:00Z,REPLAY,predicted,I030:mass_transport:1,I030,mass_transport,w-pc-06,4,No unit able to provide mass transport could reach this ward within 45 minutes without pulling a unit off a higher-severity ward.
450.0,2025-09-28T18:30:00Z,REPLAY,predicted,I036:mass_transport:0,I036,mass_transport,w-pc-11,5,No unit able to provide mass transport could reach this ward within 45 minutes without pulling a unit off a higher-severity ward.
450.0,2025-09-28T18:30:00Z,REPLAY,predicted,I036:mass_transport:1,I036,mass_transport,w-pc-11,5,No unit able to provide mass transport could reach this ward within 45 minutes without pulling a unit off a higher-severity ward.
450.0,2025-09-28T18:30:00Z,REPLAY,predicted,I036:mass_transport:2,I036,mass_transport,w-pc-11,5,No unit able to provide mass transport could reach this ward within 45 minutes without pulling a unit off a higher-severity ward.
450.0,2025-09-28T18:30:00Z,REPLAY,predicted,I040:mass_transport:0,I040,mass_transport,w-pc-13,4,No unit able to provide mass transport could reach this ward within 45 minutes without pulling a unit off a higher-severity ward.
450.0,2025-09-28T18:30:00Z,REPLAY,predicted,I047:mass_transport:0,I047,mass_transport,w-pc-11,5,No unit able to provide mass transport could reach this ward within 45 minutes without pulling a unit off a higher-severity ward.
450.0,2025-09-28T18:30:00Z,REPLAY,predicted,I047:mass_transport:1,I047,mass_transport,w-pc-11,5,No unit able to provide mass transport could reach this ward within 45 minutes without pulling a unit off a higher-severity ward.
450.0,2025-09-28T18:30:00Z,REPLAY,predicted,I047:mass_transport:2,I047,mass_transport,w-pc-11,5,No unit able to provide mass transport could reach this ward within 45 minutes without pulling a unit off a higher-severity ward.
450.0,2025-09-28T18:30:00Z,REPLAY,predicted,I049:mass_transport:0,I049,mass_transport,w-pc-07,5,No unit able to provide mass transport could reach this ward within 45 minutes without pulling a unit off a higher-severity ward.
450.0,2025-09-28T18:30:00Z,REPLAY,predicted,I049:mass_transport:1,I049,mass_transport,w-pc-07,5,No unit able to provide mass transport could reach this ward within 45 minutes without pulling a unit off a higher-severity ward.
450.0,2025-09-28T18:30:00Z,REPLAY,predicted,I049:mass_transport:2,I049,mass_transport,w-pc-07,5,No unit able to provide mass transport could reach this ward within 45 minutes without pulling a unit off a higher-severity ward.
450.0,2025-09-28T18:30:00Z,REPLAY,predicted,I055:mass_transport:0,I055,mass_transport,w-pc-10,5,No unit able to provide mass transport could reach this ward within 45 minutes without pulling a unit off a higher-severity ward.
450.0,2025-09-28T18:30:00Z,REPLAY,predicted,I055:mass_transport:1,I055,mass_transport,w-pc-10,5,No unit able to provide mass transport could reach this ward within 45 minutes without pulling a unit off a higher-severity ward.
450.0,2025-09-28T18:30:00Z,REPLAY,predicted,I055:mass_transport:2,I055,mass_transport,w-pc-10,5,No unit able to provide mass transport could reach this ward within 45 minutes without pulling a unit off a higher-severity ward.
450.0,2025-09-28T18:30:00Z,REPLAY,predicted,I058:mass_transport:0,I058,mass_transport,w-pc-02,4,No unit able to provide mass transport could reach this ward within 45 minutes without pulling a unit off a higher-severity ward.
450.0,2025-09-28T18:30:00Z,REPLAY,predicted,I061:mass_transport:0,I061,mass_transport,w-pc-06,5,No unit able to provide mass transport could reach this ward within 45 minutes without pulling a unit off a higher-severity ward.
450.0,2025-09-28T18:30:00Z,REPLAY,predicted,I061:mass_transport:1,I061,mass_transport,w-pc-06,5,No unit able to provide mass transport could reach this ward within 45 minutes without pulling a unit off a higher-severity ward.
450.0,2025-09-28T18:30:00Z,REPLAY,predicted,I061:mass_transport:2,I061,mass_transport,w-pc-06,5,No unit able to provide mass transport could reach this ward within 45 minutes without pulling a unit off a higher-severity ward.
450.0,2025-09-28T18:30:00Z,REPLAY,predicted,I062:mass_transport:0,I062,mass_transport,w-pc-11,5,No unit able to provide mass transport could reach this ward within 45 minutes without pulling a unit off a higher-severity ward.
450.0,2025-09-28T18:30:00Z,REPLAY,predicted,I062:mass_transport:1,I062,mass_transport,w-pc-11,5,No unit able to provide mass transport could reach this ward within 45 minutes without pulling a unit off a higher-severity ward.
450.0,2025-09-28T18:30:00Z,REPLAY,predicted,I062:mass_transport:2,I062,mass_transport,w-pc-11,5,No unit able to provide mass transport could reach this ward within 45 minutes without pulling a unit off a higher-severity ward.
450.0,2025-09-28T18:30:00Z,REPLAY,predicted,I063:mass_transport:0,I063,mass_transport,w-pc-10,4,No unit able to provide mass transport could reach this ward within 45 minutes without pulling a unit off a higher-severity ward.
450.0,2025-09-28T18:30:00Z,REPLAY,predicted,I063:mass_transport:1,I063,mass_transport,w-pc-10,4,No unit able to provide mass transport could reach this ward within 45 minutes without pulling a unit off a higher-severity ward.
450.0,2025-09-28T18:30:00Z,REPLAY,predicted,I064:mass_transport:0,I064,mass_transport,w-pc-13,5,No unit able to provide mass transport could reach this ward within 45 minutes without pulling a unit off a higher-severity ward.
450.0,2025-09-28T18:30:00Z,REPLAY,predicted,I064:mass_transport:1,I064,mass_transport,w-pc-13,5,No unit able to provide mass transport could reach this ward within 45 minutes without pulling a unit off a higher-severity ward.
450.0,2025-09-28T18:30:00Z,REPLAY,predicted,I064:mass_transport:2,I064,mass_transport,w-pc-13,5,No unit able to provide mass transport could reach this ward within 45 minutes without pulling a unit off a higher-severity ward.
450.0,2025-09-28T18:30:00Z,REPLAY,predicted,I065:mass_transport:0,I065,mass_transport,w-pc-11,5,No unit able to provide mass transport could reach this ward within 45 minutes without pulling a unit off a higher-severity ward.
450.0,2025-09-28T18:30:00Z,REPLAY,predicted,I065:mass_transport:1,I065,mass_transport,w-pc-11,5,No unit able to provide mass transport could reach this ward within 45 minutes without pulling a unit off a higher-severity ward.
450.0,2025-09-28T18:30:00Z,REPLAY,predicted,I065:mass_transport:2,I065,mass_transport,w-pc-11,5,No unit able to provide mass transport could reach this ward within 45 minutes without pulling a unit off a higher-severity ward.
450.0,2025-09-28T18:30:00Z,REPLAY,predicted,I066:mass_transport:0,I066,mass_transport,w-pc-11,4,No unit able to provide mass transport could reach this ward within 45 minutes without pulling a unit off a higher-severity ward.
450.0,2025-09-28T18:30:00Z,REPLAY,predicted,I066:mass_transport:1,I066,mass_transport,w-pc-11,4,No unit able to provide mass transport could reach this ward within 45 minutes without pulling a unit off a higher-severity ward.
450.0,2025-09-28T18:30:00Z,REPLAY,predicted,I069:mass_transport:0,I069,mass_transport,w-pc-10,4,No unit able to provide mass transport could reach this ward within 45 minutes without pulling a unit off a higher-severity ward.
450.0,2025-09-28T18:30:00Z,REPLAY,predicted,I069:mass_transport:1,I069,mass_transport,w-pc-10,4,No unit able to provide mass transport could reach this ward within 45 minutes without pulling a unit off a higher-severity ward.
450.0,2025-09-28T18:30:00Z,REPLAY,predicted,I072:mass_transport:0,I072,mass_transport,w-pc-07,4,No unit able to provide mass transport could reach this ward within 45 minutes without pulling a unit off a higher-severity ward.
450.0,2025-09-28T18:30:00Z,REPLAY,predicted,I072:mass_transport:1,I072,mass_transport,w-pc-07,4,No unit able to provide mass transport could reach this ward within 45 minutes without pulling a unit off a higher-severity ward.
450.0,2025-09-28T18:30:00Z,REPLAY,predicted,I073:mass_transport:0,I073,mass_transport,w-pc-14,4,No unit able to provide mass transport could reach this ward within 45 minutes without pulling a unit off a higher-severity ward.
450.0,2025-09-28T18:30:00Z,REPLAY,predicted,I073:mass_transport:1,I073,mass_transport,w-pc-14,4,No unit able to provide mass transport could reach this ward within 45 minutes without pulling a unit off a higher-severity ward.
450.0,2025-09-28T18:30:00Z,REPLAY,predicted,I073:dewatering:0,I073,dewatering,w-pc-14,4,No unit able to provide dewatering could reach this ward within 45 minutes without pulling a unit off a higher-severity ward.
450.0,2025-09-28T18:30:00Z,REPLAY,predicted,I075:mass_transport:0,I075,mass_transport,w-pc-02,4,No unit able to provide mass transport could reach this ward within 45 minutes without pulling a unit off a higher-severity ward.
450.0,2025-09-28T18:30:00Z,REPLAY,predicted,I075:mass_transport:1,I075,mass_transport,w-pc-02,4,No unit able to provide mass transport could reach this ward within 45 minutes without pulling a unit off a higher-severity ward.
450.0,2025-09-28T18:30:00Z,REPLAY,predicted,I078:mass_transport:0,I078,mass_transport,w-pc-13,4,No unit able to provide mass transport could reach this ward within 45 minutes without pulling a unit off a higher-severity ward.
450.0,2025-09-28T18:30:00Z,REPLAY,predicted,I078:mass_transport:1,I078,mass_transport,w-pc-13,4,No unit able to provide mass transport could reach this ward within 45 minutes without pulling a unit off a higher-severity ward.
450.0,2025-09-28T18:30:00Z,REPLAY,predicted,I079:mass_transport:0,I079,mass_transport,w-pc-04,4,No unit able to provide mass transport could reach this ward within 45 minutes without pulling a unit off a higher-severity ward.
450.0,2025-09-28T18:30:00Z,REPLAY,predicted,I079:mass_transport:1,I079,mass_transport,w-pc-04,4,No unit able to provide mass transport could reach this ward within 45 minutes without pulling a unit off a higher-severity ward.
450.0,2025-09-28T18:30:00Z,REPLAY,predicted,I079:dewatering:0,I079,dewatering,w-pc-04,4,No unit able to provide dewatering could reach this ward within 45 minutes without pulling a unit off a higher-severity ward.
450.0,2025-09-28T18:30:00Z,REPLAY,predicted,I080:mass_transport:0,I080,mass_transport,w-pc-07,4,No unit able to provide mass transport could reach this ward within 45 minutes without pulling a unit off a higher-severity ward.
450.0,2025-09-28T18:30:00Z,REPLAY,predicted,I080:mass_transport:1,I080,mass_transport,w-pc-07,4,No unit able to provide mass transport could reach this ward within 45 minutes without pulling a unit off a higher-severity ward.
450.0,2025-09-28T18:30:00Z,REPLAY,predicted,I082:mass_transport:0,I082,mass_transport,w-pc-09,5,No unit able to provide mass transport could reach this ward within 45 minutes without pulling a unit off a higher-severity ward.
450.0,2025-09-28T18:30:00Z,REPLAY,predicted,I082:mass_transport:1,I082,mass_transport,w-pc-09,5,No unit able to provide mass transport could reach this ward within 45 minutes without pulling a unit off a higher-severity ward.
450.0,2025-09-28T18:30:00Z,REPLAY,predicted,I082:mass_transport:2,I082,mass_transport,w-pc-09,5,No unit able to provide mass transport could reach this ward within 45 minutes without pulling a unit off a higher-severity ward.
450.0,2025-09-28T18:30:00Z,REPLAY,predicted,I084:dewatering:0,I084,dewatering,w-pc-11,2,No unit able to provide dewatering could reach this ward within 45 minutes without pulling a unit off a higher-severity ward.
450.0,2025-09-28T18:30:00Z,REPLAY,predicted,I086:mass_transport:0,I086,mass_transport,w-pc-09,4,No unit able to provide mass transport could reach this ward within 45 minutes without pulling a unit off a higher-severity ward.
450.0,2025-09-28T18:30:00Z,REPLAY,predicted,I086:mass_transport:1,I086,mass_transport,w-pc-09,4,No unit able to provide mass transport could reach this ward within 45 minutes without pulling a unit off a higher-severity ward.
450.0,2025-09-28T18:30:00Z,REPLAY,predicted,I086:dewatering:0,I086,dewatering,w-pc-09,4,No unit able to provide dewatering could reach this ward within 45 minutes without pulling a unit off a higher-severity ward.
450.0,2025-09-28T18:30:00Z,REPLAY,predicted,I088:field_assessment:0,I088,field_assessment,w-pc-08,2,No unit able to provide field assessment could reach this ward within 45 minutes without pulling a unit off a higher-severity ward.
450.0,2025-09-28T18:30:00Z,REPLAY,predicted,I089:mass_transport:0,I089,mass_transport,w-pc-13,4,No unit able to provide mass transport could reach this ward within 45 minutes without pulling a unit off a higher-severity ward.
450.0,2025-09-28T18:30:00Z,REPLAY,predicted,I092:mass_transport:0,I092,mass_transport,w-pc-11,5,No unit able to provide mass transport could reach this ward within 45 minutes without pulling a unit off a higher-severity ward.
450.0,2025-09-28T18:30:00Z,REPLAY,predicted,I092:mass_transport:1,I092,mass_transport,w-pc-11,5,No unit able to provide mass transport could reach this ward within 45 minutes without pulling a unit off a higher-severity ward.
450.0,2025-09-28T18:30:00Z,REPLAY,predicted,I092:mass_transport:2,I092,mass_transport,w-pc-11,5,No unit able to provide mass transport could reach this ward within 45 minutes without pulling a unit off a higher-severity ward.
450.0,2025-09-28T18:30:00Z,REPLAY,predicted,I094:field_assessment:0,I094,field_assessment,w-pc-11,2,No unit able to provide field assessment could reach this ward within 45 minutes without pulling a unit off a higher-severity ward.
450.0,2025-09-28T18:30:00Z,REPLAY,predicted,I095:mass_transport:0,I095,mass_transport,w-pc-07,4,No unit able to provide mass transport could reach this ward within 45 minutes without pulling a unit off a higher-severity ward.
450.0,2025-09-28T18:30:00Z,REPLAY,predicted,I095:dewatering:0,I095,dewatering,w-pc-07,4,No unit able to provide dewatering could reach this ward within 45 minutes without pulling a unit off a higher-severity ward.
450.0,2025-09-28T18:30:00Z,REPLAY,predicted,I096:water_rescue:0,I096,water_rescue,w-pc-03,5,No unit able to provide water rescue could reach this ward within 45 minutes without pulling a unit off a higher-severity ward.
450.0,2025-09-28T18:30:00Z,REPLAY,predicted,I096:mass_transport:0,I096,mass_transport,w-pc-03,5,No unit able to provide mass transport could reach this ward within 45 minutes without pulling a unit off a higher-severity ward.
450.0,2025-09-28T18:30:00Z,REPLAY,predicted,I096:mass_transport:1,I096,mass_transport,w-pc-03,5,No unit able to provide mass transport could reach this ward within 45 minutes without pulling a unit off a higher-severity ward.
450.0,2025-09-28T18:30:00Z,REPLAY,predicted,I096:mass_transport:2,I096,mass_transport,w-pc-03,5,No unit able to provide mass transport could reach this ward within 45 minutes without pulling a unit off a higher-severity ward.
450.0,2025-09-28T18:30:00Z,REPLAY,predicted,I100:field_assessment:0,I100,field_assessment,w-pc-10,2,No unit able to provide field assessment could reach this ward within 45 minutes without pulling a unit off a higher-severity ward.
450.0,2025-09-28T18:30:00Z,REPLAY,predicted,I101:field_assessment:0,I101,field_assessment,w-pc-06,2,No unit able to provide field assessment could reach this ward within 45 minutes without pulling a unit off a higher-severity ward.
460.0,2025-09-28T18:40:00Z,REPLAY,predicted,I001:mass_transport:0,I001,mass_transport,w-pc-11,5,No unit able to provide mass transport could reach this ward within 45 minutes without pulling a unit off a higher-severity ward.
460.0,2025-09-28T18:40:00Z,REPLAY,predicted,I001:mass_transport:1,I001,mass_transport,w-pc-11,5,No unit able to provide mass transport could reach this ward within 45 minutes without pulling a unit off a higher-severity ward.
460.0,2025-09-28T18:40:00Z,REPLAY,predicted,I001:mass_transport:2,I001,mass_transport,w-pc-11,5,No unit able to provide mass transport could reach this ward within 45 minutes without pulling a unit off a higher-severity ward.
460.0,2025-09-28T18:40:00Z,REPLAY,predicted,I006:mass_transport:0,I006,mass_transport,w-pc-14,5,No unit able to provide mass transport could reach this ward within 45 minutes without pulling a unit off a higher-severity ward.
460.0,2025-09-28T18:40:00Z,REPLAY,predicted,I006:mass_transport:1,I006,mass_transport,w-pc-14,5,No unit able to provide mass transport could reach this ward within 45 minutes without pulling a unit off a higher-severity ward.
460.0,2025-09-28T18:40:00Z,REPLAY,predicted,I006:mass_transport:2,I006,mass_transport,w-pc-14,5,No unit able to provide mass transport could reach this ward within 45 minutes without pulling a unit off a higher-severity ward.
460.0,2025-09-28T18:40:00Z,REPLAY,predicted,I009:mass_transport:0,I009,mass_transport,w-pc-07,4,No unit able to provide mass transport could reach this ward within 45 minutes without pulling a unit off a higher-severity ward.
460.0,2025-09-28T18:40:00Z,REPLAY,predicted,I009:mass_transport:1,I009,mass_transport,w-pc-07,4,No unit able to provide mass transport could reach this ward within 45 minutes without pulling a unit off a higher-severity ward.
460.0,2025-09-28T18:40:00Z,REPLAY,predicted,I011:mass_transport:0,I011,mass_transport,w-pc-14,4,No unit able to provide mass transport could reach this ward within 45 minutes without pulling a unit off a higher-severity ward.
460.0,2025-09-28T18:40:00Z,REPLAY,predicted,I011:mass_transport:1,I011,mass_transport,w-pc-14,4,No unit able to provide mass transport could reach this ward within 45 minutes without pulling a unit off a higher-severity ward.
460.0,2025-09-28T18:40:00Z,REPLAY,predicted,I015:mass_transport:0,I015,mass_transport,w-pc-11,4,No unit able to provide mass transport could reach this ward within 45 minutes without pulling a unit off a higher-severity ward.
460.0,2025-09-28T18:40:00Z,REPLAY,predicted,I015:mass_transport:1,I015,mass_transport,w-pc-11,4,No unit able to provide mass transport could reach this ward within 45 minutes without pulling a unit off a higher-severity ward.
460.0,2025-09-28T18:40:00Z,REPLAY,predicted,I017:mass_transport:0,I017,mass_transport,w-pc-07,5,No unit able to provide mass transport could reach this ward within 45 minutes without pulling a unit off a higher-severity ward.
460.0,2025-09-28T18:40:00Z,REPLAY,predicted,I017:mass_transport:1,I017,mass_transport,w-pc-07,5,No unit able to provide mass transport could reach this ward within 45 minutes without pulling a unit off a higher-severity ward.
460.0,2025-09-28T18:40:00Z,REPLAY,predicted,I024:mass_transport:0,I024,mass_transport,w-pc-06,4,No unit able to provide mass transport could reach this ward within 45 minutes without pulling a unit off a higher-severity ward.
460.0,2025-09-28T18:40:00Z,REPLAY,predicted,I024:mass_transport:1,I024,mass_transport,w-pc-06,4,No unit able to provide mass transport could reach this ward within 45 minutes without pulling a unit off a higher-severity ward.
460.0,2025-09-28T18:40:00Z,REPLAY,predicted,I027:mass_transport:0,I027,mass_transport,w-pc-10,4,No unit able to provide mass transport could reach this ward within 45 minutes without pulling a unit off a higher-severity ward.
460.0,2025-09-28T18:40:00Z,REPLAY,predicted,I027:mass_transport:1,I027,mass_transport,w-pc-10,4,No unit able to provide mass transport could reach this ward within 45 minutes without pulling a unit off a higher-severity ward.
460.0,2025-09-28T18:40:00Z,REPLAY,predicted,I029:mass_transport:0,I029,mass_transport,w-pc-13,4,No unit able to provide mass transport could reach this ward within 45 minutes without pulling a unit off a higher-severity ward.
460.0,2025-09-28T18:40:00Z,REPLAY,predicted,I030:mass_transport:0,I030,mass_transport,w-pc-06,4,No unit able to provide mass transport could reach this ward within 45 minutes without pulling a unit off a higher-severity ward.
460.0,2025-09-28T18:40:00Z,REPLAY,predicted,I030:mass_transport:1,I030,mass_transport,w-pc-06,4,No unit able to provide mass transport could reach this ward within 45 minutes without pulling a unit off a higher-severity ward.
460.0,2025-09-28T18:40:00Z,REPLAY,predicted,I036:mass_transport:0,I036,mass_transport,w-pc-11,5,No unit able to provide mass transport could reach this ward within 45 minutes without pulling a unit off a higher-severity ward.
460.0,2025-09-28T18:40:00Z,REPLAY,predicted,I036:mass_transport:1,I036,mass_transport,w-pc-11,5,No unit able to provide mass transport could reach this ward within 45 minutes without pulling a unit off a higher-severity ward.
460.0,2025-09-28T18:40:00Z,REPLAY,predicted,I036:mass_transport:2,I036,mass_transport,w-pc-11,5,No unit able to provide mass transport could reach this ward within 45 minutes without pulling a unit off a higher-severity ward.
460.0,2025-09-28T18:40:00Z,REPLAY,predicted,I040:mass_transport:0,I040,mass_transport,w-pc-13,4,No unit able to provide mass transport could reach this ward within 45 minutes without pulling a unit off a higher-severity ward.
460.0,2025-09-28T18:40:00Z,REPLAY,predicted,I047:mass_transport:0,I047,mass_transport,w-pc-11,5,No unit able to provide mass transport could reach this ward within 45 minutes without pulling a unit off a higher-severity ward.
460.0,2025-09-28T18:40:00Z,REPLAY,predicted,I047:mass_transport:1,I047,mass_transport,w-pc-11,5,No unit able to provide mass transport could reach this ward within 45 minutes without pulling a unit off a higher-severity ward.
460.0,2025-09-28T18:40:00Z,REPLAY,predicted,I047:mass_transport:2,I047,mass_transport,w-pc-11,5,No unit able to provide mass transport could reach this ward within 45 minutes without pulling a unit off a higher-severity ward.
460.0,2025-09-28T18:40:00Z,REPLAY,predicted,I049:mass_transport:0,I049,mass_transport,w-pc-07,5,No unit able to provide mass transport could reach this ward within 45 minutes without pulling a unit off a higher-severity ward.
460.0,2025-09-28T18:40:00Z,REPLAY,predicted,I049:mass_transport:1,I049,mass_transport,w-pc-07,5,No unit able to provide mass transport could reach this ward within 45 minutes without pulling a unit off a higher-severity ward.
460.0,2025-09-28T18:40:00Z,REPLAY,predicted,I049:mass_transport:2,I049,mass_transport,w-pc-07,5,No unit able to provide mass transport could reach this ward within 45 minutes without pulling a unit off a higher-severity ward.
460.0,2025-09-28T18:40:00Z,REPLAY,predicted,I055:mass_transport:0,I055,mass_transport,w-pc-10,5,No unit able to provide mass transport could reach this ward within 45 minutes without pulling a unit off a higher-severity ward.
460.0,2025-09-28T18:40:00Z,REPLAY,predicted,I055:mass_transport:1,I055,mass_transport,w-pc-10,5,No unit able to provide mass transport could reach this ward within 45 minutes without pulling a unit off a higher-severity ward.
460.0,2025-09-28T18:40:00Z,REPLAY,predicted,I055:mass_transport:2,I055,mass_transport,w-pc-10,5,No unit able to provide mass transport could reach this ward within 45 minutes without pulling a unit off a higher-severity ward.
460.0,2025-09-28T18:40:00Z,REPLAY,predicted,I058:mass_transport:0,I058,mass_transport,w-pc-02,4,No unit able to provide mass transport could reach this ward within 45 minutes without pulling a unit off a higher-severity ward.
460.0,2025-09-28T18:40:00Z,REPLAY,predicted,I061:mass_transport:0,I061,mass_transport,w-pc-06,5,No unit able to provide mass transport could reach this ward within 45 minutes without pulling a unit off a higher-severity ward.
460.0,2025-09-28T18:40:00Z,REPLAY,predicted,I061:mass_transport:1,I061,mass_transport,w-pc-06,5,No unit able to provide mass transport could reach this ward within 45 minutes without pulling a unit off a higher-severity ward.
460.0,2025-09-28T18:40:00Z,REPLAY,predicted,I061:mass_transport:2,I061,mass_transport,w-pc-06,5,No unit able to provide mass transport could reach this ward within 45 minutes without pulling a unit off a higher-severity ward.
460.0,2025-09-28T18:40:00Z,REPLAY,predicted,I062:mass_transport:0,I062,mass_transport,w-pc-11,5,No unit able to provide mass transport could reach this ward within 45 minutes without pulling a unit off a higher-severity ward.
460.0,2025-09-28T18:40:00Z,REPLAY,predicted,I062:mass_transport:1,I062,mass_transport,w-pc-11,5,No unit able to provide mass transport could reach this ward within 45 minutes without pulling a unit off a higher-severity ward.
460.0,2025-09-28T18:40:00Z,REPLAY,predicted,I062:mass_transport:2,I062,mass_transport,w-pc-11,5,No unit able to provide mass transport could reach this ward within 45 minutes without pulling a unit off a higher-severity ward.
460.0,2025-09-28T18:40:00Z,REPLAY,predicted,I063:mass_transport:0,I063,mass_transport,w-pc-10,4,No unit able to provide mass transport could reach this ward within 45 minutes without pulling a unit off a higher-severity ward.
460.0,2025-09-28T18:40:00Z,REPLAY,predicted,I063:mass_transport:1,I063,mass_transport,w-pc-10,4,No unit able to provide mass transport could reach this ward within 45 minutes without pulling a unit off a higher-severity ward.
460.0,2025-09-28T18:40:00Z,REPLAY,predicted,I064:mass_transport:0,I064,mass_transport,w-pc-13,5,No unit able to provide mass transport could reach this ward within 45 minutes without pulling a unit off a higher-severity ward.
460.0,2025-09-28T18:40:00Z,REPLAY,predicted,I064:mass_transport:1,I064,mass_transport,w-pc-13,5,No unit able to provide mass transport could reach this ward within 45 minutes without pulling a unit off a higher-severity ward.
460.0,2025-09-28T18:40:00Z,REPLAY,predicted,I064:mass_transport:2,I064,mass_transport,w-pc-13,5,No unit able to provide mass transport could reach this ward within 45 minutes without pulling a unit off a higher-severity ward.
460.0,2025-09-28T18:40:00Z,REPLAY,predicted,I065:mass_transport:0,I065,mass_transport,w-pc-11,5,No unit able to provide mass transport could reach this ward within 45 minutes without pulling a unit off a higher-severity ward.
460.0,2025-09-28T18:40:00Z,REPLAY,predicted,I065:mass_transport:1,I065,mass_transport,w-pc-11,5,No unit able to provide mass transport could reach this ward within 45 minutes without pulling a unit off a higher-severity ward.
460.0,2025-09-28T18:40:00Z,REPLAY,predicted,I065:mass_transport:2,I065,mass_transport,w-pc-11,5,No unit able to provide mass transport could reach this ward within 45 minutes without pulling a unit off a higher-severity ward.
460.0,2025-09-28T18:40:00Z,REPLAY,predicted,I066:mass_transport:0,I066,mass_transport,w-pc-11,4,No unit able to provide mass transport could reach this ward within 45 minutes without pulling a unit off a higher-severity ward.
460.0,2025-09-28T18:40:00Z,REPLAY,predicted,I066:mass_transport:1,I066,mass_transport,w-pc-11,4,No unit able to provide mass transport could reach this ward within 45 minutes without pulling a unit off a higher-severity ward.
460.0,2025-09-28T18:40:00Z,REPLAY,predicted,I069:mass_transport:0,I069,mass_transport,w-pc-10,4,No unit able to provide mass transport could reach this ward within 45 minutes without pulling a unit off a higher-severity ward.
460.0,2025-09-28T18:40:00Z,REPLAY,predicted,I069:mass_transport:1,I069,mass_transport,w-pc-10,4,No unit able to provide mass transport could reach this ward within 45 minutes without pulling a unit off a higher-severity ward.
460.0,2025-09-28T18:40:00Z,REPLAY,predicted,I072:mass_transport:0,I072,mass_transport,w-pc-07,4,No unit able to provide mass transport could reach this ward within 45 minutes without pulling a unit off a higher-severity ward.
460.0,2025-09-28T18:40:00Z,REPLAY,predicted,I072:mass_transport:1,I072,mass_transport,w-pc-07,4,No unit able to provide mass transport could reach this ward within 45 minutes without pulling a unit off a higher-severity ward.
460.0,2025-09-28T18:40:00Z,REPLAY,predicted,I073:mass_transport:0,I073,mass_transport,w-pc-14,4,No unit able to provide mass transport could reach this ward within 45 minutes without pulling a unit off a higher-severity ward.
460.0,2025-09-28T18:40:00Z,REPLAY,predicted,I073:mass_transport:1,I073,mass_transport,w-pc-14,4,No unit able to provide mass transport could reach this ward within 45 minutes without pulling a unit off a higher-severity ward.
460.0,2025-09-28T18:40:00Z,REPLAY,predicted,I075:mass_transport:0,I075,mass_transport,w-pc-02,4,No unit able to provide mass transport could reach this ward within 45 minutes without pulling a unit off a higher-severity ward.
460.0,2025-09-28T18:40:00Z,REPLAY,predicted,I075:mass_transport:1,I075,mass_transport,w-pc-02,4,No unit able to provide mass transport could reach this ward within 45 minutes without pulling a unit off a higher-severity ward.
460.0,2025-09-28T18:40:00Z,REPLAY,predicted,I078:mass_transport:0,I078,mass_transport,w-pc-13,4,No unit able to provide mass transport could reach this ward within 45 minutes without pulling a unit off a higher-severity ward.
460.0,2025-09-28T18:40:00Z,REPLAY,predicted,I078:mass_transport:1,I078,mass_transport,w-pc-13,4,No unit able to provide mass transport could reach this ward within 45 minutes without pulling a unit off a higher-severity ward.
460.0,2025-09-28T18:40:00Z,REPLAY,predicted,I079:mass_transport:0,I079,mass_transport,w-pc-04,4,No unit able to provide mass transport could reach this ward within 45 minutes without pulling a unit off a higher-severity ward.
460.0,2025-09-28T18:40:00Z,REPLAY,predicted,I079:mass_transport:1,I079,mass_transport,w-pc-04,4,No unit able to provide mass transport could reach this ward within 45 minutes without pulling a unit off a higher-severity ward.
460.0,2025-09-28T18:40:00Z,REPLAY,predicted,I079:dewatering:0,I079,dewatering,w-pc-04,4,No unit able to provide dewatering could reach this ward within 45 minutes without pulling a unit off a higher-severity ward.
460.0,2025-09-28T18:40:00Z,REPLAY,predicted,I080:mass_transport:0,I080,mass_transport,w-pc-07,4,No unit able to provide mass transport could reach this ward within 45 minutes without pulling a unit off a higher-severity ward.
460.0,2025-09-28T18:40:00Z,REPLAY,predicted,I080:mass_transport:1,I080,mass_transport,w-pc-07,4,No unit able to provide mass transport could reach this ward within 45 minutes without pulling a unit off a higher-severity ward.
460.0,2025-09-28T18:40:00Z,REPLAY,predicted,I082:mass_transport:0,I082,mass_transport,w-pc-09,5,No unit able to provide mass transport could reach this ward within 45 minutes without pulling a unit off a higher-severity ward.
460.0,2025-09-28T18:40:00Z,REPLAY,predicted,I082:mass_transport:1,I082,mass_transport,w-pc-09,5,No unit able to provide mass transport could reach this ward within 45 minutes without pulling a unit off a higher-severity ward.
460.0,2025-09-28T18:40:00Z,REPLAY,predicted,I082:mass_transport:2,I082,mass_transport,w-pc-09,5,No unit able to provide mass transport could reach this ward within 45 minutes without pulling a unit off a higher-severity ward.
460.0,2025-09-28T18:40:00Z,REPLAY,predicted,I084:dewatering:0,I084,dewatering,w-pc-11,2,No unit able to provide dewatering could reach this ward within 45 minutes without pulling a unit off a higher-severity ward.
460.0,2025-09-28T18:40:00Z,REPLAY,predicted,I086:mass_transport:0,I086,mass_transport,w-pc-09,4,No unit able to provide mass transport could reach this ward within 45 minutes without pulling a unit off a higher-severity ward.
460.0,2025-09-28T18:40:00Z,REPLAY,predicted,I086:mass_transport:1,I086,mass_transport,w-pc-09,4,No unit able to provide mass transport could reach this ward within 45 minutes without pulling a unit off a higher-severity ward.
460.0,2025-09-28T18:40:00Z,REPLAY,predicted,I089:mass_transport:0,I089,mass_transport,w-pc-13,4,No unit able to provide mass transport could reach this ward within 45 minutes without pulling a unit off a higher-severity ward.
460.0,2025-09-28T18:40:00Z,REPLAY,predicted,I092:mass_transport:0,I092,mass_transport,w-pc-11,5,No unit able to provide mass transport could reach this ward within 45 minutes without pulling a unit off a higher-severity ward.
460.0,2025-09-28T18:40:00Z,REPLAY,predicted,I092:mass_transport:1,I092,mass_transport,w-pc-11,5,No unit able to provide mass transport could reach this ward within 45 minutes without pulling a unit off a higher-severity ward.
460.0,2025-09-28T18:40:00Z,REPLAY,predicted,I092:mass_transport:2,I092,mass_transport,w-pc-11,5,No unit able to provide mass transport could reach this ward within 45 minutes without pulling a unit off a higher-severity ward.
460.0,2025-09-28T18:40:00Z,REPLAY,predicted,I093:mass_transport:0,I093,mass_transport,w-pc-11,4,No unit able to provide mass transport could reach this ward within 45 minutes without pulling a unit off a higher-severity ward.
460.0,2025-09-28T18:40:00Z,REPLAY,predicted,I093:mass_transport:1,I093,mass_transport,w-pc-11,4,No unit able to provide mass transport could reach this ward within 45 minutes without pulling a unit off a higher-severity ward.
460.0,2025-09-28T18:40:00Z,REPLAY,predicted,I094:field_assessment:0,I094,field_assessment,w-pc-11,2,No unit able to provide field assessment could reach this ward within 45 minutes without pulling a unit off a higher-severity ward.
460.0,2025-09-28T18:40:00Z,REPLAY,predicted,I095:mass_transport:0,I095,mass_transport,w-pc-07,4,No unit able to provide mass transport could reach this ward within 45 minutes without pulling a unit off a higher-severity ward.
460.0,2025-09-28T18:40:00Z,REPLAY,predicted,I095:dewatering:0,I095,dewatering,w-pc-07,4,No unit able to provide dewatering could reach this ward within 45 minutes without pulling a unit off a higher-severity ward.
460.0,2025-09-28T18:40:00Z,REPLAY,predicted,I096:water_rescue:0,I096,water_rescue,w-pc-03,5,No unit able to provide water rescue could reach this ward within 45 minutes without pulling a unit off a higher-severity ward.
460.0,2025-09-28T18:40:00Z,REPLAY,predicted,I096:mass_transport:0,I096,mass_transport,w-pc-03,5,No unit able to provide mass transport could reach this ward within 45 minutes without pulling a unit off a higher-severity ward.
460.0,2025-09-28T18:40:00Z,REPLAY,predicted,I096:mass_transport:1,I096,mass_transport,w-pc-03,5,No unit able to provide mass transport could reach this ward within 45 minutes without pulling a unit off a higher-severity ward.
460.0,2025-09-28T18:40:00Z,REPLAY,predicted,I096:mass_transport:2,I096,mass_transport,w-pc-03,5,No unit able to provide mass transport could reach this ward within 45 minutes without pulling a unit off a higher-severity ward.
460.0,2025-09-28T18:40:00Z,REPLAY,predicted,I098:water_rescue:0,I098,water_rescue,w-pc-11,5,No unit able to provide water rescue could reach this ward within 45 minutes without pulling a unit off a higher-severity ward.
460.0,2025-09-28T18:40:00Z,REPLAY,predicted,I098:mass_transport:0,I098,mass_transport,w-pc-11,5,No unit able to provide mass transport could reach this ward within 45 minutes without pulling a unit off a higher-severity ward.
460.0,2025-09-28T18:40:00Z,REPLAY,predicted,I098:mass_transport:1,I098,mass_transport,w-pc-11,5,No unit able to provide mass transport could reach this ward within 45 minutes without pulling a unit off a higher-severity ward.
460.0,2025-09-28T18:40:00Z,REPLAY,predicted,I098:mass_transport:2,I098,mass_transport,w-pc-11,5,No unit able to provide mass transport could reach this ward within 45 minutes without pulling a unit off a higher-severity ward.
460.0,2025-09-28T18:40:00Z,REPLAY,predicted,I100:field_assessment:0,I100,field_assessment,w-pc-10,2,No unit able to provide field assessment could reach this ward within 45 minutes without pulling a unit off a higher-severity ward.
470.0,2025-09-28T18:50:00Z,REPLAY,predicted,I001:mass_transport:0,I001,mass_transport,w-pc-11,5,No unit able to provide mass transport could reach this ward within 45 minutes without pulling a unit off a higher-severity ward.
470.0,2025-09-28T18:50:00Z,REPLAY,predicted,I001:mass_transport:1,I001,mass_transport,w-pc-11,5,No unit able to provide mass transport could reach this ward within 45 minutes without pulling a unit off a higher-severity ward.
470.0,2025-09-28T18:50:00Z,REPLAY,predicted,I001:mass_transport:2,I001,mass_transport,w-pc-11,5,No unit able to provide mass transport could reach this ward within 45 minutes without pulling a unit off a higher-severity ward.
470.0,2025-09-28T18:50:00Z,REPLAY,predicted,I006:mass_transport:0,I006,mass_transport,w-pc-14,5,No unit able to provide mass transport could reach this ward within 45 minutes without pulling a unit off a higher-severity ward.
470.0,2025-09-28T18:50:00Z,REPLAY,predicted,I006:mass_transport:1,I006,mass_transport,w-pc-14,5,No unit able to provide mass transport could reach this ward within 45 minutes without pulling a unit off a higher-severity ward.
470.0,2025-09-28T18:50:00Z,REPLAY,predicted,I006:mass_transport:2,I006,mass_transport,w-pc-14,5,No unit able to provide mass transport could reach this ward within 45 minutes without pulling a unit off a higher-severity ward.
470.0,2025-09-28T18:50:00Z,REPLAY,predicted,I009:mass_transport:0,I009,mass_transport,w-pc-07,4,No unit able to provide mass transport could reach this ward within 45 minutes without pulling a unit off a higher-severity ward.
470.0,2025-09-28T18:50:00Z,REPLAY,predicted,I009:mass_transport:1,I009,mass_transport,w-pc-07,4,No unit able to provide mass transport could reach this ward within 45 minutes without pulling a unit off a higher-severity ward.
470.0,2025-09-28T18:50:00Z,REPLAY,predicted,I011:mass_transport:0,I011,mass_transport,w-pc-14,4,No unit able to provide mass transport could reach this ward within 45 minutes without pulling a unit off a higher-severity ward.
470.0,2025-09-28T18:50:00Z,REPLAY,predicted,I011:mass_transport:1,I011,mass_transport,w-pc-14,4,No unit able to provide mass transport could reach this ward within 45 minutes without pulling a unit off a higher-severity ward.
470.0,2025-09-28T18:50:00Z,REPLAY,predicted,I015:mass_transport:0,I015,mass_transport,w-pc-11,4,No unit able to provide mass transport could reach this ward within 45 minutes without pulling a unit off a higher-severity ward.
470.0,2025-09-28T18:50:00Z,REPLAY,predicted,I015:mass_transport:1,I015,mass_transport,w-pc-11,4,No unit able to provide mass transport could reach this ward within 45 minutes without pulling a unit off a higher-severity ward.
470.0,2025-09-28T18:50:00Z,REPLAY,predicted,I017:mass_transport:0,I017,mass_transport,w-pc-07,5,No unit able to provide mass transport could reach this ward within 45 minutes without pulling a unit off a higher-severity ward.
470.0,2025-09-28T18:50:00Z,REPLAY,predicted,I017:mass_transport:1,I017,mass_transport,w-pc-07,5,No unit able to provide mass transport could reach this ward within 45 minutes without pulling a unit off a higher-severity ward.
470.0,2025-09-28T18:50:00Z,REPLAY,predicted,I024:mass_transport:0,I024,mass_transport,w-pc-06,4,No unit able to provide mass transport could reach this ward within 45 minutes without pulling a unit off a higher-severity ward.
470.0,2025-09-28T18:50:00Z,REPLAY,predicted,I024:mass_transport:1,I024,mass_transport,w-pc-06,4,No unit able to provide mass transport could reach this ward within 45 minutes without pulling a unit off a higher-severity ward.
470.0,2025-09-28T18:50:00Z,REPLAY,predicted,I027:mass_transport:0,I027,mass_transport,w-pc-10,4,No unit able to provide mass transport could reach this ward within 45 minutes without pulling a unit off a higher-severity ward.
470.0,2025-09-28T18:50:00Z,REPLAY,predicted,I027:mass_transport:1,I027,mass_transport,w-pc-10,4,No unit able to provide mass transport could reach this ward within 45 minutes without pulling a unit off a higher-severity ward.
470.0,2025-09-28T18:50:00Z,REPLAY,predicted,I029:mass_transport:0,I029,mass_transport,w-pc-13,4,No unit able to provide mass transport could reach this ward within 45 minutes without pulling a unit off a higher-severity ward.
470.0,2025-09-28T18:50:00Z,REPLAY,predicted,I030:mass_transport:0,I030,mass_transport,w-pc-06,4,No unit able to provide mass transport could reach this ward within 45 minutes without pulling a unit off a higher-severity ward.
470.0,2025-09-28T18:50:00Z,REPLAY,predicted,I030:mass_transport:1,I030,mass_transport,w-pc-06,4,No unit able to provide mass transport could reach this ward within 45 minutes without pulling a unit off a higher-severity ward.
470.0,2025-09-28T18:50:00Z,REPLAY,predicted,I036:mass_transport:0,I036,mass_transport,w-pc-11,5,No unit able to provide mass transport could reach this ward within 45 minutes without pulling a unit off a higher-severity ward.
470.0,2025-09-28T18:50:00Z,REPLAY,predicted,I036:mass_transport:1,I036,mass_transport,w-pc-11,5,No unit able to provide mass transport could reach this ward within 45 minutes without pulling a unit off a higher-severity ward.
470.0,2025-09-28T18:50:00Z,REPLAY,predicted,I036:mass_transport:2,I036,mass_transport,w-pc-11,5,No unit able to provide mass transport could reach this ward within 45 minutes without pulling a unit off a higher-severity ward.
470.0,2025-09-28T18:50:00Z,REPLAY,predicted,I040:mass_transport:0,I040,mass_transport,w-pc-13,4,No unit able to provide mass transport could reach this ward within 45 minutes without pulling a unit off a higher-severity ward.
470.0,2025-09-28T18:50:00Z,REPLAY,predicted,I047:mass_transport:0,I047,mass_transport,w-pc-11,5,No unit able to provide mass transport could reach this ward within 45 minutes without pulling a unit off a higher-severity ward.
470.0,2025-09-28T18:50:00Z,REPLAY,predicted,I047:mass_transport:1,I047,mass_transport,w-pc-11,5,No unit able to provide mass transport could reach this ward within 45 minutes without pulling a unit off a higher-severity ward.
470.0,2025-09-28T18:50:00Z,REPLAY,predicted,I047:mass_transport:2,I047,mass_transport,w-pc-11,5,No unit able to provide mass transport could reach this ward within 45 minutes without pulling a unit off a higher-severity ward.
470.0,2025-09-28T18:50:00Z,REPLAY,predicted,I049:mass_transport:0,I049,mass_transport,w-pc-07,5,No unit able to provide mass transport could reach this ward within 45 minutes without pulling a unit off a higher-severity ward.
470.0,2025-09-28T18:50:00Z,REPLAY,predicted,I049:mass_transport:1,I049,mass_transport,w-pc-07,5,No unit able to provide mass transport could reach this ward within 45 minutes without pulling a unit off a higher-severity ward.
470.0,2025-09-28T18:50:00Z,REPLAY,predicted,I049:mass_transport:2,I049,mass_transport,w-pc-07,5,No unit able to provide mass transport could reach this ward within 45 minutes without pulling a unit off a higher-severity ward.
470.0,2025-09-28T18:50:00Z,REPLAY,predicted,I055:mass_transport:0,I055,mass_transport,w-pc-10,5,No unit able to provide mass transport could reach this ward within 45 minutes without pulling a unit off a higher-severity ward.
470.0,2025-09-28T18:50:00Z,REPLAY,predicted,I055:mass_transport:1,I055,mass_transport,w-pc-10,5,No unit able to provide mass transport could reach this ward within 45 minutes without pulling a unit off a higher-severity ward.
470.0,2025-09-28T18:50:00Z,REPLAY,predicted,I055:mass_transport:2,I055,mass_transport,w-pc-10,5,No unit able to provide mass transport could reach this ward within 45 minutes without pulling a unit off a higher-severity ward.
470.0,2025-09-28T18:50:00Z,REPLAY,predicted,I061:mass_transport:0,I061,mass_transport,w-pc-06,5,No unit able to provide mass transport could reach this ward within 45 minutes without pulling a unit off a higher-severity ward.
470.0,2025-09-28T18:50:00Z,REPLAY,predicted,I061:mass_transport:1,I061,mass_transport,w-pc-06,5,No unit able to provide mass transport could reach this ward within 45 minutes without pulling a unit off a higher-severity ward.
470.0,2025-09-28T18:50:00Z,REPLAY,predicted,I061:mass_transport:2,I061,mass_transport,w-pc-06,5,No unit able to provide mass transport could reach this ward within 45 minutes without pulling a unit off a higher-severity ward.
470.0,2025-09-28T18:50:00Z,REPLAY,predicted,I062:mass_transport:0,I062,mass_transport,w-pc-11,5,No unit able to provide mass transport could reach this ward within 45 minutes without pulling a unit off a higher-severity ward.
470.0,2025-09-28T18:50:00Z,REPLAY,predicted,I062:mass_transport:1,I062,mass_transport,w-pc-11,5,No unit able to provide mass transport could reach this ward within 45 minutes without pulling a unit off a higher-severity ward.
470.0,2025-09-28T18:50:00Z,REPLAY,predicted,I062:mass_transport:2,I062,mass_transport,w-pc-11,5,No unit able to provide mass transport could reach this ward within 45 minutes without pulling a unit off a higher-severity ward.
470.0,2025-09-28T18:50:00Z,REPLAY,predicted,I063:mass_transport:0,I063,mass_transport,w-pc-10,4,No unit able to provide mass transport could reach this ward within 45 minutes without pulling a unit off a higher-severity ward.
470.0,2025-09-28T18:50:00Z,REPLAY,predicted,I063:mass_transport:1,I063,mass_transport,w-pc-10,4,No unit able to provide mass transport could reach this ward within 45 minutes without pulling a unit off a higher-severity ward.
470.0,2025-09-28T18:50:00Z,REPLAY,predicted,I064:mass_transport:0,I064,mass_transport,w-pc-13,5,No unit able to provide mass transport could reach this ward within 45 minutes without pulling a unit off a higher-severity ward.
470.0,2025-09-28T18:50:00Z,REPLAY,predicted,I064:mass_transport:1,I064,mass_transport,w-pc-13,5,No unit able to provide mass transport could reach this ward within 45 minutes without pulling a unit off a higher-severity ward.
470.0,2025-09-28T18:50:00Z,REPLAY,predicted,I064:mass_transport:2,I064,mass_transport,w-pc-13,5,No unit able to provide mass transport could reach this ward within 45 minutes without pulling a unit off a higher-severity ward.
470.0,2025-09-28T18:50:00Z,REPLAY,predicted,I065:mass_transport:0,I065,mass_transport,w-pc-11,5,No unit able to provide mass transport could reach this ward within 45 minutes without pulling a unit off a higher-severity ward.
470.0,2025-09-28T18:50:00Z,REPLAY,predicted,I065:mass_transport:1,I065,mass_transport,w-pc-11,5,No unit able to provide mass transport could reach this ward within 45 minutes without pulling a unit off a higher-severity ward.
470.0,2025-09-28T18:50:00Z,REPLAY,predicted,I065:mass_transport:2,I065,mass_transport,w-pc-11,5,No unit able to provide mass transport could reach this ward within 45 minutes without pulling a unit off a higher-severity ward.
470.0,2025-09-28T18:50:00Z,REPLAY,predicted,I066:mass_transport:0,I066,mass_transport,w-pc-11,4,No unit able to provide mass transport could reach this ward within 45 minutes without pulling a unit off a higher-severity ward.
470.0,2025-09-28T18:50:00Z,REPLAY,predicted,I066:mass_transport:1,I066,mass_transport,w-pc-11,4,No unit able to provide mass transport could reach this ward within 45 minutes without pulling a unit off a higher-severity ward.
470.0,2025-09-28T18:50:00Z,REPLAY,predicted,I069:mass_transport:0,I069,mass_transport,w-pc-10,4,No unit able to provide mass transport could reach this ward within 45 minutes without pulling a unit off a higher-severity ward.
470.0,2025-09-28T18:50:00Z,REPLAY,predicted,I069:mass_transport:1,I069,mass_transport,w-pc-10,4,No unit able to provide mass transport could reach this ward within 45 minutes without pulling a unit off a higher-severity ward.
470.0,2025-09-28T18:50:00Z,REPLAY,predicted,I072:mass_transport:0,I072,mass_transport,w-pc-07,4,No unit able to provide mass transport could reach this ward within 45 minutes without pulling a unit off a higher-severity ward.
470.0,2025-09-28T18:50:00Z,REPLAY,predicted,I072:mass_transport:1,I072,mass_transport,w-pc-07,4,No unit able to provide mass transport could reach this ward within 45 minutes without pulling a unit off a higher-severity ward.
470.0,2025-09-28T18:50:00Z,REPLAY,predicted,I073:mass_transport:0,I073,mass_transport,w-pc-14,4,No unit able to provide mass transport could reach this ward within 45 minutes without pulling a unit off a higher-severity ward.
470.0,2025-09-28T18:50:00Z,REPLAY,predicted,I073:mass_transport:1,I073,mass_transport,w-pc-14,4,No unit able to provide mass transport could reach this ward within 45 minutes without pulling a unit off a higher-severity ward.
470.0,2025-09-28T18:50:00Z,REPLAY,predicted,I075:mass_transport:0,I075,mass_transport,w-pc-02,4,No unit able to provide mass transport could reach this ward within 45 minutes without pulling a unit off a higher-severity ward.
470.0,2025-09-28T18:50:00Z,REPLAY,predicted,I075:mass_transport:1,I075,mass_transport,w-pc-02,4,No unit able to provide mass transport could reach this ward within 45 minutes without pulling a unit off a higher-severity ward.
470.0,2025-09-28T18:50:00Z,REPLAY,predicted,I078:mass_transport:0,I078,mass_transport,w-pc-13,4,No unit able to provide mass transport could reach this ward within 45 minutes without pulling a unit off a higher-severity ward.
470.0,2025-09-28T18:50:00Z,REPLAY,predicted,I078:mass_transport:1,I078,mass_transport,w-pc-13,4,No unit able to provide mass transport could reach this ward within 45 minutes without pulling a unit off a higher-severity ward.
470.0,2025-09-28T18:50:00Z,REPLAY,predicted,I079:mass_transport:0,I079,mass_transport,w-pc-04,4,No unit able to provide mass transport could reach this ward within 45 minutes without pulling a unit off a higher-severity ward.
470.0,2025-09-28T18:50:00Z,REPLAY,predicted,I079:mass_transport:1,I079,mass_transport,w-pc-04,4,No unit able to provide mass transport could reach this ward within 45 minutes without pulling a unit off a higher-severity ward.
470.0,2025-09-28T18:50:00Z,REPLAY,predicted,I079:dewatering:0,I079,dewatering,w-pc-04,4,No unit able to provide dewatering could reach this ward within 45 minutes without pulling a unit off a higher-severity ward.
470.0,2025-09-28T18:50:00Z,REPLAY,predicted,I080:mass_transport:0,I080,mass_transport,w-pc-07,4,No unit able to provide mass transport could reach this ward within 45 minutes without pulling a unit off a higher-severity ward.
470.0,2025-09-28T18:50:00Z,REPLAY,predicted,I080:mass_transport:1,I080,mass_transport,w-pc-07,4,No unit able to provide mass transport could reach this ward within 45 minutes without pulling a unit off a higher-severity ward.
470.0,2025-09-28T18:50:00Z,REPLAY,predicted,I082:mass_transport:0,I082,mass_transport,w-pc-09,5,No unit able to provide mass transport could reach this ward within 45 minutes without pulling a unit off a higher-severity ward.
470.0,2025-09-28T18:50:00Z,REPLAY,predicted,I082:mass_transport:1,I082,mass_transport,w-pc-09,5,No unit able to provide mass transport could reach this ward within 45 minutes without pulling a unit off a higher-severity ward.
470.0,2025-09-28T18:50:00Z,REPLAY,predicted,I082:mass_transport:2,I082,mass_transport,w-pc-09,5,No unit able to provide mass transport could reach this ward within 45 minutes without pulling a unit off a higher-severity ward.
470.0,2025-09-28T18:50:00Z,REPLAY,predicted,I084:dewatering:0,I084,dewatering,w-pc-11,2,No unit able to provide dewatering could reach this ward within 45 minutes without pulling a unit off a higher-severity ward.
470.0,2025-09-28T18:50:00Z,REPLAY,predicted,I086:mass_transport:0,I086,mass_transport,w-pc-09,4,No unit able to provide mass transport could reach this ward within 45 minutes without pulling a unit off a higher-severity ward.
470.0,2025-09-28T18:50:00Z,REPLAY,predicted,I086:mass_transport:1,I086,mass_transport,w-pc-09,4,No unit able to provide mass transport could reach this ward within 45 minutes without pulling a unit off a higher-severity ward.
470.0,2025-09-28T18:50:00Z,REPLAY,predicted,I088:field_assessment:0,I088,field_assessment,w-pc-08,2,No unit able to provide field assessment could reach this ward within 45 minutes without pulling a unit off a higher-severity ward.
470.0,2025-09-28T18:50:00Z,REPLAY,predicted,I089:mass_transport:0,I089,mass_transport,w-pc-13,4,No unit able to provide mass transport could reach this ward within 45 minutes without pulling a unit off a higher-severity ward.
470.0,2025-09-28T18:50:00Z,REPLAY,predicted,I092:mass_transport:0,I092,mass_transport,w-pc-11,5,No unit able to provide mass transport could reach this ward within 45 minutes without pulling a unit off a higher-severity ward.
470.0,2025-09-28T18:50:00Z,REPLAY,predicted,I092:mass_transport:1,I092,mass_transport,w-pc-11,5,No unit able to provide mass transport could reach this ward within 45 minutes without pulling a unit off a higher-severity ward.
470.0,2025-09-28T18:50:00Z,REPLAY,predicted,I092:mass_transport:2,I092,mass_transport,w-pc-11,5,No unit able to provide mass transport could reach this ward within 45 minutes without pulling a unit off a higher-severity ward.
470.0,2025-09-28T18:50:00Z,REPLAY,predicted,I093:mass_transport:0,I093,mass_transport,w-pc-11,4,No unit able to provide mass transport could reach this ward within 45 minutes without pulling a unit off a higher-severity ward.
470.0,2025-09-28T18:50:00Z,REPLAY,predicted,I093:mass_transport:1,I093,mass_transport,w-pc-11,4,No unit able to provide mass transport could reach this ward within 45 minutes without pulling a unit off a higher-severity ward.
470.0,2025-09-28T18:50:00Z,REPLAY,predicted,I095:mass_transport:0,I095,mass_transport,w-pc-07,4,No unit able to provide mass transport could reach this ward within 45 minutes without pulling a unit off a higher-severity ward.
470.0,2025-09-28T18:50:00Z,REPLAY,predicted,I096:water_rescue:0,I096,water_rescue,w-pc-03,5,No unit able to provide water rescue could reach this ward within 45 minutes without pulling a unit off a higher-severity ward.
470.0,2025-09-28T18:50:00Z,REPLAY,predicted,I096:mass_transport:0,I096,mass_transport,w-pc-03,5,No unit able to provide mass transport could reach this ward within 45 minutes without pulling a unit off a higher-severity ward.
470.0,2025-09-28T18:50:00Z,REPLAY,predicted,I096:mass_transport:1,I096,mass_transport,w-pc-03,5,No unit able to provide mass transport could reach this ward within 45 minutes without pulling a unit off a higher-severity ward.
470.0,2025-09-28T18:50:00Z,REPLAY,predicted,I096:mass_transport:2,I096,mass_transport,w-pc-03,5,No unit able to provide mass transport could reach this ward within 45 minutes without pulling a unit off a higher-severity ward.
470.0,2025-09-28T18:50:00Z,REPLAY,predicted,I098:water_rescue:0,I098,water_rescue,w-pc-11,5,No unit able to provide water rescue could reach this ward within 45 minutes without pulling a unit off a higher-severity ward.
470.0,2025-09-28T18:50:00Z,REPLAY,predicted,I098:mass_transport:0,I098,mass_transport,w-pc-11,5,No unit able to provide mass transport could reach this ward within 45 minutes without pulling a unit off a higher-severity ward.
470.0,2025-09-28T18:50:00Z,REPLAY,predicted,I098:mass_transport:1,I098,mass_transport,w-pc-11,5,No unit able to provide mass transport could reach this ward within 45 minutes without pulling a unit off a higher-severity ward.
470.0,2025-09-28T18:50:00Z,REPLAY,predicted,I098:mass_transport:2,I098,mass_transport,w-pc-11,5,No unit able to provide mass transport could reach this ward within 45 minutes without pulling a unit off a higher-severity ward.
480.0,2025-09-28T19:00:00Z,REPLAY,predicted,I001:mass_transport:0,I001,mass_transport,w-pc-11,5,No unit able to provide mass transport could reach this ward within 45 minutes without pulling a unit off a higher-severity ward.
480.0,2025-09-28T19:00:00Z,REPLAY,predicted,I001:mass_transport:1,I001,mass_transport,w-pc-11,5,No unit able to provide mass transport could reach this ward within 45 minutes without pulling a unit off a higher-severity ward.
480.0,2025-09-28T19:00:00Z,REPLAY,predicted,I001:mass_transport:2,I001,mass_transport,w-pc-11,5,No unit able to provide mass transport could reach this ward within 45 minutes without pulling a unit off a higher-severity ward.
480.0,2025-09-28T19:00:00Z,REPLAY,predicted,I006:mass_transport:0,I006,mass_transport,w-pc-14,5,No unit able to provide mass transport could reach this ward within 45 minutes without pulling a unit off a higher-severity ward.
480.0,2025-09-28T19:00:00Z,REPLAY,predicted,I006:mass_transport:1,I006,mass_transport,w-pc-14,5,No unit able to provide mass transport could reach this ward within 45 minutes without pulling a unit off a higher-severity ward.
480.0,2025-09-28T19:00:00Z,REPLAY,predicted,I006:mass_transport:2,I006,mass_transport,w-pc-14,5,No unit able to provide mass transport could reach this ward within 45 minutes without pulling a unit off a higher-severity ward.
480.0,2025-09-28T19:00:00Z,REPLAY,predicted,I009:mass_transport:0,I009,mass_transport,w-pc-07,4,No unit able to provide mass transport could reach this ward within 45 minutes without pulling a unit off a higher-severity ward.
480.0,2025-09-28T19:00:00Z,REPLAY,predicted,I009:mass_transport:1,I009,mass_transport,w-pc-07,4,No unit able to provide mass transport could reach this ward within 45 minutes without pulling a unit off a higher-severity ward.
480.0,2025-09-28T19:00:00Z,REPLAY,predicted,I011:mass_transport:0,I011,mass_transport,w-pc-14,4,No unit able to provide mass transport could reach this ward within 45 minutes without pulling a unit off a higher-severity ward.
480.0,2025-09-28T19:00:00Z,REPLAY,predicted,I011:mass_transport:1,I011,mass_transport,w-pc-14,4,No unit able to provide mass transport could reach this ward within 45 minutes without pulling a unit off a higher-severity ward.
480.0,2025-09-28T19:00:00Z,REPLAY,predicted,I015:mass_transport:0,I015,mass_transport,w-pc-11,4,No unit able to provide mass transport could reach this ward within 45 minutes without pulling a unit off a higher-severity ward.
480.0,2025-09-28T19:00:00Z,REPLAY,predicted,I015:mass_transport:1,I015,mass_transport,w-pc-11,4,No unit able to provide mass transport could reach this ward within 45 minutes without pulling a unit off a higher-severity ward.
480.0,2025-09-28T19:00:00Z,REPLAY,predicted,I017:mass_transport:0,I017,mass_transport,w-pc-07,5,No unit able to provide mass transport could reach this ward within 45 minutes without pulling a unit off a higher-severity ward.
480.0,2025-09-28T19:00:00Z,REPLAY,predicted,I017:mass_transport:1,I017,mass_transport,w-pc-07,5,No unit able to provide mass transport could reach this ward within 45 minutes without pulling a unit off a higher-severity ward.
480.0,2025-09-28T19:00:00Z,REPLAY,predicted,I024:mass_transport:0,I024,mass_transport,w-pc-06,4,No unit able to provide mass transport could reach this ward within 45 minutes without pulling a unit off a higher-severity ward.
480.0,2025-09-28T19:00:00Z,REPLAY,predicted,I024:mass_transport:1,I024,mass_transport,w-pc-06,4,No unit able to provide mass transport could reach this ward within 45 minutes without pulling a unit off a higher-severity ward.
480.0,2025-09-28T19:00:00Z,REPLAY,predicted,I027:mass_transport:0,I027,mass_transport,w-pc-10,4,No unit able to provide mass transport could reach this ward within 45 minutes without pulling a unit off a higher-severity ward.
480.0,2025-09-28T19:00:00Z,REPLAY,predicted,I027:mass_transport:1,I027,mass_transport,w-pc-10,4,No unit able to provide mass transport could reach this ward within 45 minutes without pulling a unit off a higher-severity ward.
480.0,2025-09-28T19:00:00Z,REPLAY,predicted,I029:mass_transport:0,I029,mass_transport,w-pc-13,4,No unit able to provide mass transport could reach this ward within 45 minutes without pulling a unit off a higher-severity ward.
480.0,2025-09-28T19:00:00Z,REPLAY,predicted,I030:mass_transport:0,I030,mass_transport,w-pc-06,4,No unit able to provide mass transport could reach this ward within 45 minutes without pulling a unit off a higher-severity ward.
480.0,2025-09-28T19:00:00Z,REPLAY,predicted,I030:mass_transport:1,I030,mass_transport,w-pc-06,4,No unit able to provide mass transport could reach this ward within 45 minutes without pulling a unit off a higher-severity ward.
480.0,2025-09-28T19:00:00Z,REPLAY,predicted,I036:mass_transport:0,I036,mass_transport,w-pc-11,5,No unit able to provide mass transport could reach this ward within 45 minutes without pulling a unit off a higher-severity ward.
480.0,2025-09-28T19:00:00Z,REPLAY,predicted,I036:mass_transport:1,I036,mass_transport,w-pc-11,5,No unit able to provide mass transport could reach this ward within 45 minutes without pulling a unit off a higher-severity ward.
480.0,2025-09-28T19:00:00Z,REPLAY,predicted,I036:mass_transport:2,I036,mass_transport,w-pc-11,5,No unit able to provide mass transport could reach this ward within 45 minutes without pulling a unit off a higher-severity ward.
480.0,2025-09-28T19:00:00Z,REPLAY,predicted,I040:mass_transport:0,I040,mass_transport,w-pc-13,4,No unit able to provide mass transport could reach this ward within 45 minutes without pulling a unit off a higher-severity ward.
480.0,2025-09-28T19:00:00Z,REPLAY,predicted,I047:mass_transport:0,I047,mass_transport,w-pc-11,5,No unit able to provide mass transport could reach this ward within 45 minutes without pulling a unit off a higher-severity ward.
480.0,2025-09-28T19:00:00Z,REPLAY,predicted,I047:mass_transport:1,I047,mass_transport,w-pc-11,5,No unit able to provide mass transport could reach this ward within 45 minutes without pulling a unit off a higher-severity ward.
480.0,2025-09-28T19:00:00Z,REPLAY,predicted,I047:mass_transport:2,I047,mass_transport,w-pc-11,5,No unit able to provide mass transport could reach this ward within 45 minutes without pulling a unit off a higher-severity ward.
480.0,2025-09-28T19:00:00Z,REPLAY,predicted,I049:mass_transport:0,I049,mass_transport,w-pc-07,5,No unit able to provide mass transport could reach this ward within 45 minutes without pulling a unit off a higher-severity ward.
480.0,2025-09-28T19:00:00Z,REPLAY,predicted,I049:mass_transport:1,I049,mass_transport,w-pc-07,5,No unit able to provide mass transport could reach this ward within 45 minutes without pulling a unit off a higher-severity ward.
480.0,2025-09-28T19:00:00Z,REPLAY,predicted,I049:mass_transport:2,I049,mass_transport,w-pc-07,5,No unit able to provide mass transport could reach this ward within 45 minutes without pulling a unit off a higher-severity ward.
480.0,2025-09-28T19:00:00Z,REPLAY,predicted,I055:mass_transport:0,I055,mass_transport,w-pc-10,5,No unit able to provide mass transport could reach this ward within 45 minutes without pulling a unit off a higher-severity ward.
480.0,2025-09-28T19:00:00Z,REPLAY,predicted,I055:mass_transport:1,I055,mass_transport,w-pc-10,5,No unit able to provide mass transport could reach this ward within 45 minutes without pulling a unit off a higher-severity ward.
480.0,2025-09-28T19:00:00Z,REPLAY,predicted,I055:mass_transport:2,I055,mass_transport,w-pc-10,5,No unit able to provide mass transport could reach this ward within 45 minutes without pulling a unit off a higher-severity ward.
480.0,2025-09-28T19:00:00Z,REPLAY,predicted,I061:mass_transport:0,I061,mass_transport,w-pc-06,5,No unit able to provide mass transport could reach this ward within 45 minutes without pulling a unit off a higher-severity ward.
480.0,2025-09-28T19:00:00Z,REPLAY,predicted,I061:mass_transport:1,I061,mass_transport,w-pc-06,5,No unit able to provide mass transport could reach this ward within 45 minutes without pulling a unit off a higher-severity ward.
480.0,2025-09-28T19:00:00Z,REPLAY,predicted,I061:mass_transport:2,I061,mass_transport,w-pc-06,5,No unit able to provide mass transport could reach this ward within 45 minutes without pulling a unit off a higher-severity ward.
480.0,2025-09-28T19:00:00Z,REPLAY,predicted,I062:mass_transport:0,I062,mass_transport,w-pc-11,5,No unit able to provide mass transport could reach this ward within 45 minutes without pulling a unit off a higher-severity ward.
480.0,2025-09-28T19:00:00Z,REPLAY,predicted,I062:mass_transport:1,I062,mass_transport,w-pc-11,5,No unit able to provide mass transport could reach this ward within 45 minutes without pulling a unit off a higher-severity ward.
480.0,2025-09-28T19:00:00Z,REPLAY,predicted,I062:mass_transport:2,I062,mass_transport,w-pc-11,5,No unit able to provide mass transport could reach this ward within 45 minutes without pulling a unit off a higher-severity ward.
480.0,2025-09-28T19:00:00Z,REPLAY,predicted,I063:mass_transport:0,I063,mass_transport,w-pc-10,4,No unit able to provide mass transport could reach this ward within 45 minutes without pulling a unit off a higher-severity ward.
480.0,2025-09-28T19:00:00Z,REPLAY,predicted,I063:mass_transport:1,I063,mass_transport,w-pc-10,4,No unit able to provide mass transport could reach this ward within 45 minutes without pulling a unit off a higher-severity ward.
480.0,2025-09-28T19:00:00Z,REPLAY,predicted,I064:mass_transport:0,I064,mass_transport,w-pc-13,5,No unit able to provide mass transport could reach this ward within 45 minutes without pulling a unit off a higher-severity ward.
480.0,2025-09-28T19:00:00Z,REPLAY,predicted,I064:mass_transport:1,I064,mass_transport,w-pc-13,5,No unit able to provide mass transport could reach this ward within 45 minutes without pulling a unit off a higher-severity ward.
480.0,2025-09-28T19:00:00Z,REPLAY,predicted,I064:mass_transport:2,I064,mass_transport,w-pc-13,5,No unit able to provide mass transport could reach this ward within 45 minutes without pulling a unit off a higher-severity ward.
480.0,2025-09-28T19:00:00Z,REPLAY,predicted,I065:mass_transport:0,I065,mass_transport,w-pc-11,5,No unit able to provide mass transport could reach this ward within 45 minutes without pulling a unit off a higher-severity ward.
480.0,2025-09-28T19:00:00Z,REPLAY,predicted,I065:mass_transport:1,I065,mass_transport,w-pc-11,5,No unit able to provide mass transport could reach this ward within 45 minutes without pulling a unit off a higher-severity ward.
480.0,2025-09-28T19:00:00Z,REPLAY,predicted,I065:mass_transport:2,I065,mass_transport,w-pc-11,5,No unit able to provide mass transport could reach this ward within 45 minutes without pulling a unit off a higher-severity ward.
480.0,2025-09-28T19:00:00Z,REPLAY,predicted,I066:mass_transport:0,I066,mass_transport,w-pc-11,4,No unit able to provide mass transport could reach this ward within 45 minutes without pulling a unit off a higher-severity ward.
480.0,2025-09-28T19:00:00Z,REPLAY,predicted,I066:mass_transport:1,I066,mass_transport,w-pc-11,4,No unit able to provide mass transport could reach this ward within 45 minutes without pulling a unit off a higher-severity ward.
480.0,2025-09-28T19:00:00Z,REPLAY,predicted,I069:mass_transport:0,I069,mass_transport,w-pc-10,4,No unit able to provide mass transport could reach this ward within 45 minutes without pulling a unit off a higher-severity ward.
480.0,2025-09-28T19:00:00Z,REPLAY,predicted,I069:mass_transport:1,I069,mass_transport,w-pc-10,4,No unit able to provide mass transport could reach this ward within 45 minutes without pulling a unit off a higher-severity ward.
480.0,2025-09-28T19:00:00Z,REPLAY,predicted,I072:mass_transport:0,I072,mass_transport,w-pc-07,4,No unit able to provide mass transport could reach this ward within 45 minutes without pulling a unit off a higher-severity ward.
480.0,2025-09-28T19:00:00Z,REPLAY,predicted,I072:mass_transport:1,I072,mass_transport,w-pc-07,4,No unit able to provide mass transport could reach this ward within 45 minutes without pulling a unit off a higher-severity ward.
480.0,2025-09-28T19:00:00Z,REPLAY,predicted,I073:mass_transport:0,I073,mass_transport,w-pc-14,4,No unit able to provide mass transport could reach this ward within 45 minutes without pulling a unit off a higher-severity ward.
480.0,2025-09-28T19:00:00Z,REPLAY,predicted,I073:mass_transport:1,I073,mass_transport,w-pc-14,4,No unit able to provide mass transport could reach this ward within 45 minutes without pulling a unit off a higher-severity ward.
480.0,2025-09-28T19:00:00Z,REPLAY,predicted,I075:mass_transport:0,I075,mass_transport,w-pc-02,4,No unit able to provide mass transport could reach this ward within 45 minutes without pulling a unit off a higher-severity ward.
480.0,2025-09-28T19:00:00Z,REPLAY,predicted,I075:mass_transport:1,I075,mass_transport,w-pc-02,4,No unit able to provide mass transport could reach this ward within 45 minutes without pulling a unit off a higher-severity ward.
480.0,2025-09-28T19:00:00Z,REPLAY,predicted,I078:mass_transport:0,I078,mass_transport,w-pc-13,4,No unit able to provide mass transport could reach this ward within 45 minutes without pulling a unit off a higher-severity ward.
480.0,2025-09-28T19:00:00Z,REPLAY,predicted,I078:mass_transport:1,I078,mass_transport,w-pc-13,4,No unit able to provide mass transport could reach this ward within 45 minutes without pulling a unit off a higher-severity ward.
480.0,2025-09-28T19:00:00Z,REPLAY,predicted,I079:mass_transport:0,I079,mass_transport,w-pc-04,4,No unit able to provide mass transport could reach this ward within 45 minutes without pulling a unit off a higher-severity ward.
480.0,2025-09-28T19:00:00Z,REPLAY,predicted,I079:mass_transport:1,I079,mass_transport,w-pc-04,4,No unit able to provide mass transport could reach this ward within 45 minutes without pulling a unit off a higher-severity ward.
480.0,2025-09-28T19:00:00Z,REPLAY,predicted,I079:dewatering:0,I079,dewatering,w-pc-04,4,No unit able to provide dewatering could reach this ward within 45 minutes without pulling a unit off a higher-severity ward.
480.0,2025-09-28T19:00:00Z,REPLAY,predicted,I080:mass_transport:0,I080,mass_transport,w-pc-07,4,No unit able to provide mass transport could reach this ward within 45 minutes without pulling a unit off a higher-severity ward.
480.0,2025-09-28T19:00:00Z,REPLAY,predicted,I080:mass_transport:1,I080,mass_transport,w-pc-07,4,No unit able to provide mass transport could reach this ward within 45 minutes without pulling a unit off a higher-severity ward.
480.0,2025-09-28T19:00:00Z,REPLAY,predicted,I082:mass_transport:0,I082,mass_transport,w-pc-09,5,No unit able to provide mass transport could reach this ward within 45 minutes without pulling a unit off a higher-severity ward.
480.0,2025-09-28T19:00:00Z,REPLAY,predicted,I082:mass_transport:1,I082,mass_transport,w-pc-09,5,No unit able to provide mass transport could reach this ward within 45 minutes without pulling a unit off a higher-severity ward.
480.0,2025-09-28T19:00:00Z,REPLAY,predicted,I082:mass_transport:2,I082,mass_transport,w-pc-09,5,No unit able to provide mass transport could reach this ward within 45 minutes without pulling a unit off a higher-severity ward.
480.0,2025-09-28T19:00:00Z,REPLAY,predicted,I086:mass_transport:0,I086,mass_transport,w-pc-09,4,No unit able to provide mass transport could reach this ward within 45 minutes without pulling a unit off a higher-severity ward.
480.0,2025-09-28T19:00:00Z,REPLAY,predicted,I086:mass_transport:1,I086,mass_transport,w-pc-09,4,No unit able to provide mass transport could reach this ward within 45 minutes without pulling a unit off a higher-severity ward.
480.0,2025-09-28T19:00:00Z,REPLAY,predicted,I086:dewatering:0,I086,dewatering,w-pc-09,4,No unit able to provide dewatering could reach this ward within 45 minutes without pulling a unit off a higher-severity ward.
480.0,2025-09-28T19:00:00Z,REPLAY,predicted,I088:field_assessment:0,I088,field_assessment,w-pc-08,2,No unit able to provide field assessment could reach this ward within 45 minutes without pulling a unit off a higher-severity ward.
480.0,2025-09-28T19:00:00Z,REPLAY,predicted,I089:mass_transport:0,I089,mass_transport,w-pc-13,4,No unit able to provide mass transport could reach this ward within 45 minutes without pulling a unit off a higher-severity ward.
480.0,2025-09-28T19:00:00Z,REPLAY,predicted,I092:mass_transport:0,I092,mass_transport,w-pc-11,5,No unit able to provide mass transport could reach this ward within 45 minutes without pulling a unit off a higher-severity ward.
480.0,2025-09-28T19:00:00Z,REPLAY,predicted,I092:mass_transport:1,I092,mass_transport,w-pc-11,5,No unit able to provide mass transport could reach this ward within 45 minutes without pulling a unit off a higher-severity ward.
480.0,2025-09-28T19:00:00Z,REPLAY,predicted,I092:mass_transport:2,I092,mass_transport,w-pc-11,5,No unit able to provide mass transport could reach this ward within 45 minutes without pulling a unit off a higher-severity ward.
480.0,2025-09-28T19:00:00Z,REPLAY,predicted,I093:mass_transport:0,I093,mass_transport,w-pc-11,4,No unit able to provide mass transport could reach this ward within 45 minutes without pulling a unit off a higher-severity ward.
480.0,2025-09-28T19:00:00Z,REPLAY,predicted,I093:mass_transport:1,I093,mass_transport,w-pc-11,4,No unit able to provide mass transport could reach this ward within 45 minutes without pulling a unit off a higher-severity ward.
480.0,2025-09-28T19:00:00Z,REPLAY,predicted,I095:mass_transport:0,I095,mass_transport,w-pc-07,4,No unit able to provide mass transport could reach this ward within 45 minutes without pulling a unit off a higher-severity ward.
480.0,2025-09-28T19:00:00Z,REPLAY,predicted,I096:water_rescue:0,I096,water_rescue,w-pc-03,5,No unit able to provide water rescue could reach this ward within 45 minutes without pulling a unit off a higher-severity ward.
480.0,2025-09-28T19:00:00Z,REPLAY,predicted,I096:mass_transport:0,I096,mass_transport,w-pc-03,5,No unit able to provide mass transport could reach this ward within 45 minutes without pulling a unit off a higher-severity ward.
480.0,2025-09-28T19:00:00Z,REPLAY,predicted,I096:mass_transport:1,I096,mass_transport,w-pc-03,5,No unit able to provide mass transport could reach this ward within 45 minutes without pulling a unit off a higher-severity ward.
480.0,2025-09-28T19:00:00Z,REPLAY,predicted,I096:mass_transport:2,I096,mass_transport,w-pc-03,5,No unit able to provide mass transport could reach this ward within 45 minutes without pulling a unit off a higher-severity ward.
480.0,2025-09-28T19:00:00Z,REPLAY,predicted,I098:mass_transport:0,I098,mass_transport,w-pc-11,5,No unit able to provide mass transport could reach this ward within 45 minutes without pulling a unit off a higher-severity ward.
480.0,2025-09-28T19:00:00Z,REPLAY,predicted,I098:mass_transport:1,I098,mass_transport,w-pc-11,5,No unit able to provide mass transport could reach this ward within 45 minutes without pulling a unit off a higher-severity ward.
480.0,2025-09-28T19:00:00Z,REPLAY,predicted,I098:mass_transport:2,I098,mass_transport,w-pc-11,5,No unit able to provide mass transport could reach this ward within 45 minutes without pulling a unit off a higher-severity ward.
490.0,2025-09-28T19:10:00Z,REPLAY,predicted,I001:mass_transport:0,I001,mass_transport,w-pc-11,5,No unit able to provide mass transport could reach this ward within 45 minutes without pulling a unit off a higher-severity ward.
490.0,2025-09-28T19:10:00Z,REPLAY,predicted,I001:mass_transport:1,I001,mass_transport,w-pc-11,5,No unit able to provide mass transport could reach this ward within 45 minutes without pulling a unit off a higher-severity ward.
490.0,2025-09-28T19:10:00Z,REPLAY,predicted,I001:mass_transport:2,I001,mass_transport,w-pc-11,5,No unit able to provide mass transport could reach this ward within 45 minutes without pulling a unit off a higher-severity ward.
490.0,2025-09-28T19:10:00Z,REPLAY,predicted,I006:mass_transport:0,I006,mass_transport,w-pc-14,5,No unit able to provide mass transport could reach this ward within 45 minutes without pulling a unit off a higher-severity ward.
490.0,2025-09-28T19:10:00Z,REPLAY,predicted,I006:mass_transport:1,I006,mass_transport,w-pc-14,5,No unit able to provide mass transport could reach this ward within 45 minutes without pulling a unit off a higher-severity ward.
490.0,2025-09-28T19:10:00Z,REPLAY,predicted,I006:mass_transport:2,I006,mass_transport,w-pc-14,5,No unit able to provide mass transport could reach this ward within 45 minutes without pulling a unit off a higher-severity ward.
490.0,2025-09-28T19:10:00Z,REPLAY,predicted,I009:mass_transport:0,I009,mass_transport,w-pc-07,4,No unit able to provide mass transport could reach this ward within 45 minutes without pulling a unit off a higher-severity ward.
490.0,2025-09-28T19:10:00Z,REPLAY,predicted,I009:mass_transport:1,I009,mass_transport,w-pc-07,4,No unit able to provide mass transport could reach this ward within 45 minutes without pulling a unit off a higher-severity ward.
490.0,2025-09-28T19:10:00Z,REPLAY,predicted,I011:mass_transport:0,I011,mass_transport,w-pc-14,4,No unit able to provide mass transport could reach this ward within 45 minutes without pulling a unit off a higher-severity ward.
490.0,2025-09-28T19:10:00Z,REPLAY,predicted,I011:mass_transport:1,I011,mass_transport,w-pc-14,4,No unit able to provide mass transport could reach this ward within 45 minutes without pulling a unit off a higher-severity ward.
490.0,2025-09-28T19:10:00Z,REPLAY,predicted,I015:mass_transport:0,I015,mass_transport,w-pc-11,4,No unit able to provide mass transport could reach this ward within 45 minutes without pulling a unit off a higher-severity ward.
490.0,2025-09-28T19:10:00Z,REPLAY,predicted,I015:mass_transport:1,I015,mass_transport,w-pc-11,4,No unit able to provide mass transport could reach this ward within 45 minutes without pulling a unit off a higher-severity ward.
490.0,2025-09-28T19:10:00Z,REPLAY,predicted,I017:mass_transport:0,I017,mass_transport,w-pc-07,5,No unit able to provide mass transport could reach this ward within 45 minutes without pulling a unit off a higher-severity ward.
490.0,2025-09-28T19:10:00Z,REPLAY,predicted,I017:mass_transport:1,I017,mass_transport,w-pc-07,5,No unit able to provide mass transport could reach this ward within 45 minutes without pulling a unit off a higher-severity ward.
490.0,2025-09-28T19:10:00Z,REPLAY,predicted,I024:mass_transport:0,I024,mass_transport,w-pc-06,4,No unit able to provide mass transport could reach this ward within 45 minutes without pulling a unit off a higher-severity ward.
490.0,2025-09-28T19:10:00Z,REPLAY,predicted,I024:mass_transport:1,I024,mass_transport,w-pc-06,4,No unit able to provide mass transport could reach this ward within 45 minutes without pulling a unit off a higher-severity ward.
490.0,2025-09-28T19:10:00Z,REPLAY,predicted,I027:mass_transport:0,I027,mass_transport,w-pc-10,4,No unit able to provide mass transport could reach this ward within 45 minutes without pulling a unit off a higher-severity ward.
490.0,2025-09-28T19:10:00Z,REPLAY,predicted,I027:mass_transport:1,I027,mass_transport,w-pc-10,4,No unit able to provide mass transport could reach this ward within 45 minutes without pulling a unit off a higher-severity ward.
490.0,2025-09-28T19:10:00Z,REPLAY,predicted,I029:mass_transport:0,I029,mass_transport,w-pc-13,4,No unit able to provide mass transport could reach this ward within 45 minutes without pulling a unit off a higher-severity ward.
490.0,2025-09-28T19:10:00Z,REPLAY,predicted,I030:mass_transport:0,I030,mass_transport,w-pc-06,4,No unit able to provide mass transport could reach this ward within 45 minutes without pulling a unit off a higher-severity ward.
490.0,2025-09-28T19:10:00Z,REPLAY,predicted,I030:mass_transport:1,I030,mass_transport,w-pc-06,4,No unit able to provide mass transport could reach this ward within 45 minutes without pulling a unit off a higher-severity ward.
490.0,2025-09-28T19:10:00Z,REPLAY,predicted,I036:mass_transport:0,I036,mass_transport,w-pc-11,5,No unit able to provide mass transport could reach this ward within 45 minutes without pulling a unit off a higher-severity ward.
490.0,2025-09-28T19:10:00Z,REPLAY,predicted,I036:mass_transport:1,I036,mass_transport,w-pc-11,5,No unit able to provide mass transport could reach this ward within 45 minutes without pulling a unit off a higher-severity ward.
490.0,2025-09-28T19:10:00Z,REPLAY,predicted,I036:mass_transport:2,I036,mass_transport,w-pc-11,5,No unit able to provide mass transport could reach this ward within 45 minutes without pulling a unit off a higher-severity ward.
490.0,2025-09-28T19:10:00Z,REPLAY,predicted,I040:mass_transport:0,I040,mass_transport,w-pc-13,4,No unit able to provide mass transport could reach this ward within 45 minutes without pulling a unit off a higher-severity ward.
490.0,2025-09-28T19:10:00Z,REPLAY,predicted,I047:mass_transport:0,I047,mass_transport,w-pc-11,5,No unit able to provide mass transport could reach this ward within 45 minutes without pulling a unit off a higher-severity ward.
490.0,2025-09-28T19:10:00Z,REPLAY,predicted,I047:mass_transport:1,I047,mass_transport,w-pc-11,5,No unit able to provide mass transport could reach this ward within 45 minutes without pulling a unit off a higher-severity ward.
490.0,2025-09-28T19:10:00Z,REPLAY,predicted,I047:mass_transport:2,I047,mass_transport,w-pc-11,5,No unit able to provide mass transport could reach this ward within 45 minutes without pulling a unit off a higher-severity ward.
490.0,2025-09-28T19:10:00Z,REPLAY,predicted,I049:mass_transport:0,I049,mass_transport,w-pc-07,5,No unit able to provide mass transport could reach this ward within 45 minutes without pulling a unit off a higher-severity ward.
490.0,2025-09-28T19:10:00Z,REPLAY,predicted,I049:mass_transport:1,I049,mass_transport,w-pc-07,5,No unit able to provide mass transport could reach this ward within 45 minutes without pulling a unit off a higher-severity ward.
490.0,2025-09-28T19:10:00Z,REPLAY,predicted,I049:mass_transport:2,I049,mass_transport,w-pc-07,5,No unit able to provide mass transport could reach this ward within 45 minutes without pulling a unit off a higher-severity ward.
490.0,2025-09-28T19:10:00Z,REPLAY,predicted,I055:mass_transport:0,I055,mass_transport,w-pc-10,5,No unit able to provide mass transport could reach this ward within 45 minutes without pulling a unit off a higher-severity ward.
490.0,2025-09-28T19:10:00Z,REPLAY,predicted,I055:mass_transport:1,I055,mass_transport,w-pc-10,5,No unit able to provide mass transport could reach this ward within 45 minutes without pulling a unit off a higher-severity ward.
490.0,2025-09-28T19:10:00Z,REPLAY,predicted,I055:mass_transport:2,I055,mass_transport,w-pc-10,5,No unit able to provide mass transport could reach this ward within 45 minutes without pulling a unit off a higher-severity ward.
490.0,2025-09-28T19:10:00Z,REPLAY,predicted,I061:mass_transport:0,I061,mass_transport,w-pc-06,5,No unit able to provide mass transport could reach this ward within 45 minutes without pulling a unit off a higher-severity ward.
490.0,2025-09-28T19:10:00Z,REPLAY,predicted,I061:mass_transport:1,I061,mass_transport,w-pc-06,5,No unit able to provide mass transport could reach this ward within 45 minutes without pulling a unit off a higher-severity ward.
490.0,2025-09-28T19:10:00Z,REPLAY,predicted,I061:mass_transport:2,I061,mass_transport,w-pc-06,5,No unit able to provide mass transport could reach this ward within 45 minutes without pulling a unit off a higher-severity ward.
490.0,2025-09-28T19:10:00Z,REPLAY,predicted,I062:mass_transport:0,I062,mass_transport,w-pc-11,5,No unit able to provide mass transport could reach this ward within 45 minutes without pulling a unit off a higher-severity ward.
490.0,2025-09-28T19:10:00Z,REPLAY,predicted,I062:mass_transport:1,I062,mass_transport,w-pc-11,5,No unit able to provide mass transport could reach this ward within 45 minutes without pulling a unit off a higher-severity ward.
490.0,2025-09-28T19:10:00Z,REPLAY,predicted,I062:mass_transport:2,I062,mass_transport,w-pc-11,5,No unit able to provide mass transport could reach this ward within 45 minutes without pulling a unit off a higher-severity ward.
490.0,2025-09-28T19:10:00Z,REPLAY,predicted,I063:mass_transport:0,I063,mass_transport,w-pc-10,4,No unit able to provide mass transport could reach this ward within 45 minutes without pulling a unit off a higher-severity ward.
490.0,2025-09-28T19:10:00Z,REPLAY,predicted,I063:mass_transport:1,I063,mass_transport,w-pc-10,4,No unit able to provide mass transport could reach this ward within 45 minutes without pulling a unit off a higher-severity ward.
490.0,2025-09-28T19:10:00Z,REPLAY,predicted,I064:mass_transport:0,I064,mass_transport,w-pc-13,5,No unit able to provide mass transport could reach this ward within 45 minutes without pulling a unit off a higher-severity ward.
490.0,2025-09-28T19:10:00Z,REPLAY,predicted,I064:mass_transport:1,I064,mass_transport,w-pc-13,5,No unit able to provide mass transport could reach this ward within 45 minutes without pulling a unit off a higher-severity ward.
490.0,2025-09-28T19:10:00Z,REPLAY,predicted,I064:mass_transport:2,I064,mass_transport,w-pc-13,5,No unit able to provide mass transport could reach this ward within 45 minutes without pulling a unit off a higher-severity ward.
490.0,2025-09-28T19:10:00Z,REPLAY,predicted,I065:mass_transport:0,I065,mass_transport,w-pc-11,5,No unit able to provide mass transport could reach this ward within 45 minutes without pulling a unit off a higher-severity ward.
490.0,2025-09-28T19:10:00Z,REPLAY,predicted,I065:mass_transport:1,I065,mass_transport,w-pc-11,5,No unit able to provide mass transport could reach this ward within 45 minutes without pulling a unit off a higher-severity ward.
490.0,2025-09-28T19:10:00Z,REPLAY,predicted,I065:mass_transport:2,I065,mass_transport,w-pc-11,5,No unit able to provide mass transport could reach this ward within 45 minutes without pulling a unit off a higher-severity ward.
490.0,2025-09-28T19:10:00Z,REPLAY,predicted,I066:mass_transport:0,I066,mass_transport,w-pc-11,4,No unit able to provide mass transport could reach this ward within 45 minutes without pulling a unit off a higher-severity ward.
490.0,2025-09-28T19:10:00Z,REPLAY,predicted,I066:mass_transport:1,I066,mass_transport,w-pc-11,4,No unit able to provide mass transport could reach this ward within 45 minutes without pulling a unit off a higher-severity ward.
490.0,2025-09-28T19:10:00Z,REPLAY,predicted,I069:mass_transport:0,I069,mass_transport,w-pc-10,4,No unit able to provide mass transport could reach this ward within 45 minutes without pulling a unit off a higher-severity ward.
490.0,2025-09-28T19:10:00Z,REPLAY,predicted,I069:mass_transport:1,I069,mass_transport,w-pc-10,4,No unit able to provide mass transport could reach this ward within 45 minutes without pulling a unit off a higher-severity ward.
490.0,2025-09-28T19:10:00Z,REPLAY,predicted,I072:mass_transport:0,I072,mass_transport,w-pc-07,4,No unit able to provide mass transport could reach this ward within 45 minutes without pulling a unit off a higher-severity ward.
490.0,2025-09-28T19:10:00Z,REPLAY,predicted,I072:mass_transport:1,I072,mass_transport,w-pc-07,4,No unit able to provide mass transport could reach this ward within 45 minutes without pulling a unit off a higher-severity ward.
490.0,2025-09-28T19:10:00Z,REPLAY,predicted,I073:mass_transport:0,I073,mass_transport,w-pc-14,4,No unit able to provide mass transport could reach this ward within 45 minutes without pulling a unit off a higher-severity ward.
490.0,2025-09-28T19:10:00Z,REPLAY,predicted,I073:mass_transport:1,I073,mass_transport,w-pc-14,4,No unit able to provide mass transport could reach this ward within 45 minutes without pulling a unit off a higher-severity ward.
490.0,2025-09-28T19:10:00Z,REPLAY,predicted,I075:mass_transport:0,I075,mass_transport,w-pc-02,4,No unit able to provide mass transport could reach this ward within 45 minutes without pulling a unit off a higher-severity ward.
490.0,2025-09-28T19:10:00Z,REPLAY,predicted,I075:mass_transport:1,I075,mass_transport,w-pc-02,4,No unit able to provide mass transport could reach this ward within 45 minutes without pulling a unit off a higher-severity ward.
490.0,2025-09-28T19:10:00Z,REPLAY,predicted,I078:mass_transport:0,I078,mass_transport,w-pc-13,4,No unit able to provide mass transport could reach this ward within 45 minutes without pulling a unit off a higher-severity ward.
490.0,2025-09-28T19:10:00Z,REPLAY,predicted,I078:mass_transport:1,I078,mass_transport,w-pc-13,4,No unit able to provide mass transport could reach this ward within 45 minutes without pulling a unit off a higher-severity ward.
490.0,2025-09-28T19:10:00Z,REPLAY,predicted,I079:mass_transport:0,I079,mass_transport,w-pc-04,4,No unit able to provide mass transport could reach this ward within 45 minutes without pulling a unit off a higher-severity ward.
490.0,2025-09-28T19:10:00Z,REPLAY,predicted,I079:mass_transport:1,I079,mass_transport,w-pc-04,4,No unit able to provide mass transport could reach this ward within 45 minutes without pulling a unit off a higher-severity ward.
490.0,2025-09-28T19:10:00Z,REPLAY,predicted,I079:dewatering:0,I079,dewatering,w-pc-04,4,No unit able to provide dewatering could reach this ward within 45 minutes without pulling a unit off a higher-severity ward.
490.0,2025-09-28T19:10:00Z,REPLAY,predicted,I080:mass_transport:0,I080,mass_transport,w-pc-07,4,No unit able to provide mass transport could reach this ward within 45 minutes without pulling a unit off a higher-severity ward.
490.0,2025-09-28T19:10:00Z,REPLAY,predicted,I080:mass_transport:1,I080,mass_transport,w-pc-07,4,No unit able to provide mass transport could reach this ward within 45 minutes without pulling a unit off a higher-severity ward.
490.0,2025-09-28T19:10:00Z,REPLAY,predicted,I082:mass_transport:0,I082,mass_transport,w-pc-09,5,No unit able to provide mass transport could reach this ward within 45 minutes without pulling a unit off a higher-severity ward.
490.0,2025-09-28T19:10:00Z,REPLAY,predicted,I082:mass_transport:1,I082,mass_transport,w-pc-09,5,No unit able to provide mass transport could reach this ward within 45 minutes without pulling a unit off a higher-severity ward.
490.0,2025-09-28T19:10:00Z,REPLAY,predicted,I082:mass_transport:2,I082,mass_transport,w-pc-09,5,No unit able to provide mass transport could reach this ward within 45 minutes without pulling a unit off a higher-severity ward.
490.0,2025-09-28T19:10:00Z,REPLAY,predicted,I086:mass_transport:0,I086,mass_transport,w-pc-09,4,No unit able to provide mass transport could reach this ward within 45 minutes without pulling a unit off a higher-severity ward.
490.0,2025-09-28T19:10:00Z,REPLAY,predicted,I086:mass_transport:1,I086,mass_transport,w-pc-09,4,No unit able to provide mass transport could reach this ward within 45 minutes without pulling a unit off a higher-severity ward.
490.0,2025-09-28T19:10:00Z,REPLAY,predicted,I089:mass_transport:0,I089,mass_transport,w-pc-13,4,No unit able to provide mass transport could reach this ward within 45 minutes without pulling a unit off a higher-severity ward.
490.0,2025-09-28T19:10:00Z,REPLAY,predicted,I092:mass_transport:0,I092,mass_transport,w-pc-11,5,No unit able to provide mass transport could reach this ward within 45 minutes without pulling a unit off a higher-severity ward.
490.0,2025-09-28T19:10:00Z,REPLAY,predicted,I092:mass_transport:1,I092,mass_transport,w-pc-11,5,No unit able to provide mass transport could reach this ward within 45 minutes without pulling a unit off a higher-severity ward.
490.0,2025-09-28T19:10:00Z,REPLAY,predicted,I092:mass_transport:2,I092,mass_transport,w-pc-11,5,No unit able to provide mass transport could reach this ward within 45 minutes without pulling a unit off a higher-severity ward.
490.0,2025-09-28T19:10:00Z,REPLAY,predicted,I093:mass_transport:0,I093,mass_transport,w-pc-11,4,No unit able to provide mass transport could reach this ward within 45 minutes without pulling a unit off a higher-severity ward.
490.0,2025-09-28T19:10:00Z,REPLAY,predicted,I093:mass_transport:1,I093,mass_transport,w-pc-11,4,No unit able to provide mass transport could reach this ward within 45 minutes without pulling a unit off a higher-severity ward.
490.0,2025-09-28T19:10:00Z,REPLAY,predicted,I095:mass_transport:0,I095,mass_transport,w-pc-07,4,No unit able to provide mass transport could reach this ward within 45 minutes without pulling a unit off a higher-severity ward.
490.0,2025-09-28T19:10:00Z,REPLAY,predicted,I096:mass_transport:0,I096,mass_transport,w-pc-03,5,No unit able to provide mass transport could reach this ward within 45 minutes without pulling a unit off a higher-severity ward.
490.0,2025-09-28T19:10:00Z,REPLAY,predicted,I096:mass_transport:1,I096,mass_transport,w-pc-03,5,No unit able to provide mass transport could reach this ward within 45 minutes without pulling a unit off a higher-severity ward.
490.0,2025-09-28T19:10:00Z,REPLAY,predicted,I096:mass_transport:2,I096,mass_transport,w-pc-03,5,No unit able to provide mass transport could reach this ward within 45 minutes without pulling a unit off a higher-severity ward.
490.0,2025-09-28T19:10:00Z,REPLAY,predicted,I098:water_rescue:0,I098,water_rescue,w-pc-11,5,No unit able to provide water rescue could reach this ward within 45 minutes without pulling a unit off a higher-severity ward.
490.0,2025-09-28T19:10:00Z,REPLAY,predicted,I098:mass_transport:0,I098,mass_transport,w-pc-11,5,No unit able to provide mass transport could reach this ward within 45 minutes without pulling a unit off a higher-severity ward.
490.0,2025-09-28T19:10:00Z,REPLAY,predicted,I098:mass_transport:1,I098,mass_transport,w-pc-11,5,No unit able to provide mass transport could reach this ward within 45 minutes without pulling a unit off a higher-severity ward.
490.0,2025-09-28T19:10:00Z,REPLAY,predicted,I098:mass_transport:2,I098,mass_transport,w-pc-11,5,No unit able to provide mass transport could reach this ward within 45 minutes without pulling a unit off a higher-severity ward.
490.0,2025-09-28T19:10:00Z,REPLAY,predicted,I100:field_assessment:0,I100,field_assessment,w-pc-10,2,No unit able to provide field assessment could reach this ward within 45 minutes without pulling a unit off a higher-severity ward.
490.0,2025-09-28T19:10:00Z,REPLAY,predicted,I101:field_assessment:0,I101,field_assessment,w-pc-06,2,No unit able to provide field assessment could reach this ward within 45 minutes without pulling a unit off a higher-severity ward.
490.0,2025-09-28T19:10:00Z,REPLAY,predicted,I104:traffic_control:0,I104,traffic_control,w-pc-09,4,No unit able to provide traffic control could reach this ward within 45 minutes without pulling a unit off a higher-severity ward.
490.0,2025-09-28T19:10:00Z,REPLAY,predicted,I105:water_rescue:0,I105,water_rescue,w-pc-11,5,No unit able to provide water rescue could reach this ward within 45 minutes without pulling a unit off a higher-severity ward.
490.0,2025-09-28T19:10:00Z,REPLAY,predicted,I105:mass_transport:0,I105,mass_transport,w-pc-11,5,No unit able to provide mass transport could reach this ward within 45 minutes without pulling a unit off a higher-severity ward.
490.0,2025-09-28T19:10:00Z,REPLAY,predicted,I105:mass_transport:1,I105,mass_transport,w-pc-11,5,No unit able to provide mass transport could reach this ward within 45 minutes without pulling a unit off a higher-severity ward.
490.0,2025-09-28T19:10:00Z,REPLAY,predicted,I105:mass_transport:2,I105,mass_transport,w-pc-11,5,No unit able to provide mass transport could reach this ward within 45 minutes without pulling a unit off a higher-severity ward.
500.0,2025-09-28T19:20:00Z,REPLAY,predicted,I001:mass_transport:0,I001,mass_transport,w-pc-11,5,No unit able to provide mass transport could reach this ward within 45 minutes without pulling a unit off a higher-severity ward.
500.0,2025-09-28T19:20:00Z,REPLAY,predicted,I001:mass_transport:1,I001,mass_transport,w-pc-11,5,No unit able to provide mass transport could reach this ward within 45 minutes without pulling a unit off a higher-severity ward.
500.0,2025-09-28T19:20:00Z,REPLAY,predicted,I001:mass_transport:2,I001,mass_transport,w-pc-11,5,No unit able to provide mass transport could reach this ward within 45 minutes without pulling a unit off a higher-severity ward.
500.0,2025-09-28T19:20:00Z,REPLAY,predicted,I006:mass_transport:0,I006,mass_transport,w-pc-14,5,No unit able to provide mass transport could reach this ward within 45 minutes without pulling a unit off a higher-severity ward.
500.0,2025-09-28T19:20:00Z,REPLAY,predicted,I006:mass_transport:1,I006,mass_transport,w-pc-14,5,No unit able to provide mass transport could reach this ward within 45 minutes without pulling a unit off a higher-severity ward.
500.0,2025-09-28T19:20:00Z,REPLAY,predicted,I006:mass_transport:2,I006,mass_transport,w-pc-14,5,No unit able to provide mass transport could reach this ward within 45 minutes without pulling a unit off a higher-severity ward.
500.0,2025-09-28T19:20:00Z,REPLAY,predicted,I009:mass_transport:0,I009,mass_transport,w-pc-07,4,No unit able to provide mass transport could reach this ward within 45 minutes without pulling a unit off a higher-severity ward.
500.0,2025-09-28T19:20:00Z,REPLAY,predicted,I009:mass_transport:1,I009,mass_transport,w-pc-07,4,No unit able to provide mass transport could reach this ward within 45 minutes without pulling a unit off a higher-severity ward.
500.0,2025-09-28T19:20:00Z,REPLAY,predicted,I011:mass_transport:0,I011,mass_transport,w-pc-14,4,No unit able to provide mass transport could reach this ward within 45 minutes without pulling a unit off a higher-severity ward.
500.0,2025-09-28T19:20:00Z,REPLAY,predicted,I011:mass_transport:1,I011,mass_transport,w-pc-14,4,No unit able to provide mass transport could reach this ward within 45 minutes without pulling a unit off a higher-severity ward.
500.0,2025-09-28T19:20:00Z,REPLAY,predicted,I015:mass_transport:0,I015,mass_transport,w-pc-11,4,No unit able to provide mass transport could reach this ward within 45 minutes without pulling a unit off a higher-severity ward.
500.0,2025-09-28T19:20:00Z,REPLAY,predicted,I015:mass_transport:1,I015,mass_transport,w-pc-11,4,No unit able to provide mass transport could reach this ward within 45 minutes without pulling a unit off a higher-severity ward.
500.0,2025-09-28T19:20:00Z,REPLAY,predicted,I017:mass_transport:0,I017,mass_transport,w-pc-07,5,No unit able to provide mass transport could reach this ward within 45 minutes without pulling a unit off a higher-severity ward.
500.0,2025-09-28T19:20:00Z,REPLAY,predicted,I017:mass_transport:1,I017,mass_transport,w-pc-07,5,No unit able to provide mass transport could reach this ward within 45 minutes without pulling a unit off a higher-severity ward.
500.0,2025-09-28T19:20:00Z,REPLAY,predicted,I024:mass_transport:0,I024,mass_transport,w-pc-06,4,No unit able to provide mass transport could reach this ward within 45 minutes without pulling a unit off a higher-severity ward.
500.0,2025-09-28T19:20:00Z,REPLAY,predicted,I024:mass_transport:1,I024,mass_transport,w-pc-06,4,No unit able to provide mass transport could reach this ward within 45 minutes without pulling a unit off a higher-severity ward.
500.0,2025-09-28T19:20:00Z,REPLAY,predicted,I027:mass_transport:0,I027,mass_transport,w-pc-10,4,No unit able to provide mass transport could reach this ward within 45 minutes without pulling a unit off a higher-severity ward.
500.0,2025-09-28T19:20:00Z,REPLAY,predicted,I027:mass_transport:1,I027,mass_transport,w-pc-10,4,No unit able to provide mass transport could reach this ward within 45 minutes without pulling a unit off a higher-severity ward.
500.0,2025-09-28T19:20:00Z,REPLAY,predicted,I029:mass_transport:0,I029,mass_transport,w-pc-13,4,No unit able to provide mass transport could reach this ward within 45 minutes without pulling a unit off a higher-severity ward.
500.0,2025-09-28T19:20:00Z,REPLAY,predicted,I030:mass_transport:0,I030,mass_transport,w-pc-06,4,No unit able to provide mass transport could reach this ward within 45 minutes without pulling a unit off a higher-severity ward.
500.0,2025-09-28T19:20:00Z,REPLAY,predicted,I030:mass_transport:1,I030,mass_transport,w-pc-06,4,No unit able to provide mass transport could reach this ward within 45 minutes without pulling a unit off a higher-severity ward.
500.0,2025-09-28T19:20:00Z,REPLAY,predicted,I036:mass_transport:0,I036,mass_transport,w-pc-11,5,No unit able to provide mass transport could reach this ward within 45 minutes without pulling a unit off a higher-severity ward.
500.0,2025-09-28T19:20:00Z,REPLAY,predicted,I036:mass_transport:1,I036,mass_transport,w-pc-11,5,No unit able to provide mass transport could reach this ward within 45 minutes without pulling a unit off a higher-severity ward.
500.0,2025-09-28T19:20:00Z,REPLAY,predicted,I036:mass_transport:2,I036,mass_transport,w-pc-11,5,No unit able to provide mass transport could reach this ward within 45 minutes without pulling a unit off a higher-severity ward.
500.0,2025-09-28T19:20:00Z,REPLAY,predicted,I040:mass_transport:0,I040,mass_transport,w-pc-13,4,No unit able to provide mass transport could reach this ward within 45 minutes without pulling a unit off a higher-severity ward.
500.0,2025-09-28T19:20:00Z,REPLAY,predicted,I047:mass_transport:0,I047,mass_transport,w-pc-11,5,No unit able to provide mass transport could reach this ward within 45 minutes without pulling a unit off a higher-severity ward.
500.0,2025-09-28T19:20:00Z,REPLAY,predicted,I047:mass_transport:1,I047,mass_transport,w-pc-11,5,No unit able to provide mass transport could reach this ward within 45 minutes without pulling a unit off a higher-severity ward.
500.0,2025-09-28T19:20:00Z,REPLAY,predicted,I047:mass_transport:2,I047,mass_transport,w-pc-11,5,No unit able to provide mass transport could reach this ward within 45 minutes without pulling a unit off a higher-severity ward.
500.0,2025-09-28T19:20:00Z,REPLAY,predicted,I049:mass_transport:0,I049,mass_transport,w-pc-07,5,No unit able to provide mass transport could reach this ward within 45 minutes without pulling a unit off a higher-severity ward.
500.0,2025-09-28T19:20:00Z,REPLAY,predicted,I049:mass_transport:1,I049,mass_transport,w-pc-07,5,No unit able to provide mass transport could reach this ward within 45 minutes without pulling a unit off a higher-severity ward.
500.0,2025-09-28T19:20:00Z,REPLAY,predicted,I049:mass_transport:2,I049,mass_transport,w-pc-07,5,No unit able to provide mass transport could reach this ward within 45 minutes without pulling a unit off a higher-severity ward.
500.0,2025-09-28T19:20:00Z,REPLAY,predicted,I055:mass_transport:0,I055,mass_transport,w-pc-10,5,No unit able to provide mass transport could reach this ward within 45 minutes without pulling a unit off a higher-severity ward.
500.0,2025-09-28T19:20:00Z,REPLAY,predicted,I055:mass_transport:1,I055,mass_transport,w-pc-10,5,No unit able to provide mass transport could reach this ward within 45 minutes without pulling a unit off a higher-severity ward.
500.0,2025-09-28T19:20:00Z,REPLAY,predicted,I055:mass_transport:2,I055,mass_transport,w-pc-10,5,No unit able to provide mass transport could reach this ward within 45 minutes without pulling a unit off a higher-severity ward.
500.0,2025-09-28T19:20:00Z,REPLAY,predicted,I061:mass_transport:0,I061,mass_transport,w-pc-06,5,No unit able to provide mass transport could reach this ward within 45 minutes without pulling a unit off a higher-severity ward.
500.0,2025-09-28T19:20:00Z,REPLAY,predicted,I061:mass_transport:1,I061,mass_transport,w-pc-06,5,No unit able to provide mass transport could reach this ward within 45 minutes without pulling a unit off a higher-severity ward.
500.0,2025-09-28T19:20:00Z,REPLAY,predicted,I061:mass_transport:2,I061,mass_transport,w-pc-06,5,No unit able to provide mass transport could reach this ward within 45 minutes without pulling a unit off a higher-severity ward.
500.0,2025-09-28T19:20:00Z,REPLAY,predicted,I062:mass_transport:0,I062,mass_transport,w-pc-11,5,No unit able to provide mass transport could reach this ward within 45 minutes without pulling a unit off a higher-severity ward.
500.0,2025-09-28T19:20:00Z,REPLAY,predicted,I062:mass_transport:1,I062,mass_transport,w-pc-11,5,No unit able to provide mass transport could reach this ward within 45 minutes without pulling a unit off a higher-severity ward.
500.0,2025-09-28T19:20:00Z,REPLAY,predicted,I062:mass_transport:2,I062,mass_transport,w-pc-11,5,No unit able to provide mass transport could reach this ward within 45 minutes without pulling a unit off a higher-severity ward.
500.0,2025-09-28T19:20:00Z,REPLAY,predicted,I063:mass_transport:0,I063,mass_transport,w-pc-10,4,No unit able to provide mass transport could reach this ward within 45 minutes without pulling a unit off a higher-severity ward.
500.0,2025-09-28T19:20:00Z,REPLAY,predicted,I063:mass_transport:1,I063,mass_transport,w-pc-10,4,No unit able to provide mass transport could reach this ward within 45 minutes without pulling a unit off a higher-severity ward.
500.0,2025-09-28T19:20:00Z,REPLAY,predicted,I064:mass_transport:0,I064,mass_transport,w-pc-13,5,No unit able to provide mass transport could reach this ward within 45 minutes without pulling a unit off a higher-severity ward.
500.0,2025-09-28T19:20:00Z,REPLAY,predicted,I064:mass_transport:1,I064,mass_transport,w-pc-13,5,No unit able to provide mass transport could reach this ward within 45 minutes without pulling a unit off a higher-severity ward.
500.0,2025-09-28T19:20:00Z,REPLAY,predicted,I064:mass_transport:2,I064,mass_transport,w-pc-13,5,No unit able to provide mass transport could reach this ward within 45 minutes without pulling a unit off a higher-severity ward.
500.0,2025-09-28T19:20:00Z,REPLAY,predicted,I065:mass_transport:0,I065,mass_transport,w-pc-11,5,No unit able to provide mass transport could reach this ward within 45 minutes without pulling a unit off a higher-severity ward.
500.0,2025-09-28T19:20:00Z,REPLAY,predicted,I065:mass_transport:1,I065,mass_transport,w-pc-11,5,No unit able to provide mass transport could reach this ward within 45 minutes without pulling a unit off a higher-severity ward.
500.0,2025-09-28T19:20:00Z,REPLAY,predicted,I065:mass_transport:2,I065,mass_transport,w-pc-11,5,No unit able to provide mass transport could reach this ward within 45 minutes without pulling a unit off a higher-severity ward.
500.0,2025-09-28T19:20:00Z,REPLAY,predicted,I066:mass_transport:0,I066,mass_transport,w-pc-11,4,No unit able to provide mass transport could reach this ward within 45 minutes without pulling a unit off a higher-severity ward.
500.0,2025-09-28T19:20:00Z,REPLAY,predicted,I066:mass_transport:1,I066,mass_transport,w-pc-11,4,No unit able to provide mass transport could reach this ward within 45 minutes without pulling a unit off a higher-severity ward.
500.0,2025-09-28T19:20:00Z,REPLAY,predicted,I069:mass_transport:0,I069,mass_transport,w-pc-10,4,No unit able to provide mass transport could reach this ward within 45 minutes without pulling a unit off a higher-severity ward.
500.0,2025-09-28T19:20:00Z,REPLAY,predicted,I069:mass_transport:1,I069,mass_transport,w-pc-10,4,No unit able to provide mass transport could reach this ward within 45 minutes without pulling a unit off a higher-severity ward.
500.0,2025-09-28T19:20:00Z,REPLAY,predicted,I072:mass_transport:0,I072,mass_transport,w-pc-07,4,No unit able to provide mass transport could reach this ward within 45 minutes without pulling a unit off a higher-severity ward.
500.0,2025-09-28T19:20:00Z,REPLAY,predicted,I072:mass_transport:1,I072,mass_transport,w-pc-07,4,No unit able to provide mass transport could reach this ward within 45 minutes without pulling a unit off a higher-severity ward.
500.0,2025-09-28T19:20:00Z,REPLAY,predicted,I073:mass_transport:0,I073,mass_transport,w-pc-14,4,No unit able to provide mass transport could reach this ward within 45 minutes without pulling a unit off a higher-severity ward.
500.0,2025-09-28T19:20:00Z,REPLAY,predicted,I073:mass_transport:1,I073,mass_transport,w-pc-14,4,No unit able to provide mass transport could reach this ward within 45 minutes without pulling a unit off a higher-severity ward.
500.0,2025-09-28T19:20:00Z,REPLAY,predicted,I075:mass_transport:0,I075,mass_transport,w-pc-02,4,No unit able to provide mass transport could reach this ward within 45 minutes without pulling a unit off a higher-severity ward.
500.0,2025-09-28T19:20:00Z,REPLAY,predicted,I075:mass_transport:1,I075,mass_transport,w-pc-02,4,No unit able to provide mass transport could reach this ward within 45 minutes without pulling a unit off a higher-severity ward.
500.0,2025-09-28T19:20:00Z,REPLAY,predicted,I078:mass_transport:0,I078,mass_transport,w-pc-13,4,No unit able to provide mass transport could reach this ward within 45 minutes without pulling a unit off a higher-severity ward.
500.0,2025-09-28T19:20:00Z,REPLAY,predicted,I078:mass_transport:1,I078,mass_transport,w-pc-13,4,No unit able to provide mass transport could reach this ward within 45 minutes without pulling a unit off a higher-severity ward.
500.0,2025-09-28T19:20:00Z,REPLAY,predicted,I079:mass_transport:0,I079,mass_transport,w-pc-04,4,No unit able to provide mass transport could reach this ward within 45 minutes without pulling a unit off a higher-severity ward.
500.0,2025-09-28T19:20:00Z,REPLAY,predicted,I079:mass_transport:1,I079,mass_transport,w-pc-04,4,No unit able to provide mass transport could reach this ward within 45 minutes without pulling a unit off a higher-severity ward.
500.0,2025-09-28T19:20:00Z,REPLAY,predicted,I079:dewatering:0,I079,dewatering,w-pc-04,4,No unit able to provide dewatering could reach this ward within 45 minutes without pulling a unit off a higher-severity ward.
500.0,2025-09-28T19:20:00Z,REPLAY,predicted,I080:mass_transport:0,I080,mass_transport,w-pc-07,4,No unit able to provide mass transport could reach this ward within 45 minutes without pulling a unit off a higher-severity ward.
500.0,2025-09-28T19:20:00Z,REPLAY,predicted,I080:mass_transport:1,I080,mass_transport,w-pc-07,4,No unit able to provide mass transport could reach this ward within 45 minutes without pulling a unit off a higher-severity ward.
500.0,2025-09-28T19:20:00Z,REPLAY,predicted,I082:mass_transport:0,I082,mass_transport,w-pc-09,5,No unit able to provide mass transport could reach this ward within 45 minutes without pulling a unit off a higher-severity ward.
500.0,2025-09-28T19:20:00Z,REPLAY,predicted,I082:mass_transport:1,I082,mass_transport,w-pc-09,5,No unit able to provide mass transport could reach this ward within 45 minutes without pulling a unit off a higher-severity ward.
500.0,2025-09-28T19:20:00Z,REPLAY,predicted,I082:mass_transport:2,I082,mass_transport,w-pc-09,5,No unit able to provide mass transport could reach this ward within 45 minutes without pulling a unit off a higher-severity ward.
500.0,2025-09-28T19:20:00Z,REPLAY,predicted,I086:mass_transport:0,I086,mass_transport,w-pc-09,4,No unit able to provide mass transport could reach this ward within 45 minutes without pulling a unit off a higher-severity ward.
500.0,2025-09-28T19:20:00Z,REPLAY,predicted,I086:mass_transport:1,I086,mass_transport,w-pc-09,4,No unit able to provide mass transport could reach this ward within 45 minutes without pulling a unit off a higher-severity ward.
500.0,2025-09-28T19:20:00Z,REPLAY,predicted,I088:mass_transport:0,I088,mass_transport,w-pc-08,4,No unit able to provide mass transport could reach this ward within 45 minutes without pulling a unit off a higher-severity ward.
500.0,2025-09-28T19:20:00Z,REPLAY,predicted,I088:mass_transport:1,I088,mass_transport,w-pc-08,4,No unit able to provide mass transport could reach this ward within 45 minutes without pulling a unit off a higher-severity ward.
500.0,2025-09-28T19:20:00Z,REPLAY,predicted,I089:mass_transport:0,I089,mass_transport,w-pc-13,4,No unit able to provide mass transport could reach this ward within 45 minutes without pulling a unit off a higher-severity ward.
500.0,2025-09-28T19:20:00Z,REPLAY,predicted,I092:mass_transport:0,I092,mass_transport,w-pc-11,5,No unit able to provide mass transport could reach this ward within 45 minutes without pulling a unit off a higher-severity ward.
500.0,2025-09-28T19:20:00Z,REPLAY,predicted,I092:mass_transport:1,I092,mass_transport,w-pc-11,5,No unit able to provide mass transport could reach this ward within 45 minutes without pulling a unit off a higher-severity ward.
500.0,2025-09-28T19:20:00Z,REPLAY,predicted,I092:mass_transport:2,I092,mass_transport,w-pc-11,5,No unit able to provide mass transport could reach this ward within 45 minutes without pulling a unit off a higher-severity ward.
500.0,2025-09-28T19:20:00Z,REPLAY,predicted,I093:mass_transport:0,I093,mass_transport,w-pc-11,4,No unit able to provide mass transport could reach this ward within 45 minutes without pulling a unit off a higher-severity ward.
500.0,2025-09-28T19:20:00Z,REPLAY,predicted,I093:mass_transport:1,I093,mass_transport,w-pc-11,4,No unit able to provide mass transport could reach this ward within 45 minutes without pulling a unit off a higher-severity ward.
500.0,2025-09-28T19:20:00Z,REPLAY,predicted,I095:mass_transport:0,I095,mass_transport,w-pc-07,4,No unit able to provide mass transport could reach this ward within 45 minutes without pulling a unit off a higher-severity ward.
500.0,2025-09-28T19:20:00Z,REPLAY,predicted,I096:mass_transport:0,I096,mass_transport,w-pc-03,5,No unit able to provide mass transport could reach this ward within 45 minutes without pulling a unit off a higher-severity ward.
500.0,2025-09-28T19:20:00Z,REPLAY,predicted,I096:mass_transport:1,I096,mass_transport,w-pc-03,5,No unit able to provide mass transport could reach this ward within 45 minutes without pulling a unit off a higher-severity ward.
500.0,2025-09-28T19:20:00Z,REPLAY,predicted,I096:mass_transport:2,I096,mass_transport,w-pc-03,5,No unit able to provide mass transport could reach this ward within 45 minutes without pulling a unit off a higher-severity ward.
500.0,2025-09-28T19:20:00Z,REPLAY,predicted,I098:water_rescue:0,I098,water_rescue,w-pc-11,5,No unit able to provide water rescue could reach this ward within 45 minutes without pulling a unit off a higher-severity ward.
500.0,2025-09-28T19:20:00Z,REPLAY,predicted,I098:mass_transport:0,I098,mass_transport,w-pc-11,5,No unit able to provide mass transport could reach this ward within 45 minutes without pulling a unit off a higher-severity ward.
500.0,2025-09-28T19:20:00Z,REPLAY,predicted,I098:mass_transport:1,I098,mass_transport,w-pc-11,5,No unit able to provide mass transport could reach this ward within 45 minutes without pulling a unit off a higher-severity ward.
500.0,2025-09-28T19:20:00Z,REPLAY,predicted,I098:mass_transport:2,I098,mass_transport,w-pc-11,5,No unit able to provide mass transport could reach this ward within 45 minutes without pulling a unit off a higher-severity ward.
500.0,2025-09-28T19:20:00Z,REPLAY,predicted,I100:field_assessment:0,I100,field_assessment,w-pc-10,2,No unit able to provide field assessment could reach this ward within 45 minutes without pulling a unit off a higher-severity ward.
500.0,2025-09-28T19:20:00Z,REPLAY,predicted,I104:traffic_control:0,I104,traffic_control,w-pc-09,4,No unit able to provide traffic control could reach this ward within 45 minutes without pulling a unit off a higher-severity ward.
500.0,2025-09-28T19:20:00Z,REPLAY,predicted,I105:water_rescue:0,I105,water_rescue,w-pc-11,5,No unit able to provide water rescue could reach this ward within 45 minutes without pulling a unit off a higher-severity ward.
500.0,2025-09-28T19:20:00Z,REPLAY,predicted,I105:mass_transport:0,I105,mass_transport,w-pc-11,5,No unit able to provide mass transport could reach this ward within 45 minutes without pulling a unit off a higher-severity ward.
500.0,2025-09-28T19:20:00Z,REPLAY,predicted,I105:mass_transport:1,I105,mass_transport,w-pc-11,5,No unit able to provide mass transport could reach this ward within 45 minutes without pulling a unit off a higher-severity ward.
500.0,2025-09-28T19:20:00Z,REPLAY,predicted,I105:mass_transport:2,I105,mass_transport,w-pc-11,5,No unit able to provide mass transport could reach this ward within 45 minutes without pulling a unit off a higher-severity ward.
510.0,2025-09-28T19:30:00Z,REPLAY,predicted,I001:mass_transport:0,I001,mass_transport,w-pc-11,5,No unit able to provide mass transport could reach this ward within 45 minutes without pulling a unit off a higher-severity ward.
510.0,2025-09-28T19:30:00Z,REPLAY,predicted,I001:mass_transport:1,I001,mass_transport,w-pc-11,5,No unit able to provide mass transport could reach this ward within 45 minutes without pulling a unit off a higher-severity ward.
510.0,2025-09-28T19:30:00Z,REPLAY,predicted,I001:mass_transport:2,I001,mass_transport,w-pc-11,5,No unit able to provide mass transport could reach this ward within 45 minutes without pulling a unit off a higher-severity ward.
510.0,2025-09-28T19:30:00Z,REPLAY,predicted,I006:mass_transport:0,I006,mass_transport,w-pc-14,5,No unit able to provide mass transport could reach this ward within 45 minutes without pulling a unit off a higher-severity ward.
510.0,2025-09-28T19:30:00Z,REPLAY,predicted,I006:mass_transport:1,I006,mass_transport,w-pc-14,5,No unit able to provide mass transport could reach this ward within 45 minutes without pulling a unit off a higher-severity ward.
510.0,2025-09-28T19:30:00Z,REPLAY,predicted,I006:mass_transport:2,I006,mass_transport,w-pc-14,5,No unit able to provide mass transport could reach this ward within 45 minutes without pulling a unit off a higher-severity ward.
510.0,2025-09-28T19:30:00Z,REPLAY,predicted,I009:mass_transport:0,I009,mass_transport,w-pc-07,4,No unit able to provide mass transport could reach this ward within 45 minutes without pulling a unit off a higher-severity ward.
510.0,2025-09-28T19:30:00Z,REPLAY,predicted,I009:mass_transport:1,I009,mass_transport,w-pc-07,4,No unit able to provide mass transport could reach this ward within 45 minutes without pulling a unit off a higher-severity ward.
510.0,2025-09-28T19:30:00Z,REPLAY,predicted,I011:mass_transport:0,I011,mass_transport,w-pc-14,4,No unit able to provide mass transport could reach this ward within 45 minutes without pulling a unit off a higher-severity ward.
510.0,2025-09-28T19:30:00Z,REPLAY,predicted,I011:mass_transport:1,I011,mass_transport,w-pc-14,4,No unit able to provide mass transport could reach this ward within 45 minutes without pulling a unit off a higher-severity ward.
510.0,2025-09-28T19:30:00Z,REPLAY,predicted,I015:mass_transport:0,I015,mass_transport,w-pc-11,4,No unit able to provide mass transport could reach this ward within 45 minutes without pulling a unit off a higher-severity ward.
510.0,2025-09-28T19:30:00Z,REPLAY,predicted,I015:mass_transport:1,I015,mass_transport,w-pc-11,4,No unit able to provide mass transport could reach this ward within 45 minutes without pulling a unit off a higher-severity ward.
510.0,2025-09-28T19:30:00Z,REPLAY,predicted,I017:mass_transport:0,I017,mass_transport,w-pc-07,5,No unit able to provide mass transport could reach this ward within 45 minutes without pulling a unit off a higher-severity ward.
510.0,2025-09-28T19:30:00Z,REPLAY,predicted,I017:mass_transport:1,I017,mass_transport,w-pc-07,5,No unit able to provide mass transport could reach this ward within 45 minutes without pulling a unit off a higher-severity ward.
510.0,2025-09-28T19:30:00Z,REPLAY,predicted,I024:mass_transport:0,I024,mass_transport,w-pc-06,4,No unit able to provide mass transport could reach this ward within 45 minutes without pulling a unit off a higher-severity ward.
510.0,2025-09-28T19:30:00Z,REPLAY,predicted,I024:mass_transport:1,I024,mass_transport,w-pc-06,4,No unit able to provide mass transport could reach this ward within 45 minutes without pulling a unit off a higher-severity ward.
510.0,2025-09-28T19:30:00Z,REPLAY,predicted,I027:mass_transport:0,I027,mass_transport,w-pc-10,4,No unit able to provide mass transport could reach this ward within 45 minutes without pulling a unit off a higher-severity ward.
510.0,2025-09-28T19:30:00Z,REPLAY,predicted,I027:mass_transport:1,I027,mass_transport,w-pc-10,4,No unit able to provide mass transport could reach this ward within 45 minutes without pulling a unit off a higher-severity ward.
510.0,2025-09-28T19:30:00Z,REPLAY,predicted,I029:mass_transport:0,I029,mass_transport,w-pc-13,4,No unit able to provide mass transport could reach this ward within 45 minutes without pulling a unit off a higher-severity ward.
510.0,2025-09-28T19:30:00Z,REPLAY,predicted,I030:mass_transport:0,I030,mass_transport,w-pc-06,4,No unit able to provide mass transport could reach this ward within 45 minutes without pulling a unit off a higher-severity ward.
510.0,2025-09-28T19:30:00Z,REPLAY,predicted,I030:mass_transport:1,I030,mass_transport,w-pc-06,4,No unit able to provide mass transport could reach this ward within 45 minutes without pulling a unit off a higher-severity ward.
510.0,2025-09-28T19:30:00Z,REPLAY,predicted,I036:mass_transport:0,I036,mass_transport,w-pc-11,5,No unit able to provide mass transport could reach this ward within 45 minutes without pulling a unit off a higher-severity ward.
510.0,2025-09-28T19:30:00Z,REPLAY,predicted,I036:mass_transport:1,I036,mass_transport,w-pc-11,5,No unit able to provide mass transport could reach this ward within 45 minutes without pulling a unit off a higher-severity ward.
510.0,2025-09-28T19:30:00Z,REPLAY,predicted,I036:mass_transport:2,I036,mass_transport,w-pc-11,5,No unit able to provide mass transport could reach this ward within 45 minutes without pulling a unit off a higher-severity ward.
510.0,2025-09-28T19:30:00Z,REPLAY,predicted,I040:mass_transport:0,I040,mass_transport,w-pc-13,4,No unit able to provide mass transport could reach this ward within 45 minutes without pulling a unit off a higher-severity ward.
510.0,2025-09-28T19:30:00Z,REPLAY,predicted,I047:mass_transport:0,I047,mass_transport,w-pc-11,5,No unit able to provide mass transport could reach this ward within 45 minutes without pulling a unit off a higher-severity ward.
510.0,2025-09-28T19:30:00Z,REPLAY,predicted,I047:mass_transport:1,I047,mass_transport,w-pc-11,5,No unit able to provide mass transport could reach this ward within 45 minutes without pulling a unit off a higher-severity ward.
510.0,2025-09-28T19:30:00Z,REPLAY,predicted,I047:mass_transport:2,I047,mass_transport,w-pc-11,5,No unit able to provide mass transport could reach this ward within 45 minutes without pulling a unit off a higher-severity ward.
510.0,2025-09-28T19:30:00Z,REPLAY,predicted,I049:mass_transport:0,I049,mass_transport,w-pc-07,5,No unit able to provide mass transport could reach this ward within 45 minutes without pulling a unit off a higher-severity ward.
510.0,2025-09-28T19:30:00Z,REPLAY,predicted,I049:mass_transport:1,I049,mass_transport,w-pc-07,5,No unit able to provide mass transport could reach this ward within 45 minutes without pulling a unit off a higher-severity ward.
510.0,2025-09-28T19:30:00Z,REPLAY,predicted,I049:mass_transport:2,I049,mass_transport,w-pc-07,5,No unit able to provide mass transport could reach this ward within 45 minutes without pulling a unit off a higher-severity ward.
510.0,2025-09-28T19:30:00Z,REPLAY,predicted,I055:mass_transport:0,I055,mass_transport,w-pc-10,5,No unit able to provide mass transport could reach this ward within 45 minutes without pulling a unit off a higher-severity ward.
510.0,2025-09-28T19:30:00Z,REPLAY,predicted,I055:mass_transport:1,I055,mass_transport,w-pc-10,5,No unit able to provide mass transport could reach this ward within 45 minutes without pulling a unit off a higher-severity ward.
510.0,2025-09-28T19:30:00Z,REPLAY,predicted,I055:mass_transport:2,I055,mass_transport,w-pc-10,5,No unit able to provide mass transport could reach this ward within 45 minutes without pulling a unit off a higher-severity ward.
510.0,2025-09-28T19:30:00Z,REPLAY,predicted,I061:mass_transport:0,I061,mass_transport,w-pc-06,5,No unit able to provide mass transport could reach this ward within 45 minutes without pulling a unit off a higher-severity ward.
510.0,2025-09-28T19:30:00Z,REPLAY,predicted,I061:mass_transport:1,I061,mass_transport,w-pc-06,5,No unit able to provide mass transport could reach this ward within 45 minutes without pulling a unit off a higher-severity ward.
510.0,2025-09-28T19:30:00Z,REPLAY,predicted,I061:mass_transport:2,I061,mass_transport,w-pc-06,5,No unit able to provide mass transport could reach this ward within 45 minutes without pulling a unit off a higher-severity ward.
510.0,2025-09-28T19:30:00Z,REPLAY,predicted,I062:mass_transport:0,I062,mass_transport,w-pc-11,5,No unit able to provide mass transport could reach this ward within 45 minutes without pulling a unit off a higher-severity ward.
510.0,2025-09-28T19:30:00Z,REPLAY,predicted,I062:mass_transport:1,I062,mass_transport,w-pc-11,5,No unit able to provide mass transport could reach this ward within 45 minutes without pulling a unit off a higher-severity ward.
510.0,2025-09-28T19:30:00Z,REPLAY,predicted,I062:mass_transport:2,I062,mass_transport,w-pc-11,5,No unit able to provide mass transport could reach this ward within 45 minutes without pulling a unit off a higher-severity ward.
510.0,2025-09-28T19:30:00Z,REPLAY,predicted,I063:mass_transport:0,I063,mass_transport,w-pc-10,4,No unit able to provide mass transport could reach this ward within 45 minutes without pulling a unit off a higher-severity ward.
510.0,2025-09-28T19:30:00Z,REPLAY,predicted,I063:mass_transport:1,I063,mass_transport,w-pc-10,4,No unit able to provide mass transport could reach this ward within 45 minutes without pulling a unit off a higher-severity ward.
510.0,2025-09-28T19:30:00Z,REPLAY,predicted,I064:mass_transport:0,I064,mass_transport,w-pc-13,5,No unit able to provide mass transport could reach this ward within 45 minutes without pulling a unit off a higher-severity ward.
510.0,2025-09-28T19:30:00Z,REPLAY,predicted,I064:mass_transport:1,I064,mass_transport,w-pc-13,5,No unit able to provide mass transport could reach this ward within 45 minutes without pulling a unit off a higher-severity ward.
510.0,2025-09-28T19:30:00Z,REPLAY,predicted,I064:mass_transport:2,I064,mass_transport,w-pc-13,5,No unit able to provide mass transport could reach this ward within 45 minutes without pulling a unit off a higher-severity ward.
510.0,2025-09-28T19:30:00Z,REPLAY,predicted,I065:mass_transport:0,I065,mass_transport,w-pc-11,5,No unit able to provide mass transport could reach this ward within 45 minutes without pulling a unit off a higher-severity ward.
510.0,2025-09-28T19:30:00Z,REPLAY,predicted,I065:mass_transport:1,I065,mass_transport,w-pc-11,5,No unit able to provide mass transport could reach this ward within 45 minutes without pulling a unit off a higher-severity ward.
510.0,2025-09-28T19:30:00Z,REPLAY,predicted,I065:mass_transport:2,I065,mass_transport,w-pc-11,5,No unit able to provide mass transport could reach this ward within 45 minutes without pulling a unit off a higher-severity ward.
510.0,2025-09-28T19:30:00Z,REPLAY,predicted,I066:mass_transport:0,I066,mass_transport,w-pc-11,4,No unit able to provide mass transport could reach this ward within 45 minutes without pulling a unit off a higher-severity ward.
510.0,2025-09-28T19:30:00Z,REPLAY,predicted,I066:mass_transport:1,I066,mass_transport,w-pc-11,4,No unit able to provide mass transport could reach this ward within 45 minutes without pulling a unit off a higher-severity ward.
510.0,2025-09-28T19:30:00Z,REPLAY,predicted,I069:mass_transport:0,I069,mass_transport,w-pc-10,4,No unit able to provide mass transport could reach this ward within 45 minutes without pulling a unit off a higher-severity ward.
510.0,2025-09-28T19:30:00Z,REPLAY,predicted,I069:mass_transport:1,I069,mass_transport,w-pc-10,4,No unit able to provide mass transport could reach this ward within 45 minutes without pulling a unit off a higher-severity ward.
510.0,2025-09-28T19:30:00Z,REPLAY,predicted,I072:mass_transport:0,I072,mass_transport,w-pc-07,4,No unit able to provide mass transport could reach this ward within 45 minutes without pulling a unit off a higher-severity ward.
510.0,2025-09-28T19:30:00Z,REPLAY,predicted,I072:mass_transport:1,I072,mass_transport,w-pc-07,4,No unit able to provide mass transport could reach this ward within 45 minutes without pulling a unit off a higher-severity ward.
510.0,2025-09-28T19:30:00Z,REPLAY,predicted,I073:mass_transport:0,I073,mass_transport,w-pc-14,4,No unit able to provide mass transport could reach this ward within 45 minutes without pulling a unit off a higher-severity ward.
510.0,2025-09-28T19:30:00Z,REPLAY,predicted,I073:mass_transport:1,I073,mass_transport,w-pc-14,4,No unit able to provide mass transport could reach this ward within 45 minutes without pulling a unit off a higher-severity ward.
510.0,2025-09-28T19:30:00Z,REPLAY,predicted,I075:mass_transport:0,I075,mass_transport,w-pc-02,4,No unit able to provide mass transport could reach this ward within 45 minutes without pulling a unit off a higher-severity ward.
510.0,2025-09-28T19:30:00Z,REPLAY,predicted,I075:mass_transport:1,I075,mass_transport,w-pc-02,4,No unit able to provide mass transport could reach this ward within 45 minutes without pulling a unit off a higher-severity ward.
510.0,2025-09-28T19:30:00Z,REPLAY,predicted,I078:mass_transport:0,I078,mass_transport,w-pc-13,4,No unit able to provide mass transport could reach this ward within 45 minutes without pulling a unit off a higher-severity ward.
510.0,2025-09-28T19:30:00Z,REPLAY,predicted,I078:mass_transport:1,I078,mass_transport,w-pc-13,4,No unit able to provide mass transport could reach this ward within 45 minutes without pulling a unit off a higher-severity ward.
510.0,2025-09-28T19:30:00Z,REPLAY,predicted,I079:mass_transport:0,I079,mass_transport,w-pc-04,4,No unit able to provide mass transport could reach this ward within 45 minutes without pulling a unit off a higher-severity ward.
510.0,2025-09-28T19:30:00Z,REPLAY,predicted,I079:mass_transport:1,I079,mass_transport,w-pc-04,4,No unit able to provide mass transport could reach this ward within 45 minutes without pulling a unit off a higher-severity ward.
510.0,2025-09-28T19:30:00Z,REPLAY,predicted,I079:dewatering:0,I079,dewatering,w-pc-04,4,No unit able to provide dewatering could reach this ward within 45 minutes without pulling a unit off a higher-severity ward.
510.0,2025-09-28T19:30:00Z,REPLAY,predicted,I080:mass_transport:0,I080,mass_transport,w-pc-07,4,No unit able to provide mass transport could reach this ward within 45 minutes without pulling a unit off a higher-severity ward.
510.0,2025-09-28T19:30:00Z,REPLAY,predicted,I080:mass_transport:1,I080,mass_transport,w-pc-07,4,No unit able to provide mass transport could reach this ward within 45 minutes without pulling a unit off a higher-severity ward.
510.0,2025-09-28T19:30:00Z,REPLAY,predicted,I082:mass_transport:0,I082,mass_transport,w-pc-09,5,No unit able to provide mass transport could reach this ward within 45 minutes without pulling a unit off a higher-severity ward.
510.0,2025-09-28T19:30:00Z,REPLAY,predicted,I082:mass_transport:1,I082,mass_transport,w-pc-09,5,No unit able to provide mass transport could reach this ward within 45 minutes without pulling a unit off a higher-severity ward.
510.0,2025-09-28T19:30:00Z,REPLAY,predicted,I082:mass_transport:2,I082,mass_transport,w-pc-09,5,No unit able to provide mass transport could reach this ward within 45 minutes without pulling a unit off a higher-severity ward.
510.0,2025-09-28T19:30:00Z,REPLAY,predicted,I086:mass_transport:0,I086,mass_transport,w-pc-09,4,No unit able to provide mass transport could reach this ward within 45 minutes without pulling a unit off a higher-severity ward.
510.0,2025-09-28T19:30:00Z,REPLAY,predicted,I086:mass_transport:1,I086,mass_transport,w-pc-09,4,No unit able to provide mass transport could reach this ward within 45 minutes without pulling a unit off a higher-severity ward.
510.0,2025-09-28T19:30:00Z,REPLAY,predicted,I088:mass_transport:0,I088,mass_transport,w-pc-08,4,No unit able to provide mass transport could reach this ward within 45 minutes without pulling a unit off a higher-severity ward.
510.0,2025-09-28T19:30:00Z,REPLAY,predicted,I088:mass_transport:1,I088,mass_transport,w-pc-08,4,No unit able to provide mass transport could reach this ward within 45 minutes without pulling a unit off a higher-severity ward.
510.0,2025-09-28T19:30:00Z,REPLAY,predicted,I088:dewatering:0,I088,dewatering,w-pc-08,4,No unit able to provide dewatering could reach this ward within 45 minutes without pulling a unit off a higher-severity ward.
510.0,2025-09-28T19:30:00Z,REPLAY,predicted,I089:mass_transport:0,I089,mass_transport,w-pc-13,4,No unit able to provide mass transport could reach this ward within 45 minutes without pulling a unit off a higher-severity ward.
510.0,2025-09-28T19:30:00Z,REPLAY,predicted,I092:mass_transport:0,I092,mass_transport,w-pc-11,5,No unit able to provide mass transport could reach this ward within 45 minutes without pulling a unit off a higher-severity ward.
510.0,2025-09-28T19:30:00Z,REPLAY,predicted,I092:mass_transport:1,I092,mass_transport,w-pc-11,5,No unit able to provide mass transport could reach this ward within 45 minutes without pulling a unit off a higher-severity ward.
510.0,2025-09-28T19:30:00Z,REPLAY,predicted,I092:mass_transport:2,I092,mass_transport,w-pc-11,5,No unit able to provide mass transport could reach this ward within 45 minutes without pulling a unit off a higher-severity ward.
510.0,2025-09-28T19:30:00Z,REPLAY,predicted,I093:mass_transport:0,I093,mass_transport,w-pc-11,4,No unit able to provide mass transport could reach this ward within 45 minutes without pulling a unit off a higher-severity ward.
510.0,2025-09-28T19:30:00Z,REPLAY,predicted,I093:mass_transport:1,I093,mass_transport,w-pc-11,4,No unit able to provide mass transport could reach this ward within 45 minutes without pulling a unit off a higher-severity ward.
510.0,2025-09-28T19:30:00Z,REPLAY,predicted,I095:mass_transport:0,I095,mass_transport,w-pc-07,4,No unit able to provide mass transport could reach this ward within 45 minutes without pulling a unit off a higher-severity ward.
510.0,2025-09-28T19:30:00Z,REPLAY,predicted,I096:mass_transport:0,I096,mass_transport,w-pc-03,5,No unit able to provide mass transport could reach this ward within 45 minutes without pulling a unit off a higher-severity ward.
510.0,2025-09-28T19:30:00Z,REPLAY,predicted,I096:mass_transport:1,I096,mass_transport,w-pc-03,5,No unit able to provide mass transport could reach this ward within 45 minutes without pulling a unit off a higher-severity ward.
510.0,2025-09-28T19:30:00Z,REPLAY,predicted,I096:mass_transport:2,I096,mass_transport,w-pc-03,5,No unit able to provide mass transport could reach this ward within 45 minutes without pulling a unit off a higher-severity ward.
510.0,2025-09-28T19:30:00Z,REPLAY,predicted,I098:mass_transport:0,I098,mass_transport,w-pc-11,5,No unit able to provide mass transport could reach this ward within 45 minutes without pulling a unit off a higher-severity ward.
510.0,2025-09-28T19:30:00Z,REPLAY,predicted,I098:mass_transport:1,I098,mass_transport,w-pc-11,5,No unit able to provide mass transport could reach this ward within 45 minutes without pulling a unit off a higher-severity ward.
510.0,2025-09-28T19:30:00Z,REPLAY,predicted,I098:mass_transport:2,I098,mass_transport,w-pc-11,5,No unit able to provide mass transport could reach this ward within 45 minutes without pulling a unit off a higher-severity ward.
510.0,2025-09-28T19:30:00Z,REPLAY,predicted,I101:mass_transport:0,I101,mass_transport,w-pc-06,4,No unit able to provide mass transport could reach this ward within 45 minutes without pulling a unit off a higher-severity ward.
510.0,2025-09-28T19:30:00Z,REPLAY,predicted,I101:mass_transport:1,I101,mass_transport,w-pc-06,4,No unit able to provide mass transport could reach this ward within 45 minutes without pulling a unit off a higher-severity ward.
510.0,2025-09-28T19:30:00Z,REPLAY,predicted,I104:traffic_control:0,I104,traffic_control,w-pc-09,4,No unit able to provide traffic control could reach this ward within 45 minutes without pulling a unit off a higher-severity ward.
510.0,2025-09-28T19:30:00Z,REPLAY,predicted,I105:water_rescue:0,I105,water_rescue,w-pc-11,5,No unit able to provide water rescue could reach this ward within 45 minutes without pulling a unit off a higher-severity ward.
510.0,2025-09-28T19:30:00Z,REPLAY,predicted,I105:mass_transport:0,I105,mass_transport,w-pc-11,5,No unit able to provide mass transport could reach this ward within 45 minutes without pulling a unit off a higher-severity ward.
510.0,2025-09-28T19:30:00Z,REPLAY,predicted,I105:mass_transport:1,I105,mass_transport,w-pc-11,5,No unit able to provide mass transport could reach this ward within 45 minutes without pulling a unit off a higher-severity ward.
510.0,2025-09-28T19:30:00Z,REPLAY,predicted,I105:mass_transport:2,I105,mass_transport,w-pc-11,5,No unit able to provide mass transport could reach this ward within 45 minutes without pulling a unit off a higher-severity ward.
510.0,2025-09-28T19:30:00Z,REPLAY,predicted,I106:mass_transport:0,I106,mass_transport,w-pc-11,4,No unit able to provide mass transport could reach this ward within 45 minutes without pulling a unit off a higher-severity ward.
510.0,2025-09-28T19:30:00Z,REPLAY,predicted,I106:mass_transport:1,I106,mass_transport,w-pc-11,4,No unit able to provide mass transport could reach this ward within 45 minutes without pulling a unit off a higher-severity ward.
510.0,2025-09-28T19:30:00Z,REPLAY,predicted,I106:dewatering:0,I106,dewatering,w-pc-11,4,No unit able to provide dewatering could reach this ward within 45 minutes without pulling a unit off a higher-severity ward.
510.0,2025-09-28T19:30:00Z,REPLAY,predicted,I108:field_assessment:0,I108,field_assessment,w-pc-07,2,No unit able to provide field assessment could reach this ward within 45 minutes without pulling a unit off a higher-severity ward.
520.0,2025-09-28T19:40:00Z,REPLAY,predicted,I001:mass_transport:0,I001,mass_transport,w-pc-11,5,No unit able to provide mass transport could reach this ward within 45 minutes without pulling a unit off a higher-severity ward.
520.0,2025-09-28T19:40:00Z,REPLAY,predicted,I001:mass_transport:1,I001,mass_transport,w-pc-11,5,No unit able to provide mass transport could reach this ward within 45 minutes without pulling a unit off a higher-severity ward.
520.0,2025-09-28T19:40:00Z,REPLAY,predicted,I001:mass_transport:2,I001,mass_transport,w-pc-11,5,No unit able to provide mass transport could reach this ward within 45 minutes without pulling a unit off a higher-severity ward.
520.0,2025-09-28T19:40:00Z,REPLAY,predicted,I006:mass_transport:0,I006,mass_transport,w-pc-14,5,No unit able to provide mass transport could reach this ward within 45 minutes without pulling a unit off a higher-severity ward.
520.0,2025-09-28T19:40:00Z,REPLAY,predicted,I006:mass_transport:1,I006,mass_transport,w-pc-14,5,No unit able to provide mass transport could reach this ward within 45 minutes without pulling a unit off a higher-severity ward.
520.0,2025-09-28T19:40:00Z,REPLAY,predicted,I006:mass_transport:2,I006,mass_transport,w-pc-14,5,No unit able to provide mass transport could reach this ward within 45 minutes without pulling a unit off a higher-severity ward.
520.0,2025-09-28T19:40:00Z,REPLAY,predicted,I009:mass_transport:0,I009,mass_transport,w-pc-07,4,No unit able to provide mass transport could reach this ward within 45 minutes without pulling a unit off a higher-severity ward.
520.0,2025-09-28T19:40:00Z,REPLAY,predicted,I009:mass_transport:1,I009,mass_transport,w-pc-07,4,No unit able to provide mass transport could reach this ward within 45 minutes without pulling a unit off a higher-severity ward.
520.0,2025-09-28T19:40:00Z,REPLAY,predicted,I011:mass_transport:0,I011,mass_transport,w-pc-14,4,No unit able to provide mass transport could reach this ward within 45 minutes without pulling a unit off a higher-severity ward.
520.0,2025-09-28T19:40:00Z,REPLAY,predicted,I011:mass_transport:1,I011,mass_transport,w-pc-14,4,No unit able to provide mass transport could reach this ward within 45 minutes without pulling a unit off a higher-severity ward.
520.0,2025-09-28T19:40:00Z,REPLAY,predicted,I015:mass_transport:0,I015,mass_transport,w-pc-11,4,No unit able to provide mass transport could reach this ward within 45 minutes without pulling a unit off a higher-severity ward.
520.0,2025-09-28T19:40:00Z,REPLAY,predicted,I015:mass_transport:1,I015,mass_transport,w-pc-11,4,No unit able to provide mass transport could reach this ward within 45 minutes without pulling a unit off a higher-severity ward.
520.0,2025-09-28T19:40:00Z,REPLAY,predicted,I017:mass_transport:0,I017,mass_transport,w-pc-07,5,No unit able to provide mass transport could reach this ward within 45 minutes without pulling a unit off a higher-severity ward.
520.0,2025-09-28T19:40:00Z,REPLAY,predicted,I017:mass_transport:1,I017,mass_transport,w-pc-07,5,No unit able to provide mass transport could reach this ward within 45 minutes without pulling a unit off a higher-severity ward.
520.0,2025-09-28T19:40:00Z,REPLAY,predicted,I024:mass_transport:0,I024,mass_transport,w-pc-06,4,No unit able to provide mass transport could reach this ward within 45 minutes without pulling a unit off a higher-severity ward.
520.0,2025-09-28T19:40:00Z,REPLAY,predicted,I024:mass_transport:1,I024,mass_transport,w-pc-06,4,No unit able to provide mass transport could reach this ward within 45 minutes without pulling a unit off a higher-severity ward.
520.0,2025-09-28T19:40:00Z,REPLAY,predicted,I027:mass_transport:0,I027,mass_transport,w-pc-10,4,No unit able to provide mass transport could reach this ward within 45 minutes without pulling a unit off a higher-severity ward.
520.0,2025-09-28T19:40:00Z,REPLAY,predicted,I027:mass_transport:1,I027,mass_transport,w-pc-10,4,No unit able to provide mass transport could reach this ward within 45 minutes without pulling a unit off a higher-severity ward.
520.0,2025-09-28T19:40:00Z,REPLAY,predicted,I029:mass_transport:0,I029,mass_transport,w-pc-13,4,No unit able to provide mass transport could reach this ward within 45 minutes without pulling a unit off a higher-severity ward.
520.0,2025-09-28T19:40:00Z,REPLAY,predicted,I030:mass_transport:0,I030,mass_transport,w-pc-06,4,No unit able to provide mass transport could reach this ward within 45 minutes without pulling a unit off a higher-severity ward.
520.0,2025-09-28T19:40:00Z,REPLAY,predicted,I030:mass_transport:1,I030,mass_transport,w-pc-06,4,No unit able to provide mass transport could reach this ward within 45 minutes without pulling a unit off a higher-severity ward.
520.0,2025-09-28T19:40:00Z,REPLAY,predicted,I036:mass_transport:0,I036,mass_transport,w-pc-11,5,No unit able to provide mass transport could reach this ward within 45 minutes without pulling a unit off a higher-severity ward.
520.0,2025-09-28T19:40:00Z,REPLAY,predicted,I036:mass_transport:1,I036,mass_transport,w-pc-11,5,No unit able to provide mass transport could reach this ward within 45 minutes without pulling a unit off a higher-severity ward.
520.0,2025-09-28T19:40:00Z,REPLAY,predicted,I036:mass_transport:2,I036,mass_transport,w-pc-11,5,No unit able to provide mass transport could reach this ward within 45 minutes without pulling a unit off a higher-severity ward.
520.0,2025-09-28T19:40:00Z,REPLAY,predicted,I040:mass_transport:0,I040,mass_transport,w-pc-13,4,No unit able to provide mass transport could reach this ward within 45 minutes without pulling a unit off a higher-severity ward.
520.0,2025-09-28T19:40:00Z,REPLAY,predicted,I047:mass_transport:0,I047,mass_transport,w-pc-11,5,No unit able to provide mass transport could reach this ward within 45 minutes without pulling a unit off a higher-severity ward.
520.0,2025-09-28T19:40:00Z,REPLAY,predicted,I047:mass_transport:1,I047,mass_transport,w-pc-11,5,No unit able to provide mass transport could reach this ward within 45 minutes without pulling a unit off a higher-severity ward.
520.0,2025-09-28T19:40:00Z,REPLAY,predicted,I047:mass_transport:2,I047,mass_transport,w-pc-11,5,No unit able to provide mass transport could reach this ward within 45 minutes without pulling a unit off a higher-severity ward.
520.0,2025-09-28T19:40:00Z,REPLAY,predicted,I049:mass_transport:0,I049,mass_transport,w-pc-07,5,No unit able to provide mass transport could reach this ward within 45 minutes without pulling a unit off a higher-severity ward.
520.0,2025-09-28T19:40:00Z,REPLAY,predicted,I049:mass_transport:1,I049,mass_transport,w-pc-07,5,No unit able to provide mass transport could reach this ward within 45 minutes without pulling a unit off a higher-severity ward.
520.0,2025-09-28T19:40:00Z,REPLAY,predicted,I049:mass_transport:2,I049,mass_transport,w-pc-07,5,No unit able to provide mass transport could reach this ward within 45 minutes without pulling a unit off a higher-severity ward.
520.0,2025-09-28T19:40:00Z,REPLAY,predicted,I055:mass_transport:0,I055,mass_transport,w-pc-10,5,No unit able to provide mass transport could reach this ward within 45 minutes without pulling a unit off a higher-severity ward.
520.0,2025-09-28T19:40:00Z,REPLAY,predicted,I055:mass_transport:1,I055,mass_transport,w-pc-10,5,No unit able to provide mass transport could reach this ward within 45 minutes without pulling a unit off a higher-severity ward.
520.0,2025-09-28T19:40:00Z,REPLAY,predicted,I055:mass_transport:2,I055,mass_transport,w-pc-10,5,No unit able to provide mass transport could reach this ward within 45 minutes without pulling a unit off a higher-severity ward.
520.0,2025-09-28T19:40:00Z,REPLAY,predicted,I061:mass_transport:0,I061,mass_transport,w-pc-06,5,No unit able to provide mass transport could reach this ward within 45 minutes without pulling a unit off a higher-severity ward.
520.0,2025-09-28T19:40:00Z,REPLAY,predicted,I061:mass_transport:1,I061,mass_transport,w-pc-06,5,No unit able to provide mass transport could reach this ward within 45 minutes without pulling a unit off a higher-severity ward.
520.0,2025-09-28T19:40:00Z,REPLAY,predicted,I061:mass_transport:2,I061,mass_transport,w-pc-06,5,No unit able to provide mass transport could reach this ward within 45 minutes without pulling a unit off a higher-severity ward.
520.0,2025-09-28T19:40:00Z,REPLAY,predicted,I062:mass_transport:0,I062,mass_transport,w-pc-11,5,No unit able to provide mass transport could reach this ward within 45 minutes without pulling a unit off a higher-severity ward.
520.0,2025-09-28T19:40:00Z,REPLAY,predicted,I062:mass_transport:1,I062,mass_transport,w-pc-11,5,No unit able to provide mass transport could reach this ward within 45 minutes without pulling a unit off a higher-severity ward.
520.0,2025-09-28T19:40:00Z,REPLAY,predicted,I062:mass_transport:2,I062,mass_transport,w-pc-11,5,No unit able to provide mass transport could reach this ward within 45 minutes without pulling a unit off a higher-severity ward.
520.0,2025-09-28T19:40:00Z,REPLAY,predicted,I063:mass_transport:0,I063,mass_transport,w-pc-10,4,No unit able to provide mass transport could reach this ward within 45 minutes without pulling a unit off a higher-severity ward.
520.0,2025-09-28T19:40:00Z,REPLAY,predicted,I063:mass_transport:1,I063,mass_transport,w-pc-10,4,No unit able to provide mass transport could reach this ward within 45 minutes without pulling a unit off a higher-severity ward.
520.0,2025-09-28T19:40:00Z,REPLAY,predicted,I064:mass_transport:0,I064,mass_transport,w-pc-13,5,No unit able to provide mass transport could reach this ward within 45 minutes without pulling a unit off a higher-severity ward.
520.0,2025-09-28T19:40:00Z,REPLAY,predicted,I064:mass_transport:1,I064,mass_transport,w-pc-13,5,No unit able to provide mass transport could reach this ward within 45 minutes without pulling a unit off a higher-severity ward.
520.0,2025-09-28T19:40:00Z,REPLAY,predicted,I064:mass_transport:2,I064,mass_transport,w-pc-13,5,No unit able to provide mass transport could reach this ward within 45 minutes without pulling a unit off a higher-severity ward.
520.0,2025-09-28T19:40:00Z,REPLAY,predicted,I065:mass_transport:0,I065,mass_transport,w-pc-11,5,No unit able to provide mass transport could reach this ward within 45 minutes without pulling a unit off a higher-severity ward.
520.0,2025-09-28T19:40:00Z,REPLAY,predicted,I065:mass_transport:1,I065,mass_transport,w-pc-11,5,No unit able to provide mass transport could reach this ward within 45 minutes without pulling a unit off a higher-severity ward.
520.0,2025-09-28T19:40:00Z,REPLAY,predicted,I065:mass_transport:2,I065,mass_transport,w-pc-11,5,No unit able to provide mass transport could reach this ward within 45 minutes without pulling a unit off a higher-severity ward.
520.0,2025-09-28T19:40:00Z,REPLAY,predicted,I066:mass_transport:0,I066,mass_transport,w-pc-11,4,No unit able to provide mass transport could reach this ward within 45 minutes without pulling a unit off a higher-severity ward.
520.0,2025-09-28T19:40:00Z,REPLAY,predicted,I066:mass_transport:1,I066,mass_transport,w-pc-11,4,No unit able to provide mass transport could reach this ward within 45 minutes without pulling a unit off a higher-severity ward.
520.0,2025-09-28T19:40:00Z,REPLAY,predicted,I069:mass_transport:0,I069,mass_transport,w-pc-10,4,No unit able to provide mass transport could reach this ward within 45 minutes without pulling a unit off a higher-severity ward.
520.0,2025-09-28T19:40:00Z,REPLAY,predicted,I069:mass_transport:1,I069,mass_transport,w-pc-10,4,No unit able to provide mass transport could reach this ward within 45 minutes without pulling a unit off a higher-severity ward.
520.0,2025-09-28T19:40:00Z,REPLAY,predicted,I072:mass_transport:0,I072,mass_transport,w-pc-07,4,No unit able to provide mass transport could reach this ward within 45 minutes without pulling a unit off a higher-severity ward.
520.0,2025-09-28T19:40:00Z,REPLAY,predicted,I072:mass_transport:1,I072,mass_transport,w-pc-07,4,No unit able to provide mass transport could reach this ward within 45 minutes without pulling a unit off a higher-severity ward.
520.0,2025-09-28T19:40:00Z,REPLAY,predicted,I073:mass_transport:0,I073,mass_transport,w-pc-14,4,No unit able to provide mass transport could reach this ward within 45 minutes without pulling a unit off a higher-severity ward.
520.0,2025-09-28T19:40:00Z,REPLAY,predicted,I073:mass_transport:1,I073,mass_transport,w-pc-14,4,No unit able to provide mass transport could reach this ward within 45 minutes without pulling a unit off a higher-severity ward.
520.0,2025-09-28T19:40:00Z,REPLAY,predicted,I075:mass_transport:0,I075,mass_transport,w-pc-02,4,No unit able to provide mass transport could reach this ward within 45 minutes without pulling a unit off a higher-severity ward.
520.0,2025-09-28T19:40:00Z,REPLAY,predicted,I075:mass_transport:1,I075,mass_transport,w-pc-02,4,No unit able to provide mass transport could reach this ward within 45 minutes without pulling a unit off a higher-severity ward.
520.0,2025-09-28T19:40:00Z,REPLAY,predicted,I078:mass_transport:0,I078,mass_transport,w-pc-13,4,No unit able to provide mass transport could reach this ward within 45 minutes without pulling a unit off a higher-severity ward.
520.0,2025-09-28T19:40:00Z,REPLAY,predicted,I078:mass_transport:1,I078,mass_transport,w-pc-13,4,No unit able to provide mass transport could reach this ward within 45 minutes without pulling a unit off a higher-severity ward.
520.0,2025-09-28T19:40:00Z,REPLAY,predicted,I079:mass_transport:0,I079,mass_transport,w-pc-04,4,No unit able to provide mass transport could reach this ward within 45 minutes without pulling a unit off a higher-severity ward.
520.0,2025-09-28T19:40:00Z,REPLAY,predicted,I079:mass_transport:1,I079,mass_transport,w-pc-04,4,No unit able to provide mass transport could reach this ward within 45 minutes without pulling a unit off a higher-severity ward.
520.0,2025-09-28T19:40:00Z,REPLAY,predicted,I079:dewatering:0,I079,dewatering,w-pc-04,4,No unit able to provide dewatering could reach this ward within 45 minutes without pulling a unit off a higher-severity ward.
520.0,2025-09-28T19:40:00Z,REPLAY,predicted,I080:mass_transport:0,I080,mass_transport,w-pc-07,4,No unit able to provide mass transport could reach this ward within 45 minutes without pulling a unit off a higher-severity ward.
520.0,2025-09-28T19:40:00Z,REPLAY,predicted,I080:mass_transport:1,I080,mass_transport,w-pc-07,4,No unit able to provide mass transport could reach this ward within 45 minutes without pulling a unit off a higher-severity ward.
520.0,2025-09-28T19:40:00Z,REPLAY,predicted,I082:mass_transport:0,I082,mass_transport,w-pc-09,5,No unit able to provide mass transport could reach this ward within 45 minutes without pulling a unit off a higher-severity ward.
520.0,2025-09-28T19:40:00Z,REPLAY,predicted,I082:mass_transport:1,I082,mass_transport,w-pc-09,5,No unit able to provide mass transport could reach this ward within 45 minutes without pulling a unit off a higher-severity ward.
520.0,2025-09-28T19:40:00Z,REPLAY,predicted,I082:mass_transport:2,I082,mass_transport,w-pc-09,5,No unit able to provide mass transport could reach this ward within 45 minutes without pulling a unit off a higher-severity ward.
520.0,2025-09-28T19:40:00Z,REPLAY,predicted,I086:mass_transport:0,I086,mass_transport,w-pc-09,4,No unit able to provide mass transport could reach this ward within 45 minutes without pulling a unit off a higher-severity ward.
520.0,2025-09-28T19:40:00Z,REPLAY,predicted,I086:mass_transport:1,I086,mass_transport,w-pc-09,4,No unit able to provide mass transport could reach this ward within 45 minutes without pulling a unit off a higher-severity ward.
520.0,2025-09-28T19:40:00Z,REPLAY,predicted,I088:mass_transport:0,I088,mass_transport,w-pc-08,4,No unit able to provide mass transport could reach this ward within 45 minutes without pulling a unit off a higher-severity ward.
520.0,2025-09-28T19:40:00Z,REPLAY,predicted,I088:mass_transport:1,I088,mass_transport,w-pc-08,4,No unit able to provide mass transport could reach this ward within 45 minutes without pulling a unit off a higher-severity ward.
520.0,2025-09-28T19:40:00Z,REPLAY,predicted,I088:dewatering:0,I088,dewatering,w-pc-08,4,No unit able to provide dewatering could reach this ward within 45 minutes without pulling a unit off a higher-severity ward.
520.0,2025-09-28T19:40:00Z,REPLAY,predicted,I089:mass_transport:0,I089,mass_transport,w-pc-13,4,No unit able to provide mass transport could reach this ward within 45 minutes without pulling a unit off a higher-severity ward.
520.0,2025-09-28T19:40:00Z,REPLAY,predicted,I092:mass_transport:0,I092,mass_transport,w-pc-11,5,No unit able to provide mass transport could reach this ward within 45 minutes without pulling a unit off a higher-severity ward.
520.0,2025-09-28T19:40:00Z,REPLAY,predicted,I092:mass_transport:1,I092,mass_transport,w-pc-11,5,No unit able to provide mass transport could reach this ward within 45 minutes without pulling a unit off a higher-severity ward.
520.0,2025-09-28T19:40:00Z,REPLAY,predicted,I092:mass_transport:2,I092,mass_transport,w-pc-11,5,No unit able to provide mass transport could reach this ward within 45 minutes without pulling a unit off a higher-severity ward.
520.0,2025-09-28T19:40:00Z,REPLAY,predicted,I093:mass_transport:0,I093,mass_transport,w-pc-11,4,No unit able to provide mass transport could reach this ward within 45 minutes without pulling a unit off a higher-severity ward.
520.0,2025-09-28T19:40:00Z,REPLAY,predicted,I093:mass_transport:1,I093,mass_transport,w-pc-11,4,No unit able to provide mass transport could reach this ward within 45 minutes without pulling a unit off a higher-severity ward.
520.0,2025-09-28T19:40:00Z,REPLAY,predicted,I095:mass_transport:0,I095,mass_transport,w-pc-07,4,No unit able to provide mass transport could reach this ward within 45 minutes without pulling a unit off a higher-severity ward.
520.0,2025-09-28T19:40:00Z,REPLAY,predicted,I096:water_rescue:0,I096,water_rescue,w-pc-03,5,No unit able to provide water rescue could reach this ward within 45 minutes without pulling a unit off a higher-severity ward.
520.0,2025-09-28T19:40:00Z,REPLAY,predicted,I096:mass_transport:0,I096,mass_transport,w-pc-03,5,No unit able to provide mass transport could reach this ward within 45 minutes without pulling a unit off a higher-severity ward.
520.0,2025-09-28T19:40:00Z,REPLAY,predicted,I096:mass_transport:1,I096,mass_transport,w-pc-03,5,No unit able to provide mass transport could reach this ward within 45 minutes without pulling a unit off a higher-severity ward.
520.0,2025-09-28T19:40:00Z,REPLAY,predicted,I096:mass_transport:2,I096,mass_transport,w-pc-03,5,No unit able to provide mass transport could reach this ward within 45 minutes without pulling a unit off a higher-severity ward.
520.0,2025-09-28T19:40:00Z,REPLAY,predicted,I098:mass_transport:0,I098,mass_transport,w-pc-11,5,No unit able to provide mass transport could reach this ward within 45 minutes without pulling a unit off a higher-severity ward.
520.0,2025-09-28T19:40:00Z,REPLAY,predicted,I098:mass_transport:1,I098,mass_transport,w-pc-11,5,No unit able to provide mass transport could reach this ward within 45 minutes without pulling a unit off a higher-severity ward.
520.0,2025-09-28T19:40:00Z,REPLAY,predicted,I098:mass_transport:2,I098,mass_transport,w-pc-11,5,No unit able to provide mass transport could reach this ward within 45 minutes without pulling a unit off a higher-severity ward.
520.0,2025-09-28T19:40:00Z,REPLAY,predicted,I101:mass_transport:0,I101,mass_transport,w-pc-06,4,No unit able to provide mass transport could reach this ward within 45 minutes without pulling a unit off a higher-severity ward.
520.0,2025-09-28T19:40:00Z,REPLAY,predicted,I105:mass_transport:0,I105,mass_transport,w-pc-11,5,No unit able to provide mass transport could reach this ward within 45 minutes without pulling a unit off a higher-severity ward.
520.0,2025-09-28T19:40:00Z,REPLAY,predicted,I105:mass_transport:1,I105,mass_transport,w-pc-11,5,No unit able to provide mass transport could reach this ward within 45 minutes without pulling a unit off a higher-severity ward.
520.0,2025-09-28T19:40:00Z,REPLAY,predicted,I105:mass_transport:2,I105,mass_transport,w-pc-11,5,No unit able to provide mass transport could reach this ward within 45 minutes without pulling a unit off a higher-severity ward.
520.0,2025-09-28T19:40:00Z,REPLAY,predicted,I106:mass_transport:0,I106,mass_transport,w-pc-11,4,No unit able to provide mass transport could reach this ward within 45 minutes without pulling a unit off a higher-severity ward.
520.0,2025-09-28T19:40:00Z,REPLAY,predicted,I106:mass_transport:1,I106,mass_transport,w-pc-11,4,No unit able to provide mass transport could reach this ward within 45 minutes without pulling a unit off a higher-severity ward.
520.0,2025-09-28T19:40:00Z,REPLAY,predicted,I106:dewatering:0,I106,dewatering,w-pc-11,4,No unit able to provide dewatering could reach this ward within 45 minutes without pulling a unit off a higher-severity ward.
530.0,2025-09-28T19:50:00Z,REPLAY,predicted,I001:mass_transport:0,I001,mass_transport,w-pc-11,5,No unit able to provide mass transport could reach this ward within 45 minutes without pulling a unit off a higher-severity ward.
530.0,2025-09-28T19:50:00Z,REPLAY,predicted,I001:mass_transport:1,I001,mass_transport,w-pc-11,5,No unit able to provide mass transport could reach this ward within 45 minutes without pulling a unit off a higher-severity ward.
530.0,2025-09-28T19:50:00Z,REPLAY,predicted,I001:mass_transport:2,I001,mass_transport,w-pc-11,5,No unit able to provide mass transport could reach this ward within 45 minutes without pulling a unit off a higher-severity ward.
530.0,2025-09-28T19:50:00Z,REPLAY,predicted,I006:mass_transport:0,I006,mass_transport,w-pc-14,5,No unit able to provide mass transport could reach this ward within 45 minutes without pulling a unit off a higher-severity ward.
530.0,2025-09-28T19:50:00Z,REPLAY,predicted,I006:mass_transport:1,I006,mass_transport,w-pc-14,5,No unit able to provide mass transport could reach this ward within 45 minutes without pulling a unit off a higher-severity ward.
530.0,2025-09-28T19:50:00Z,REPLAY,predicted,I006:mass_transport:2,I006,mass_transport,w-pc-14,5,No unit able to provide mass transport could reach this ward within 45 minutes without pulling a unit off a higher-severity ward.
530.0,2025-09-28T19:50:00Z,REPLAY,predicted,I009:mass_transport:0,I009,mass_transport,w-pc-07,4,No unit able to provide mass transport could reach this ward within 45 minutes without pulling a unit off a higher-severity ward.
530.0,2025-09-28T19:50:00Z,REPLAY,predicted,I009:mass_transport:1,I009,mass_transport,w-pc-07,4,No unit able to provide mass transport could reach this ward within 45 minutes without pulling a unit off a higher-severity ward.
530.0,2025-09-28T19:50:00Z,REPLAY,predicted,I011:mass_transport:0,I011,mass_transport,w-pc-14,4,No unit able to provide mass transport could reach this ward within 45 minutes without pulling a unit off a higher-severity ward.
530.0,2025-09-28T19:50:00Z,REPLAY,predicted,I011:mass_transport:1,I011,mass_transport,w-pc-14,4,No unit able to provide mass transport could reach this ward within 45 minutes without pulling a unit off a higher-severity ward.
530.0,2025-09-28T19:50:00Z,REPLAY,predicted,I015:mass_transport:0,I015,mass_transport,w-pc-11,4,No unit able to provide mass transport could reach this ward within 45 minutes without pulling a unit off a higher-severity ward.
530.0,2025-09-28T19:50:00Z,REPLAY,predicted,I015:mass_transport:1,I015,mass_transport,w-pc-11,4,No unit able to provide mass transport could reach this ward within 45 minutes without pulling a unit off a higher-severity ward.
530.0,2025-09-28T19:50:00Z,REPLAY,predicted,I017:mass_transport:0,I017,mass_transport,w-pc-07,5,No unit able to provide mass transport could reach this ward within 45 minutes without pulling a unit off a higher-severity ward.
530.0,2025-09-28T19:50:00Z,REPLAY,predicted,I017:mass_transport:1,I017,mass_transport,w-pc-07,5,No unit able to provide mass transport could reach this ward within 45 minutes without pulling a unit off a higher-severity ward.
530.0,2025-09-28T19:50:00Z,REPLAY,predicted,I024:mass_transport:0,I024,mass_transport,w-pc-06,4,No unit able to provide mass transport could reach this ward within 45 minutes without pulling a unit off a higher-severity ward.
530.0,2025-09-28T19:50:00Z,REPLAY,predicted,I024:mass_transport:1,I024,mass_transport,w-pc-06,4,No unit able to provide mass transport could reach this ward within 45 minutes without pulling a unit off a higher-severity ward.
530.0,2025-09-28T19:50:00Z,REPLAY,predicted,I027:mass_transport:0,I027,mass_transport,w-pc-10,4,No unit able to provide mass transport could reach this ward within 45 minutes without pulling a unit off a higher-severity ward.
530.0,2025-09-28T19:50:00Z,REPLAY,predicted,I027:mass_transport:1,I027,mass_transport,w-pc-10,4,No unit able to provide mass transport could reach this ward within 45 minutes without pulling a unit off a higher-severity ward.
530.0,2025-09-28T19:50:00Z,REPLAY,predicted,I029:mass_transport:0,I029,mass_transport,w-pc-13,4,No unit able to provide mass transport could reach this ward within 45 minutes without pulling a unit off a higher-severity ward.
530.0,2025-09-28T19:50:00Z,REPLAY,predicted,I030:mass_transport:0,I030,mass_transport,w-pc-06,4,No unit able to provide mass transport could reach this ward within 45 minutes without pulling a unit off a higher-severity ward.
530.0,2025-09-28T19:50:00Z,REPLAY,predicted,I030:mass_transport:1,I030,mass_transport,w-pc-06,4,No unit able to provide mass transport could reach this ward within 45 minutes without pulling a unit off a higher-severity ward.
530.0,2025-09-28T19:50:00Z,REPLAY,predicted,I036:mass_transport:0,I036,mass_transport,w-pc-11,5,No unit able to provide mass transport could reach this ward within 45 minutes without pulling a unit off a higher-severity ward.
530.0,2025-09-28T19:50:00Z,REPLAY,predicted,I036:mass_transport:1,I036,mass_transport,w-pc-11,5,No unit able to provide mass transport could reach this ward within 45 minutes without pulling a unit off a higher-severity ward.
530.0,2025-09-28T19:50:00Z,REPLAY,predicted,I036:mass_transport:2,I036,mass_transport,w-pc-11,5,No unit able to provide mass transport could reach this ward within 45 minutes without pulling a unit off a higher-severity ward.
530.0,2025-09-28T19:50:00Z,REPLAY,predicted,I040:mass_transport:0,I040,mass_transport,w-pc-13,4,No unit able to provide mass transport could reach this ward within 45 minutes without pulling a unit off a higher-severity ward.
530.0,2025-09-28T19:50:00Z,REPLAY,predicted,I047:mass_transport:0,I047,mass_transport,w-pc-11,5,No unit able to provide mass transport could reach this ward within 45 minutes without pulling a unit off a higher-severity ward.
530.0,2025-09-28T19:50:00Z,REPLAY,predicted,I047:mass_transport:1,I047,mass_transport,w-pc-11,5,No unit able to provide mass transport could reach this ward within 45 minutes without pulling a unit off a higher-severity ward.
530.0,2025-09-28T19:50:00Z,REPLAY,predicted,I047:mass_transport:2,I047,mass_transport,w-pc-11,5,No unit able to provide mass transport could reach this ward within 45 minutes without pulling a unit off a higher-severity ward.
530.0,2025-09-28T19:50:00Z,REPLAY,predicted,I049:mass_transport:0,I049,mass_transport,w-pc-07,5,No unit able to provide mass transport could reach this ward within 45 minutes without pulling a unit off a higher-severity ward.
530.0,2025-09-28T19:50:00Z,REPLAY,predicted,I049:mass_transport:1,I049,mass_transport,w-pc-07,5,No unit able to provide mass transport could reach this ward within 45 minutes without pulling a unit off a higher-severity ward.
530.0,2025-09-28T19:50:00Z,REPLAY,predicted,I049:mass_transport:2,I049,mass_transport,w-pc-07,5,No unit able to provide mass transport could reach this ward within 45 minutes without pulling a unit off a higher-severity ward.
530.0,2025-09-28T19:50:00Z,REPLAY,predicted,I055:mass_transport:0,I055,mass_transport,w-pc-10,5,No unit able to provide mass transport could reach this ward within 45 minutes without pulling a unit off a higher-severity ward.
530.0,2025-09-28T19:50:00Z,REPLAY,predicted,I055:mass_transport:1,I055,mass_transport,w-pc-10,5,No unit able to provide mass transport could reach this ward within 45 minutes without pulling a unit off a higher-severity ward.
530.0,2025-09-28T19:50:00Z,REPLAY,predicted,I055:mass_transport:2,I055,mass_transport,w-pc-10,5,No unit able to provide mass transport could reach this ward within 45 minutes without pulling a unit off a higher-severity ward.
530.0,2025-09-28T19:50:00Z,REPLAY,predicted,I061:mass_transport:0,I061,mass_transport,w-pc-06,5,No unit able to provide mass transport could reach this ward within 45 minutes without pulling a unit off a higher-severity ward.
530.0,2025-09-28T19:50:00Z,REPLAY,predicted,I061:mass_transport:1,I061,mass_transport,w-pc-06,5,No unit able to provide mass transport could reach this ward within 45 minutes without pulling a unit off a higher-severity ward.
530.0,2025-09-28T19:50:00Z,REPLAY,predicted,I061:mass_transport:2,I061,mass_transport,w-pc-06,5,No unit able to provide mass transport could reach this ward within 45 minutes without pulling a unit off a higher-severity ward.
530.0,2025-09-28T19:50:00Z,REPLAY,predicted,I062:mass_transport:0,I062,mass_transport,w-pc-11,5,No unit able to provide mass transport could reach this ward within 45 minutes without pulling a unit off a higher-severity ward.
530.0,2025-09-28T19:50:00Z,REPLAY,predicted,I062:mass_transport:1,I062,mass_transport,w-pc-11,5,No unit able to provide mass transport could reach this ward within 45 minutes without pulling a unit off a higher-severity ward.
530.0,2025-09-28T19:50:00Z,REPLAY,predicted,I062:mass_transport:2,I062,mass_transport,w-pc-11,5,No unit able to provide mass transport could reach this ward within 45 minutes without pulling a unit off a higher-severity ward.
530.0,2025-09-28T19:50:00Z,REPLAY,predicted,I063:mass_transport:0,I063,mass_transport,w-pc-10,4,No unit able to provide mass transport could reach this ward within 45 minutes without pulling a unit off a higher-severity ward.
530.0,2025-09-28T19:50:00Z,REPLAY,predicted,I063:mass_transport:1,I063,mass_transport,w-pc-10,4,No unit able to provide mass transport could reach this ward within 45 minutes without pulling a unit off a higher-severity ward.
530.0,2025-09-28T19:50:00Z,REPLAY,predicted,I064:mass_transport:0,I064,mass_transport,w-pc-13,5,No unit able to provide mass transport could reach this ward within 45 minutes without pulling a unit off a higher-severity ward.
530.0,2025-09-28T19:50:00Z,REPLAY,predicted,I064:mass_transport:1,I064,mass_transport,w-pc-13,5,No unit able to provide mass transport could reach this ward within 45 minutes without pulling a unit off a higher-severity ward.
530.0,2025-09-28T19:50:00Z,REPLAY,predicted,I064:mass_transport:2,I064,mass_transport,w-pc-13,5,No unit able to provide mass transport could reach this ward within 45 minutes without pulling a unit off a higher-severity ward.
530.0,2025-09-28T19:50:00Z,REPLAY,predicted,I065:mass_transport:0,I065,mass_transport,w-pc-11,5,No unit able to provide mass transport could reach this ward within 45 minutes without pulling a unit off a higher-severity ward.
530.0,2025-09-28T19:50:00Z,REPLAY,predicted,I065:mass_transport:1,I065,mass_transport,w-pc-11,5,No unit able to provide mass transport could reach this ward within 45 minutes without pulling a unit off a higher-severity ward.
530.0,2025-09-28T19:50:00Z,REPLAY,predicted,I065:mass_transport:2,I065,mass_transport,w-pc-11,5,No unit able to provide mass transport could reach this ward within 45 minutes without pulling a unit off a higher-severity ward.
530.0,2025-09-28T19:50:00Z,REPLAY,predicted,I066:mass_transport:0,I066,mass_transport,w-pc-11,4,No unit able to provide mass transport could reach this ward within 45 minutes without pulling a unit off a higher-severity ward.
530.0,2025-09-28T19:50:00Z,REPLAY,predicted,I066:mass_transport:1,I066,mass_transport,w-pc-11,4,No unit able to provide mass transport could reach this ward within 45 minutes without pulling a unit off a higher-severity ward.
530.0,2025-09-28T19:50:00Z,REPLAY,predicted,I069:mass_transport:0,I069,mass_transport,w-pc-10,4,No unit able to provide mass transport could reach this ward within 45 minutes without pulling a unit off a higher-severity ward.
530.0,2025-09-28T19:50:00Z,REPLAY,predicted,I069:mass_transport:1,I069,mass_transport,w-pc-10,4,No unit able to provide mass transport could reach this ward within 45 minutes without pulling a unit off a higher-severity ward.
530.0,2025-09-28T19:50:00Z,REPLAY,predicted,I072:mass_transport:0,I072,mass_transport,w-pc-07,4,No unit able to provide mass transport could reach this ward within 45 minutes without pulling a unit off a higher-severity ward.
530.0,2025-09-28T19:50:00Z,REPLAY,predicted,I072:mass_transport:1,I072,mass_transport,w-pc-07,4,No unit able to provide mass transport could reach this ward within 45 minutes without pulling a unit off a higher-severity ward.
530.0,2025-09-28T19:50:00Z,REPLAY,predicted,I073:mass_transport:0,I073,mass_transport,w-pc-14,4,No unit able to provide mass transport could reach this ward within 45 minutes without pulling a unit off a higher-severity ward.
530.0,2025-09-28T19:50:00Z,REPLAY,predicted,I073:mass_transport:1,I073,mass_transport,w-pc-14,4,No unit able to provide mass transport could reach this ward within 45 minutes without pulling a unit off a higher-severity ward.
530.0,2025-09-28T19:50:00Z,REPLAY,predicted,I075:mass_transport:0,I075,mass_transport,w-pc-02,4,No unit able to provide mass transport could reach this ward within 45 minutes without pulling a unit off a higher-severity ward.
530.0,2025-09-28T19:50:00Z,REPLAY,predicted,I075:mass_transport:1,I075,mass_transport,w-pc-02,4,No unit able to provide mass transport could reach this ward within 45 minutes without pulling a unit off a higher-severity ward.
530.0,2025-09-28T19:50:00Z,REPLAY,predicted,I078:mass_transport:0,I078,mass_transport,w-pc-13,4,No unit able to provide mass transport could reach this ward within 45 minutes without pulling a unit off a higher-severity ward.
530.0,2025-09-28T19:50:00Z,REPLAY,predicted,I078:mass_transport:1,I078,mass_transport,w-pc-13,4,No unit able to provide mass transport could reach this ward within 45 minutes without pulling a unit off a higher-severity ward.
530.0,2025-09-28T19:50:00Z,REPLAY,predicted,I079:mass_transport:0,I079,mass_transport,w-pc-04,4,No unit able to provide mass transport could reach this ward within 45 minutes without pulling a unit off a higher-severity ward.
530.0,2025-09-28T19:50:00Z,REPLAY,predicted,I079:mass_transport:1,I079,mass_transport,w-pc-04,4,No unit able to provide mass transport could reach this ward within 45 minutes without pulling a unit off a higher-severity ward.
530.0,2025-09-28T19:50:00Z,REPLAY,predicted,I079:dewatering:0,I079,dewatering,w-pc-04,4,No unit able to provide dewatering could reach this ward within 45 minutes without pulling a unit off a higher-severity ward.
530.0,2025-09-28T19:50:00Z,REPLAY,predicted,I080:mass_transport:0,I080,mass_transport,w-pc-07,4,No unit able to provide mass transport could reach this ward within 45 minutes without pulling a unit off a higher-severity ward.
530.0,2025-09-28T19:50:00Z,REPLAY,predicted,I080:mass_transport:1,I080,mass_transport,w-pc-07,4,No unit able to provide mass transport could reach this ward within 45 minutes without pulling a unit off a higher-severity ward.
530.0,2025-09-28T19:50:00Z,REPLAY,predicted,I082:mass_transport:0,I082,mass_transport,w-pc-09,5,No unit able to provide mass transport could reach this ward within 45 minutes without pulling a unit off a higher-severity ward.
530.0,2025-09-28T19:50:00Z,REPLAY,predicted,I082:mass_transport:1,I082,mass_transport,w-pc-09,5,No unit able to provide mass transport could reach this ward within 45 minutes without pulling a unit off a higher-severity ward.
530.0,2025-09-28T19:50:00Z,REPLAY,predicted,I082:mass_transport:2,I082,mass_transport,w-pc-09,5,No unit able to provide mass transport could reach this ward within 45 minutes without pulling a unit off a higher-severity ward.
530.0,2025-09-28T19:50:00Z,REPLAY,predicted,I086:mass_transport:0,I086,mass_transport,w-pc-09,4,No unit able to provide mass transport could reach this ward within 45 minutes without pulling a unit off a higher-severity ward.
530.0,2025-09-28T19:50:00Z,REPLAY,predicted,I086:mass_transport:1,I086,mass_transport,w-pc-09,4,No unit able to provide mass transport could reach this ward within 45 minutes without pulling a unit off a higher-severity ward.
530.0,2025-09-28T19:50:00Z,REPLAY,predicted,I088:mass_transport:0,I088,mass_transport,w-pc-08,4,No unit able to provide mass transport could reach this ward within 45 minutes without pulling a unit off a higher-severity ward.
530.0,2025-09-28T19:50:00Z,REPLAY,predicted,I088:mass_transport:1,I088,mass_transport,w-pc-08,4,No unit able to provide mass transport could reach this ward within 45 minutes without pulling a unit off a higher-severity ward.
530.0,2025-09-28T19:50:00Z,REPLAY,predicted,I088:dewatering:0,I088,dewatering,w-pc-08,4,No unit able to provide dewatering could reach this ward within 45 minutes without pulling a unit off a higher-severity ward.
530.0,2025-09-28T19:50:00Z,REPLAY,predicted,I089:mass_transport:0,I089,mass_transport,w-pc-13,4,No unit able to provide mass transport could reach this ward within 45 minutes without pulling a unit off a higher-severity ward.
530.0,2025-09-28T19:50:00Z,REPLAY,predicted,I092:mass_transport:0,I092,mass_transport,w-pc-11,5,No unit able to provide mass transport could reach this ward within 45 minutes without pulling a unit off a higher-severity ward.
530.0,2025-09-28T19:50:00Z,REPLAY,predicted,I092:mass_transport:1,I092,mass_transport,w-pc-11,5,No unit able to provide mass transport could reach this ward within 45 minutes without pulling a unit off a higher-severity ward.
530.0,2025-09-28T19:50:00Z,REPLAY,predicted,I092:mass_transport:2,I092,mass_transport,w-pc-11,5,No unit able to provide mass transport could reach this ward within 45 minutes without pulling a unit off a higher-severity ward.
530.0,2025-09-28T19:50:00Z,REPLAY,predicted,I093:mass_transport:0,I093,mass_transport,w-pc-11,4,No unit able to provide mass transport could reach this ward within 45 minutes without pulling a unit off a higher-severity ward.
530.0,2025-09-28T19:50:00Z,REPLAY,predicted,I093:mass_transport:1,I093,mass_transport,w-pc-11,4,No unit able to provide mass transport could reach this ward within 45 minutes without pulling a unit off a higher-severity ward.
530.0,2025-09-28T19:50:00Z,REPLAY,predicted,I095:mass_transport:0,I095,mass_transport,w-pc-07,4,No unit able to provide mass transport could reach this ward within 45 minutes without pulling a unit off a higher-severity ward.
530.0,2025-09-28T19:50:00Z,REPLAY,predicted,I096:mass_transport:0,I096,mass_transport,w-pc-03,5,No unit able to provide mass transport could reach this ward within 45 minutes without pulling a unit off a higher-severity ward.
530.0,2025-09-28T19:50:00Z,REPLAY,predicted,I096:mass_transport:1,I096,mass_transport,w-pc-03,5,No unit able to provide mass transport could reach this ward within 45 minutes without pulling a unit off a higher-severity ward.
530.0,2025-09-28T19:50:00Z,REPLAY,predicted,I096:mass_transport:2,I096,mass_transport,w-pc-03,5,No unit able to provide mass transport could reach this ward within 45 minutes without pulling a unit off a higher-severity ward.
530.0,2025-09-28T19:50:00Z,REPLAY,predicted,I098:water_rescue:0,I098,water_rescue,w-pc-11,5,No unit able to provide water rescue could reach this ward within 45 minutes without pulling a unit off a higher-severity ward.
530.0,2025-09-28T19:50:00Z,REPLAY,predicted,I098:mass_transport:0,I098,mass_transport,w-pc-11,5,No unit able to provide mass transport could reach this ward within 45 minutes without pulling a unit off a higher-severity ward.
530.0,2025-09-28T19:50:00Z,REPLAY,predicted,I098:mass_transport:1,I098,mass_transport,w-pc-11,5,No unit able to provide mass transport could reach this ward within 45 minutes without pulling a unit off a higher-severity ward.
530.0,2025-09-28T19:50:00Z,REPLAY,predicted,I098:mass_transport:2,I098,mass_transport,w-pc-11,5,No unit able to provide mass transport could reach this ward within 45 minutes without pulling a unit off a higher-severity ward.
530.0,2025-09-28T19:50:00Z,REPLAY,predicted,I101:mass_transport:1,I101,mass_transport,w-pc-06,4,No unit able to provide mass transport could reach this ward within 45 minutes without pulling a unit off a higher-severity ward.
530.0,2025-09-28T19:50:00Z,REPLAY,predicted,I105:mass_transport:0,I105,mass_transport,w-pc-11,5,No unit able to provide mass transport could reach this ward within 45 minutes without pulling a unit off a higher-severity ward.
530.0,2025-09-28T19:50:00Z,REPLAY,predicted,I105:mass_transport:1,I105,mass_transport,w-pc-11,5,No unit able to provide mass transport could reach this ward within 45 minutes without pulling a unit off a higher-severity ward.
530.0,2025-09-28T19:50:00Z,REPLAY,predicted,I105:mass_transport:2,I105,mass_transport,w-pc-11,5,No unit able to provide mass transport could reach this ward within 45 minutes without pulling a unit off a higher-severity ward.
530.0,2025-09-28T19:50:00Z,REPLAY,predicted,I106:mass_transport:0,I106,mass_transport,w-pc-11,4,No unit able to provide mass transport could reach this ward within 45 minutes without pulling a unit off a higher-severity ward.
530.0,2025-09-28T19:50:00Z,REPLAY,predicted,I106:mass_transport:1,I106,mass_transport,w-pc-11,4,No unit able to provide mass transport could reach this ward within 45 minutes without pulling a unit off a higher-severity ward.
530.0,2025-09-28T19:50:00Z,REPLAY,predicted,I112:field_assessment:0,I112,field_assessment,w-pc-02,2,No unit able to provide field assessment could reach this ward within 45 minutes without pulling a unit off a higher-severity ward.
540.0,2025-09-28T20:00:00Z,REPLAY,predicted,I001:mass_transport:0,I001,mass_transport,w-pc-11,5,No unit able to provide mass transport could reach this ward within 45 minutes without pulling a unit off a higher-severity ward.
540.0,2025-09-28T20:00:00Z,REPLAY,predicted,I001:mass_transport:1,I001,mass_transport,w-pc-11,5,No unit able to provide mass transport could reach this ward within 45 minutes without pulling a unit off a higher-severity ward.
540.0,2025-09-28T20:00:00Z,REPLAY,predicted,I001:mass_transport:2,I001,mass_transport,w-pc-11,5,No unit able to provide mass transport could reach this ward within 45 minutes without pulling a unit off a higher-severity ward.
540.0,2025-09-28T20:00:00Z,REPLAY,predicted,I006:mass_transport:0,I006,mass_transport,w-pc-14,5,No unit able to provide mass transport could reach this ward within 45 minutes without pulling a unit off a higher-severity ward.
540.0,2025-09-28T20:00:00Z,REPLAY,predicted,I006:mass_transport:1,I006,mass_transport,w-pc-14,5,No unit able to provide mass transport could reach this ward within 45 minutes without pulling a unit off a higher-severity ward.
540.0,2025-09-28T20:00:00Z,REPLAY,predicted,I006:mass_transport:2,I006,mass_transport,w-pc-14,5,No unit able to provide mass transport could reach this ward within 45 minutes without pulling a unit off a higher-severity ward.
540.0,2025-09-28T20:00:00Z,REPLAY,predicted,I009:mass_transport:0,I009,mass_transport,w-pc-07,4,No unit able to provide mass transport could reach this ward within 45 minutes without pulling a unit off a higher-severity ward.
540.0,2025-09-28T20:00:00Z,REPLAY,predicted,I009:mass_transport:1,I009,mass_transport,w-pc-07,4,No unit able to provide mass transport could reach this ward within 45 minutes without pulling a unit off a higher-severity ward.
540.0,2025-09-28T20:00:00Z,REPLAY,predicted,I011:mass_transport:0,I011,mass_transport,w-pc-14,4,No unit able to provide mass transport could reach this ward within 45 minutes without pulling a unit off a higher-severity ward.
540.0,2025-09-28T20:00:00Z,REPLAY,predicted,I011:mass_transport:1,I011,mass_transport,w-pc-14,4,No unit able to provide mass transport could reach this ward within 45 minutes without pulling a unit off a higher-severity ward.
540.0,2025-09-28T20:00:00Z,REPLAY,predicted,I015:mass_transport:0,I015,mass_transport,w-pc-11,4,No unit able to provide mass transport could reach this ward within 45 minutes without pulling a unit off a higher-severity ward.
540.0,2025-09-28T20:00:00Z,REPLAY,predicted,I015:mass_transport:1,I015,mass_transport,w-pc-11,4,No unit able to provide mass transport could reach this ward within 45 minutes without pulling a unit off a higher-severity ward.
540.0,2025-09-28T20:00:00Z,REPLAY,predicted,I017:mass_transport:0,I017,mass_transport,w-pc-07,5,No unit able to provide mass transport could reach this ward within 45 minutes without pulling a unit off a higher-severity ward.
540.0,2025-09-28T20:00:00Z,REPLAY,predicted,I017:mass_transport:1,I017,mass_transport,w-pc-07,5,No unit able to provide mass transport could reach this ward within 45 minutes without pulling a unit off a higher-severity ward.
540.0,2025-09-28T20:00:00Z,REPLAY,predicted,I024:mass_transport:0,I024,mass_transport,w-pc-06,4,No unit able to provide mass transport could reach this ward within 45 minutes without pulling a unit off a higher-severity ward.
540.0,2025-09-28T20:00:00Z,REPLAY,predicted,I024:mass_transport:1,I024,mass_transport,w-pc-06,4,No unit able to provide mass transport could reach this ward within 45 minutes without pulling a unit off a higher-severity ward.
540.0,2025-09-28T20:00:00Z,REPLAY,predicted,I027:mass_transport:0,I027,mass_transport,w-pc-10,4,No unit able to provide mass transport could reach this ward within 45 minutes without pulling a unit off a higher-severity ward.
540.0,2025-09-28T20:00:00Z,REPLAY,predicted,I027:mass_transport:1,I027,mass_transport,w-pc-10,4,No unit able to provide mass transport could reach this ward within 45 minutes without pulling a unit off a higher-severity ward.
540.0,2025-09-28T20:00:00Z,REPLAY,predicted,I029:mass_transport:0,I029,mass_transport,w-pc-13,4,No unit able to provide mass transport could reach this ward within 45 minutes without pulling a unit off a higher-severity ward.
540.0,2025-09-28T20:00:00Z,REPLAY,predicted,I030:mass_transport:0,I030,mass_transport,w-pc-06,4,No unit able to provide mass transport could reach this ward within 45 minutes without pulling a unit off a higher-severity ward.
540.0,2025-09-28T20:00:00Z,REPLAY,predicted,I030:mass_transport:1,I030,mass_transport,w-pc-06,4,No unit able to provide mass transport could reach this ward within 45 minutes without pulling a unit off a higher-severity ward.
540.0,2025-09-28T20:00:00Z,REPLAY,predicted,I036:mass_transport:0,I036,mass_transport,w-pc-11,5,No unit able to provide mass transport could reach this ward within 45 minutes without pulling a unit off a higher-severity ward.
540.0,2025-09-28T20:00:00Z,REPLAY,predicted,I036:mass_transport:1,I036,mass_transport,w-pc-11,5,No unit able to provide mass transport could reach this ward within 45 minutes without pulling a unit off a higher-severity ward.
540.0,2025-09-28T20:00:00Z,REPLAY,predicted,I036:mass_transport:2,I036,mass_transport,w-pc-11,5,No unit able to provide mass transport could reach this ward within 45 minutes without pulling a unit off a higher-severity ward.
540.0,2025-09-28T20:00:00Z,REPLAY,predicted,I040:mass_transport:0,I040,mass_transport,w-pc-13,4,No unit able to provide mass transport could reach this ward within 45 minutes without pulling a unit off a higher-severity ward.
540.0,2025-09-28T20:00:00Z,REPLAY,predicted,I047:mass_transport:0,I047,mass_transport,w-pc-11,5,No unit able to provide mass transport could reach this ward within 45 minutes without pulling a unit off a higher-severity ward.
540.0,2025-09-28T20:00:00Z,REPLAY,predicted,I047:mass_transport:1,I047,mass_transport,w-pc-11,5,No unit able to provide mass transport could reach this ward within 45 minutes without pulling a unit off a higher-severity ward.
540.0,2025-09-28T20:00:00Z,REPLAY,predicted,I047:mass_transport:2,I047,mass_transport,w-pc-11,5,No unit able to provide mass transport could reach this ward within 45 minutes without pulling a unit off a higher-severity ward.
540.0,2025-09-28T20:00:00Z,REPLAY,predicted,I049:mass_transport:0,I049,mass_transport,w-pc-07,5,No unit able to provide mass transport could reach this ward within 45 minutes without pulling a unit off a higher-severity ward.
540.0,2025-09-28T20:00:00Z,REPLAY,predicted,I049:mass_transport:1,I049,mass_transport,w-pc-07,5,No unit able to provide mass transport could reach this ward within 45 minutes without pulling a unit off a higher-severity ward.
540.0,2025-09-28T20:00:00Z,REPLAY,predicted,I049:mass_transport:2,I049,mass_transport,w-pc-07,5,No unit able to provide mass transport could reach this ward within 45 minutes without pulling a unit off a higher-severity ward.
540.0,2025-09-28T20:00:00Z,REPLAY,predicted,I055:mass_transport:0,I055,mass_transport,w-pc-10,5,No unit able to provide mass transport could reach this ward within 45 minutes without pulling a unit off a higher-severity ward.
540.0,2025-09-28T20:00:00Z,REPLAY,predicted,I055:mass_transport:1,I055,mass_transport,w-pc-10,5,No unit able to provide mass transport could reach this ward within 45 minutes without pulling a unit off a higher-severity ward.
540.0,2025-09-28T20:00:00Z,REPLAY,predicted,I055:mass_transport:2,I055,mass_transport,w-pc-10,5,No unit able to provide mass transport could reach this ward within 45 minutes without pulling a unit off a higher-severity ward.
540.0,2025-09-28T20:00:00Z,REPLAY,predicted,I061:mass_transport:0,I061,mass_transport,w-pc-06,5,No unit able to provide mass transport could reach this ward within 45 minutes without pulling a unit off a higher-severity ward.
540.0,2025-09-28T20:00:00Z,REPLAY,predicted,I061:mass_transport:1,I061,mass_transport,w-pc-06,5,No unit able to provide mass transport could reach this ward within 45 minutes without pulling a unit off a higher-severity ward.
540.0,2025-09-28T20:00:00Z,REPLAY,predicted,I061:mass_transport:2,I061,mass_transport,w-pc-06,5,No unit able to provide mass transport could reach this ward within 45 minutes without pulling a unit off a higher-severity ward.
540.0,2025-09-28T20:00:00Z,REPLAY,predicted,I062:mass_transport:0,I062,mass_transport,w-pc-11,5,No unit able to provide mass transport could reach this ward within 45 minutes without pulling a unit off a higher-severity ward.
540.0,2025-09-28T20:00:00Z,REPLAY,predicted,I062:mass_transport:1,I062,mass_transport,w-pc-11,5,No unit able to provide mass transport could reach this ward within 45 minutes without pulling a unit off a higher-severity ward.
540.0,2025-09-28T20:00:00Z,REPLAY,predicted,I062:mass_transport:2,I062,mass_transport,w-pc-11,5,No unit able to provide mass transport could reach this ward within 45 minutes without pulling a unit off a higher-severity ward.
540.0,2025-09-28T20:00:00Z,REPLAY,predicted,I063:mass_transport:0,I063,mass_transport,w-pc-10,4,No unit able to provide mass transport could reach this ward within 45 minutes without pulling a unit off a higher-severity ward.
540.0,2025-09-28T20:00:00Z,REPLAY,predicted,I063:mass_transport:1,I063,mass_transport,w-pc-10,4,No unit able to provide mass transport could reach this ward within 45 minutes without pulling a unit off a higher-severity ward.
540.0,2025-09-28T20:00:00Z,REPLAY,predicted,I064:mass_transport:0,I064,mass_transport,w-pc-13,5,No unit able to provide mass transport could reach this ward within 45 minutes without pulling a unit off a higher-severity ward.
540.0,2025-09-28T20:00:00Z,REPLAY,predicted,I064:mass_transport:1,I064,mass_transport,w-pc-13,5,No unit able to provide mass transport could reach this ward within 45 minutes without pulling a unit off a higher-severity ward.
540.0,2025-09-28T20:00:00Z,REPLAY,predicted,I064:mass_transport:2,I064,mass_transport,w-pc-13,5,No unit able to provide mass transport could reach this ward within 45 minutes without pulling a unit off a higher-severity ward.
540.0,2025-09-28T20:00:00Z,REPLAY,predicted,I065:mass_transport:0,I065,mass_transport,w-pc-11,5,No unit able to provide mass transport could reach this ward within 45 minutes without pulling a unit off a higher-severity ward.
540.0,2025-09-28T20:00:00Z,REPLAY,predicted,I065:mass_transport:1,I065,mass_transport,w-pc-11,5,No unit able to provide mass transport could reach this ward within 45 minutes without pulling a unit off a higher-severity ward.
540.0,2025-09-28T20:00:00Z,REPLAY,predicted,I065:mass_transport:2,I065,mass_transport,w-pc-11,5,No unit able to provide mass transport could reach this ward within 45 minutes without pulling a unit off a higher-severity ward.
540.0,2025-09-28T20:00:00Z,REPLAY,predicted,I066:mass_transport:0,I066,mass_transport,w-pc-11,4,No unit able to provide mass transport could reach this ward within 45 minutes without pulling a unit off a higher-severity ward.
540.0,2025-09-28T20:00:00Z,REPLAY,predicted,I066:mass_transport:1,I066,mass_transport,w-pc-11,4,No unit able to provide mass transport could reach this ward within 45 minutes without pulling a unit off a higher-severity ward.
540.0,2025-09-28T20:00:00Z,REPLAY,predicted,I069:mass_transport:0,I069,mass_transport,w-pc-10,4,No unit able to provide mass transport could reach this ward within 45 minutes without pulling a unit off a higher-severity ward.
540.0,2025-09-28T20:00:00Z,REPLAY,predicted,I069:mass_transport:1,I069,mass_transport,w-pc-10,4,No unit able to provide mass transport could reach this ward within 45 minutes without pulling a unit off a higher-severity ward.
540.0,2025-09-28T20:00:00Z,REPLAY,predicted,I072:mass_transport:0,I072,mass_transport,w-pc-07,4,No unit able to provide mass transport could reach this ward within 45 minutes without pulling a unit off a higher-severity ward.
540.0,2025-09-28T20:00:00Z,REPLAY,predicted,I072:mass_transport:1,I072,mass_transport,w-pc-07,4,No unit able to provide mass transport could reach this ward within 45 minutes without pulling a unit off a higher-severity ward.
540.0,2025-09-28T20:00:00Z,REPLAY,predicted,I073:mass_transport:0,I073,mass_transport,w-pc-14,4,No unit able to provide mass transport could reach this ward within 45 minutes without pulling a unit off a higher-severity ward.
540.0,2025-09-28T20:00:00Z,REPLAY,predicted,I073:mass_transport:1,I073,mass_transport,w-pc-14,4,No unit able to provide mass transport could reach this ward within 45 minutes without pulling a unit off a higher-severity ward.
540.0,2025-09-28T20:00:00Z,REPLAY,predicted,I075:mass_transport:0,I075,mass_transport,w-pc-02,4,No unit able to provide mass transport could reach this ward within 45 minutes without pulling a unit off a higher-severity ward.
540.0,2025-09-28T20:00:00Z,REPLAY,predicted,I075:mass_transport:1,I075,mass_transport,w-pc-02,4,No unit able to provide mass transport could reach this ward within 45 minutes without pulling a unit off a higher-severity ward.
540.0,2025-09-28T20:00:00Z,REPLAY,predicted,I078:mass_transport:0,I078,mass_transport,w-pc-13,4,No unit able to provide mass transport could reach this ward within 45 minutes without pulling a unit off a higher-severity ward.
540.0,2025-09-28T20:00:00Z,REPLAY,predicted,I078:mass_transport:1,I078,mass_transport,w-pc-13,4,No unit able to provide mass transport could reach this ward within 45 minutes without pulling a unit off a higher-severity ward.
540.0,2025-09-28T20:00:00Z,REPLAY,predicted,I079:mass_transport:0,I079,mass_transport,w-pc-04,4,No unit able to provide mass transport could reach this ward within 45 minutes without pulling a unit off a higher-severity ward.
540.0,2025-09-28T20:00:00Z,REPLAY,predicted,I079:mass_transport:1,I079,mass_transport,w-pc-04,4,No unit able to provide mass transport could reach this ward within 45 minutes without pulling a unit off a higher-severity ward.
540.0,2025-09-28T20:00:00Z,REPLAY,predicted,I079:dewatering:0,I079,dewatering,w-pc-04,4,No unit able to provide dewatering could reach this ward within 45 minutes without pulling a unit off a higher-severity ward.
540.0,2025-09-28T20:00:00Z,REPLAY,predicted,I080:mass_transport:0,I080,mass_transport,w-pc-07,4,No unit able to provide mass transport could reach this ward within 45 minutes without pulling a unit off a higher-severity ward.
540.0,2025-09-28T20:00:00Z,REPLAY,predicted,I080:mass_transport:1,I080,mass_transport,w-pc-07,4,No unit able to provide mass transport could reach this ward within 45 minutes without pulling a unit off a higher-severity ward.
540.0,2025-09-28T20:00:00Z,REPLAY,predicted,I082:mass_transport:0,I082,mass_transport,w-pc-09,5,No unit able to provide mass transport could reach this ward within 45 minutes without pulling a unit off a higher-severity ward.
540.0,2025-09-28T20:00:00Z,REPLAY,predicted,I082:mass_transport:1,I082,mass_transport,w-pc-09,5,No unit able to provide mass transport could reach this ward within 45 minutes without pulling a unit off a higher-severity ward.
540.0,2025-09-28T20:00:00Z,REPLAY,predicted,I082:mass_transport:2,I082,mass_transport,w-pc-09,5,No unit able to provide mass transport could reach this ward within 45 minutes without pulling a unit off a higher-severity ward.
540.0,2025-09-28T20:00:00Z,REPLAY,predicted,I086:mass_transport:0,I086,mass_transport,w-pc-09,4,No unit able to provide mass transport could reach this ward within 45 minutes without pulling a unit off a higher-severity ward.
540.0,2025-09-28T20:00:00Z,REPLAY,predicted,I086:mass_transport:1,I086,mass_transport,w-pc-09,4,No unit able to provide mass transport could reach this ward within 45 minutes without pulling a unit off a higher-severity ward.
540.0,2025-09-28T20:00:00Z,REPLAY,predicted,I088:mass_transport:0,I088,mass_transport,w-pc-08,4,No unit able to provide mass transport could reach this ward within 45 minutes without pulling a unit off a higher-severity ward.
540.0,2025-09-28T20:00:00Z,REPLAY,predicted,I088:mass_transport:1,I088,mass_transport,w-pc-08,4,No unit able to provide mass transport could reach this ward within 45 minutes without pulling a unit off a higher-severity ward.
540.0,2025-09-28T20:00:00Z,REPLAY,predicted,I088:dewatering:0,I088,dewatering,w-pc-08,4,No unit able to provide dewatering could reach this ward within 45 minutes without pulling a unit off a higher-severity ward.
540.0,2025-09-28T20:00:00Z,REPLAY,predicted,I089:mass_transport:0,I089,mass_transport,w-pc-13,4,No unit able to provide mass transport could reach this ward within 45 minutes without pulling a unit off a higher-severity ward.
540.0,2025-09-28T20:00:00Z,REPLAY,predicted,I092:mass_transport:0,I092,mass_transport,w-pc-11,5,No unit able to provide mass transport could reach this ward within 45 minutes without pulling a unit off a higher-severity ward.
540.0,2025-09-28T20:00:00Z,REPLAY,predicted,I092:mass_transport:1,I092,mass_transport,w-pc-11,5,No unit able to provide mass transport could reach this ward within 45 minutes without pulling a unit off a higher-severity ward.
540.0,2025-09-28T20:00:00Z,REPLAY,predicted,I092:mass_transport:2,I092,mass_transport,w-pc-11,5,No unit able to provide mass transport could reach this ward within 45 minutes without pulling a unit off a higher-severity ward.
540.0,2025-09-28T20:00:00Z,REPLAY,predicted,I093:mass_transport:0,I093,mass_transport,w-pc-11,4,No unit able to provide mass transport could reach this ward within 45 minutes without pulling a unit off a higher-severity ward.
540.0,2025-09-28T20:00:00Z,REPLAY,predicted,I093:mass_transport:1,I093,mass_transport,w-pc-11,4,No unit able to provide mass transport could reach this ward within 45 minutes without pulling a unit off a higher-severity ward.
540.0,2025-09-28T20:00:00Z,REPLAY,predicted,I095:mass_transport:0,I095,mass_transport,w-pc-07,4,No unit able to provide mass transport could reach this ward within 45 minutes without pulling a unit off a higher-severity ward.
540.0,2025-09-28T20:00:00Z,REPLAY,predicted,I096:mass_transport:0,I096,mass_transport,w-pc-03,5,No unit able to provide mass transport could reach this ward within 45 minutes without pulling a unit off a higher-severity ward.
540.0,2025-09-28T20:00:00Z,REPLAY,predicted,I096:mass_transport:1,I096,mass_transport,w-pc-03,5,No unit able to provide mass transport could reach this ward within 45 minutes without pulling a unit off a higher-severity ward.
540.0,2025-09-28T20:00:00Z,REPLAY,predicted,I096:mass_transport:2,I096,mass_transport,w-pc-03,5,No unit able to provide mass transport could reach this ward within 45 minutes without pulling a unit off a higher-severity ward.
540.0,2025-09-28T20:00:00Z,REPLAY,predicted,I098:mass_transport:0,I098,mass_transport,w-pc-11,5,No unit able to provide mass transport could reach this ward within 45 minutes without pulling a unit off a higher-severity ward.
540.0,2025-09-28T20:00:00Z,REPLAY,predicted,I098:mass_transport:1,I098,mass_transport,w-pc-11,5,No unit able to provide mass transport could reach this ward within 45 minutes without pulling a unit off a higher-severity ward.
540.0,2025-09-28T20:00:00Z,REPLAY,predicted,I098:mass_transport:2,I098,mass_transport,w-pc-11,5,No unit able to provide mass transport could reach this ward within 45 minutes without pulling a unit off a higher-severity ward.
540.0,2025-09-28T20:00:00Z,REPLAY,predicted,I101:mass_transport:0,I101,mass_transport,w-pc-06,4,No unit able to provide mass transport could reach this ward within 45 minutes without pulling a unit off a higher-severity ward.
540.0,2025-09-28T20:00:00Z,REPLAY,predicted,I105:mass_transport:0,I105,mass_transport,w-pc-11,5,No unit able to provide mass transport could reach this ward within 45 minutes without pulling a unit off a higher-severity ward.
540.0,2025-09-28T20:00:00Z,REPLAY,predicted,I105:mass_transport:1,I105,mass_transport,w-pc-11,5,No unit able to provide mass transport could reach this ward within 45 minutes without pulling a unit off a higher-severity ward.
540.0,2025-09-28T20:00:00Z,REPLAY,predicted,I105:mass_transport:2,I105,mass_transport,w-pc-11,5,No unit able to provide mass transport could reach this ward within 45 minutes without pulling a unit off a higher-severity ward.
540.0,2025-09-28T20:00:00Z,REPLAY,predicted,I106:mass_transport:0,I106,mass_transport,w-pc-11,4,No unit able to provide mass transport could reach this ward within 45 minutes without pulling a unit off a higher-severity ward.
540.0,2025-09-28T20:00:00Z,REPLAY,predicted,I106:mass_transport:1,I106,mass_transport,w-pc-11,4,No unit able to provide mass transport could reach this ward within 45 minutes without pulling a unit off a higher-severity ward.
540.0,2025-09-28T20:00:00Z,REPLAY,predicted,I108:water_rescue:0,I108,water_rescue,w-pc-07,5,No unit able to provide water rescue could reach this ward within 45 minutes without pulling a unit off a higher-severity ward.
540.0,2025-09-28T20:00:00Z,REPLAY,predicted,I108:mass_transport:0,I108,mass_transport,w-pc-07,5,No unit able to provide mass transport could reach this ward within 45 minutes without pulling a unit off a higher-severity ward.
540.0,2025-09-28T20:00:00Z,REPLAY,predicted,I108:mass_transport:1,I108,mass_transport,w-pc-07,5,No unit able to provide mass transport could reach this ward within 45 minutes without pulling a unit off a higher-severity ward.
540.0,2025-09-28T20:00:00Z,REPLAY,predicted,I108:mass_transport:2,I108,mass_transport,w-pc-07,5,No unit able to provide mass transport could reach this ward within 45 minutes without pulling a unit off a higher-severity ward.
550.0,2025-09-28T20:10:00Z,REPLAY,predicted,I001:mass_transport:0,I001,mass_transport,w-pc-11,5,No unit able to provide mass transport could reach this ward within 45 minutes without pulling a unit off a higher-severity ward.
550.0,2025-09-28T20:10:00Z,REPLAY,predicted,I001:mass_transport:1,I001,mass_transport,w-pc-11,5,No unit able to provide mass transport could reach this ward within 45 minutes without pulling a unit off a higher-severity ward.
550.0,2025-09-28T20:10:00Z,REPLAY,predicted,I001:mass_transport:2,I001,mass_transport,w-pc-11,5,No unit able to provide mass transport could reach this ward within 45 minutes without pulling a unit off a higher-severity ward.
550.0,2025-09-28T20:10:00Z,REPLAY,predicted,I006:mass_transport:0,I006,mass_transport,w-pc-14,5,No unit able to provide mass transport could reach this ward within 45 minutes without pulling a unit off a higher-severity ward.
550.0,2025-09-28T20:10:00Z,REPLAY,predicted,I006:mass_transport:1,I006,mass_transport,w-pc-14,5,No unit able to provide mass transport could reach this ward within 45 minutes without pulling a unit off a higher-severity ward.
550.0,2025-09-28T20:10:00Z,REPLAY,predicted,I006:mass_transport:2,I006,mass_transport,w-pc-14,5,No unit able to provide mass transport could reach this ward within 45 minutes without pulling a unit off a higher-severity ward.
550.0,2025-09-28T20:10:00Z,REPLAY,predicted,I009:mass_transport:0,I009,mass_transport,w-pc-07,4,No unit able to provide mass transport could reach this ward within 45 minutes without pulling a unit off a higher-severity ward.
550.0,2025-09-28T20:10:00Z,REPLAY,predicted,I009:mass_transport:1,I009,mass_transport,w-pc-07,4,No unit able to provide mass transport could reach this ward within 45 minutes without pulling a unit off a higher-severity ward.
550.0,2025-09-28T20:10:00Z,REPLAY,predicted,I011:mass_transport:0,I011,mass_transport,w-pc-14,4,No unit able to provide mass transport could reach this ward within 45 minutes without pulling a unit off a higher-severity ward.
550.0,2025-09-28T20:10:00Z,REPLAY,predicted,I011:mass_transport:1,I011,mass_transport,w-pc-14,4,No unit able to provide mass transport could reach this ward within 45 minutes without pulling a unit off a higher-severity ward.
550.0,2025-09-28T20:10:00Z,REPLAY,predicted,I015:mass_transport:0,I015,mass_transport,w-pc-11,4,No unit able to provide mass transport could reach this ward within 45 minutes without pulling a unit off a higher-severity ward.
550.0,2025-09-28T20:10:00Z,REPLAY,predicted,I015:mass_transport:1,I015,mass_transport,w-pc-11,4,No unit able to provide mass transport could reach this ward within 45 minutes without pulling a unit off a higher-severity ward.
550.0,2025-09-28T20:10:00Z,REPLAY,predicted,I017:mass_transport:0,I017,mass_transport,w-pc-07,5,No unit able to provide mass transport could reach this ward within 45 minutes without pulling a unit off a higher-severity ward.
550.0,2025-09-28T20:10:00Z,REPLAY,predicted,I017:mass_transport:1,I017,mass_transport,w-pc-07,5,No unit able to provide mass transport could reach this ward within 45 minutes without pulling a unit off a higher-severity ward.
550.0,2025-09-28T20:10:00Z,REPLAY,predicted,I024:mass_transport:0,I024,mass_transport,w-pc-06,4,No unit able to provide mass transport could reach this ward within 45 minutes without pulling a unit off a higher-severity ward.
550.0,2025-09-28T20:10:00Z,REPLAY,predicted,I024:mass_transport:1,I024,mass_transport,w-pc-06,4,No unit able to provide mass transport could reach this ward within 45 minutes without pulling a unit off a higher-severity ward.
550.0,2025-09-28T20:10:00Z,REPLAY,predicted,I027:mass_transport:0,I027,mass_transport,w-pc-10,4,No unit able to provide mass transport could reach this ward within 45 minutes without pulling a unit off a higher-severity ward.
550.0,2025-09-28T20:10:00Z,REPLAY,predicted,I027:mass_transport:1,I027,mass_transport,w-pc-10,4,No unit able to provide mass transport could reach this ward within 45 minutes without pulling a unit off a higher-severity ward.
550.0,2025-09-28T20:10:00Z,REPLAY,predicted,I029:mass_transport:0,I029,mass_transport,w-pc-13,4,No unit able to provide mass transport could reach this ward within 45 minutes without pulling a unit off a higher-severity ward.
550.0,2025-09-28T20:10:00Z,REPLAY,predicted,I030:mass_transport:0,I030,mass_transport,w-pc-06,4,No unit able to provide mass transport could reach this ward within 45 minutes without pulling a unit off a higher-severity ward.
550.0,2025-09-28T20:10:00Z,REPLAY,predicted,I030:mass_transport:1,I030,mass_transport,w-pc-06,4,No unit able to provide mass transport could reach this ward within 45 minutes without pulling a unit off a higher-severity ward.
550.0,2025-09-28T20:10:00Z,REPLAY,predicted,I036:mass_transport:0,I036,mass_transport,w-pc-11,5,No unit able to provide mass transport could reach this ward within 45 minutes without pulling a unit off a higher-severity ward.
550.0,2025-09-28T20:10:00Z,REPLAY,predicted,I036:mass_transport:1,I036,mass_transport,w-pc-11,5,No unit able to provide mass transport could reach this ward within 45 minutes without pulling a unit off a higher-severity ward.
550.0,2025-09-28T20:10:00Z,REPLAY,predicted,I036:mass_transport:2,I036,mass_transport,w-pc-11,5,No unit able to provide mass transport could reach this ward within 45 minutes without pulling a unit off a higher-severity ward.
550.0,2025-09-28T20:10:00Z,REPLAY,predicted,I040:mass_transport:0,I040,mass_transport,w-pc-13,4,No unit able to provide mass transport could reach this ward within 45 minutes without pulling a unit off a higher-severity ward.
550.0,2025-09-28T20:10:00Z,REPLAY,predicted,I047:mass_transport:0,I047,mass_transport,w-pc-11,5,No unit able to provide mass transport could reach this ward within 45 minutes without pulling a unit off a higher-severity ward.
550.0,2025-09-28T20:10:00Z,REPLAY,predicted,I047:mass_transport:1,I047,mass_transport,w-pc-11,5,No unit able to provide mass transport could reach this ward within 45 minutes without pulling a unit off a higher-severity ward.
550.0,2025-09-28T20:10:00Z,REPLAY,predicted,I047:mass_transport:2,I047,mass_transport,w-pc-11,5,No unit able to provide mass transport could reach this ward within 45 minutes without pulling a unit off a higher-severity ward.
550.0,2025-09-28T20:10:00Z,REPLAY,predicted,I049:mass_transport:0,I049,mass_transport,w-pc-07,5,No unit able to provide mass transport could reach this ward within 45 minutes without pulling a unit off a higher-severity ward.
550.0,2025-09-28T20:10:00Z,REPLAY,predicted,I049:mass_transport:1,I049,mass_transport,w-pc-07,5,No unit able to provide mass transport could reach this ward within 45 minutes without pulling a unit off a higher-severity ward.
550.0,2025-09-28T20:10:00Z,REPLAY,predicted,I049:mass_transport:2,I049,mass_transport,w-pc-07,5,No unit able to provide mass transport could reach this ward within 45 minutes without pulling a unit off a higher-severity ward.
550.0,2025-09-28T20:10:00Z,REPLAY,predicted,I055:mass_transport:0,I055,mass_transport,w-pc-10,5,No unit able to provide mass transport could reach this ward within 45 minutes without pulling a unit off a higher-severity ward.
550.0,2025-09-28T20:10:00Z,REPLAY,predicted,I055:mass_transport:1,I055,mass_transport,w-pc-10,5,No unit able to provide mass transport could reach this ward within 45 minutes without pulling a unit off a higher-severity ward.
550.0,2025-09-28T20:10:00Z,REPLAY,predicted,I055:mass_transport:2,I055,mass_transport,w-pc-10,5,No unit able to provide mass transport could reach this ward within 45 minutes without pulling a unit off a higher-severity ward.
550.0,2025-09-28T20:10:00Z,REPLAY,predicted,I061:mass_transport:0,I061,mass_transport,w-pc-06,5,No unit able to provide mass transport could reach this ward within 45 minutes without pulling a unit off a higher-severity ward.
550.0,2025-09-28T20:10:00Z,REPLAY,predicted,I061:mass_transport:1,I061,mass_transport,w-pc-06,5,No unit able to provide mass transport could reach this ward within 45 minutes without pulling a unit off a higher-severity ward.
550.0,2025-09-28T20:10:00Z,REPLAY,predicted,I061:mass_transport:2,I061,mass_transport,w-pc-06,5,No unit able to provide mass transport could reach this ward within 45 minutes without pulling a unit off a higher-severity ward.
550.0,2025-09-28T20:10:00Z,REPLAY,predicted,I062:mass_transport:0,I062,mass_transport,w-pc-11,5,No unit able to provide mass transport could reach this ward within 45 minutes without pulling a unit off a higher-severity ward.
550.0,2025-09-28T20:10:00Z,REPLAY,predicted,I062:mass_transport:1,I062,mass_transport,w-pc-11,5,No unit able to provide mass transport could reach this ward within 45 minutes without pulling a unit off a higher-severity ward.
550.0,2025-09-28T20:10:00Z,REPLAY,predicted,I062:mass_transport:2,I062,mass_transport,w-pc-11,5,No unit able to provide mass transport could reach this ward within 45 minutes without pulling a unit off a higher-severity ward.
550.0,2025-09-28T20:10:00Z,REPLAY,predicted,I063:mass_transport:0,I063,mass_transport,w-pc-10,4,No unit able to provide mass transport could reach this ward within 45 minutes without pulling a unit off a higher-severity ward.
550.0,2025-09-28T20:10:00Z,REPLAY,predicted,I063:mass_transport:1,I063,mass_transport,w-pc-10,4,No unit able to provide mass transport could reach this ward within 45 minutes without pulling a unit off a higher-severity ward.
550.0,2025-09-28T20:10:00Z,REPLAY,predicted,I064:mass_transport:0,I064,mass_transport,w-pc-13,5,No unit able to provide mass transport could reach this ward within 45 minutes without pulling a unit off a higher-severity ward.
550.0,2025-09-28T20:10:00Z,REPLAY,predicted,I064:mass_transport:1,I064,mass_transport,w-pc-13,5,No unit able to provide mass transport could reach this ward within 45 minutes without pulling a unit off a higher-severity ward.
550.0,2025-09-28T20:10:00Z,REPLAY,predicted,I064:mass_transport:2,I064,mass_transport,w-pc-13,5,No unit able to provide mass transport could reach this ward within 45 minutes without pulling a unit off a higher-severity ward.
550.0,2025-09-28T20:10:00Z,REPLAY,predicted,I065:mass_transport:0,I065,mass_transport,w-pc-11,5,No unit able to provide mass transport could reach this ward within 45 minutes without pulling a unit off a higher-severity ward.
550.0,2025-09-28T20:10:00Z,REPLAY,predicted,I065:mass_transport:1,I065,mass_transport,w-pc-11,5,No unit able to provide mass transport could reach this ward within 45 minutes without pulling a unit off a higher-severity ward.
550.0,2025-09-28T20:10:00Z,REPLAY,predicted,I065:mass_transport:2,I065,mass_transport,w-pc-11,5,No unit able to provide mass transport could reach this ward within 45 minutes without pulling a unit off a higher-severity ward.
550.0,2025-09-28T20:10:00Z,REPLAY,predicted,I066:mass_transport:0,I066,mass_transport,w-pc-11,4,No unit able to provide mass transport could reach this ward within 45 minutes without pulling a unit off a higher-severity ward.
550.0,2025-09-28T20:10:00Z,REPLAY,predicted,I066:mass_transport:1,I066,mass_transport,w-pc-11,4,No unit able to provide mass transport could reach this ward within 45 minutes without pulling a unit off a higher-severity ward.
550.0,2025-09-28T20:10:00Z,REPLAY,predicted,I069:mass_transport:0,I069,mass_transport,w-pc-10,4,No unit able to provide mass transport could reach this ward within 45 minutes without pulling a unit off a higher-severity ward.
550.0,2025-09-28T20:10:00Z,REPLAY,predicted,I069:mass_transport:1,I069,mass_transport,w-pc-10,4,No unit able to provide mass transport could reach this ward within 45 minutes without pulling a unit off a higher-severity ward.
550.0,2025-09-28T20:10:00Z,REPLAY,predicted,I072:mass_transport:0,I072,mass_transport,w-pc-07,4,No unit able to provide mass transport could reach this ward within 45 minutes without pulling a unit off a higher-severity ward.
550.0,2025-09-28T20:10:00Z,REPLAY,predicted,I072:mass_transport:1,I072,mass_transport,w-pc-07,4,No unit able to provide mass transport could reach this ward within 45 minutes without pulling a unit off a higher-severity ward.
550.0,2025-09-28T20:10:00Z,REPLAY,predicted,I073:mass_transport:0,I073,mass_transport,w-pc-14,4,No unit able to provide mass transport could reach this ward within 45 minutes without pulling a unit off a higher-severity ward.
550.0,2025-09-28T20:10:00Z,REPLAY,predicted,I073:mass_transport:1,I073,mass_transport,w-pc-14,4,No unit able to provide mass transport could reach this ward within 45 minutes without pulling a unit off a higher-severity ward.
550.0,2025-09-28T20:10:00Z,REPLAY,predicted,I075:mass_transport:0,I075,mass_transport,w-pc-02,4,No unit able to provide mass transport could reach this ward within 45 minutes without pulling a unit off a higher-severity ward.
550.0,2025-09-28T20:10:00Z,REPLAY,predicted,I075:mass_transport:1,I075,mass_transport,w-pc-02,4,No unit able to provide mass transport could reach this ward within 45 minutes without pulling a unit off a higher-severity ward.
550.0,2025-09-28T20:10:00Z,REPLAY,predicted,I078:mass_transport:0,I078,mass_transport,w-pc-13,4,No unit able to provide mass transport could reach this ward within 45 minutes without pulling a unit off a higher-severity ward.
550.0,2025-09-28T20:10:00Z,REPLAY,predicted,I078:mass_transport:1,I078,mass_transport,w-pc-13,4,No unit able to provide mass transport could reach this ward within 45 minutes without pulling a unit off a higher-severity ward.
550.0,2025-09-28T20:10:00Z,REPLAY,predicted,I079:mass_transport:0,I079,mass_transport,w-pc-04,4,No unit able to provide mass transport could reach this ward within 45 minutes without pulling a unit off a higher-severity ward.
550.0,2025-09-28T20:10:00Z,REPLAY,predicted,I079:mass_transport:1,I079,mass_transport,w-pc-04,4,No unit able to provide mass transport could reach this ward within 45 minutes without pulling a unit off a higher-severity ward.
550.0,2025-09-28T20:10:00Z,REPLAY,predicted,I079:dewatering:0,I079,dewatering,w-pc-04,4,No unit able to provide dewatering could reach this ward within 45 minutes without pulling a unit off a higher-severity ward.
550.0,2025-09-28T20:10:00Z,REPLAY,predicted,I080:mass_transport:0,I080,mass_transport,w-pc-07,4,No unit able to provide mass transport could reach this ward within 45 minutes without pulling a unit off a higher-severity ward.
550.0,2025-09-28T20:10:00Z,REPLAY,predicted,I080:mass_transport:1,I080,mass_transport,w-pc-07,4,No unit able to provide mass transport could reach this ward within 45 minutes without pulling a unit off a higher-severity ward.
550.0,2025-09-28T20:10:00Z,REPLAY,predicted,I082:mass_transport:0,I082,mass_transport,w-pc-09,5,No unit able to provide mass transport could reach this ward within 45 minutes without pulling a unit off a higher-severity ward.
550.0,2025-09-28T20:10:00Z,REPLAY,predicted,I082:mass_transport:1,I082,mass_transport,w-pc-09,5,No unit able to provide mass transport could reach this ward within 45 minutes without pulling a unit off a higher-severity ward.
550.0,2025-09-28T20:10:00Z,REPLAY,predicted,I082:mass_transport:2,I082,mass_transport,w-pc-09,5,No unit able to provide mass transport could reach this ward within 45 minutes without pulling a unit off a higher-severity ward.
550.0,2025-09-28T20:10:00Z,REPLAY,predicted,I086:mass_transport:0,I086,mass_transport,w-pc-09,4,No unit able to provide mass transport could reach this ward within 45 minutes without pulling a unit off a higher-severity ward.
550.0,2025-09-28T20:10:00Z,REPLAY,predicted,I086:mass_transport:1,I086,mass_transport,w-pc-09,4,No unit able to provide mass transport could reach this ward within 45 minutes without pulling a unit off a higher-severity ward.
550.0,2025-09-28T20:10:00Z,REPLAY,predicted,I088:mass_transport:0,I088,mass_transport,w-pc-08,4,No unit able to provide mass transport could reach this ward within 45 minutes without pulling a unit off a higher-severity ward.
550.0,2025-09-28T20:10:00Z,REPLAY,predicted,I088:mass_transport:1,I088,mass_transport,w-pc-08,4,No unit able to provide mass transport could reach this ward within 45 minutes without pulling a unit off a higher-severity ward.
550.0,2025-09-28T20:10:00Z,REPLAY,predicted,I089:mass_transport:0,I089,mass_transport,w-pc-13,4,No unit able to provide mass transport could reach this ward within 45 minutes without pulling a unit off a higher-severity ward.
550.0,2025-09-28T20:10:00Z,REPLAY,predicted,I092:mass_transport:0,I092,mass_transport,w-pc-11,5,No unit able to provide mass transport could reach this ward within 45 minutes without pulling a unit off a higher-severity ward.
550.0,2025-09-28T20:10:00Z,REPLAY,predicted,I092:mass_transport:1,I092,mass_transport,w-pc-11,5,No unit able to provide mass transport could reach this ward within 45 minutes without pulling a unit off a higher-severity ward.
550.0,2025-09-28T20:10:00Z,REPLAY,predicted,I092:mass_transport:2,I092,mass_transport,w-pc-11,5,No unit able to provide mass transport could reach this ward within 45 minutes without pulling a unit off a higher-severity ward.
550.0,2025-09-28T20:10:00Z,REPLAY,predicted,I093:mass_transport:0,I093,mass_transport,w-pc-11,4,No unit able to provide mass transport could reach this ward within 45 minutes without pulling a unit off a higher-severity ward.
550.0,2025-09-28T20:10:00Z,REPLAY,predicted,I093:mass_transport:1,I093,mass_transport,w-pc-11,4,No unit able to provide mass transport could reach this ward within 45 minutes without pulling a unit off a higher-severity ward.
550.0,2025-09-28T20:10:00Z,REPLAY,predicted,I095:mass_transport:0,I095,mass_transport,w-pc-07,4,No unit able to provide mass transport could reach this ward within 45 minutes without pulling a unit off a higher-severity ward.
550.0,2025-09-28T20:10:00Z,REPLAY,predicted,I096:mass_transport:0,I096,mass_transport,w-pc-03,5,No unit able to provide mass transport could reach this ward within 45 minutes without pulling a unit off a higher-severity ward.
550.0,2025-09-28T20:10:00Z,REPLAY,predicted,I096:mass_transport:1,I096,mass_transport,w-pc-03,5,No unit able to provide mass transport could reach this ward within 45 minutes without pulling a unit off a higher-severity ward.
550.0,2025-09-28T20:10:00Z,REPLAY,predicted,I096:mass_transport:2,I096,mass_transport,w-pc-03,5,No unit able to provide mass transport could reach this ward within 45 minutes without pulling a unit off a higher-severity ward.
550.0,2025-09-28T20:10:00Z,REPLAY,predicted,I098:mass_transport:0,I098,mass_transport,w-pc-11,5,No unit able to provide mass transport could reach this ward within 45 minutes without pulling a unit off a higher-severity ward.
550.0,2025-09-28T20:10:00Z,REPLAY,predicted,I098:mass_transport:1,I098,mass_transport,w-pc-11,5,No unit able to provide mass transport could reach this ward within 45 minutes without pulling a unit off a higher-severity ward.
550.0,2025-09-28T20:10:00Z,REPLAY,predicted,I098:mass_transport:2,I098,mass_transport,w-pc-11,5,No unit able to provide mass transport could reach this ward within 45 minutes without pulling a unit off a higher-severity ward.
550.0,2025-09-28T20:10:00Z,REPLAY,predicted,I101:mass_transport:0,I101,mass_transport,w-pc-06,4,No unit able to provide mass transport could reach this ward within 45 minutes without pulling a unit off a higher-severity ward.
550.0,2025-09-28T20:10:00Z,REPLAY,predicted,I106:mass_transport:0,I106,mass_transport,w-pc-11,4,No unit able to provide mass transport could reach this ward within 45 minutes without pulling a unit off a higher-severity ward.
550.0,2025-09-28T20:10:00Z,REPLAY,predicted,I106:mass_transport:1,I106,mass_transport,w-pc-11,4,No unit able to provide mass transport could reach this ward within 45 minutes without pulling a unit off a higher-severity ward.
550.0,2025-09-28T20:10:00Z,REPLAY,predicted,I108:mass_transport:0,I108,mass_transport,w-pc-07,5,No unit able to provide mass transport could reach this ward within 45 minutes without pulling a unit off a higher-severity ward.
550.0,2025-09-28T20:10:00Z,REPLAY,predicted,I108:mass_transport:1,I108,mass_transport,w-pc-07,5,No unit able to provide mass transport could reach this ward within 45 minutes without pulling a unit off a higher-severity ward.
550.0,2025-09-28T20:10:00Z,REPLAY,predicted,I108:mass_transport:2,I108,mass_transport,w-pc-07,5,No unit able to provide mass transport could reach this ward within 45 minutes without pulling a unit off a higher-severity ward.
560.0,2025-09-28T20:20:00Z,REPLAY,predicted,I001:mass_transport:0,I001,mass_transport,w-pc-11,5,No unit able to provide mass transport could reach this ward within 45 minutes without pulling a unit off a higher-severity ward.
560.0,2025-09-28T20:20:00Z,REPLAY,predicted,I001:mass_transport:1,I001,mass_transport,w-pc-11,5,No unit able to provide mass transport could reach this ward within 45 minutes without pulling a unit off a higher-severity ward.
560.0,2025-09-28T20:20:00Z,REPLAY,predicted,I001:mass_transport:2,I001,mass_transport,w-pc-11,5,No unit able to provide mass transport could reach this ward within 45 minutes without pulling a unit off a higher-severity ward.
560.0,2025-09-28T20:20:00Z,REPLAY,predicted,I006:mass_transport:0,I006,mass_transport,w-pc-14,5,No unit able to provide mass transport could reach this ward within 45 minutes without pulling a unit off a higher-severity ward.
560.0,2025-09-28T20:20:00Z,REPLAY,predicted,I006:mass_transport:1,I006,mass_transport,w-pc-14,5,No unit able to provide mass transport could reach this ward within 45 minutes without pulling a unit off a higher-severity ward.
560.0,2025-09-28T20:20:00Z,REPLAY,predicted,I006:mass_transport:2,I006,mass_transport,w-pc-14,5,No unit able to provide mass transport could reach this ward within 45 minutes without pulling a unit off a higher-severity ward.
560.0,2025-09-28T20:20:00Z,REPLAY,predicted,I009:mass_transport:0,I009,mass_transport,w-pc-07,4,No unit able to provide mass transport could reach this ward within 45 minutes without pulling a unit off a higher-severity ward.
560.0,2025-09-28T20:20:00Z,REPLAY,predicted,I009:mass_transport:1,I009,mass_transport,w-pc-07,4,No unit able to provide mass transport could reach this ward within 45 minutes without pulling a unit off a higher-severity ward.
560.0,2025-09-28T20:20:00Z,REPLAY,predicted,I011:mass_transport:0,I011,mass_transport,w-pc-14,4,No unit able to provide mass transport could reach this ward within 45 minutes without pulling a unit off a higher-severity ward.
560.0,2025-09-28T20:20:00Z,REPLAY,predicted,I011:mass_transport:1,I011,mass_transport,w-pc-14,4,No unit able to provide mass transport could reach this ward within 45 minutes without pulling a unit off a higher-severity ward.
560.0,2025-09-28T20:20:00Z,REPLAY,predicted,I015:mass_transport:0,I015,mass_transport,w-pc-11,4,No unit able to provide mass transport could reach this ward within 45 minutes without pulling a unit off a higher-severity ward.
560.0,2025-09-28T20:20:00Z,REPLAY,predicted,I015:mass_transport:1,I015,mass_transport,w-pc-11,4,No unit able to provide mass transport could reach this ward within 45 minutes without pulling a unit off a higher-severity ward.
560.0,2025-09-28T20:20:00Z,REPLAY,predicted,I017:mass_transport:0,I017,mass_transport,w-pc-07,5,No unit able to provide mass transport could reach this ward within 45 minutes without pulling a unit off a higher-severity ward.
560.0,2025-09-28T20:20:00Z,REPLAY,predicted,I017:mass_transport:1,I017,mass_transport,w-pc-07,5,No unit able to provide mass transport could reach this ward within 45 minutes without pulling a unit off a higher-severity ward.
560.0,2025-09-28T20:20:00Z,REPLAY,predicted,I024:mass_transport:0,I024,mass_transport,w-pc-06,4,No unit able to provide mass transport could reach this ward within 45 minutes without pulling a unit off a higher-severity ward.
560.0,2025-09-28T20:20:00Z,REPLAY,predicted,I024:mass_transport:1,I024,mass_transport,w-pc-06,4,No unit able to provide mass transport could reach this ward within 45 minutes without pulling a unit off a higher-severity ward.
560.0,2025-09-28T20:20:00Z,REPLAY,predicted,I027:mass_transport:0,I027,mass_transport,w-pc-10,4,No unit able to provide mass transport could reach this ward within 45 minutes without pulling a unit off a higher-severity ward.
560.0,2025-09-28T20:20:00Z,REPLAY,predicted,I027:mass_transport:1,I027,mass_transport,w-pc-10,4,No unit able to provide mass transport could reach this ward within 45 minutes without pulling a unit off a higher-severity ward.
560.0,2025-09-28T20:20:00Z,REPLAY,predicted,I029:mass_transport:0,I029,mass_transport,w-pc-13,4,No unit able to provide mass transport could reach this ward within 45 minutes without pulling a unit off a higher-severity ward.
560.0,2025-09-28T20:20:00Z,REPLAY,predicted,I030:mass_transport:0,I030,mass_transport,w-pc-06,4,No unit able to provide mass transport could reach this ward within 45 minutes without pulling a unit off a higher-severity ward.
560.0,2025-09-28T20:20:00Z,REPLAY,predicted,I030:mass_transport:1,I030,mass_transport,w-pc-06,4,No unit able to provide mass transport could reach this ward within 45 minutes without pulling a unit off a higher-severity ward.
560.0,2025-09-28T20:20:00Z,REPLAY,predicted,I036:mass_transport:0,I036,mass_transport,w-pc-11,5,No unit able to provide mass transport could reach this ward within 45 minutes without pulling a unit off a higher-severity ward.
560.0,2025-09-28T20:20:00Z,REPLAY,predicted,I036:mass_transport:1,I036,mass_transport,w-pc-11,5,No unit able to provide mass transport could reach this ward within 45 minutes without pulling a unit off a higher-severity ward.
560.0,2025-09-28T20:20:00Z,REPLAY,predicted,I036:mass_transport:2,I036,mass_transport,w-pc-11,5,No unit able to provide mass transport could reach this ward within 45 minutes without pulling a unit off a higher-severity ward.
560.0,2025-09-28T20:20:00Z,REPLAY,predicted,I040:mass_transport:0,I040,mass_transport,w-pc-13,4,No unit able to provide mass transport could reach this ward within 45 minutes without pulling a unit off a higher-severity ward.
560.0,2025-09-28T20:20:00Z,REPLAY,predicted,I047:mass_transport:0,I047,mass_transport,w-pc-11,5,No unit able to provide mass transport could reach this ward within 45 minutes without pulling a unit off a higher-severity ward.
560.0,2025-09-28T20:20:00Z,REPLAY,predicted,I047:mass_transport:1,I047,mass_transport,w-pc-11,5,No unit able to provide mass transport could reach this ward within 45 minutes without pulling a unit off a higher-severity ward.
560.0,2025-09-28T20:20:00Z,REPLAY,predicted,I047:mass_transport:2,I047,mass_transport,w-pc-11,5,No unit able to provide mass transport could reach this ward within 45 minutes without pulling a unit off a higher-severity ward.
560.0,2025-09-28T20:20:00Z,REPLAY,predicted,I049:mass_transport:0,I049,mass_transport,w-pc-07,5,No unit able to provide mass transport could reach this ward within 45 minutes without pulling a unit off a higher-severity ward.
560.0,2025-09-28T20:20:00Z,REPLAY,predicted,I049:mass_transport:1,I049,mass_transport,w-pc-07,5,No unit able to provide mass transport could reach this ward within 45 minutes without pulling a unit off a higher-severity ward.
560.0,2025-09-28T20:20:00Z,REPLAY,predicted,I049:mass_transport:2,I049,mass_transport,w-pc-07,5,No unit able to provide mass transport could reach this ward within 45 minutes without pulling a unit off a higher-severity ward.
560.0,2025-09-28T20:20:00Z,REPLAY,predicted,I055:mass_transport:0,I055,mass_transport,w-pc-10,5,No unit able to provide mass transport could reach this ward within 45 minutes without pulling a unit off a higher-severity ward.
560.0,2025-09-28T20:20:00Z,REPLAY,predicted,I055:mass_transport:1,I055,mass_transport,w-pc-10,5,No unit able to provide mass transport could reach this ward within 45 minutes without pulling a unit off a higher-severity ward.
560.0,2025-09-28T20:20:00Z,REPLAY,predicted,I055:mass_transport:2,I055,mass_transport,w-pc-10,5,No unit able to provide mass transport could reach this ward within 45 minutes without pulling a unit off a higher-severity ward.
560.0,2025-09-28T20:20:00Z,REPLAY,predicted,I061:mass_transport:0,I061,mass_transport,w-pc-06,5,No unit able to provide mass transport could reach this ward within 45 minutes without pulling a unit off a higher-severity ward.
560.0,2025-09-28T20:20:00Z,REPLAY,predicted,I061:mass_transport:1,I061,mass_transport,w-pc-06,5,No unit able to provide mass transport could reach this ward within 45 minutes without pulling a unit off a higher-severity ward.
560.0,2025-09-28T20:20:00Z,REPLAY,predicted,I061:mass_transport:2,I061,mass_transport,w-pc-06,5,No unit able to provide mass transport could reach this ward within 45 minutes without pulling a unit off a higher-severity ward.
560.0,2025-09-28T20:20:00Z,REPLAY,predicted,I062:mass_transport:0,I062,mass_transport,w-pc-11,5,No unit able to provide mass transport could reach this ward within 45 minutes without pulling a unit off a higher-severity ward.
560.0,2025-09-28T20:20:00Z,REPLAY,predicted,I062:mass_transport:1,I062,mass_transport,w-pc-11,5,No unit able to provide mass transport could reach this ward within 45 minutes without pulling a unit off a higher-severity ward.
560.0,2025-09-28T20:20:00Z,REPLAY,predicted,I062:mass_transport:2,I062,mass_transport,w-pc-11,5,No unit able to provide mass transport could reach this ward within 45 minutes without pulling a unit off a higher-severity ward.
560.0,2025-09-28T20:20:00Z,REPLAY,predicted,I063:mass_transport:0,I063,mass_transport,w-pc-10,4,No unit able to provide mass transport could reach this ward within 45 minutes without pulling a unit off a higher-severity ward.
560.0,2025-09-28T20:20:00Z,REPLAY,predicted,I063:mass_transport:1,I063,mass_transport,w-pc-10,4,No unit able to provide mass transport could reach this ward within 45 minutes without pulling a unit off a higher-severity ward.
560.0,2025-09-28T20:20:00Z,REPLAY,predicted,I064:mass_transport:0,I064,mass_transport,w-pc-13,5,No unit able to provide mass transport could reach this ward within 45 minutes without pulling a unit off a higher-severity ward.
560.0,2025-09-28T20:20:00Z,REPLAY,predicted,I064:mass_transport:1,I064,mass_transport,w-pc-13,5,No unit able to provide mass transport could reach this ward within 45 minutes without pulling a unit off a higher-severity ward.
560.0,2025-09-28T20:20:00Z,REPLAY,predicted,I064:mass_transport:2,I064,mass_transport,w-pc-13,5,No unit able to provide mass transport could reach this ward within 45 minutes without pulling a unit off a higher-severity ward.
560.0,2025-09-28T20:20:00Z,REPLAY,predicted,I065:mass_transport:0,I065,mass_transport,w-pc-11,5,No unit able to provide mass transport could reach this ward within 45 minutes without pulling a unit off a higher-severity ward.
560.0,2025-09-28T20:20:00Z,REPLAY,predicted,I065:mass_transport:1,I065,mass_transport,w-pc-11,5,No unit able to provide mass transport could reach this ward within 45 minutes without pulling a unit off a higher-severity ward.
560.0,2025-09-28T20:20:00Z,REPLAY,predicted,I065:mass_transport:2,I065,mass_transport,w-pc-11,5,No unit able to provide mass transport could reach this ward within 45 minutes without pulling a unit off a higher-severity ward.
560.0,2025-09-28T20:20:00Z,REPLAY,predicted,I066:mass_transport:0,I066,mass_transport,w-pc-11,4,No unit able to provide mass transport could reach this ward within 45 minutes without pulling a unit off a higher-severity ward.
560.0,2025-09-28T20:20:00Z,REPLAY,predicted,I066:mass_transport:1,I066,mass_transport,w-pc-11,4,No unit able to provide mass transport could reach this ward within 45 minutes without pulling a unit off a higher-severity ward.
560.0,2025-09-28T20:20:00Z,REPLAY,predicted,I069:mass_transport:0,I069,mass_transport,w-pc-10,4,No unit able to provide mass transport could reach this ward within 45 minutes without pulling a unit off a higher-severity ward.
560.0,2025-09-28T20:20:00Z,REPLAY,predicted,I069:mass_transport:1,I069,mass_transport,w-pc-10,4,No unit able to provide mass transport could reach this ward within 45 minutes without pulling a unit off a higher-severity ward.
560.0,2025-09-28T20:20:00Z,REPLAY,predicted,I072:mass_transport:0,I072,mass_transport,w-pc-07,4,No unit able to provide mass transport could reach this ward within 45 minutes without pulling a unit off a higher-severity ward.
560.0,2025-09-28T20:20:00Z,REPLAY,predicted,I072:mass_transport:1,I072,mass_transport,w-pc-07,4,No unit able to provide mass transport could reach this ward within 45 minutes without pulling a unit off a higher-severity ward.
560.0,2025-09-28T20:20:00Z,REPLAY,predicted,I073:mass_transport:0,I073,mass_transport,w-pc-14,4,No unit able to provide mass transport could reach this ward within 45 minutes without pulling a unit off a higher-severity ward.
560.0,2025-09-28T20:20:00Z,REPLAY,predicted,I073:mass_transport:1,I073,mass_transport,w-pc-14,4,No unit able to provide mass transport could reach this ward within 45 minutes without pulling a unit off a higher-severity ward.
560.0,2025-09-28T20:20:00Z,REPLAY,predicted,I075:mass_transport:0,I075,mass_transport,w-pc-02,4,No unit able to provide mass transport could reach this ward within 45 minutes without pulling a unit off a higher-severity ward.
560.0,2025-09-28T20:20:00Z,REPLAY,predicted,I075:mass_transport:1,I075,mass_transport,w-pc-02,4,No unit able to provide mass transport could reach this ward within 45 minutes without pulling a unit off a higher-severity ward.
560.0,2025-09-28T20:20:00Z,REPLAY,predicted,I078:mass_transport:0,I078,mass_transport,w-pc-13,4,No unit able to provide mass transport could reach this ward within 45 minutes without pulling a unit off a higher-severity ward.
560.0,2025-09-28T20:20:00Z,REPLAY,predicted,I078:mass_transport:1,I078,mass_transport,w-pc-13,4,No unit able to provide mass transport could reach this ward within 45 minutes without pulling a unit off a higher-severity ward.
560.0,2025-09-28T20:20:00Z,REPLAY,predicted,I079:mass_transport:0,I079,mass_transport,w-pc-04,4,No unit able to provide mass transport could reach this ward within 45 minutes without pulling a unit off a higher-severity ward.
560.0,2025-09-28T20:20:00Z,REPLAY,predicted,I079:mass_transport:1,I079,mass_transport,w-pc-04,4,No unit able to provide mass transport could reach this ward within 45 minutes without pulling a unit off a higher-severity ward.
560.0,2025-09-28T20:20:00Z,REPLAY,predicted,I080:mass_transport:0,I080,mass_transport,w-pc-07,4,No unit able to provide mass transport could reach this ward within 45 minutes without pulling a unit off a higher-severity ward.
560.0,2025-09-28T20:20:00Z,REPLAY,predicted,I080:mass_transport:1,I080,mass_transport,w-pc-07,4,No unit able to provide mass transport could reach this ward within 45 minutes without pulling a unit off a higher-severity ward.
560.0,2025-09-28T20:20:00Z,REPLAY,predicted,I082:mass_transport:0,I082,mass_transport,w-pc-09,5,No unit able to provide mass transport could reach this ward within 45 minutes without pulling a unit off a higher-severity ward.
560.0,2025-09-28T20:20:00Z,REPLAY,predicted,I082:mass_transport:1,I082,mass_transport,w-pc-09,5,No unit able to provide mass transport could reach this ward within 45 minutes without pulling a unit off a higher-severity ward.
560.0,2025-09-28T20:20:00Z,REPLAY,predicted,I082:mass_transport:2,I082,mass_transport,w-pc-09,5,No unit able to provide mass transport could reach this ward within 45 minutes without pulling a unit off a higher-severity ward.
560.0,2025-09-28T20:20:00Z,REPLAY,predicted,I086:mass_transport:0,I086,mass_transport,w-pc-09,4,No unit able to provide mass transport could reach this ward within 45 minutes without pulling a unit off a higher-severity ward.
560.0,2025-09-28T20:20:00Z,REPLAY,predicted,I086:mass_transport:1,I086,mass_transport,w-pc-09,4,No unit able to provide mass transport could reach this ward within 45 minutes without pulling a unit off a higher-severity ward.
560.0,2025-09-28T20:20:00Z,REPLAY,predicted,I088:mass_transport:0,I088,mass_transport,w-pc-08,4,No unit able to provide mass transport could reach this ward within 45 minutes without pulling a unit off a higher-severity ward.
560.0,2025-09-28T20:20:00Z,REPLAY,predicted,I088:mass_transport:1,I088,mass_transport,w-pc-08,4,No unit able to provide mass transport could reach this ward within 45 minutes without pulling a unit off a higher-severity ward.
560.0,2025-09-28T20:20:00Z,REPLAY,predicted,I089:mass_transport:0,I089,mass_transport,w-pc-13,4,No unit able to provide mass transport could reach this ward within 45 minutes without pulling a unit off a higher-severity ward.
560.0,2025-09-28T20:20:00Z,REPLAY,predicted,I092:mass_transport:0,I092,mass_transport,w-pc-11,5,No unit able to provide mass transport could reach this ward within 45 minutes without pulling a unit off a higher-severity ward.
560.0,2025-09-28T20:20:00Z,REPLAY,predicted,I092:mass_transport:1,I092,mass_transport,w-pc-11,5,No unit able to provide mass transport could reach this ward within 45 minutes without pulling a unit off a higher-severity ward.
560.0,2025-09-28T20:20:00Z,REPLAY,predicted,I092:mass_transport:2,I092,mass_transport,w-pc-11,5,No unit able to provide mass transport could reach this ward within 45 minutes without pulling a unit off a higher-severity ward.
560.0,2025-09-28T20:20:00Z,REPLAY,predicted,I093:mass_transport:0,I093,mass_transport,w-pc-11,4,No unit able to provide mass transport could reach this ward within 45 minutes without pulling a unit off a higher-severity ward.
560.0,2025-09-28T20:20:00Z,REPLAY,predicted,I093:mass_transport:1,I093,mass_transport,w-pc-11,4,No unit able to provide mass transport could reach this ward within 45 minutes without pulling a unit off a higher-severity ward.
560.0,2025-09-28T20:20:00Z,REPLAY,predicted,I095:mass_transport:0,I095,mass_transport,w-pc-07,4,No unit able to provide mass transport could reach this ward within 45 minutes without pulling a unit off a higher-severity ward.
560.0,2025-09-28T20:20:00Z,REPLAY,predicted,I096:mass_transport:0,I096,mass_transport,w-pc-03,5,No unit able to provide mass transport could reach this ward within 45 minutes without pulling a unit off a higher-severity ward.
560.0,2025-09-28T20:20:00Z,REPLAY,predicted,I096:mass_transport:1,I096,mass_transport,w-pc-03,5,No unit able to provide mass transport could reach this ward within 45 minutes without pulling a unit off a higher-severity ward.
560.0,2025-09-28T20:20:00Z,REPLAY,predicted,I096:mass_transport:2,I096,mass_transport,w-pc-03,5,No unit able to provide mass transport could reach this ward within 45 minutes without pulling a unit off a higher-severity ward.
560.0,2025-09-28T20:20:00Z,REPLAY,predicted,I098:mass_transport:0,I098,mass_transport,w-pc-11,5,No unit able to provide mass transport could reach this ward within 45 minutes without pulling a unit off a higher-severity ward.
560.0,2025-09-28T20:20:00Z,REPLAY,predicted,I098:mass_transport:1,I098,mass_transport,w-pc-11,5,No unit able to provide mass transport could reach this ward within 45 minutes without pulling a unit off a higher-severity ward.
560.0,2025-09-28T20:20:00Z,REPLAY,predicted,I098:mass_transport:2,I098,mass_transport,w-pc-11,5,No unit able to provide mass transport could reach this ward within 45 minutes without pulling a unit off a higher-severity ward.
560.0,2025-09-28T20:20:00Z,REPLAY,predicted,I101:mass_transport:0,I101,mass_transport,w-pc-06,4,No unit able to provide mass transport could reach this ward within 45 minutes without pulling a unit off a higher-severity ward.
560.0,2025-09-28T20:20:00Z,REPLAY,predicted,I106:mass_transport:0,I106,mass_transport,w-pc-11,4,No unit able to provide mass transport could reach this ward within 45 minutes without pulling a unit off a higher-severity ward.
560.0,2025-09-28T20:20:00Z,REPLAY,predicted,I106:mass_transport:1,I106,mass_transport,w-pc-11,4,No unit able to provide mass transport could reach this ward within 45 minutes without pulling a unit off a higher-severity ward.
560.0,2025-09-28T20:20:00Z,REPLAY,predicted,I108:mass_transport:0,I108,mass_transport,w-pc-07,5,No unit able to provide mass transport could reach this ward within 45 minutes without pulling a unit off a higher-severity ward.
560.0,2025-09-28T20:20:00Z,REPLAY,predicted,I108:mass_transport:1,I108,mass_transport,w-pc-07,5,No unit able to provide mass transport could reach this ward within 45 minutes without pulling a unit off a higher-severity ward.
560.0,2025-09-28T20:20:00Z,REPLAY,predicted,I108:mass_transport:2,I108,mass_transport,w-pc-07,5,No unit able to provide mass transport could reach this ward within 45 minutes without pulling a unit off a higher-severity ward.
560.0,2025-09-28T20:20:00Z,REPLAY,predicted,I116:field_assessment:0,I116,field_assessment,w-pc-11,2,No unit able to provide field assessment could reach this ward within 45 minutes without pulling a unit off a higher-severity ward.
560.0,2025-09-28T20:20:00Z,REPLAY,predicted,I117:field_assessment:0,I117,field_assessment,w-pc-14,2,No unit able to provide field assessment could reach this ward within 45 minutes without pulling a unit off a higher-severity ward.
570.0,2025-09-28T20:30:00Z,REPLAY,predicted,I001:mass_transport:0,I001,mass_transport,w-pc-11,5,No unit able to provide mass transport could reach this ward within 45 minutes without pulling a unit off a higher-severity ward.
570.0,2025-09-28T20:30:00Z,REPLAY,predicted,I001:mass_transport:1,I001,mass_transport,w-pc-11,5,No unit able to provide mass transport could reach this ward within 45 minutes without pulling a unit off a higher-severity ward.
570.0,2025-09-28T20:30:00Z,REPLAY,predicted,I001:mass_transport:2,I001,mass_transport,w-pc-11,5,No unit able to provide mass transport could reach this ward within 45 minutes without pulling a unit off a higher-severity ward.
570.0,2025-09-28T20:30:00Z,REPLAY,predicted,I006:mass_transport:0,I006,mass_transport,w-pc-14,5,No unit able to provide mass transport could reach this ward within 45 minutes without pulling a unit off a higher-severity ward.
570.0,2025-09-28T20:30:00Z,REPLAY,predicted,I006:mass_transport:1,I006,mass_transport,w-pc-14,5,No unit able to provide mass transport could reach this ward within 45 minutes without pulling a unit off a higher-severity ward.
570.0,2025-09-28T20:30:00Z,REPLAY,predicted,I006:mass_transport:2,I006,mass_transport,w-pc-14,5,No unit able to provide mass transport could reach this ward within 45 minutes without pulling a unit off a higher-severity ward.
570.0,2025-09-28T20:30:00Z,REPLAY,predicted,I009:mass_transport:0,I009,mass_transport,w-pc-07,4,No unit able to provide mass transport could reach this ward within 45 minutes without pulling a unit off a higher-severity ward.
570.0,2025-09-28T20:30:00Z,REPLAY,predicted,I009:mass_transport:1,I009,mass_transport,w-pc-07,4,No unit able to provide mass transport could reach this ward within 45 minutes without pulling a unit off a higher-severity ward.
570.0,2025-09-28T20:30:00Z,REPLAY,predicted,I011:mass_transport:0,I011,mass_transport,w-pc-14,4,No unit able to provide mass transport could reach this ward within 45 minutes without pulling a unit off a higher-severity ward.
570.0,2025-09-28T20:30:00Z,REPLAY,predicted,I011:mass_transport:1,I011,mass_transport,w-pc-14,4,No unit able to provide mass transport could reach this ward within 45 minutes without pulling a unit off a higher-severity ward.
570.0,2025-09-28T20:30:00Z,REPLAY,predicted,I015:mass_transport:0,I015,mass_transport,w-pc-11,4,No unit able to provide mass transport could reach this ward within 45 minutes without pulling a unit off a higher-severity ward.
570.0,2025-09-28T20:30:00Z,REPLAY,predicted,I015:mass_transport:1,I015,mass_transport,w-pc-11,4,No unit able to provide mass transport could reach this ward within 45 minutes without pulling a unit off a higher-severity ward.
570.0,2025-09-28T20:30:00Z,REPLAY,predicted,I017:mass_transport:0,I017,mass_transport,w-pc-07,5,No unit able to provide mass transport could reach this ward within 45 minutes without pulling a unit off a higher-severity ward.
570.0,2025-09-28T20:30:00Z,REPLAY,predicted,I017:mass_transport:1,I017,mass_transport,w-pc-07,5,No unit able to provide mass transport could reach this ward within 45 minutes without pulling a unit off a higher-severity ward.
570.0,2025-09-28T20:30:00Z,REPLAY,predicted,I024:mass_transport:0,I024,mass_transport,w-pc-06,4,No unit able to provide mass transport could reach this ward within 45 minutes without pulling a unit off a higher-severity ward.
570.0,2025-09-28T20:30:00Z,REPLAY,predicted,I024:mass_transport:1,I024,mass_transport,w-pc-06,4,No unit able to provide mass transport could reach this ward within 45 minutes without pulling a unit off a higher-severity ward.
570.0,2025-09-28T20:30:00Z,REPLAY,predicted,I027:mass_transport:0,I027,mass_transport,w-pc-10,4,No unit able to provide mass transport could reach this ward within 45 minutes without pulling a unit off a higher-severity ward.
570.0,2025-09-28T20:30:00Z,REPLAY,predicted,I027:mass_transport:1,I027,mass_transport,w-pc-10,4,No unit able to provide mass transport could reach this ward within 45 minutes without pulling a unit off a higher-severity ward.
570.0,2025-09-28T20:30:00Z,REPLAY,predicted,I029:mass_transport:0,I029,mass_transport,w-pc-13,4,No unit able to provide mass transport could reach this ward within 45 minutes without pulling a unit off a higher-severity ward.
570.0,2025-09-28T20:30:00Z,REPLAY,predicted,I030:mass_transport:0,I030,mass_transport,w-pc-06,4,No unit able to provide mass transport could reach this ward within 45 minutes without pulling a unit off a higher-severity ward.
570.0,2025-09-28T20:30:00Z,REPLAY,predicted,I030:mass_transport:1,I030,mass_transport,w-pc-06,4,No unit able to provide mass transport could reach this ward within 45 minutes without pulling a unit off a higher-severity ward.
570.0,2025-09-28T20:30:00Z,REPLAY,predicted,I036:mass_transport:0,I036,mass_transport,w-pc-11,5,No unit able to provide mass transport could reach this ward within 45 minutes without pulling a unit off a higher-severity ward.
570.0,2025-09-28T20:30:00Z,REPLAY,predicted,I036:mass_transport:1,I036,mass_transport,w-pc-11,5,No unit able to provide mass transport could reach this ward within 45 minutes without pulling a unit off a higher-severity ward.
570.0,2025-09-28T20:30:00Z,REPLAY,predicted,I036:mass_transport:2,I036,mass_transport,w-pc-11,5,No unit able to provide mass transport could reach this ward within 45 minutes without pulling a unit off a higher-severity ward.
570.0,2025-09-28T20:30:00Z,REPLAY,predicted,I040:mass_transport:0,I040,mass_transport,w-pc-13,4,No unit able to provide mass transport could reach this ward within 45 minutes without pulling a unit off a higher-severity ward.
570.0,2025-09-28T20:30:00Z,REPLAY,predicted,I047:mass_transport:0,I047,mass_transport,w-pc-11,5,No unit able to provide mass transport could reach this ward within 45 minutes without pulling a unit off a higher-severity ward.
570.0,2025-09-28T20:30:00Z,REPLAY,predicted,I047:mass_transport:1,I047,mass_transport,w-pc-11,5,No unit able to provide mass transport could reach this ward within 45 minutes without pulling a unit off a higher-severity ward.
570.0,2025-09-28T20:30:00Z,REPLAY,predicted,I047:mass_transport:2,I047,mass_transport,w-pc-11,5,No unit able to provide mass transport could reach this ward within 45 minutes without pulling a unit off a higher-severity ward.
570.0,2025-09-28T20:30:00Z,REPLAY,predicted,I049:mass_transport:0,I049,mass_transport,w-pc-07,5,No unit able to provide mass transport could reach this ward within 45 minutes without pulling a unit off a higher-severity ward.
570.0,2025-09-28T20:30:00Z,REPLAY,predicted,I049:mass_transport:1,I049,mass_transport,w-pc-07,5,No unit able to provide mass transport could reach this ward within 45 minutes without pulling a unit off a higher-severity ward.
570.0,2025-09-28T20:30:00Z,REPLAY,predicted,I049:mass_transport:2,I049,mass_transport,w-pc-07,5,No unit able to provide mass transport could reach this ward within 45 minutes without pulling a unit off a higher-severity ward.
570.0,2025-09-28T20:30:00Z,REPLAY,predicted,I055:mass_transport:0,I055,mass_transport,w-pc-10,5,No unit able to provide mass transport could reach this ward within 45 minutes without pulling a unit off a higher-severity ward.
570.0,2025-09-28T20:30:00Z,REPLAY,predicted,I055:mass_transport:1,I055,mass_transport,w-pc-10,5,No unit able to provide mass transport could reach this ward within 45 minutes without pulling a unit off a higher-severity ward.
570.0,2025-09-28T20:30:00Z,REPLAY,predicted,I055:mass_transport:2,I055,mass_transport,w-pc-10,5,No unit able to provide mass transport could reach this ward within 45 minutes without pulling a unit off a higher-severity ward.
570.0,2025-09-28T20:30:00Z,REPLAY,predicted,I061:mass_transport:0,I061,mass_transport,w-pc-06,5,No unit able to provide mass transport could reach this ward within 45 minutes without pulling a unit off a higher-severity ward.
570.0,2025-09-28T20:30:00Z,REPLAY,predicted,I061:mass_transport:1,I061,mass_transport,w-pc-06,5,No unit able to provide mass transport could reach this ward within 45 minutes without pulling a unit off a higher-severity ward.
570.0,2025-09-28T20:30:00Z,REPLAY,predicted,I061:mass_transport:2,I061,mass_transport,w-pc-06,5,No unit able to provide mass transport could reach this ward within 45 minutes without pulling a unit off a higher-severity ward.
570.0,2025-09-28T20:30:00Z,REPLAY,predicted,I062:mass_transport:0,I062,mass_transport,w-pc-11,5,No unit able to provide mass transport could reach this ward within 45 minutes without pulling a unit off a higher-severity ward.
570.0,2025-09-28T20:30:00Z,REPLAY,predicted,I062:mass_transport:1,I062,mass_transport,w-pc-11,5,No unit able to provide mass transport could reach this ward within 45 minutes without pulling a unit off a higher-severity ward.
570.0,2025-09-28T20:30:00Z,REPLAY,predicted,I062:mass_transport:2,I062,mass_transport,w-pc-11,5,No unit able to provide mass transport could reach this ward within 45 minutes without pulling a unit off a higher-severity ward.
570.0,2025-09-28T20:30:00Z,REPLAY,predicted,I063:mass_transport:0,I063,mass_transport,w-pc-10,4,No unit able to provide mass transport could reach this ward within 45 minutes without pulling a unit off a higher-severity ward.
570.0,2025-09-28T20:30:00Z,REPLAY,predicted,I063:mass_transport:1,I063,mass_transport,w-pc-10,4,No unit able to provide mass transport could reach this ward within 45 minutes without pulling a unit off a higher-severity ward.
570.0,2025-09-28T20:30:00Z,REPLAY,predicted,I064:mass_transport:0,I064,mass_transport,w-pc-13,5,No unit able to provide mass transport could reach this ward within 45 minutes without pulling a unit off a higher-severity ward.
570.0,2025-09-28T20:30:00Z,REPLAY,predicted,I064:mass_transport:1,I064,mass_transport,w-pc-13,5,No unit able to provide mass transport could reach this ward within 45 minutes without pulling a unit off a higher-severity ward.
570.0,2025-09-28T20:30:00Z,REPLAY,predicted,I064:mass_transport:2,I064,mass_transport,w-pc-13,5,No unit able to provide mass transport could reach this ward within 45 minutes without pulling a unit off a higher-severity ward.
570.0,2025-09-28T20:30:00Z,REPLAY,predicted,I066:mass_transport:0,I066,mass_transport,w-pc-11,4,No unit able to provide mass transport could reach this ward within 45 minutes without pulling a unit off a higher-severity ward.
570.0,2025-09-28T20:30:00Z,REPLAY,predicted,I066:mass_transport:1,I066,mass_transport,w-pc-11,4,No unit able to provide mass transport could reach this ward within 45 minutes without pulling a unit off a higher-severity ward.
570.0,2025-09-28T20:30:00Z,REPLAY,predicted,I069:mass_transport:0,I069,mass_transport,w-pc-10,4,No unit able to provide mass transport could reach this ward within 45 minutes without pulling a unit off a higher-severity ward.
570.0,2025-09-28T20:30:00Z,REPLAY,predicted,I069:mass_transport:1,I069,mass_transport,w-pc-10,4,No unit able to provide mass transport could reach this ward within 45 minutes without pulling a unit off a higher-severity ward.
570.0,2025-09-28T20:30:00Z,REPLAY,predicted,I072:mass_transport:0,I072,mass_transport,w-pc-07,4,No unit able to provide mass transport could reach this ward within 45 minutes without pulling a unit off a higher-severity ward.
570.0,2025-09-28T20:30:00Z,REPLAY,predicted,I072:mass_transport:1,I072,mass_transport,w-pc-07,4,No unit able to provide mass transport could reach this ward within 45 minutes without pulling a unit off a higher-severity ward.
570.0,2025-09-28T20:30:00Z,REPLAY,predicted,I073:mass_transport:0,I073,mass_transport,w-pc-14,4,No unit able to provide mass transport could reach this ward within 45 minutes without pulling a unit off a higher-severity ward.
570.0,2025-09-28T20:30:00Z,REPLAY,predicted,I073:mass_transport:1,I073,mass_transport,w-pc-14,4,No unit able to provide mass transport could reach this ward within 45 minutes without pulling a unit off a higher-severity ward.
570.0,2025-09-28T20:30:00Z,REPLAY,predicted,I075:mass_transport:0,I075,mass_transport,w-pc-02,4,No unit able to provide mass transport could reach this ward within 45 minutes without pulling a unit off a higher-severity ward.
570.0,2025-09-28T20:30:00Z,REPLAY,predicted,I075:mass_transport:1,I075,mass_transport,w-pc-02,4,No unit able to provide mass transport could reach this ward within 45 minutes without pulling a unit off a higher-severity ward.
570.0,2025-09-28T20:30:00Z,REPLAY,predicted,I078:mass_transport:0,I078,mass_transport,w-pc-13,4,No unit able to provide mass transport could reach this ward within 45 minutes without pulling a unit off a higher-severity ward.
570.0,2025-09-28T20:30:00Z,REPLAY,predicted,I078:mass_transport:1,I078,mass_transport,w-pc-13,4,No unit able to provide mass transport could reach this ward within 45 minutes without pulling a unit off a higher-severity ward.
570.0,2025-09-28T20:30:00Z,REPLAY,predicted,I079:mass_transport:0,I079,mass_transport,w-pc-04,4,No unit able to provide mass transport could reach this ward within 45 minutes without pulling a unit off a higher-severity ward.
570.0,2025-09-28T20:30:00Z,REPLAY,predicted,I079:mass_transport:1,I079,mass_transport,w-pc-04,4,No unit able to provide mass transport could reach this ward within 45 minutes without pulling a unit off a higher-severity ward.
570.0,2025-09-28T20:30:00Z,REPLAY,predicted,I080:mass_transport:0,I080,mass_transport,w-pc-07,4,No unit able to provide mass transport could reach this ward within 45 minutes without pulling a unit off a higher-severity ward.
570.0,2025-09-28T20:30:00Z,REPLAY,predicted,I080:mass_transport:1,I080,mass_transport,w-pc-07,4,No unit able to provide mass transport could reach this ward within 45 minutes without pulling a unit off a higher-severity ward.
570.0,2025-09-28T20:30:00Z,REPLAY,predicted,I082:mass_transport:0,I082,mass_transport,w-pc-09,5,No unit able to provide mass transport could reach this ward within 45 minutes without pulling a unit off a higher-severity ward.
570.0,2025-09-28T20:30:00Z,REPLAY,predicted,I082:mass_transport:1,I082,mass_transport,w-pc-09,5,No unit able to provide mass transport could reach this ward within 45 minutes without pulling a unit off a higher-severity ward.
570.0,2025-09-28T20:30:00Z,REPLAY,predicted,I082:mass_transport:2,I082,mass_transport,w-pc-09,5,No unit able to provide mass transport could reach this ward within 45 minutes without pulling a unit off a higher-severity ward.
570.0,2025-09-28T20:30:00Z,REPLAY,predicted,I086:mass_transport:0,I086,mass_transport,w-pc-09,4,No unit able to provide mass transport could reach this ward within 45 minutes without pulling a unit off a higher-severity ward.
570.0,2025-09-28T20:30:00Z,REPLAY,predicted,I086:mass_transport:1,I086,mass_transport,w-pc-09,4,No unit able to provide mass transport could reach this ward within 45 minutes without pulling a unit off a higher-severity ward.
570.0,2025-09-28T20:30:00Z,REPLAY,predicted,I088:mass_transport:0,I088,mass_transport,w-pc-08,4,No unit able to provide mass transport could reach this ward within 45 minutes without pulling a unit off a higher-severity ward.
570.0,2025-09-28T20:30:00Z,REPLAY,predicted,I088:mass_transport:1,I088,mass_transport,w-pc-08,4,No unit able to provide mass transport could reach this ward within 45 minutes without pulling a unit off a higher-severity ward.
570.0,2025-09-28T20:30:00Z,REPLAY,predicted,I089:mass_transport:0,I089,mass_transport,w-pc-13,4,No unit able to provide mass transport could reach this ward within 45 minutes without pulling a unit off a higher-severity ward.
570.0,2025-09-28T20:30:00Z,REPLAY,predicted,I092:mass_transport:0,I092,mass_transport,w-pc-11,5,No unit able to provide mass transport could reach this ward within 45 minutes without pulling a unit off a higher-severity ward.
570.0,2025-09-28T20:30:00Z,REPLAY,predicted,I092:mass_transport:1,I092,mass_transport,w-pc-11,5,No unit able to provide mass transport could reach this ward within 45 minutes without pulling a unit off a higher-severity ward.
570.0,2025-09-28T20:30:00Z,REPLAY,predicted,I092:mass_transport:2,I092,mass_transport,w-pc-11,5,No unit able to provide mass transport could reach this ward within 45 minutes without pulling a unit off a higher-severity ward.
570.0,2025-09-28T20:30:00Z,REPLAY,predicted,I093:mass_transport:0,I093,mass_transport,w-pc-11,4,No unit able to provide mass transport could reach this ward within 45 minutes without pulling a unit off a higher-severity ward.
570.0,2025-09-28T20:30:00Z,REPLAY,predicted,I093:mass_transport:1,I093,mass_transport,w-pc-11,4,No unit able to provide mass transport could reach this ward within 45 minutes without pulling a unit off a higher-severity ward.
570.0,2025-09-28T20:30:00Z,REPLAY,predicted,I095:mass_transport:0,I095,mass_transport,w-pc-07,4,No unit able to provide mass transport could reach this ward within 45 minutes without pulling a unit off a higher-severity ward.
570.0,2025-09-28T20:30:00Z,REPLAY,predicted,I096:mass_transport:0,I096,mass_transport,w-pc-03,5,No unit able to provide mass transport could reach this ward within 45 minutes without pulling a unit off a higher-severity ward.
570.0,2025-09-28T20:30:00Z,REPLAY,predicted,I096:mass_transport:1,I096,mass_transport,w-pc-03,5,No unit able to provide mass transport could reach this ward within 45 minutes without pulling a unit off a higher-severity ward.
570.0,2025-09-28T20:30:00Z,REPLAY,predicted,I096:mass_transport:2,I096,mass_transport,w-pc-03,5,No unit able to provide mass transport could reach this ward within 45 minutes without pulling a unit off a higher-severity ward.
570.0,2025-09-28T20:30:00Z,REPLAY,predicted,I098:mass_transport:0,I098,mass_transport,w-pc-11,5,No unit able to provide mass transport could reach this ward within 45 minutes without pulling a unit off a higher-severity ward.
570.0,2025-09-28T20:30:00Z,REPLAY,predicted,I098:mass_transport:1,I098,mass_transport,w-pc-11,5,No unit able to provide mass transport could reach this ward within 45 minutes without pulling a unit off a higher-severity ward.
570.0,2025-09-28T20:30:00Z,REPLAY,predicted,I098:mass_transport:2,I098,mass_transport,w-pc-11,5,No unit able to provide mass transport could reach this ward within 45 minutes without pulling a unit off a higher-severity ward.
570.0,2025-09-28T20:30:00Z,REPLAY,predicted,I106:mass_transport:0,I106,mass_transport,w-pc-11,4,No unit able to provide mass transport could reach this ward within 45 minutes without pulling a unit off a higher-severity ward.
570.0,2025-09-28T20:30:00Z,REPLAY,predicted,I106:mass_transport:1,I106,mass_transport,w-pc-11,4,No unit able to provide mass transport could reach this ward within 45 minutes without pulling a unit off a higher-severity ward.
570.0,2025-09-28T20:30:00Z,REPLAY,predicted,I108:mass_transport:0,I108,mass_transport,w-pc-07,5,No unit able to provide mass transport could reach this ward within 45 minutes without pulling a unit off a higher-severity ward.
570.0,2025-09-28T20:30:00Z,REPLAY,predicted,I108:mass_transport:1,I108,mass_transport,w-pc-07,5,No unit able to provide mass transport could reach this ward within 45 minutes without pulling a unit off a higher-severity ward.
570.0,2025-09-28T20:30:00Z,REPLAY,predicted,I108:mass_transport:2,I108,mass_transport,w-pc-07,5,No unit able to provide mass transport could reach this ward within 45 minutes without pulling a unit off a higher-severity ward.
570.0,2025-09-28T20:30:00Z,REPLAY,predicted,I115:traffic_control:0,I115,traffic_control,w-pc-11,4,No unit able to provide traffic control could reach this ward within 45 minutes without pulling a unit off a higher-severity ward.
580.0,2025-09-28T20:40:00Z,REPLAY,predicted,I001:mass_transport:0,I001,mass_transport,w-pc-11,5,No unit able to provide mass transport could reach this ward within 45 minutes without pulling a unit off a higher-severity ward.
580.0,2025-09-28T20:40:00Z,REPLAY,predicted,I001:mass_transport:1,I001,mass_transport,w-pc-11,5,No unit able to provide mass transport could reach this ward within 45 minutes without pulling a unit off a higher-severity ward.
580.0,2025-09-28T20:40:00Z,REPLAY,predicted,I001:mass_transport:2,I001,mass_transport,w-pc-11,5,No unit able to provide mass transport could reach this ward within 45 minutes without pulling a unit off a higher-severity ward.
580.0,2025-09-28T20:40:00Z,REPLAY,predicted,I006:mass_transport:0,I006,mass_transport,w-pc-14,5,No unit able to provide mass transport could reach this ward within 45 minutes without pulling a unit off a higher-severity ward.
580.0,2025-09-28T20:40:00Z,REPLAY,predicted,I006:mass_transport:1,I006,mass_transport,w-pc-14,5,No unit able to provide mass transport could reach this ward within 45 minutes without pulling a unit off a higher-severity ward.
580.0,2025-09-28T20:40:00Z,REPLAY,predicted,I006:mass_transport:2,I006,mass_transport,w-pc-14,5,No unit able to provide mass transport could reach this ward within 45 minutes without pulling a unit off a higher-severity ward.
580.0,2025-09-28T20:40:00Z,REPLAY,predicted,I009:mass_transport:0,I009,mass_transport,w-pc-07,4,No unit able to provide mass transport could reach this ward within 45 minutes without pulling a unit off a higher-severity ward.
580.0,2025-09-28T20:40:00Z,REPLAY,predicted,I009:mass_transport:1,I009,mass_transport,w-pc-07,4,No unit able to provide mass transport could reach this ward within 45 minutes without pulling a unit off a higher-severity ward.
580.0,2025-09-28T20:40:00Z,REPLAY,predicted,I011:mass_transport:0,I011,mass_transport,w-pc-14,4,No unit able to provide mass transport could reach this ward within 45 minutes without pulling a unit off a higher-severity ward.
580.0,2025-09-28T20:40:00Z,REPLAY,predicted,I011:mass_transport:1,I011,mass_transport,w-pc-14,4,No unit able to provide mass transport could reach this ward within 45 minutes without pulling a unit off a higher-severity ward.
580.0,2025-09-28T20:40:00Z,REPLAY,predicted,I015:mass_transport:0,I015,mass_transport,w-pc-11,4,No unit able to provide mass transport could reach this ward within 45 minutes without pulling a unit off a higher-severity ward.
580.0,2025-09-28T20:40:00Z,REPLAY,predicted,I015:mass_transport:1,I015,mass_transport,w-pc-11,4,No unit able to provide mass transport could reach this ward within 45 minutes without pulling a unit off a higher-severity ward.
580.0,2025-09-28T20:40:00Z,REPLAY,predicted,I017:mass_transport:0,I017,mass_transport,w-pc-07,5,No unit able to provide mass transport could reach this ward within 45 minutes without pulling a unit off a higher-severity ward.
580.0,2025-09-28T20:40:00Z,REPLAY,predicted,I017:mass_transport:1,I017,mass_transport,w-pc-07,5,No unit able to provide mass transport could reach this ward within 45 minutes without pulling a unit off a higher-severity ward.
580.0,2025-09-28T20:40:00Z,REPLAY,predicted,I024:mass_transport:0,I024,mass_transport,w-pc-06,4,No unit able to provide mass transport could reach this ward within 45 minutes without pulling a unit off a higher-severity ward.
580.0,2025-09-28T20:40:00Z,REPLAY,predicted,I024:mass_transport:1,I024,mass_transport,w-pc-06,4,No unit able to provide mass transport could reach this ward within 45 minutes without pulling a unit off a higher-severity ward.
580.0,2025-09-28T20:40:00Z,REPLAY,predicted,I027:mass_transport:0,I027,mass_transport,w-pc-10,4,No unit able to provide mass transport could reach this ward within 45 minutes without pulling a unit off a higher-severity ward.
580.0,2025-09-28T20:40:00Z,REPLAY,predicted,I027:mass_transport:1,I027,mass_transport,w-pc-10,4,No unit able to provide mass transport could reach this ward within 45 minutes without pulling a unit off a higher-severity ward.
580.0,2025-09-28T20:40:00Z,REPLAY,predicted,I029:mass_transport:0,I029,mass_transport,w-pc-13,4,No unit able to provide mass transport could reach this ward within 45 minutes without pulling a unit off a higher-severity ward.
580.0,2025-09-28T20:40:00Z,REPLAY,predicted,I030:mass_transport:0,I030,mass_transport,w-pc-06,4,No unit able to provide mass transport could reach this ward within 45 minutes without pulling a unit off a higher-severity ward.
580.0,2025-09-28T20:40:00Z,REPLAY,predicted,I030:mass_transport:1,I030,mass_transport,w-pc-06,4,No unit able to provide mass transport could reach this ward within 45 minutes without pulling a unit off a higher-severity ward.
580.0,2025-09-28T20:40:00Z,REPLAY,predicted,I036:mass_transport:0,I036,mass_transport,w-pc-11,5,No unit able to provide mass transport could reach this ward within 45 minutes without pulling a unit off a higher-severity ward.
580.0,2025-09-28T20:40:00Z,REPLAY,predicted,I036:mass_transport:1,I036,mass_transport,w-pc-11,5,No unit able to provide mass transport could reach this ward within 45 minutes without pulling a unit off a higher-severity ward.
580.0,2025-09-28T20:40:00Z,REPLAY,predicted,I036:mass_transport:2,I036,mass_transport,w-pc-11,5,No unit able to provide mass transport could reach this ward within 45 minutes without pulling a unit off a higher-severity ward.
580.0,2025-09-28T20:40:00Z,REPLAY,predicted,I040:mass_transport:0,I040,mass_transport,w-pc-13,4,No unit able to provide mass transport could reach this ward within 45 minutes without pulling a unit off a higher-severity ward.
580.0,2025-09-28T20:40:00Z,REPLAY,predicted,I047:mass_transport:0,I047,mass_transport,w-pc-11,5,No unit able to provide mass transport could reach this ward within 45 minutes without pulling a unit off a higher-severity ward.
580.0,2025-09-28T20:40:00Z,REPLAY,predicted,I047:mass_transport:1,I047,mass_transport,w-pc-11,5,No unit able to provide mass transport could reach this ward within 45 minutes without pulling a unit off a higher-severity ward.
580.0,2025-09-28T20:40:00Z,REPLAY,predicted,I047:mass_transport:2,I047,mass_transport,w-pc-11,5,No unit able to provide mass transport could reach this ward within 45 minutes without pulling a unit off a higher-severity ward.
580.0,2025-09-28T20:40:00Z,REPLAY,predicted,I049:mass_transport:0,I049,mass_transport,w-pc-07,5,No unit able to provide mass transport could reach this ward within 45 minutes without pulling a unit off a higher-severity ward.
580.0,2025-09-28T20:40:00Z,REPLAY,predicted,I049:mass_transport:1,I049,mass_transport,w-pc-07,5,No unit able to provide mass transport could reach this ward within 45 minutes without pulling a unit off a higher-severity ward.
580.0,2025-09-28T20:40:00Z,REPLAY,predicted,I049:mass_transport:2,I049,mass_transport,w-pc-07,5,No unit able to provide mass transport could reach this ward within 45 minutes without pulling a unit off a higher-severity ward.
580.0,2025-09-28T20:40:00Z,REPLAY,predicted,I055:mass_transport:0,I055,mass_transport,w-pc-10,5,No unit able to provide mass transport could reach this ward within 45 minutes without pulling a unit off a higher-severity ward.
580.0,2025-09-28T20:40:00Z,REPLAY,predicted,I055:mass_transport:1,I055,mass_transport,w-pc-10,5,No unit able to provide mass transport could reach this ward within 45 minutes without pulling a unit off a higher-severity ward.
580.0,2025-09-28T20:40:00Z,REPLAY,predicted,I055:mass_transport:2,I055,mass_transport,w-pc-10,5,No unit able to provide mass transport could reach this ward within 45 minutes without pulling a unit off a higher-severity ward.
580.0,2025-09-28T20:40:00Z,REPLAY,predicted,I061:mass_transport:0,I061,mass_transport,w-pc-06,5,No unit able to provide mass transport could reach this ward within 45 minutes without pulling a unit off a higher-severity ward.
580.0,2025-09-28T20:40:00Z,REPLAY,predicted,I061:mass_transport:1,I061,mass_transport,w-pc-06,5,No unit able to provide mass transport could reach this ward within 45 minutes without pulling a unit off a higher-severity ward.
580.0,2025-09-28T20:40:00Z,REPLAY,predicted,I061:mass_transport:2,I061,mass_transport,w-pc-06,5,No unit able to provide mass transport could reach this ward within 45 minutes without pulling a unit off a higher-severity ward.
580.0,2025-09-28T20:40:00Z,REPLAY,predicted,I062:mass_transport:0,I062,mass_transport,w-pc-11,5,No unit able to provide mass transport could reach this ward within 45 minutes without pulling a unit off a higher-severity ward.
580.0,2025-09-28T20:40:00Z,REPLAY,predicted,I062:mass_transport:1,I062,mass_transport,w-pc-11,5,No unit able to provide mass transport could reach this ward within 45 minutes without pulling a unit off a higher-severity ward.
580.0,2025-09-28T20:40:00Z,REPLAY,predicted,I062:mass_transport:2,I062,mass_transport,w-pc-11,5,No unit able to provide mass transport could reach this ward within 45 minutes without pulling a unit off a higher-severity ward.
580.0,2025-09-28T20:40:00Z,REPLAY,predicted,I063:mass_transport:0,I063,mass_transport,w-pc-10,4,No unit able to provide mass transport could reach this ward within 45 minutes without pulling a unit off a higher-severity ward.
580.0,2025-09-28T20:40:00Z,REPLAY,predicted,I063:mass_transport:1,I063,mass_transport,w-pc-10,4,No unit able to provide mass transport could reach this ward within 45 minutes without pulling a unit off a higher-severity ward.
580.0,2025-09-28T20:40:00Z,REPLAY,predicted,I064:mass_transport:0,I064,mass_transport,w-pc-13,5,No unit able to provide mass transport could reach this ward within 45 minutes without pulling a unit off a higher-severity ward.
580.0,2025-09-28T20:40:00Z,REPLAY,predicted,I064:mass_transport:1,I064,mass_transport,w-pc-13,5,No unit able to provide mass transport could reach this ward within 45 minutes without pulling a unit off a higher-severity ward.
580.0,2025-09-28T20:40:00Z,REPLAY,predicted,I064:mass_transport:2,I064,mass_transport,w-pc-13,5,No unit able to provide mass transport could reach this ward within 45 minutes without pulling a unit off a higher-severity ward.
580.0,2025-09-28T20:40:00Z,REPLAY,predicted,I066:mass_transport:0,I066,mass_transport,w-pc-11,4,No unit able to provide mass transport could reach this ward within 45 minutes without pulling a unit off a higher-severity ward.
580.0,2025-09-28T20:40:00Z,REPLAY,predicted,I066:mass_transport:1,I066,mass_transport,w-pc-11,4,No unit able to provide mass transport could reach this ward within 45 minutes without pulling a unit off a higher-severity ward.
580.0,2025-09-28T20:40:00Z,REPLAY,predicted,I069:mass_transport:0,I069,mass_transport,w-pc-10,4,No unit able to provide mass transport could reach this ward within 45 minutes without pulling a unit off a higher-severity ward.
580.0,2025-09-28T20:40:00Z,REPLAY,predicted,I069:mass_transport:1,I069,mass_transport,w-pc-10,4,No unit able to provide mass transport could reach this ward within 45 minutes without pulling a unit off a higher-severity ward.
580.0,2025-09-28T20:40:00Z,REPLAY,predicted,I072:mass_transport:0,I072,mass_transport,w-pc-07,4,No unit able to provide mass transport could reach this ward within 45 minutes without pulling a unit off a higher-severity ward.
580.0,2025-09-28T20:40:00Z,REPLAY,predicted,I072:mass_transport:1,I072,mass_transport,w-pc-07,4,No unit able to provide mass transport could reach this ward within 45 minutes without pulling a unit off a higher-severity ward.
580.0,2025-09-28T20:40:00Z,REPLAY,predicted,I073:mass_transport:0,I073,mass_transport,w-pc-14,4,No unit able to provide mass transport could reach this ward within 45 minutes without pulling a unit off a higher-severity ward.
580.0,2025-09-28T20:40:00Z,REPLAY,predicted,I073:mass_transport:1,I073,mass_transport,w-pc-14,4,No unit able to provide mass transport could reach this ward within 45 minutes without pulling a unit off a higher-severity ward.
580.0,2025-09-28T20:40:00Z,REPLAY,predicted,I075:mass_transport:0,I075,mass_transport,w-pc-02,4,No unit able to provide mass transport could reach this ward within 45 minutes without pulling a unit off a higher-severity ward.
580.0,2025-09-28T20:40:00Z,REPLAY,predicted,I075:mass_transport:1,I075,mass_transport,w-pc-02,4,No unit able to provide mass transport could reach this ward within 45 minutes without pulling a unit off a higher-severity ward.
580.0,2025-09-28T20:40:00Z,REPLAY,predicted,I078:mass_transport:0,I078,mass_transport,w-pc-13,4,No unit able to provide mass transport could reach this ward within 45 minutes without pulling a unit off a higher-severity ward.
580.0,2025-09-28T20:40:00Z,REPLAY,predicted,I078:mass_transport:1,I078,mass_transport,w-pc-13,4,No unit able to provide mass transport could reach this ward within 45 minutes without pulling a unit off a higher-severity ward.
580.0,2025-09-28T20:40:00Z,REPLAY,predicted,I079:mass_transport:0,I079,mass_transport,w-pc-04,4,No unit able to provide mass transport could reach this ward within 45 minutes without pulling a unit off a higher-severity ward.
580.0,2025-09-28T20:40:00Z,REPLAY,predicted,I079:mass_transport:1,I079,mass_transport,w-pc-04,4,No unit able to provide mass transport could reach this ward within 45 minutes without pulling a unit off a higher-severity ward.
580.0,2025-09-28T20:40:00Z,REPLAY,predicted,I080:mass_transport:0,I080,mass_transport,w-pc-07,4,No unit able to provide mass transport could reach this ward within 45 minutes without pulling a unit off a higher-severity ward.
580.0,2025-09-28T20:40:00Z,REPLAY,predicted,I080:mass_transport:1,I080,mass_transport,w-pc-07,4,No unit able to provide mass transport could reach this ward within 45 minutes without pulling a unit off a higher-severity ward.
580.0,2025-09-28T20:40:00Z,REPLAY,predicted,I082:mass_transport:0,I082,mass_transport,w-pc-09,5,No unit able to provide mass transport could reach this ward within 45 minutes without pulling a unit off a higher-severity ward.
580.0,2025-09-28T20:40:00Z,REPLAY,predicted,I082:mass_transport:1,I082,mass_transport,w-pc-09,5,No unit able to provide mass transport could reach this ward within 45 minutes without pulling a unit off a higher-severity ward.
580.0,2025-09-28T20:40:00Z,REPLAY,predicted,I082:mass_transport:2,I082,mass_transport,w-pc-09,5,No unit able to provide mass transport could reach this ward within 45 minutes without pulling a unit off a higher-severity ward.
580.0,2025-09-28T20:40:00Z,REPLAY,predicted,I086:mass_transport:0,I086,mass_transport,w-pc-09,4,No unit able to provide mass transport could reach this ward within 45 minutes without pulling a unit off a higher-severity ward.
580.0,2025-09-28T20:40:00Z,REPLAY,predicted,I086:mass_transport:1,I086,mass_transport,w-pc-09,4,No unit able to provide mass transport could reach this ward within 45 minutes without pulling a unit off a higher-severity ward.
580.0,2025-09-28T20:40:00Z,REPLAY,predicted,I088:mass_transport:0,I088,mass_transport,w-pc-08,4,No unit able to provide mass transport could reach this ward within 45 minutes without pulling a unit off a higher-severity ward.
580.0,2025-09-28T20:40:00Z,REPLAY,predicted,I088:mass_transport:1,I088,mass_transport,w-pc-08,4,No unit able to provide mass transport could reach this ward within 45 minutes without pulling a unit off a higher-severity ward.
580.0,2025-09-28T20:40:00Z,REPLAY,predicted,I089:mass_transport:0,I089,mass_transport,w-pc-13,4,No unit able to provide mass transport could reach this ward within 45 minutes without pulling a unit off a higher-severity ward.
580.0,2025-09-28T20:40:00Z,REPLAY,predicted,I092:mass_transport:0,I092,mass_transport,w-pc-11,5,No unit able to provide mass transport could reach this ward within 45 minutes without pulling a unit off a higher-severity ward.
580.0,2025-09-28T20:40:00Z,REPLAY,predicted,I092:mass_transport:1,I092,mass_transport,w-pc-11,5,No unit able to provide mass transport could reach this ward within 45 minutes without pulling a unit off a higher-severity ward.
580.0,2025-09-28T20:40:00Z,REPLAY,predicted,I092:mass_transport:2,I092,mass_transport,w-pc-11,5,No unit able to provide mass transport could reach this ward within 45 minutes without pulling a unit off a higher-severity ward.
580.0,2025-09-28T20:40:00Z,REPLAY,predicted,I093:mass_transport:0,I093,mass_transport,w-pc-11,4,No unit able to provide mass transport could reach this ward within 45 minutes without pulling a unit off a higher-severity ward.
580.0,2025-09-28T20:40:00Z,REPLAY,predicted,I093:mass_transport:1,I093,mass_transport,w-pc-11,4,No unit able to provide mass transport could reach this ward within 45 minutes without pulling a unit off a higher-severity ward.
580.0,2025-09-28T20:40:00Z,REPLAY,predicted,I095:mass_transport:0,I095,mass_transport,w-pc-07,4,No unit able to provide mass transport could reach this ward within 45 minutes without pulling a unit off a higher-severity ward.
580.0,2025-09-28T20:40:00Z,REPLAY,predicted,I096:mass_transport:0,I096,mass_transport,w-pc-03,5,No unit able to provide mass transport could reach this ward within 45 minutes without pulling a unit off a higher-severity ward.
580.0,2025-09-28T20:40:00Z,REPLAY,predicted,I096:mass_transport:1,I096,mass_transport,w-pc-03,5,No unit able to provide mass transport could reach this ward within 45 minutes without pulling a unit off a higher-severity ward.
580.0,2025-09-28T20:40:00Z,REPLAY,predicted,I096:mass_transport:2,I096,mass_transport,w-pc-03,5,No unit able to provide mass transport could reach this ward within 45 minutes without pulling a unit off a higher-severity ward.
580.0,2025-09-28T20:40:00Z,REPLAY,predicted,I098:mass_transport:0,I098,mass_transport,w-pc-11,5,No unit able to provide mass transport could reach this ward within 45 minutes without pulling a unit off a higher-severity ward.
580.0,2025-09-28T20:40:00Z,REPLAY,predicted,I098:mass_transport:1,I098,mass_transport,w-pc-11,5,No unit able to provide mass transport could reach this ward within 45 minutes without pulling a unit off a higher-severity ward.
580.0,2025-09-28T20:40:00Z,REPLAY,predicted,I098:mass_transport:2,I098,mass_transport,w-pc-11,5,No unit able to provide mass transport could reach this ward within 45 minutes without pulling a unit off a higher-severity ward.
580.0,2025-09-28T20:40:00Z,REPLAY,predicted,I106:mass_transport:0,I106,mass_transport,w-pc-11,4,No unit able to provide mass transport could reach this ward within 45 minutes without pulling a unit off a higher-severity ward.
580.0,2025-09-28T20:40:00Z,REPLAY,predicted,I106:mass_transport:1,I106,mass_transport,w-pc-11,4,No unit able to provide mass transport could reach this ward within 45 minutes without pulling a unit off a higher-severity ward.
580.0,2025-09-28T20:40:00Z,REPLAY,predicted,I108:mass_transport:0,I108,mass_transport,w-pc-07,5,No unit able to provide mass transport could reach this ward within 45 minutes without pulling a unit off a higher-severity ward.
580.0,2025-09-28T20:40:00Z,REPLAY,predicted,I108:mass_transport:1,I108,mass_transport,w-pc-07,5,No unit able to provide mass transport could reach this ward within 45 minutes without pulling a unit off a higher-severity ward.
580.0,2025-09-28T20:40:00Z,REPLAY,predicted,I108:mass_transport:2,I108,mass_transport,w-pc-07,5,No unit able to provide mass transport could reach this ward within 45 minutes without pulling a unit off a higher-severity ward.
580.0,2025-09-28T20:40:00Z,REPLAY,predicted,I115:traffic_control:0,I115,traffic_control,w-pc-11,4,No unit able to provide traffic control could reach this ward within 45 minutes without pulling a unit off a higher-severity ward.
580.0,2025-09-28T20:40:00Z,REPLAY,predicted,I117:mass_transport:0,I117,mass_transport,w-pc-14,4,No unit able to provide mass transport could reach this ward within 45 minutes without pulling a unit off a higher-severity ward.
580.0,2025-09-28T20:40:00Z,REPLAY,predicted,I117:mass_transport:1,I117,mass_transport,w-pc-14,4,No unit able to provide mass transport could reach this ward within 45 minutes without pulling a unit off a higher-severity ward.
590.0,2025-09-28T20:50:00Z,REPLAY,predicted,I001:mass_transport:0,I001,mass_transport,w-pc-11,5,No unit able to provide mass transport could reach this ward within 45 minutes without pulling a unit off a higher-severity ward.
590.0,2025-09-28T20:50:00Z,REPLAY,predicted,I001:mass_transport:1,I001,mass_transport,w-pc-11,5,No unit able to provide mass transport could reach this ward within 45 minutes without pulling a unit off a higher-severity ward.
590.0,2025-09-28T20:50:00Z,REPLAY,predicted,I001:mass_transport:2,I001,mass_transport,w-pc-11,5,No unit able to provide mass transport could reach this ward within 45 minutes without pulling a unit off a higher-severity ward.
590.0,2025-09-28T20:50:00Z,REPLAY,predicted,I006:mass_transport:0,I006,mass_transport,w-pc-14,5,No unit able to provide mass transport could reach this ward within 45 minutes without pulling a unit off a higher-severity ward.
590.0,2025-09-28T20:50:00Z,REPLAY,predicted,I006:mass_transport:1,I006,mass_transport,w-pc-14,5,No unit able to provide mass transport could reach this ward within 45 minutes without pulling a unit off a higher-severity ward.
590.0,2025-09-28T20:50:00Z,REPLAY,predicted,I006:mass_transport:2,I006,mass_transport,w-pc-14,5,No unit able to provide mass transport could reach this ward within 45 minutes without pulling a unit off a higher-severity ward.
590.0,2025-09-28T20:50:00Z,REPLAY,predicted,I009:mass_transport:0,I009,mass_transport,w-pc-07,4,No unit able to provide mass transport could reach this ward within 45 minutes without pulling a unit off a higher-severity ward.
590.0,2025-09-28T20:50:00Z,REPLAY,predicted,I009:mass_transport:1,I009,mass_transport,w-pc-07,4,No unit able to provide mass transport could reach this ward within 45 minutes without pulling a unit off a higher-severity ward.
590.0,2025-09-28T20:50:00Z,REPLAY,predicted,I011:mass_transport:0,I011,mass_transport,w-pc-14,4,No unit able to provide mass transport could reach this ward within 45 minutes without pulling a unit off a higher-severity ward.
590.0,2025-09-28T20:50:00Z,REPLAY,predicted,I011:mass_transport:1,I011,mass_transport,w-pc-14,4,No unit able to provide mass transport could reach this ward within 45 minutes without pulling a unit off a higher-severity ward.
590.0,2025-09-28T20:50:00Z,REPLAY,predicted,I015:mass_transport:0,I015,mass_transport,w-pc-11,4,No unit able to provide mass transport could reach this ward within 45 minutes without pulling a unit off a higher-severity ward.
590.0,2025-09-28T20:50:00Z,REPLAY,predicted,I015:mass_transport:1,I015,mass_transport,w-pc-11,4,No unit able to provide mass transport could reach this ward within 45 minutes without pulling a unit off a higher-severity ward.
590.0,2025-09-28T20:50:00Z,REPLAY,predicted,I024:mass_transport:0,I024,mass_transport,w-pc-06,4,No unit able to provide mass transport could reach this ward within 45 minutes without pulling a unit off a higher-severity ward.
590.0,2025-09-28T20:50:00Z,REPLAY,predicted,I024:mass_transport:1,I024,mass_transport,w-pc-06,4,No unit able to provide mass transport could reach this ward within 45 minutes without pulling a unit off a higher-severity ward.
590.0,2025-09-28T20:50:00Z,REPLAY,predicted,I027:mass_transport:0,I027,mass_transport,w-pc-10,4,No unit able to provide mass transport could reach this ward within 45 minutes without pulling a unit off a higher-severity ward.
590.0,2025-09-28T20:50:00Z,REPLAY,predicted,I027:mass_transport:1,I027,mass_transport,w-pc-10,4,No unit able to provide mass transport could reach this ward within 45 minutes without pulling a unit off a higher-severity ward.
590.0,2025-09-28T20:50:00Z,REPLAY,predicted,I029:mass_transport:0,I029,mass_transport,w-pc-13,4,No unit able to provide mass transport could reach this ward within 45 minutes without pulling a unit off a higher-severity ward.
590.0,2025-09-28T20:50:00Z,REPLAY,predicted,I030:mass_transport:0,I030,mass_transport,w-pc-06,4,No unit able to provide mass transport could reach this ward within 45 minutes without pulling a unit off a higher-severity ward.
590.0,2025-09-28T20:50:00Z,REPLAY,predicted,I030:mass_transport:1,I030,mass_transport,w-pc-06,4,No unit able to provide mass transport could reach this ward within 45 minutes without pulling a unit off a higher-severity ward.
590.0,2025-09-28T20:50:00Z,REPLAY,predicted,I036:mass_transport:0,I036,mass_transport,w-pc-11,5,No unit able to provide mass transport could reach this ward within 45 minutes without pulling a unit off a higher-severity ward.
590.0,2025-09-28T20:50:00Z,REPLAY,predicted,I036:mass_transport:1,I036,mass_transport,w-pc-11,5,No unit able to provide mass transport could reach this ward within 45 minutes without pulling a unit off a higher-severity ward.
590.0,2025-09-28T20:50:00Z,REPLAY,predicted,I036:mass_transport:2,I036,mass_transport,w-pc-11,5,No unit able to provide mass transport could reach this ward within 45 minutes without pulling a unit off a higher-severity ward.
590.0,2025-09-28T20:50:00Z,REPLAY,predicted,I040:mass_transport:0,I040,mass_transport,w-pc-13,4,No unit able to provide mass transport could reach this ward within 45 minutes without pulling a unit off a higher-severity ward.
590.0,2025-09-28T20:50:00Z,REPLAY,predicted,I047:mass_transport:0,I047,mass_transport,w-pc-11,5,No unit able to provide mass transport could reach this ward within 45 minutes without pulling a unit off a higher-severity ward.
590.0,2025-09-28T20:50:00Z,REPLAY,predicted,I047:mass_transport:1,I047,mass_transport,w-pc-11,5,No unit able to provide mass transport could reach this ward within 45 minutes without pulling a unit off a higher-severity ward.
590.0,2025-09-28T20:50:00Z,REPLAY,predicted,I047:mass_transport:2,I047,mass_transport,w-pc-11,5,No unit able to provide mass transport could reach this ward within 45 minutes without pulling a unit off a higher-severity ward.
590.0,2025-09-28T20:50:00Z,REPLAY,predicted,I049:mass_transport:0,I049,mass_transport,w-pc-07,5,No unit able to provide mass transport could reach this ward within 45 minutes without pulling a unit off a higher-severity ward.
590.0,2025-09-28T20:50:00Z,REPLAY,predicted,I049:mass_transport:1,I049,mass_transport,w-pc-07,5,No unit able to provide mass transport could reach this ward within 45 minutes without pulling a unit off a higher-severity ward.
590.0,2025-09-28T20:50:00Z,REPLAY,predicted,I049:mass_transport:2,I049,mass_transport,w-pc-07,5,No unit able to provide mass transport could reach this ward within 45 minutes without pulling a unit off a higher-severity ward.
590.0,2025-09-28T20:50:00Z,REPLAY,predicted,I055:mass_transport:0,I055,mass_transport,w-pc-10,5,No unit able to provide mass transport could reach this ward within 45 minutes without pulling a unit off a higher-severity ward.
590.0,2025-09-28T20:50:00Z,REPLAY,predicted,I055:mass_transport:1,I055,mass_transport,w-pc-10,5,No unit able to provide mass transport could reach this ward within 45 minutes without pulling a unit off a higher-severity ward.
590.0,2025-09-28T20:50:00Z,REPLAY,predicted,I055:mass_transport:2,I055,mass_transport,w-pc-10,5,No unit able to provide mass transport could reach this ward within 45 minutes without pulling a unit off a higher-severity ward.
590.0,2025-09-28T20:50:00Z,REPLAY,predicted,I061:mass_transport:0,I061,mass_transport,w-pc-06,5,No unit able to provide mass transport could reach this ward within 45 minutes without pulling a unit off a higher-severity ward.
590.0,2025-09-28T20:50:00Z,REPLAY,predicted,I061:mass_transport:1,I061,mass_transport,w-pc-06,5,No unit able to provide mass transport could reach this ward within 45 minutes without pulling a unit off a higher-severity ward.
590.0,2025-09-28T20:50:00Z,REPLAY,predicted,I061:mass_transport:2,I061,mass_transport,w-pc-06,5,No unit able to provide mass transport could reach this ward within 45 minutes without pulling a unit off a higher-severity ward.
590.0,2025-09-28T20:50:00Z,REPLAY,predicted,I062:mass_transport:0,I062,mass_transport,w-pc-11,5,No unit able to provide mass transport could reach this ward within 45 minutes without pulling a unit off a higher-severity ward.
590.0,2025-09-28T20:50:00Z,REPLAY,predicted,I062:mass_transport:1,I062,mass_transport,w-pc-11,5,No unit able to provide mass transport could reach this ward within 45 minutes without pulling a unit off a higher-severity ward.
590.0,2025-09-28T20:50:00Z,REPLAY,predicted,I062:mass_transport:2,I062,mass_transport,w-pc-11,5,No unit able to provide mass transport could reach this ward within 45 minutes without pulling a unit off a higher-severity ward.
590.0,2025-09-28T20:50:00Z,REPLAY,predicted,I063:mass_transport:0,I063,mass_transport,w-pc-10,4,No unit able to provide mass transport could reach this ward within 45 minutes without pulling a unit off a higher-severity ward.
590.0,2025-09-28T20:50:00Z,REPLAY,predicted,I063:mass_transport:1,I063,mass_transport,w-pc-10,4,No unit able to provide mass transport could reach this ward within 45 minutes without pulling a unit off a higher-severity ward.
590.0,2025-09-28T20:50:00Z,REPLAY,predicted,I064:mass_transport:0,I064,mass_transport,w-pc-13,5,No unit able to provide mass transport could reach this ward within 45 minutes without pulling a unit off a higher-severity ward.
590.0,2025-09-28T20:50:00Z,REPLAY,predicted,I064:mass_transport:1,I064,mass_transport,w-pc-13,5,No unit able to provide mass transport could reach this ward within 45 minutes without pulling a unit off a higher-severity ward.
590.0,2025-09-28T20:50:00Z,REPLAY,predicted,I064:mass_transport:2,I064,mass_transport,w-pc-13,5,No unit able to provide mass transport could reach this ward within 45 minutes without pulling a unit off a higher-severity ward.
590.0,2025-09-28T20:50:00Z,REPLAY,predicted,I066:mass_transport:0,I066,mass_transport,w-pc-11,4,No unit able to provide mass transport could reach this ward within 45 minutes without pulling a unit off a higher-severity ward.
590.0,2025-09-28T20:50:00Z,REPLAY,predicted,I066:mass_transport:1,I066,mass_transport,w-pc-11,4,No unit able to provide mass transport could reach this ward within 45 minutes without pulling a unit off a higher-severity ward.
590.0,2025-09-28T20:50:00Z,REPLAY,predicted,I069:mass_transport:0,I069,mass_transport,w-pc-10,4,No unit able to provide mass transport could reach this ward within 45 minutes without pulling a unit off a higher-severity ward.
590.0,2025-09-28T20:50:00Z,REPLAY,predicted,I069:mass_transport:1,I069,mass_transport,w-pc-10,4,No unit able to provide mass transport could reach this ward within 45 minutes without pulling a unit off a higher-severity ward.
590.0,2025-09-28T20:50:00Z,REPLAY,predicted,I072:mass_transport:0,I072,mass_transport,w-pc-07,4,No unit able to provide mass transport could reach this ward within 45 minutes without pulling a unit off a higher-severity ward.
590.0,2025-09-28T20:50:00Z,REPLAY,predicted,I072:mass_transport:1,I072,mass_transport,w-pc-07,4,No unit able to provide mass transport could reach this ward within 45 minutes without pulling a unit off a higher-severity ward.
590.0,2025-09-28T20:50:00Z,REPLAY,predicted,I073:mass_transport:0,I073,mass_transport,w-pc-14,4,No unit able to provide mass transport could reach this ward within 45 minutes without pulling a unit off a higher-severity ward.
590.0,2025-09-28T20:50:00Z,REPLAY,predicted,I073:mass_transport:1,I073,mass_transport,w-pc-14,4,No unit able to provide mass transport could reach this ward within 45 minutes without pulling a unit off a higher-severity ward.
590.0,2025-09-28T20:50:00Z,REPLAY,predicted,I075:mass_transport:0,I075,mass_transport,w-pc-02,4,No unit able to provide mass transport could reach this ward within 45 minutes without pulling a unit off a higher-severity ward.
590.0,2025-09-28T20:50:00Z,REPLAY,predicted,I075:mass_transport:1,I075,mass_transport,w-pc-02,4,No unit able to provide mass transport could reach this ward within 45 minutes without pulling a unit off a higher-severity ward.
590.0,2025-09-28T20:50:00Z,REPLAY,predicted,I078:mass_transport:0,I078,mass_transport,w-pc-13,4,No unit able to provide mass transport could reach this ward within 45 minutes without pulling a unit off a higher-severity ward.
590.0,2025-09-28T20:50:00Z,REPLAY,predicted,I078:mass_transport:1,I078,mass_transport,w-pc-13,4,No unit able to provide mass transport could reach this ward within 45 minutes without pulling a unit off a higher-severity ward.
590.0,2025-09-28T20:50:00Z,REPLAY,predicted,I079:mass_transport:0,I079,mass_transport,w-pc-04,4,No unit able to provide mass transport could reach this ward within 45 minutes without pulling a unit off a higher-severity ward.
590.0,2025-09-28T20:50:00Z,REPLAY,predicted,I079:mass_transport:1,I079,mass_transport,w-pc-04,4,No unit able to provide mass transport could reach this ward within 45 minutes without pulling a unit off a higher-severity ward.
590.0,2025-09-28T20:50:00Z,REPLAY,predicted,I080:mass_transport:0,I080,mass_transport,w-pc-07,4,No unit able to provide mass transport could reach this ward within 45 minutes without pulling a unit off a higher-severity ward.
590.0,2025-09-28T20:50:00Z,REPLAY,predicted,I080:mass_transport:1,I080,mass_transport,w-pc-07,4,No unit able to provide mass transport could reach this ward within 45 minutes without pulling a unit off a higher-severity ward.
590.0,2025-09-28T20:50:00Z,REPLAY,predicted,I082:mass_transport:0,I082,mass_transport,w-pc-09,5,No unit able to provide mass transport could reach this ward within 45 minutes without pulling a unit off a higher-severity ward.
590.0,2025-09-28T20:50:00Z,REPLAY,predicted,I082:mass_transport:1,I082,mass_transport,w-pc-09,5,No unit able to provide mass transport could reach this ward within 45 minutes without pulling a unit off a higher-severity ward.
590.0,2025-09-28T20:50:00Z,REPLAY,predicted,I082:mass_transport:2,I082,mass_transport,w-pc-09,5,No unit able to provide mass transport could reach this ward within 45 minutes without pulling a unit off a higher-severity ward.
590.0,2025-09-28T20:50:00Z,REPLAY,predicted,I086:mass_transport:0,I086,mass_transport,w-pc-09,4,No unit able to provide mass transport could reach this ward within 45 minutes without pulling a unit off a higher-severity ward.
590.0,2025-09-28T20:50:00Z,REPLAY,predicted,I086:mass_transport:1,I086,mass_transport,w-pc-09,4,No unit able to provide mass transport could reach this ward within 45 minutes without pulling a unit off a higher-severity ward.
590.0,2025-09-28T20:50:00Z,REPLAY,predicted,I088:mass_transport:0,I088,mass_transport,w-pc-08,4,No unit able to provide mass transport could reach this ward within 45 minutes without pulling a unit off a higher-severity ward.
590.0,2025-09-28T20:50:00Z,REPLAY,predicted,I088:mass_transport:1,I088,mass_transport,w-pc-08,4,No unit able to provide mass transport could reach this ward within 45 minutes without pulling a unit off a higher-severity ward.
590.0,2025-09-28T20:50:00Z,REPLAY,predicted,I089:mass_transport:0,I089,mass_transport,w-pc-13,4,No unit able to provide mass transport could reach this ward within 45 minutes without pulling a unit off a higher-severity ward.
590.0,2025-09-28T20:50:00Z,REPLAY,predicted,I092:mass_transport:0,I092,mass_transport,w-pc-11,5,No unit able to provide mass transport could reach this ward within 45 minutes without pulling a unit off a higher-severity ward.
590.0,2025-09-28T20:50:00Z,REPLAY,predicted,I092:mass_transport:1,I092,mass_transport,w-pc-11,5,No unit able to provide mass transport could reach this ward within 45 minutes without pulling a unit off a higher-severity ward.
590.0,2025-09-28T20:50:00Z,REPLAY,predicted,I092:mass_transport:2,I092,mass_transport,w-pc-11,5,No unit able to provide mass transport could reach this ward within 45 minutes without pulling a unit off a higher-severity ward.
590.0,2025-09-28T20:50:00Z,REPLAY,predicted,I093:mass_transport:0,I093,mass_transport,w-pc-11,4,No unit able to provide mass transport could reach this ward within 45 minutes without pulling a unit off a higher-severity ward.
590.0,2025-09-28T20:50:00Z,REPLAY,predicted,I093:mass_transport:1,I093,mass_transport,w-pc-11,4,No unit able to provide mass transport could reach this ward within 45 minutes without pulling a unit off a higher-severity ward.
590.0,2025-09-28T20:50:00Z,REPLAY,predicted,I095:mass_transport:0,I095,mass_transport,w-pc-07,4,No unit able to provide mass transport could reach this ward within 45 minutes without pulling a unit off a higher-severity ward.
590.0,2025-09-28T20:50:00Z,REPLAY,predicted,I096:mass_transport:0,I096,mass_transport,w-pc-03,5,No unit able to provide mass transport could reach this ward within 45 minutes without pulling a unit off a higher-severity ward.
590.0,2025-09-28T20:50:00Z,REPLAY,predicted,I096:mass_transport:1,I096,mass_transport,w-pc-03,5,No unit able to provide mass transport could reach this ward within 45 minutes without pulling a unit off a higher-severity ward.
590.0,2025-09-28T20:50:00Z,REPLAY,predicted,I096:mass_transport:2,I096,mass_transport,w-pc-03,5,No unit able to provide mass transport could reach this ward within 45 minutes without pulling a unit off a higher-severity ward.
590.0,2025-09-28T20:50:00Z,REPLAY,predicted,I098:mass_transport:0,I098,mass_transport,w-pc-11,5,No unit able to provide mass transport could reach this ward within 45 minutes without pulling a unit off a higher-severity ward.
590.0,2025-09-28T20:50:00Z,REPLAY,predicted,I098:mass_transport:1,I098,mass_transport,w-pc-11,5,No unit able to provide mass transport could reach this ward within 45 minutes without pulling a unit off a higher-severity ward.
590.0,2025-09-28T20:50:00Z,REPLAY,predicted,I098:mass_transport:2,I098,mass_transport,w-pc-11,5,No unit able to provide mass transport could reach this ward within 45 minutes without pulling a unit off a higher-severity ward.
590.0,2025-09-28T20:50:00Z,REPLAY,predicted,I106:mass_transport:0,I106,mass_transport,w-pc-11,4,No unit able to provide mass transport could reach this ward within 45 minutes without pulling a unit off a higher-severity ward.
590.0,2025-09-28T20:50:00Z,REPLAY,predicted,I106:mass_transport:1,I106,mass_transport,w-pc-11,4,No unit able to provide mass transport could reach this ward within 45 minutes without pulling a unit off a higher-severity ward.
590.0,2025-09-28T20:50:00Z,REPLAY,predicted,I108:mass_transport:0,I108,mass_transport,w-pc-07,5,No unit able to provide mass transport could reach this ward within 45 minutes without pulling a unit off a higher-severity ward.
590.0,2025-09-28T20:50:00Z,REPLAY,predicted,I108:mass_transport:1,I108,mass_transport,w-pc-07,5,No unit able to provide mass transport could reach this ward within 45 minutes without pulling a unit off a higher-severity ward.
590.0,2025-09-28T20:50:00Z,REPLAY,predicted,I108:mass_transport:2,I108,mass_transport,w-pc-07,5,No unit able to provide mass transport could reach this ward within 45 minutes without pulling a unit off a higher-severity ward.
590.0,2025-09-28T20:50:00Z,REPLAY,predicted,I115:traffic_control:0,I115,traffic_control,w-pc-11,4,No unit able to provide traffic control could reach this ward within 45 minutes without pulling a unit off a higher-severity ward.
590.0,2025-09-28T20:50:00Z,REPLAY,predicted,I117:mass_transport:0,I117,mass_transport,w-pc-14,4,No unit able to provide mass transport could reach this ward within 45 minutes without pulling a unit off a higher-severity ward.
590.0,2025-09-28T20:50:00Z,REPLAY,predicted,I117:mass_transport:1,I117,mass_transport,w-pc-14,4,No unit able to provide mass transport could reach this ward within 45 minutes without pulling a unit off a higher-severity ward.
590.0,2025-09-28T20:50:00Z,REPLAY,predicted,I118:mass_transport:0,I118,mass_transport,w-pc-06,4,No unit able to provide mass transport could reach this ward within 45 minutes without pulling a unit off a higher-severity ward.
590.0,2025-09-28T20:50:00Z,REPLAY,predicted,I118:mass_transport:1,I118,mass_transport,w-pc-06,4,No unit able to provide mass transport could reach this ward within 45 minutes without pulling a unit off a higher-severity ward.
600.0,2025-09-28T21:00:00Z,REPLAY,predicted,I001:mass_transport:0,I001,mass_transport,w-pc-11,5,No unit able to provide mass transport could reach this ward within 45 minutes without pulling a unit off a higher-severity ward.
600.0,2025-09-28T21:00:00Z,REPLAY,predicted,I001:mass_transport:1,I001,mass_transport,w-pc-11,5,No unit able to provide mass transport could reach this ward within 45 minutes without pulling a unit off a higher-severity ward.
600.0,2025-09-28T21:00:00Z,REPLAY,predicted,I001:mass_transport:2,I001,mass_transport,w-pc-11,5,No unit able to provide mass transport could reach this ward within 45 minutes without pulling a unit off a higher-severity ward.
600.0,2025-09-28T21:00:00Z,REPLAY,predicted,I006:mass_transport:0,I006,mass_transport,w-pc-14,5,No unit able to provide mass transport could reach this ward within 45 minutes without pulling a unit off a higher-severity ward.
600.0,2025-09-28T21:00:00Z,REPLAY,predicted,I006:mass_transport:1,I006,mass_transport,w-pc-14,5,No unit able to provide mass transport could reach this ward within 45 minutes without pulling a unit off a higher-severity ward.
600.0,2025-09-28T21:00:00Z,REPLAY,predicted,I006:mass_transport:2,I006,mass_transport,w-pc-14,5,No unit able to provide mass transport could reach this ward within 45 minutes without pulling a unit off a higher-severity ward.
600.0,2025-09-28T21:00:00Z,REPLAY,predicted,I009:mass_transport:0,I009,mass_transport,w-pc-07,4,No unit able to provide mass transport could reach this ward within 45 minutes without pulling a unit off a higher-severity ward.
600.0,2025-09-28T21:00:00Z,REPLAY,predicted,I009:mass_transport:1,I009,mass_transport,w-pc-07,4,No unit able to provide mass transport could reach this ward within 45 minutes without pulling a unit off a higher-severity ward.
600.0,2025-09-28T21:00:00Z,REPLAY,predicted,I011:mass_transport:0,I011,mass_transport,w-pc-14,4,No unit able to provide mass transport could reach this ward within 45 minutes without pulling a unit off a higher-severity ward.
600.0,2025-09-28T21:00:00Z,REPLAY,predicted,I011:mass_transport:1,I011,mass_transport,w-pc-14,4,No unit able to provide mass transport could reach this ward within 45 minutes without pulling a unit off a higher-severity ward.
600.0,2025-09-28T21:00:00Z,REPLAY,predicted,I015:mass_transport:0,I015,mass_transport,w-pc-11,4,No unit able to provide mass transport could reach this ward within 45 minutes without pulling a unit off a higher-severity ward.
600.0,2025-09-28T21:00:00Z,REPLAY,predicted,I015:mass_transport:1,I015,mass_transport,w-pc-11,4,No unit able to provide mass transport could reach this ward within 45 minutes without pulling a unit off a higher-severity ward.
600.0,2025-09-28T21:00:00Z,REPLAY,predicted,I024:mass_transport:0,I024,mass_transport,w-pc-06,4,No unit able to provide mass transport could reach this ward within 45 minutes without pulling a unit off a higher-severity ward.
600.0,2025-09-28T21:00:00Z,REPLAY,predicted,I024:mass_transport:1,I024,mass_transport,w-pc-06,4,No unit able to provide mass transport could reach this ward within 45 minutes without pulling a unit off a higher-severity ward.
600.0,2025-09-28T21:00:00Z,REPLAY,predicted,I027:mass_transport:0,I027,mass_transport,w-pc-10,4,No unit able to provide mass transport could reach this ward within 45 minutes without pulling a unit off a higher-severity ward.
600.0,2025-09-28T21:00:00Z,REPLAY,predicted,I027:mass_transport:1,I027,mass_transport,w-pc-10,4,No unit able to provide mass transport could reach this ward within 45 minutes without pulling a unit off a higher-severity ward.
600.0,2025-09-28T21:00:00Z,REPLAY,predicted,I029:mass_transport:0,I029,mass_transport,w-pc-13,4,No unit able to provide mass transport could reach this ward within 45 minutes without pulling a unit off a higher-severity ward.
600.0,2025-09-28T21:00:00Z,REPLAY,predicted,I030:mass_transport:0,I030,mass_transport,w-pc-06,4,No unit able to provide mass transport could reach this ward within 45 minutes without pulling a unit off a higher-severity ward.
600.0,2025-09-28T21:00:00Z,REPLAY,predicted,I030:mass_transport:1,I030,mass_transport,w-pc-06,4,No unit able to provide mass transport could reach this ward within 45 minutes without pulling a unit off a higher-severity ward.
600.0,2025-09-28T21:00:00Z,REPLAY,predicted,I036:mass_transport:0,I036,mass_transport,w-pc-11,5,No unit able to provide mass transport could reach this ward within 45 minutes without pulling a unit off a higher-severity ward.
600.0,2025-09-28T21:00:00Z,REPLAY,predicted,I036:mass_transport:1,I036,mass_transport,w-pc-11,5,No unit able to provide mass transport could reach this ward within 45 minutes without pulling a unit off a higher-severity ward.
600.0,2025-09-28T21:00:00Z,REPLAY,predicted,I036:mass_transport:2,I036,mass_transport,w-pc-11,5,No unit able to provide mass transport could reach this ward within 45 minutes without pulling a unit off a higher-severity ward.
600.0,2025-09-28T21:00:00Z,REPLAY,predicted,I040:mass_transport:0,I040,mass_transport,w-pc-13,4,No unit able to provide mass transport could reach this ward within 45 minutes without pulling a unit off a higher-severity ward.
600.0,2025-09-28T21:00:00Z,REPLAY,predicted,I047:mass_transport:0,I047,mass_transport,w-pc-11,5,No unit able to provide mass transport could reach this ward within 45 minutes without pulling a unit off a higher-severity ward.
600.0,2025-09-28T21:00:00Z,REPLAY,predicted,I047:mass_transport:1,I047,mass_transport,w-pc-11,5,No unit able to provide mass transport could reach this ward within 45 minutes without pulling a unit off a higher-severity ward.
600.0,2025-09-28T21:00:00Z,REPLAY,predicted,I047:mass_transport:2,I047,mass_transport,w-pc-11,5,No unit able to provide mass transport could reach this ward within 45 minutes without pulling a unit off a higher-severity ward.
600.0,2025-09-28T21:00:00Z,REPLAY,predicted,I049:mass_transport:0,I049,mass_transport,w-pc-07,5,No unit able to provide mass transport could reach this ward within 45 minutes without pulling a unit off a higher-severity ward.
600.0,2025-09-28T21:00:00Z,REPLAY,predicted,I049:mass_transport:1,I049,mass_transport,w-pc-07,5,No unit able to provide mass transport could reach this ward within 45 minutes without pulling a unit off a higher-severity ward.
600.0,2025-09-28T21:00:00Z,REPLAY,predicted,I049:mass_transport:2,I049,mass_transport,w-pc-07,5,No unit able to provide mass transport could reach this ward within 45 minutes without pulling a unit off a higher-severity ward.
600.0,2025-09-28T21:00:00Z,REPLAY,predicted,I055:mass_transport:0,I055,mass_transport,w-pc-10,5,No unit able to provide mass transport could reach this ward within 45 minutes without pulling a unit off a higher-severity ward.
600.0,2025-09-28T21:00:00Z,REPLAY,predicted,I055:mass_transport:1,I055,mass_transport,w-pc-10,5,No unit able to provide mass transport could reach this ward within 45 minutes without pulling a unit off a higher-severity ward.
600.0,2025-09-28T21:00:00Z,REPLAY,predicted,I055:mass_transport:2,I055,mass_transport,w-pc-10,5,No unit able to provide mass transport could reach this ward within 45 minutes without pulling a unit off a higher-severity ward.
600.0,2025-09-28T21:00:00Z,REPLAY,predicted,I061:mass_transport:0,I061,mass_transport,w-pc-06,5,No unit able to provide mass transport could reach this ward within 45 minutes without pulling a unit off a higher-severity ward.
600.0,2025-09-28T21:00:00Z,REPLAY,predicted,I061:mass_transport:1,I061,mass_transport,w-pc-06,5,No unit able to provide mass transport could reach this ward within 45 minutes without pulling a unit off a higher-severity ward.
600.0,2025-09-28T21:00:00Z,REPLAY,predicted,I061:mass_transport:2,I061,mass_transport,w-pc-06,5,No unit able to provide mass transport could reach this ward within 45 minutes without pulling a unit off a higher-severity ward.
600.0,2025-09-28T21:00:00Z,REPLAY,predicted,I062:mass_transport:0,I062,mass_transport,w-pc-11,5,No unit able to provide mass transport could reach this ward within 45 minutes without pulling a unit off a higher-severity ward.
600.0,2025-09-28T21:00:00Z,REPLAY,predicted,I062:mass_transport:1,I062,mass_transport,w-pc-11,5,No unit able to provide mass transport could reach this ward within 45 minutes without pulling a unit off a higher-severity ward.
600.0,2025-09-28T21:00:00Z,REPLAY,predicted,I062:mass_transport:2,I062,mass_transport,w-pc-11,5,No unit able to provide mass transport could reach this ward within 45 minutes without pulling a unit off a higher-severity ward.
600.0,2025-09-28T21:00:00Z,REPLAY,predicted,I063:mass_transport:0,I063,mass_transport,w-pc-10,4,No unit able to provide mass transport could reach this ward within 45 minutes without pulling a unit off a higher-severity ward.
600.0,2025-09-28T21:00:00Z,REPLAY,predicted,I063:mass_transport:1,I063,mass_transport,w-pc-10,4,No unit able to provide mass transport could reach this ward within 45 minutes without pulling a unit off a higher-severity ward.
600.0,2025-09-28T21:00:00Z,REPLAY,predicted,I064:mass_transport:0,I064,mass_transport,w-pc-13,5,No unit able to provide mass transport could reach this ward within 45 minutes without pulling a unit off a higher-severity ward.
600.0,2025-09-28T21:00:00Z,REPLAY,predicted,I064:mass_transport:1,I064,mass_transport,w-pc-13,5,No unit able to provide mass transport could reach this ward within 45 minutes without pulling a unit off a higher-severity ward.
600.0,2025-09-28T21:00:00Z,REPLAY,predicted,I064:mass_transport:2,I064,mass_transport,w-pc-13,5,No unit able to provide mass transport could reach this ward within 45 minutes without pulling a unit off a higher-severity ward.
600.0,2025-09-28T21:00:00Z,REPLAY,predicted,I066:mass_transport:0,I066,mass_transport,w-pc-11,4,No unit able to provide mass transport could reach this ward within 45 minutes without pulling a unit off a higher-severity ward.
600.0,2025-09-28T21:00:00Z,REPLAY,predicted,I066:mass_transport:1,I066,mass_transport,w-pc-11,4,No unit able to provide mass transport could reach this ward within 45 minutes without pulling a unit off a higher-severity ward.
600.0,2025-09-28T21:00:00Z,REPLAY,predicted,I069:mass_transport:0,I069,mass_transport,w-pc-10,4,No unit able to provide mass transport could reach this ward within 45 minutes without pulling a unit off a higher-severity ward.
600.0,2025-09-28T21:00:00Z,REPLAY,predicted,I069:mass_transport:1,I069,mass_transport,w-pc-10,4,No unit able to provide mass transport could reach this ward within 45 minutes without pulling a unit off a higher-severity ward.
600.0,2025-09-28T21:00:00Z,REPLAY,predicted,I072:mass_transport:0,I072,mass_transport,w-pc-07,4,No unit able to provide mass transport could reach this ward within 45 minutes without pulling a unit off a higher-severity ward.
600.0,2025-09-28T21:00:00Z,REPLAY,predicted,I072:mass_transport:1,I072,mass_transport,w-pc-07,4,No unit able to provide mass transport could reach this ward within 45 minutes without pulling a unit off a higher-severity ward.
600.0,2025-09-28T21:00:00Z,REPLAY,predicted,I073:mass_transport:0,I073,mass_transport,w-pc-14,4,No unit able to provide mass transport could reach this ward within 45 minutes without pulling a unit off a higher-severity ward.
600.0,2025-09-28T21:00:00Z,REPLAY,predicted,I073:mass_transport:1,I073,mass_transport,w-pc-14,4,No unit able to provide mass transport could reach this ward within 45 minutes without pulling a unit off a higher-severity ward.
600.0,2025-09-28T21:00:00Z,REPLAY,predicted,I075:mass_transport:0,I075,mass_transport,w-pc-02,4,No unit able to provide mass transport could reach this ward within 45 minutes without pulling a unit off a higher-severity ward.
600.0,2025-09-28T21:00:00Z,REPLAY,predicted,I075:mass_transport:1,I075,mass_transport,w-pc-02,4,No unit able to provide mass transport could reach this ward within 45 minutes without pulling a unit off a higher-severity ward.
600.0,2025-09-28T21:00:00Z,REPLAY,predicted,I078:mass_transport:0,I078,mass_transport,w-pc-13,4,No unit able to provide mass transport could reach this ward within 45 minutes without pulling a unit off a higher-severity ward.
600.0,2025-09-28T21:00:00Z,REPLAY,predicted,I078:mass_transport:1,I078,mass_transport,w-pc-13,4,No unit able to provide mass transport could reach this ward within 45 minutes without pulling a unit off a higher-severity ward.
600.0,2025-09-28T21:00:00Z,REPLAY,predicted,I079:mass_transport:0,I079,mass_transport,w-pc-04,4,No unit able to provide mass transport could reach this ward within 45 minutes without pulling a unit off a higher-severity ward.
600.0,2025-09-28T21:00:00Z,REPLAY,predicted,I079:mass_transport:1,I079,mass_transport,w-pc-04,4,No unit able to provide mass transport could reach this ward within 45 minutes without pulling a unit off a higher-severity ward.
600.0,2025-09-28T21:00:00Z,REPLAY,predicted,I080:mass_transport:0,I080,mass_transport,w-pc-07,4,No unit able to provide mass transport could reach this ward within 45 minutes without pulling a unit off a higher-severity ward.
600.0,2025-09-28T21:00:00Z,REPLAY,predicted,I080:mass_transport:1,I080,mass_transport,w-pc-07,4,No unit able to provide mass transport could reach this ward within 45 minutes without pulling a unit off a higher-severity ward.
600.0,2025-09-28T21:00:00Z,REPLAY,predicted,I082:mass_transport:0,I082,mass_transport,w-pc-09,5,No unit able to provide mass transport could reach this ward within 45 minutes without pulling a unit off a higher-severity ward.
600.0,2025-09-28T21:00:00Z,REPLAY,predicted,I082:mass_transport:1,I082,mass_transport,w-pc-09,5,No unit able to provide mass transport could reach this ward within 45 minutes without pulling a unit off a higher-severity ward.
600.0,2025-09-28T21:00:00Z,REPLAY,predicted,I082:mass_transport:2,I082,mass_transport,w-pc-09,5,No unit able to provide mass transport could reach this ward within 45 minutes without pulling a unit off a higher-severity ward.
600.0,2025-09-28T21:00:00Z,REPLAY,predicted,I086:mass_transport:0,I086,mass_transport,w-pc-09,4,No unit able to provide mass transport could reach this ward within 45 minutes without pulling a unit off a higher-severity ward.
600.0,2025-09-28T21:00:00Z,REPLAY,predicted,I086:mass_transport:1,I086,mass_transport,w-pc-09,4,No unit able to provide mass transport could reach this ward within 45 minutes without pulling a unit off a higher-severity ward.
600.0,2025-09-28T21:00:00Z,REPLAY,predicted,I088:mass_transport:0,I088,mass_transport,w-pc-08,4,No unit able to provide mass transport could reach this ward within 45 minutes without pulling a unit off a higher-severity ward.
600.0,2025-09-28T21:00:00Z,REPLAY,predicted,I088:mass_transport:1,I088,mass_transport,w-pc-08,4,No unit able to provide mass transport could reach this ward within 45 minutes without pulling a unit off a higher-severity ward.
600.0,2025-09-28T21:00:00Z,REPLAY,predicted,I089:mass_transport:0,I089,mass_transport,w-pc-13,4,No unit able to provide mass transport could reach this ward within 45 minutes without pulling a unit off a higher-severity ward.
600.0,2025-09-28T21:00:00Z,REPLAY,predicted,I092:mass_transport:0,I092,mass_transport,w-pc-11,5,No unit able to provide mass transport could reach this ward within 45 minutes without pulling a unit off a higher-severity ward.
600.0,2025-09-28T21:00:00Z,REPLAY,predicted,I092:mass_transport:1,I092,mass_transport,w-pc-11,5,No unit able to provide mass transport could reach this ward within 45 minutes without pulling a unit off a higher-severity ward.
600.0,2025-09-28T21:00:00Z,REPLAY,predicted,I092:mass_transport:2,I092,mass_transport,w-pc-11,5,No unit able to provide mass transport could reach this ward within 45 minutes without pulling a unit off a higher-severity ward.
600.0,2025-09-28T21:00:00Z,REPLAY,predicted,I093:mass_transport:0,I093,mass_transport,w-pc-11,4,No unit able to provide mass transport could reach this ward within 45 minutes without pulling a unit off a higher-severity ward.
600.0,2025-09-28T21:00:00Z,REPLAY,predicted,I093:mass_transport:1,I093,mass_transport,w-pc-11,4,No unit able to provide mass transport could reach this ward within 45 minutes without pulling a unit off a higher-severity ward.
600.0,2025-09-28T21:00:00Z,REPLAY,predicted,I095:mass_transport:0,I095,mass_transport,w-pc-07,4,No unit able to provide mass transport could reach this ward within 45 minutes without pulling a unit off a higher-severity ward.
600.0,2025-09-28T21:00:00Z,REPLAY,predicted,I096:mass_transport:0,I096,mass_transport,w-pc-03,5,No unit able to provide mass transport could reach this ward within 45 minutes without pulling a unit off a higher-severity ward.
600.0,2025-09-28T21:00:00Z,REPLAY,predicted,I096:mass_transport:1,I096,mass_transport,w-pc-03,5,No unit able to provide mass transport could reach this ward within 45 minutes without pulling a unit off a higher-severity ward.
600.0,2025-09-28T21:00:00Z,REPLAY,predicted,I096:mass_transport:2,I096,mass_transport,w-pc-03,5,No unit able to provide mass transport could reach this ward within 45 minutes without pulling a unit off a higher-severity ward.
600.0,2025-09-28T21:00:00Z,REPLAY,predicted,I098:mass_transport:0,I098,mass_transport,w-pc-11,5,No unit able to provide mass transport could reach this ward within 45 minutes without pulling a unit off a higher-severity ward.
600.0,2025-09-28T21:00:00Z,REPLAY,predicted,I098:mass_transport:1,I098,mass_transport,w-pc-11,5,No unit able to provide mass transport could reach this ward within 45 minutes without pulling a unit off a higher-severity ward.
600.0,2025-09-28T21:00:00Z,REPLAY,predicted,I098:mass_transport:2,I098,mass_transport,w-pc-11,5,No unit able to provide mass transport could reach this ward within 45 minutes without pulling a unit off a higher-severity ward.
600.0,2025-09-28T21:00:00Z,REPLAY,predicted,I106:mass_transport:0,I106,mass_transport,w-pc-11,4,No unit able to provide mass transport could reach this ward within 45 minutes without pulling a unit off a higher-severity ward.
600.0,2025-09-28T21:00:00Z,REPLAY,predicted,I106:mass_transport:1,I106,mass_transport,w-pc-11,4,No unit able to provide mass transport could reach this ward within 45 minutes without pulling a unit off a higher-severity ward.
600.0,2025-09-28T21:00:00Z,REPLAY,predicted,I108:mass_transport:0,I108,mass_transport,w-pc-07,5,No unit able to provide mass transport could reach this ward within 45 minutes without pulling a unit off a higher-severity ward.
600.0,2025-09-28T21:00:00Z,REPLAY,predicted,I108:mass_transport:1,I108,mass_transport,w-pc-07,5,No unit able to provide mass transport could reach this ward within 45 minutes without pulling a unit off a higher-severity ward.
600.0,2025-09-28T21:00:00Z,REPLAY,predicted,I108:mass_transport:2,I108,mass_transport,w-pc-07,5,No unit able to provide mass transport could reach this ward within 45 minutes without pulling a unit off a higher-severity ward.
600.0,2025-09-28T21:00:00Z,REPLAY,predicted,I115:traffic_control:0,I115,traffic_control,w-pc-11,4,No unit able to provide traffic control could reach this ward within 45 minutes without pulling a unit off a higher-severity ward.
600.0,2025-09-28T21:00:00Z,REPLAY,predicted,I117:mass_transport:0,I117,mass_transport,w-pc-14,4,No unit able to provide mass transport could reach this ward within 45 minutes without pulling a unit off a higher-severity ward.
600.0,2025-09-28T21:00:00Z,REPLAY,predicted,I117:mass_transport:1,I117,mass_transport,w-pc-14,4,No unit able to provide mass transport could reach this ward within 45 minutes without pulling a unit off a higher-severity ward.
600.0,2025-09-28T21:00:00Z,REPLAY,predicted,I118:mass_transport:0,I118,mass_transport,w-pc-06,4,No unit able to provide mass transport could reach this ward within 45 minutes without pulling a unit off a higher-severity ward.
600.0,2025-09-28T21:00:00Z,REPLAY,predicted,I118:mass_transport:1,I118,mass_transport,w-pc-06,4,No unit able to provide mass transport could reach this ward within 45 minutes without pulling a unit off a higher-severity ward.
600.0,2025-09-28T21:00:00Z,REPLAY,predicted,I120:mass_transport:0,I120,mass_transport,w-pc-02,4,No unit able to provide mass transport could reach this ward within 45 minutes without pulling a unit off a higher-severity ward.
600.0,2025-09-28T21:00:00Z,REPLAY,predicted,I120:mass_transport:1,I120,mass_transport,w-pc-02,4,No unit able to provide mass transport could reach this ward within 45 minutes without pulling a unit off a higher-severity ward.
600.0,2025-09-28T21:00:00Z,REPLAY,predicted,I120:dewatering:0,I120,dewatering,w-pc-02,4,No unit able to provide dewatering could reach this ward within 45 minutes without pulling a unit off a higher-severity ward.
